{"model_encoding": {"total_efficiency": {"attr": {"x_data_columns": ["Flow (gpm)", "Head (ft)"], "x_data": [[0.0, 0.0], [0.0, 0.1666666666666666], [0.0, 0.3333333333333334], [0.0, 0.4999999999999999], [0.0, 0.6666666666666666], [0.0, 0.8333333333333333], [0.0, 1.0], [0.14285714285714285, 0.0], [0.14285714285714285, 0.1666666666666666], [0.14285714285714285, 0.3333333333333334], [0.14285714285714285, 0.4999999999999999], [0.14285714285714285, 0.6666666666666666], [0.14285714285714285, 0.8333333333333333], [0.14285714285714285, 1.0], [0.2857142857142857, 0.0], [0.2857142857142857, 0.1666666666666666], [0.2857142857142857, 0.3333333333333334], [0.2857142857142857, 0.4999999999999999], [0.2857142857142857, 0.6666666666666666], [0.2857142857142857, 0.8333333333333333], [0.2857142857142857, 1.0], [0.4285714285714285, 0.0], [0.4285714285714285, 0.1666666666666666], [0.4285714285714285, 0.3333333333333334], [0.4285714285714285, 0.4999999999999999], [0.4285714285714285, 0.6666666666666666], [0.4285714285714285, 0.8333333333333333], [0.5714285714285714, 0.0], [0.5714285714285714, 0.1666666666666666], [0.5714285714285714, 0.3333333333333334], [0.5714285714285714, 0.4999999999999999], [0.5714285714285714, 0.6666666666666666], [0.5714285714285714, 0.8333333333333333], [0.7142857142857141, 0.1666666666666666], [0.7142857142857141, 0.3333333333333334], [0.7142857142857141, 0.4999999999999999], [0.7142857142857141, 0.6666666666666666], [0.7142857142857141, 0.8333333333333333], [0.8571428571428572, 0.3333333333333334], [0.8571428571428572, 0.4999999999999999], [0.8571428571428572, 0.6666666666666666], [1.0, 0.4999999999999999], [0.43199999999999994, 0.9523809523809523], [0.5028571428571428, 0.9142857142857143], [0.21714285714285705, 0.9904761904761905], [0.3599999999999999, 0.09523809523809522], [0.49142857142857144, 0.09523809523809522], [0.6457142857142856, 0.09523809523809522]], "centres": [[0.0, 0.0], [0.0, 0.1666666666666666], [0.0, 0.3333333333333334], [0.0, 0.4999999999999999], [0.0, 0.6666666666666666], [0.0, 0.8333333333333333], [0.0, 1.0], [0.14285714285714285, 0.0], [0.14285714285714285, 0.1666666666666666], [0.14285714285714285, 0.3333333333333334], [0.14285714285714285, 0.4999999999999999], [0.14285714285714285, 0.6666666666666666], [0.14285714285714285, 0.8333333333333333], [0.14285714285714285, 1.0], [0.2857142857142857, 0.0], [0.2857142857142857, 0.1666666666666666], [0.2857142857142857, 0.3333333333333334], [0.2857142857142857, 0.4999999999999999], [0.2857142857142857, 0.6666666666666666], [0.2857142857142857, 0.8333333333333333], [0.2857142857142857, 1.0], [0.4285714285714285, 0.0], [0.4285714285714285, 0.1666666666666666], [0.4285714285714285, 0.3333333333333334], [0.4285714285714285, 0.4999999999999999], [0.4285714285714285, 0.6666666666666666], [0.4285714285714285, 0.8333333333333333], [0.5714285714285714, 0.0], [0.5714285714285714, 0.1666666666666666], [0.5714285714285714, 0.3333333333333334], [0.5714285714285714, 0.4999999999999999], [0.5714285714285714, 0.6666666666666666], [0.5714285714285714, 0.8333333333333333], [0.7142857142857141, 0.1666666666666666], [0.7142857142857141, 0.3333333333333334], [0.7142857142857141, 0.4999999999999999], [0.7142857142857141, 0.6666666666666666], [0.7142857142857141, 0.8333333333333333], [0.8571428571428572, 0.3333333333333334], [0.8571428571428572, 0.4999999999999999], [0.8571428571428572, 0.6666666666666666], [1.0, 0.4999999999999999], [0.43199999999999994, 0.9523809523809523], [0.5028571428571428, 0.9142857142857143], [0.21714285714285705, 0.9904761904761905], [0.3599999999999999, 0.09523809523809522], [0.49142857142857144, 0.09523809523809522], [0.6457142857142856, 0.09523809523809522]], "basis_function": "cubic", "weights": [[4.69200231715908], [-7.299032718604963], [0.6151935912271824], [-1.663914087812941], [0.7389430283307661], [-5.031408037384608], [6.108607643053588], [1.1700868907680615], [-0.1944678182858297], [2.7572495239428463], [0.4229144778682894], [1.6262999527576767], [-0.35519600076264624], [-2.972582660704461], [1.296118547535798], [-0.42754474714251955], [-0.0985316871114037], [-0.6181526649365878], [0.4776333386719216], [-0.7640142050606755], [3.3255930530448836], [0.7547467318978534], [1.7926975784713477], [0.2788080293267967], [0.168823579200307], [0.7837839734282284], [-1.0141263387511685], [-1.4154206080761185], [0.5494377823017942], [-0.02350508809843177], [-0.2542650297085629], [0.5601794919211898], [-1.9446572699912394], [-0.350982987473742], [0.3839629122717838], [2.1449096645151826], [-0.9643964858982486], [1.1306286604973366], [-0.9839763165771416], [-4.137558652892153], [-0.8019976917752842], [3.122565171839021], [-0.8734754525968356], [1.419706841081279], [-2.1337875808153512], [-3.098793580971801], [-0.5510568218537628], [-0.49735659522602305]], "sigma": 0.0, "regularization_parameter": 1e-05, "rmse": 2.2434155307846355e-05, "R2": 0.9999999936824829, "x_data_min": [[0.4, 0.4]], "x_data_max": [[1.2750000000000001, 0.925]], "y_data_min": [0.479389974], "y_data_max": [0.7494371298]}, "map": {"x_data_columns": "list", "x_data": "numpy", "centres": "numpy", "basis_function": "str", "weights": "numpy", "sigma": "str", "regularization_parameter": "str", "rmse": "str", "R2": "str", "x_data_min": "numpy", "x_data_max": "numpy", "y_data_min": "numpy", "y_data_max": "numpy"}}}, "input_labels": ["Flow (gpm)", "Head (ft)"], "output_labels": ["total_efficiency"], "input_bounds": {"Flow (gpm)": [0.4, 1.2750000000000001], "Head (ft)": [0.4, 0.925]}, "surrogate_type": "rbf"}