{"model_encoding": {"total_efficiency": {"attr": {"x_data_columns": ["Flow (gpm)", "Head (ft)"], "x_data": [[0.0, 0.0], [0.0, 0.20000000027999953], [0.0, 0.4000000005599997], [0.0, 0.6000000008399998], [0.0, 0.7999999997200005], [0.0, 1.0], [0.1428571429166666, 0.0], [0.1428571429166666, 0.20000000027999953], [0.1428571429166666, 0.4000000005599997], [0.1428571429166666, 0.6000000008399998], [0.1428571429166666, 0.7999999997200005], [0.1428571429166666, 1.0], [0.2857142858333333, 0.0], [0.2857142858333333, 0.20000000027999953], [0.2857142858333333, 0.4000000005599997], [0.2857142858333333, 0.6000000008399998], [0.2857142858333333, 0.7999999997200005], [0.2857142858333333, 1.0], [0.42857142875, 0.0], [0.42857142875, 0.20000000027999953], [0.42857142875, 0.4000000005599997], [0.42857142875, 0.6000000008399998], [0.42857142875, 0.7999999997200005], [0.57142857125, 0.0], [0.57142857125, 0.20000000027999953], [0.57142857125, 0.4000000005599997], [0.57142857125, 0.6000000008399998], [0.57142857125, 0.7999999997200005], [0.7142857141666666, 0.0], [0.7142857141666666, 0.20000000027999953], [0.7142857141666666, 0.4000000005599997], [0.7142857141666666, 0.6000000008399998], [0.8571428570833333, 0.0], [0.8571428570833333, 0.20000000027999953], [0.8571428570833333, 0.4000000005599997], [1.0, 0.0], [0.7916666666666666, 0.4760000001903999], [0.7916666666666666, 0.28000000011199966], [0.9291666666666667, 0.14000000005600016], [0.6416666666666667, 0.14000000005600016], [0.6416666666666667, 0.4200000001679998], [0.36666666666666664, 0.7000000002800002], [0.49166666666666675, 0.7000000002800002]], "centres": [[0.0, 0.0], [0.0, 0.20000000027999953], [0.0, 0.4000000005599997], [0.0, 0.6000000008399998], [0.0, 0.7999999997200005], [0.0, 1.0], [0.1428571429166666, 0.0], [0.1428571429166666, 0.20000000027999953], [0.1428571429166666, 0.4000000005599997], [0.1428571429166666, 0.6000000008399998], [0.1428571429166666, 0.7999999997200005], [0.1428571429166666, 1.0], [0.2857142858333333, 0.0], [0.2857142858333333, 0.20000000027999953], [0.2857142858333333, 0.4000000005599997], [0.2857142858333333, 0.6000000008399998], [0.2857142858333333, 0.7999999997200005], [0.2857142858333333, 1.0], [0.42857142875, 0.0], [0.42857142875, 0.20000000027999953], [0.42857142875, 0.4000000005599997], [0.42857142875, 0.6000000008399998], [0.42857142875, 0.7999999997200005], [0.57142857125, 0.0], [0.57142857125, 0.20000000027999953], [0.57142857125, 0.4000000005599997], [0.57142857125, 0.6000000008399998], [0.57142857125, 0.7999999997200005], [0.7142857141666666, 0.0], [0.7142857141666666, 0.20000000027999953], [0.7142857141666666, 0.4000000005599997], [0.7142857141666666, 0.6000000008399998], [0.8571428570833333, 0.0], [0.8571428570833333, 0.20000000027999953], [0.8571428570833333, 0.4000000005599997], [1.0, 0.0], [0.7916666666666666, 0.4760000001903999], [0.7916666666666666, 0.28000000011199966], [0.9291666666666667, 0.14000000005600016], [0.6416666666666667, 0.14000000005600016], [0.6416666666666667, 0.4200000001679998], [0.36666666666666664, 0.7000000002800002], [0.49166666666666675, 0.7000000002800002]], "basis_function": "cubic", "weights": [[3.5425413472590908], [-1.6738164052381177], [0.6540416997855951], [0.83546339649362], [-2.1681552297899565], [5.3645902051683105], [-3.9900730847607804], [-1.3274146386022678], [-0.898570776895518], [-0.7539808148023965], [-1.2805571161900708], [-6.003851848226837], [1.7494254009796402], [0.5481731010072153], [1.0176217283081002], [0.6629159705325947], [-0.07440759959379761], [2.905858455059956], [0.1931547817750312], [-0.9335445728494349], [0.220553290703549], [-0.1416350913266342], [-1.7019066436238859], [0.9866886068680794], [1.0123882731884777], [0.42178552456107354], [0.06576485309295776], [1.123310172896133], [1.0895549760552048], [0.9430450408706168], [0.5084477561388212], [-0.3293584107613228], [-1.4020151010360884], [1.6495045680633638], [-0.6483513394211258], [2.2568659580706365], [-0.05207062422442732], [0.026893884969382498], [-4.032839659069281], [-2.586291920039109], [-0.07284915588161311], [1.3002686381136073], [-0.5443707660817836]], "sigma": 0.0, "regularization_parameter": 1e-05, "rmse": 1.9582609261455943e-05, "R2": 0.9999999965857479, "x_data_min": [[1.1, 2.2]], "x_data_max": [[3.5, 2.914285714]], "y_data_min": [0.4730478444], "y_data_max": [0.7638297844]}, "map": {"x_data_columns": "list", "x_data": "numpy", "centres": "numpy", "basis_function": "str", "weights": "numpy", "sigma": "str", "regularization_parameter": "str", "rmse": "str", "R2": "str", "x_data_min": "numpy", "x_data_max": "numpy", "y_data_min": "numpy", "y_data_max": "numpy"}}}, "input_labels": ["Flow (gpm)", "Head (ft)"], "output_labels": ["total_efficiency"], "input_bounds": {"Flow (gpm)": [1.1, 3.5], "Head (ft)": [2.2, 2.914285714]}, "surrogate_type": "rbf"}