{"model_encoding": {"total_efficiency": {"attr": {"x_data_columns": ["Flow (gpm)", "Head (ft)"], "x_data": [[0.0, 0.0], [0.0, 0.16666666658888896], [0.0, 0.33333333341111127], [0.0, 0.5000000000000002], [0.0, 0.666666666588889], [0.0, 0.8333333331777779], [0.0, 1.0], [0.14285714288888882, 0.0], [0.14285714288888882, 0.16666666658888896], [0.14285714288888882, 0.33333333341111127], [0.14285714288888882, 0.5000000000000002], [0.14285714288888882, 0.666666666588889], [0.14285714288888882, 0.8333333331777779], [0.14285714288888882, 1.0], [0.2857142856666666, 0.0], [0.2857142856666666, 0.16666666658888896], [0.2857142856666666, 0.33333333341111127], [0.2857142856666666, 0.5000000000000002], [0.2857142856666666, 0.666666666588889], [0.2857142856666666, 0.8333333331777779], [0.2857142856666666, 1.0], [0.4285714285555555, 0.0], [0.4285714285555555, 0.16666666658888896], [0.4285714285555555, 0.33333333341111127], [0.4285714285555555, 0.5000000000000002], [0.4285714285555555, 0.666666666588889], [0.4285714285555555, 0.8333333331777779], [0.5714285714444445, 0.0], [0.5714285714444445, 0.16666666658888896], [0.5714285714444445, 0.33333333341111127], [0.5714285714444445, 0.5000000000000002], [0.5714285714444445, 0.666666666588889], [0.5714285714444445, 0.8333333331777779], [0.7142857144444444, 0.0], [0.7142857144444444, 0.16666666658888896], [0.7142857144444444, 0.33333333341111127], [0.7142857144444444, 0.5000000000000002], [0.7142857144444444, 0.666666666588889], [0.8571428566666665, 0.16666666658888896], [0.8571428566666665, 0.33333333341111127], [0.8571428566666665, 0.5000000000000002], [1.0, 0.37333333330844454], [0.8888888888888888, 0.1399999999906668], [0.9444444444444444, 0.25666666664955556], [1.0, 0.37333333330844454], [0.49999999999999994, 0.116666666658889], [0.49999999999999994, 0.34999999997666675]], "centres": [[0.0, 0.0], [0.0, 0.16666666658888896], [0.0, 0.33333333341111127], [0.0, 0.5000000000000002], [0.0, 0.666666666588889], [0.0, 0.8333333331777779], [0.0, 1.0], [0.14285714288888882, 0.0], [0.14285714288888882, 0.16666666658888896], [0.14285714288888882, 0.33333333341111127], [0.14285714288888882, 0.5000000000000002], [0.14285714288888882, 0.666666666588889], [0.14285714288888882, 0.8333333331777779], [0.14285714288888882, 1.0], [0.2857142856666666, 0.0], [0.2857142856666666, 0.16666666658888896], [0.2857142856666666, 0.33333333341111127], [0.2857142856666666, 0.5000000000000002], [0.2857142856666666, 0.666666666588889], [0.2857142856666666, 0.8333333331777779], [0.2857142856666666, 1.0], [0.4285714285555555, 0.0], [0.4285714285555555, 0.16666666658888896], [0.4285714285555555, 0.33333333341111127], [0.4285714285555555, 0.5000000000000002], [0.4285714285555555, 0.666666666588889], [0.4285714285555555, 0.8333333331777779], [0.5714285714444445, 0.0], [0.5714285714444445, 0.16666666658888896], [0.5714285714444445, 0.33333333341111127], [0.5714285714444445, 0.5000000000000002], [0.5714285714444445, 0.666666666588889], [0.5714285714444445, 0.8333333331777779], [0.7142857144444444, 0.0], [0.7142857144444444, 0.16666666658888896], [0.7142857144444444, 0.33333333341111127], [0.7142857144444444, 0.5000000000000002], [0.7142857144444444, 0.666666666588889], [0.8571428566666665, 0.16666666658888896], [0.8571428566666665, 0.33333333341111127], [0.8571428566666665, 0.5000000000000002], [1.0, 0.37333333330844454], [0.8888888888888888, 0.1399999999906668], [0.9444444444444444, 0.25666666664955556], [1.0, 0.37333333330844454], [0.49999999999999994, 0.116666666658889], [0.49999999999999994, 0.34999999997666675]], "basis_function": "cubic", "weights": [[4.281285840358057], [-6.0522783020778155], [0.5918873657091908], [-1.4994527708286978], [0.7721791059981717], [-5.088805602467039], [6.29099747232033], [0.2958785815053879], [-0.20947893852476795], [2.333818336943793], [0.23814336825905968], [1.6371397261595253], [-0.5068800116761911], [-4.2345999506426555], [0.8662606853091859], [-1.7860895649980364], [0.3692623145598759], [-0.6392372158991506], [0.7181264512467433], [-1.169722333580661], [2.558589550235332], [0.6439552318802839], [0.8050954938614723], [0.6087030718356345], [0.07887640984839095], [0.8137375178515569], [-1.4487181434225036], [-0.20894038236858137], [1.0375611636100075], [-0.19128261352830123], [0.11448230946896842], [-0.43950125772180826], [0.3777272725486096], [-0.5453098453981795], [-0.22888577400307497], [1.8581466062386198], [0.5810753413104521], [-0.3174890457191428], [-5.527248428823128], [-2.2200606127594185], [-1.8401712817560423], [1.3276750029690447], [4.7819759946744735], [-0.8805156277995465], [1.3276750029763207], [-2.3925193165123346], [-0.01861772522534011]], "sigma": 0.0, "regularization_parameter": 1e-05, "rmse": 2.281991436323842e-05, "R2": 0.999999993904651, "x_data_min": [[0.4, 0.5]], "x_data_max": [[1.3, 0.9285714286]], "y_data_min": [0.4787691573], "y_data_max": [0.7494394003]}, "map": {"x_data_columns": "list", "x_data": "numpy", "centres": "numpy", "basis_function": "str", "weights": "numpy", "sigma": "str", "regularization_parameter": "str", "rmse": "str", "R2": "str", "x_data_min": "numpy", "x_data_max": "numpy", "y_data_min": "numpy", "y_data_max": "numpy"}}}, "input_labels": ["Flow (gpm)", "Head (ft)"], "output_labels": ["total_efficiency"], "input_bounds": {"Flow (gpm)": [0.4, 1.3], "Head (ft)": [0.5, 0.9285714286]}, "surrogate_type": "rbf"}