{"model_encoding": {"total_efficiency": {"attr": {"x_data_columns": ["Flow (gpm)", "Head (ft)"], "x_data": [[0.0, 0.0], [0.0, 0.11111111111111109], [0.0, 0.22222222222222218], [0.0, 0.33333333333333337], [0.0, 0.4444444444444445], [0.0, 0.5555555555555555], [0.0, 0.6666666666666665], [0.0, 0.7777777777777778], [0.0, 0.888888888888889], [0.0, 1.0], [0.12499999999999997, 0.0], [0.12499999999999997, 0.11111111111111109], [0.12499999999999997, 0.22222222222222218], [0.12499999999999997, 0.33333333333333337], [0.12499999999999997, 0.4444444444444445], [0.12499999999999997, 0.5555555555555555], [0.12499999999999997, 0.6666666666666665], [0.12499999999999997, 0.7777777777777778], [0.12499999999999997, 0.888888888888889], [0.12499999999999997, 1.0], [0.25, 0.0], [0.25, 0.11111111111111109], [0.25, 0.22222222222222218], [0.25, 0.33333333333333337], [0.25, 0.4444444444444445], [0.25, 0.5555555555555555], [0.25, 0.6666666666666665], [0.25, 0.7777777777777778], [0.25, 0.888888888888889], [0.25, 1.0], [0.37499999999999983, 0.0], [0.37499999999999983, 0.11111111111111109], [0.37499999999999983, 0.22222222222222218], [0.37499999999999983, 0.33333333333333337], [0.37499999999999983, 0.4444444444444445], [0.37499999999999983, 0.5555555555555555], [0.37499999999999983, 0.6666666666666665], [0.37499999999999983, 0.7777777777777778], [0.37499999999999983, 0.888888888888889], [0.4999999999999999, 0.0], [0.4999999999999999, 0.11111111111111109], [0.4999999999999999, 0.22222222222222218], [0.4999999999999999, 0.33333333333333337], [0.4999999999999999, 0.4444444444444445], [0.4999999999999999, 0.5555555555555555], [0.4999999999999999, 0.6666666666666665], [0.4999999999999999, 0.7777777777777778], [0.4999999999999999, 0.888888888888889], [0.625, 0.0], [0.625, 0.11111111111111109], [0.625, 0.22222222222222218], [0.625, 0.33333333333333337], [0.625, 0.4444444444444445], [0.625, 0.5555555555555555], [0.625, 0.6666666666666665], [0.625, 0.7777777777777778], [0.75, 0.11111111111111109], [0.75, 0.22222222222222218], [0.75, 0.33333333333333337], [0.75, 0.4444444444444445], [0.75, 0.5555555555555555], [0.75, 0.6666666666666665], [0.875, 0.22222222222222218], [0.875, 0.33333333333333337], [0.875, 0.4444444444444445], [0.875, 0.5555555555555555], [1.0, 0.33333333333333337]], "centres": [[0.0, 0.0], [0.0, 0.11111111111111109], [0.0, 0.22222222222222218], [0.0, 0.33333333333333337], [0.0, 0.4444444444444445], [0.0, 0.5555555555555555], [0.0, 0.6666666666666665], [0.0, 0.7777777777777778], [0.0, 0.888888888888889], [0.0, 1.0], [0.12499999999999997, 0.0], [0.12499999999999997, 0.11111111111111109], [0.12499999999999997, 0.22222222222222218], [0.12499999999999997, 0.33333333333333337], [0.12499999999999997, 0.4444444444444445], [0.12499999999999997, 0.5555555555555555], [0.12499999999999997, 0.6666666666666665], [0.12499999999999997, 0.7777777777777778], [0.12499999999999997, 0.888888888888889], [0.12499999999999997, 1.0], [0.25, 0.0], [0.25, 0.11111111111111109], [0.25, 0.22222222222222218], [0.25, 0.33333333333333337], [0.25, 0.4444444444444445], [0.25, 0.5555555555555555], [0.25, 0.6666666666666665], [0.25, 0.7777777777777778], [0.25, 0.888888888888889], [0.25, 1.0], [0.37499999999999983, 0.0], [0.37499999999999983, 0.11111111111111109], [0.37499999999999983, 0.22222222222222218], [0.37499999999999983, 0.33333333333333337], [0.37499999999999983, 0.4444444444444445], [0.37499999999999983, 0.5555555555555555], [0.37499999999999983, 0.6666666666666665], [0.37499999999999983, 0.7777777777777778], [0.37499999999999983, 0.888888888888889], [0.4999999999999999, 0.0], [0.4999999999999999, 0.11111111111111109], [0.4999999999999999, 0.22222222222222218], [0.4999999999999999, 0.33333333333333337], [0.4999999999999999, 0.4444444444444445], [0.4999999999999999, 0.5555555555555555], [0.4999999999999999, 0.6666666666666665], [0.4999999999999999, 0.7777777777777778], [0.4999999999999999, 0.888888888888889], [0.625, 0.0], [0.625, 0.11111111111111109], [0.625, 0.22222222222222218], [0.625, 0.33333333333333337], [0.625, 0.4444444444444445], [0.625, 0.5555555555555555], [0.625, 0.6666666666666665], [0.625, 0.7777777777777778], [0.75, 0.11111111111111109], [0.75, 0.22222222222222218], [0.75, 0.33333333333333337], [0.75, 0.4444444444444445], [0.75, 0.5555555555555555], [0.75, 0.6666666666666665], [0.875, 0.22222222222222218], [0.875, 0.33333333333333337], [0.875, 0.4444444444444445], [0.875, 0.5555555555555555], [1.0, 0.33333333333333337]], "basis_function": "cubic", "weights": [[0.6579142208269948], [-18.7318015110802], [5.706667752267013], [-1.9238710159443668], [0.5244909687146099], [0.08587724633372769], [-0.43482564689326686], [2.1628266431363734], [-7.059600681355272], [10.197554497651005], [27.721715156032833], [-13.164421255878361], [7.499488761801829], [-1.4307221911747823], [0.46788148685210784], [-0.29591831286177267], [-0.7164519856022659], [0.657651608382049], [-1.840425163544282], [-6.283107986781211], [0.04754007225672019], [-4.294049233565403], [0.524864420375407], [-0.48402014122874887], [0.2305872760948191], [0.28816008982901486], [0.12300454100686875], [1.3154106476614493], [-0.6848484964074126], [2.6545013496044016], [-7.011634286305741], [7.955691648826102], [-2.563386448734563], [1.0617561014649124], [-0.1710888646785662], [0.11834642733387746], [-0.06087459871132772], [0.5716463136901451], [-1.6760711339623784], [-7.96569811822894], [8.450672376317016], [-3.7220911917830297], [1.271128726596394], [-0.10636342263490306], [0.20649699721946746], [0.4940397313159721], [-0.6659826489520873], [0.7385203851730875], [-5.031741244803147], [4.257636798531694], [-1.9188751456757913], [0.4888571379745805], [-0.6668037625350962], [0.2795096587089745], [0.0005809921895476577], [-0.2849793709333279], [2.648526232822384], [-3.32880672188821], [2.8595995116763504], [1.4704741188263881], [0.20084531941826356], [-0.4472703205115849], [1.1414709353793597], [-6.621805366460023], [-2.222480041352867], [-0.6763617039679275], [5.178697044659726]], "sigma": 0.0, "regularization_parameter": 1e-05, "rmse": 5.5288678292476124e-05, "R2": 0.999999966214875, "x_data_min": [[0.6, 0.5]], "x_data_max": [[4.955555555555556, 2.8000000000000003]], "y_data_min": [0.25124087830770103], "y_data_max": [0.760587970140178]}, "map": {"x_data_columns": "list", "x_data": "numpy", "centres": "numpy", "basis_function": "str", "weights": "numpy", "sigma": "str", "regularization_parameter": "str", "rmse": "str", "R2": "str", "x_data_min": "numpy", "x_data_max": "numpy", "y_data_min": "numpy", "y_data_max": "numpy"}}}, "input_labels": ["Flow (gpm)", "Head (ft)"], "output_labels": ["total_efficiency"], "input_bounds": {"Flow (gpm)": [0.6, 4.955555555555556], "Head (ft)": [0.5, 2.8000000000000003]}, "surrogate_type": "rbf"}