flow,head,speed,pump_efficiency,total_efficiency,power
1100.0,220.0,84.28318774029438,54.7956740583282,50.49421364474944,90.33916189587674
3000.0,254.0,99.02220228182536,82.88735076294246,76.38069372805147,188.05014699060075
3000.0,240.0,96.92258044172388,82.84812869291159,76.34455059051804,177.76929820958216
3330.0,230.0,98.47677449996583,80.99770964164476,74.63938943477565,193.42218981415397
2640.0,230.0,92.67792872629326,82.33393214353379,75.87071847026638,150.8550560709413
2640.0,250.0,95.90236300871017,81.68005947549278,75.2681748066666,165.2855377567038
1980.0,270.0,96.0597350314767,71.3801806330935,65.77683645339566,153.19982762833254
2280.0,270.0,97.24974005444757,76.5804912683155,70.56892270375273,164.43241224083368
