,Day,Time,LMP,bypass_pretreatment_flow,power_from_grid,intake.op_mode,intake.startup,intake.shutdown,intake.energy_intensity,intake.power_consumption,intake.recovery,intake.feed_flowrate,intake.product_flowrate,intake.reject_flowrate,intake.feed_cost,intake.chemical_cost,pretreatment.op_mode,pretreatment.startup,pretreatment.shutdown,pretreatment.power_consumption,pretreatment.feed_flowrate,pretreatment.product_flowrate,pretreatment.reject_flowrate,pretreatment.inlet_flowrate,pretreatment.leftover_flow,pretreatment.uf_pumps[1].op_mode,pretreatment.uf_pumps[1].startup,pretreatment.uf_pumps[1].shutdown,pretreatment.uf_pumps[1].energy_intensity,pretreatment.uf_pumps[1].power_consumption,pretreatment.uf_pumps[1].recovery,pretreatment.uf_pumps[1].feed_flowrate,pretreatment.uf_pumps[1].product_flowrate,pretreatment.uf_pumps[1].reject_flowrate,pretreatment.uf_pumps[2].op_mode,pretreatment.uf_pumps[2].startup,pretreatment.uf_pumps[2].shutdown,pretreatment.uf_pumps[2].energy_intensity,pretreatment.uf_pumps[2].power_consumption,pretreatment.uf_pumps[2].recovery,pretreatment.uf_pumps[2].feed_flowrate,pretreatment.uf_pumps[2].product_flowrate,pretreatment.uf_pumps[2].reject_flowrate,pretreatment.uf_pumps[3].op_mode,pretreatment.uf_pumps[3].startup,pretreatment.uf_pumps[3].shutdown,pretreatment.uf_pumps[3].energy_intensity,pretreatment.uf_pumps[3].power_consumption,pretreatment.uf_pumps[3].recovery,pretreatment.uf_pumps[3].feed_flowrate,pretreatment.uf_pumps[3].product_flowrate,pretreatment.uf_pumps[3].reject_flowrate,reverse_osmosis.op_mode,reverse_osmosis.startup,reverse_osmosis.shutdown,reverse_osmosis.power_consumption,reverse_osmosis.feed_flowrate,reverse_osmosis.product_flowrate,reverse_osmosis.reject_flowrate,reverse_osmosis.inlet_flowrate,reverse_osmosis.leftover_flow,reverse_osmosis.ro_skid[1].op_mode,reverse_osmosis.ro_skid[1].startup,reverse_osmosis.ro_skid[1].shutdown,reverse_osmosis.ro_skid[1].energy_intensity,reverse_osmosis.ro_skid[1].power_consumption,reverse_osmosis.ro_skid[1].recovery,reverse_osmosis.ro_skid[1].feed_flowrate,reverse_osmosis.ro_skid[1].product_flowrate,reverse_osmosis.ro_skid[1].reject_flowrate,reverse_osmosis.ro_skid[2].op_mode,reverse_osmosis.ro_skid[2].startup,reverse_osmosis.ro_skid[2].shutdown,reverse_osmosis.ro_skid[2].energy_intensity,reverse_osmosis.ro_skid[2].power_consumption,reverse_osmosis.ro_skid[2].recovery,reverse_osmosis.ro_skid[2].feed_flowrate,reverse_osmosis.ro_skid[2].product_flowrate,reverse_osmosis.ro_skid[2].reject_flowrate,reverse_osmosis.ro_skid[3].op_mode,reverse_osmosis.ro_skid[3].startup,reverse_osmosis.ro_skid[3].shutdown,reverse_osmosis.ro_skid[3].energy_intensity,reverse_osmosis.ro_skid[3].power_consumption,reverse_osmosis.ro_skid[3].recovery,reverse_osmosis.ro_skid[3].feed_flowrate,reverse_osmosis.ro_skid[3].product_flowrate,reverse_osmosis.ro_skid[3].reject_flowrate,reverse_osmosis.ro_skid[4].op_mode,reverse_osmosis.ro_skid[4].startup,reverse_osmosis.ro_skid[4].shutdown,reverse_osmosis.ro_skid[4].energy_intensity,reverse_osmosis.ro_skid[4].power_consumption,reverse_osmosis.ro_skid[4].recovery,reverse_osmosis.ro_skid[4].feed_flowrate,reverse_osmosis.ro_skid[4].product_flowrate,reverse_osmosis.ro_skid[4].reject_flowrate,posttreatment.op_mode,posttreatment.startup,posttreatment.shutdown,posttreatment.energy_intensity,posttreatment.power_consumption,posttreatment.feed_flowrate,posttreatment.product_flowrate,posttreatment.reject_flowrate,posttreatment.chemical_cost,brine_discharge.op_mode,brine_discharge.startup,brine_discharge.shutdown,brine_discharge.feed_flowrate,brine_discharge.power_consumption,brine_discharge.brine_cost,num_skids_online,net_power_consumption,water_revenue,demand_response_revenue,emissions_cost,energy_cost
0,1,1,0.1016,4.316786529385347e-05,1103.2801419822704,,,,0,9.471733047992653e-14,1,2064.019393412052,2064.019393412052,1.3219903262060988e-13,330.2431029459283,68.52544386128012,0.3334074127578081,,,308.5394249218779,2064.0193502441866,1981.4584163918187,82.56076734965906,2064.0191837414777,0.00016650270895038826,0.7710837783633054,0.28787463107921235,0.07562901557548435,0.15571082262266478,102.96551014809978,0.96,688.8136478316801,661.2611019184129,27.552545913267195,0.7705214312811757,0.28774312480304953,0.07581382198978226,0.15571319048536827,102.84666501800889,0.96,688.0081410775456,660.4878154344437,27.520325643101796,0.769955783488949,0.2876107398611842,0.07599972202912005,0.15571588692506047,102.72724975576924,0.96,687.1973948322521,659.7094990389621,27.487895793290072,,,,609.6224897658379,1981.4584163918187,1832.8488533398693,148.60952295058058,1981.45837629045,4.010136893225213e-05,0.7804243364281159,0.2668604117485512,0.09954436487233213,0.3326286750836971,152.4269369090956,0.9249999269645891,495.40494579777516,458.2495386808382,37.15540711693692,0.7804243364281159,0.2668604117485512,0.09954436487233213,0.33261280715525277,152.4095222952575,0.924999926959897,495.3719778551853,458.2190433340261,37.1529345211592,0.7976014242746029,0.29395677032880113,0.06521291415513401,0.3326029140795074,152.39866540721982,0.9249999269561731,495.35142354336705,458.20003059525084,37.151392948116204,0.7975684790192215,0.29394935729815425,0.06521802252968481,0.3325926166340785,152.38736515426498,0.9249999269531283,495.3300290941223,458.180240729754,37.14978836436828,0.7331395882514488,,,0.101,185.11773418732682,1832.8488533398693,1832.8488213014084,3.203846089512903e-05,56.81831445353595,0.2668604117485512,,,231.17040560793492,0.0004931072275718341,99.40327441141201,3.156018576150056,1103.2801419822704,0.0,-0.0,0.0,112.09326242539866
1,1,2,0.1016,4.316880018284528e-05,1103.115568920348,,,,0,9.471706675189735e-14,1,2063.79822967447,2063.79822967447,1.3219932181735754e-13,330.2077167479152,68.51810122519241,0.3334074127577457,,,308.506824098098,2063.79818650567,1981.2460991894895,82.55192079956213,2063.7980199890517,0.00016651661832562802,0.7676758961385343,0.07091916894137375,0.07432705116614495,0.15571102836545522,102.95452268845422,0.96,688.739234419686,661.1896650428986,27.549569376787442,0.7670925996632726,0.07107597775144875,0.07450480936935187,0.15571342258824974,102.83580277850565,0.96,687.9344510815434,660.4170730382816,27.517378043261804,0.7665057404025961,0.07123357456586417,0.07468361765221708,0.15571614534724793,102.71649863113811,0.96,687.1243344878221,659.6393611083092,27.48497337951288,,,,609.5103519297901,1981.2460991894895,1832.6524727687126,148.5935855690838,1981.2460583377963,4.085169320395109e-05,0.7800186563980506,7.850687234262728e-05,0.0004841869024080178,0.3325838219136997,152.3777147430562,0.9249999337825592,495.31175458838226,458.16334019597684,37.148414392405456,0.7800186563980506,7.850687234264079e-05,0.00048418690240802006,0.3325837535406444,152.37763971522497,0.9249999337825409,495.3116125333572,458.16320879507896,37.14840373827825,0.7973086935795174,0.06401143267377402,0.06430416336885954,0.33258368948900385,152.37756942938685,0.9249999337818735,495.31147945691197,458.1630856990454,37.1483937578666,0.7973075671576968,0.06403280639573969,0.06429371825726422,0.33258356064235284,152.37742804212203,0.9249999337818389,495.311211759145,458.16283807861146,37.14837368053351,0.7330610813791063,,,0.101,185.09789974964,1832.6524727687126,1832.6524434118335,2.9356879201003682e-05,56.812226655830095,0.2669389186208938,,,231.14561974601864,0.0004931428200940594,99.39261649078801,3.154653573533315,1103.115568920348,0.0,-0.0,0.0,112.07654180230736
2,1,3,0.1016,4.261250491719953e-05,1103.1409741736118,,,,0,9.47178220137662e-14,1,2063.832350511677,2063.832350511677,1.3219908787518877e-13,330.21317608186826,68.51923403698767,0.33340741279484853,,,308.51185454434614,2063.8323078991716,1981.2788633911186,82.55328597463003,2063.8321493657486,0.0001585334232593258,0.7673160288825214,0.07341015058281004,0.07377001783882292,0.15571099697063526,102.95619008496925,0.96,688.7505277403149,661.2005066307023,27.550021109612572,0.7667343940942796,0.07358124679351316,0.07393945236250621,0.15571338657615375,102.83748007649665,0.96,687.9458307028318,660.4279974747185,27.517833228113325,0.7661497570890284,0.07375330387078122,0.07410928718434891,0.15571610465592345,102.71818438288022,0.96,687.1357909226019,659.6503592856978,27.48543163690413,,,,609.5276641890509,1981.2788633911186,1832.6827950687748,148.59602824856577,1981.2788233173408,4.007377800105459e-05,0.7800313307848482,0.219497037439851,0.2194843630530533,0.3325877157764195,152.38198811777397,0.9249999411999854,495.31984228311006,458.1708249870629,37.1490172960472,0.7800313307848482,0.219497037439851,0.2194843630530533,0.33258767678417345,152.38194532981166,0.9249999411999761,495.31976127101444,458.1707500508745,37.14901122013989,0.7973766809734213,0.06415843770636477,0.06409045031246086,0.3325876403530985,152.38190535230976,0.9249999411994521,495.31968558029115,458.17068003670045,37.1490055435907,0.7973765774407815,0.06416154766168479,0.06409253737860014,0.33258756748344503,152.38182538915555,0.9249999411994346,495.3195341829249,458.1705399941369,37.14899418878799,0.7804244556878064,,,0.101,185.10096230194628,1832.6827950687748,1832.6827686899403,2.637883453154183e-05,56.81316664713202,0.21957554431219362,,,231.14942328831341,0.0004931382684749681,99.39425201397476,3.154815919983899,1103.140974173612,0.0,-0.0,0.0,112.07912297603895
3,1,4,0.1016,4.261720574315189e-05,1103.951721419935,,,,0,9.471799899501702e-14,1,2064.92191526428,2064.92191526428,1.321992643074107e-13,330.3875064422848,68.5554075867741,0.33340741279453506,,,308.67249193959634,2064.9218726470745,1982.3248454866248,82.59686856194266,2064.921714048567,0.00015859850704274687,0.767475951505508,0.0738482315946203,0.07368830897163375,0.15571013453400737,103.00335092382893,0.96,689.0698382183148,661.5070446895822,27.562793528732563,0.7669152467913399,0.07402806631210644,0.07384721361504602,0.15571227517513883,102.89076495270555,0.96,688.3072001775002,660.7749121704003,27.532288007100018,0.7663542438003297,0.07420967217191975,0.07400518546061843,0.155714693444987,102.77837606306187,0.96,687.5446756527524,660.0428886266424,27.501787026110076,,,,610.0802379770116,1982.3248454866248,1833.6503246519778,148.6744819338109,1982.3248065857886,3.8900836248896224e-05,0.7804433586321485,0.0004840976471395265,7.20697998392872e-05,0.33271362618295935,152.520185636721,0.9249999387389647,495.5814403714944,458.4128019838002,37.168638387694195,0.7804433586321485,0.0004840976471395201,7.206979983929365e-05,0.33271355795243135,152.52011073124748,0.924999938738948,495.5812986125903,458.4126708568143,37.16862775577595,0.7977352050464829,0.06456141542922364,0.06420289135616204,0.3327134942155794,152.52004075904247,0.9249999387383764,495.5811661901335,458.41254836576667,37.168617824366855,0.7977347716684811,0.06456085480250623,0.06420266057480663,0.33271336677398217,152.5199008500007,0.9249999387383452,495.58090141157044,458.41230344559654,37.16859796597391,0.7800188649130095,,,0.101,185.19868278984976,1833.6503246519778,1833.6502982731433,2.6378834630969894e-05,56.84316006421131,0.21998113508699052,,,231.2714583926303,0.0003087134773468498,99.44672710883104,3.1563566939792613,1103.9517214199352,0.0,-0.0,0.0,112.1614948962654
4,1,5,0.1016,4.261706009663162e-05,1103.9354880700614,,,,0,9.471764418748872e-14,1,2064.899868701179,2064.899868701179,1.321991172917827e-13,330.38397899218864,68.55467564087914,0.3334074127945447,,,308.66923987097374,2064.8998260841186,1982.3036807881238,82.59598669950522,2064.899667487629,0.00015859648995501362,0.7675093601089304,0.07376838257746254,0.07373497397404002,0.15571015400491828,103.00225561123982,0.96,689.0624246527806,661.4999276666692,27.562496986111295,0.7669534277767829,0.07393792175355601,0.07389974076811305,0.15571229714409074,102.88968147620822,0.96,688.2998549468399,660.7678607489663,27.531994197873612,0.7663978004107243,0.07410789106066235,0.07406433445026782,0.1557147178982552,102.77730278352573,0.96,687.5373878880084,660.0358923724881,27.501495515520308,,,,610.0690562589791,1982.3036807881238,1833.6307510325705,148.67288966927032,1982.3036407018408,4.008628285183861e-05,0.7804348012617206,0.21948445258277452,0.21949300995320237,0.3327110302737809,152.5173359455572,0.9249999411714288,495.57604621131287,458.4078135914337,37.168232619879184,0.7804348012617206,0.2194844525827745,0.21949300995320237,0.3327109914049928,152.51729327464784,0.9249999411714195,495.575965455719,458.4077388925094,37.16822656320951,0.7977696270824232,0.06404352693109432,0.06400910489515396,0.3327109550857593,152.51725340266012,0.924999941170896,495.57588999736254,458.40766909327476,37.168220904087775,0.7977693858416375,0.06404381624417509,0.06400920207101869,0.33271088242665664,152.51717363611397,0.9249999411708786,495.5757390374465,458.4075294553527,37.168209582093844,0.7800314497700859,,,0.101,185.19670585428963,1833.6307510325705,1833.6307246537358,2.6378834628337733e-05,56.84255328200969,0.21996855022991404,,,231.26898545095324,0.00048608581899276714,99.44566374390989,3.1564086154475017,1103.9354880700614,0.0,-0.0,0.0,112.15984558791824
5,1,6,0.1016,4.26122826696249e-05,1103.951785757268,,,,0,9.471795845287731e-14,1,2064.9220293617946,2064.9220293617946,1.3219923125302273e-13,330.3875246978871,68.55541137481158,0.3334074127948634,,,308.67250869884344,2064.9219867495117,1982.3249550903977,82.59687312876667,2064.9218282191646,0.0001585303472820682,0.7675115458498197,0.07373581855976698,0.07373363281887767,0.15571013489769978,103.00333045111829,0.96,689.0696996509075,661.5069116648712,27.56278798603633,0.7669557292158086,0.07390077288138418,0.07389847144235846,0.1557122750411968,102.89077156248139,0.96,688.3072449869182,660.7749551874415,27.532289799476768,0.7664002174147183,0.07406557027549125,0.07406315327149716,0.15571469274767996,102.77840668524377,0.96,687.5448835813386,660.043088238085,27.501795343253583,,,,610.0802953848391,1982.3249550903977,1833.6504249870547,148.67449110603286,1982.3249160930873,3.899731022531704e-05,0.7804434046660111,7.197957507565849e-05,6.337617078509883e-05,0.3327136399173247,152.52020068261194,0.9249999382551095,495.5814690615792,458.4128282823373,37.16864077924193,0.7804434046660111,7.197957507566634e-05,6.337617078509102e-05,0.33271357130172513,152.5201253543919,0.9249999382550927,495.5813265026324,458.41269641531187,37.16863008732051,0.7977441224054693,0.06430860851950772,0.0643341131964615,0.3327135072136222,152.52005499656957,0.9249999382545117,495.58119335040345,458.41257324922043,37.16862010118304,0.7977437140230997,0.06430860364400125,0.06433427546253906,0.3327133791013776,152.51991435126573,0.9249999382544801,495.58092717847234,458.41232704018495,37.168600138287374,0.7804435678421499,,,0.101,185.19869292369253,1833.6504249870547,1833.6503986082203,2.6378834574487732e-05,56.8431631745987,0.21955643215785017,,,231.27147222322716,0.00028874989282700616,99.44673305598768,3.1563746457605912,1103.951785757268,0.0,-0.0,0.0,112.16150143293842
6,1,7,0.1016,4.261238384626437e-05,1103.934113578712,,,,0,9.471763368398109e-14,1,2064.898021711839,2064.898021711839,1.321991412281618e-13,330.3836834738942,68.55461432083305,0.33340741279485664,,,308.66896735425183,2064.897979099455,1982.3019077449994,82.59591282270839,2064.8978205677076,0.00015853174763510558,0.7675091439979075,0.07373335583721093,0.07373575768912323,0.15571015609825284,103.00213794223458,0.96,689.0616282094287,661.4991630810515,27.562465128377212,0.7669533875819535,0.07389823237780517,0.0739005740116602,0.15571229896737598,102.88959161232451,0.96,688.2992457259897,660.7672758969501,27.531969829039628,0.766397928373506,0.07406294584356964,0.07406523488478202,0.15571471937965514,102.77723779969274,0.96,687.5369466322892,660.0354687669976,27.50147786529155,,,,610.0681193891562,1982.3019077449994,1833.6291109657875,148.67275668117426,1982.3018676469617,4.0098037648763916e-05,0.7804341020966353,0.21949310059637164,0.2195024031657475,0.33271081668016306,152.5171014587137,0.9249999411759062,495.57560243787225,458.4074031032461,37.16819933462614,0.7804341020966353,0.21949310059637167,0.21950240316574748,0.33271077795682175,152.51705894751044,0.9249999411758969,495.5755219844653,458.4073286838448,37.16819330062052,0.797767182476924,0.06400691517118635,0.0639838550997317,0.3327107417736626,152.51701922493748,0.9249999411753737,495.57544680882324,458.40725914612096,37.16818766270228,0.7977669366241849,0.06400709740282506,0.06398387480173993,0.33271066938741367,152.5169397579946,0.9249999411753562,495.57529641580066,458.40712003257534,37.16817638322534,0.7804349198285525,,,0.101,185.19654020754453,1833.6291109657875,1833.6290845869528,2.6378834574618775e-05,56.84250243993941,0.2195650801714473,,,231.26877859313888,0.00048662775923888097,99.44557479504971,3.1564023232943796,1103.934113578712,0.0,-0.0,0.0,112.15970593959713
7,1,8,0.1016,4.261228207976923e-05,1103.9517858183603,,,,0,9.471789801317202e-14,1,2064.922029577496,2064.922029577496,1.321992139961116e-13,330.38752473239936,68.55541138197286,0.3334074127948634,,,308.6725086437445,2064.921986965214,1982.3249552974792,82.59687313739511,2064.921828434875,0.00015853033911810753,0.7675112242283271,0.07373570390688707,0.0737336236764675,0.15571013538792475,103.00330285653254,0.96,689.0695128797686,661.5067323645778,27.562780515190784,0.7669555432161471,0.07390056928899837,0.07389841365480482,0.15571227502298984,102.89077246096433,0.96,688.3072510779712,660.7749610348523,27.532290043118902,0.7664001530883326,0.07406527452069413,0.07406304980586745,0.15571469214104688,102.77843332624764,0.96,687.5450644771347,660.0432618980493,27.501802579085417,,,,610.080295501442,1982.3249552974792,1833.6504251909914,148.67449112374436,1982.3249163147357,3.898274357358953e-05,0.780443408254893,6.328422116080953e-05,5.397806290306784e-05,0.3327136407160109,152.52020155939672,0.9249999382545611,495.58147072114224,458.4128298171611,37.16864090398116,0.780443408254893,6.328422116080069e-05,5.397806290307672e-05,0.33271357164228427,152.5201257282313,0.9249999382545441,495.5813272103696,458.4126970696969,37.16863014067271,0.7977444268570606,0.0643162117050697,0.06433896732493312,0.332713507125912,152.5200549002424,0.9249999382539629,495.5811931683485,458.4125730805476,37.16862008780091,0.7977440169231163,0.06431622672729286,0.06433914642836133,0.33271337815618657,152.51991331357164,0.9249999382539311,495.5809252148754,458.41232522358575,37.168599991289604,0.7804436151824676,,,0.101,185.19869294429012,1833.6504251909914,1833.6503988121567,2.63788345744815e-05,56.843163180920726,0.21955638481753245,,,231.27147223499983,0.0002887288836305885,99.44673306104993,3.1563752602899626,1103.9517858183603,0.0,-0.0,0.0,112.16150143914541
8,1,9,0.1016,4.261239139411809e-05,1103.9325229136573,,,,0,9.471764452794093e-14,1,2064.8958844347712,2064.8958844347712,1.3219916426101012e-13,330.3833415095634,68.5545433632344,0.33340741279485614,,,308.6686520029224,2064.89584182238,1982.2998559589068,82.59582733162121,2064.895683290528,0.00015853185210319028,0.7675086436627174,0.07373339615527533,0.07373597672088492,0.15571015847583483,103.00200431621109,0.96,689.0607237592866,661.4982948089151,27.56242895037146,0.7669530317634504,0.07389823697654486,0.0739007484292416,0.15571230108273887,102.8894873639718,0.96,688.2985389864708,660.7665974270119,27.5319415594589,0.7663977045299345,0.07406291957583118,0.0740653681342293,0.15571472114597712,102.77716032273948,0.96,687.5364205447705,660.0349637229797,27.501456821790853,,,,610.0670352307395,1982.2998559589068,1833.6272130565544,148.67260278710663,1982.299815843661,4.01152457941738e-05,0.7804332930049378,0.21950249559579357,0.21951261084574875,0.3327105695047667,152.51683010536735,0.9249999411802946,495.5750888933996,458.40692807681387,37.16816081658569,0.7804332930049378,0.21950249559579355,0.21951261084574875,0.33271053095083,152.5167877801763,0.9249999411802854,495.5750087919555,458.40685398297825,37.168154808977256,0.797766353906922,0.06400525545300997,0.06398332840314856,0.33271049492615107,152.5167482316199,0.9249999411797621,495.5749339455792,458.40678474982525,37.16814919575395,0.7977661086542177,0.06400543556181303,0.06398334383071162,0.33271042285765107,152.516669113576,0.9249999411797449,495.5747842127266,458.4066462469369,37.16813796578971,0.7804342201830456,,,0.101,185.196348518712,1833.6272130565544,1833.6271866777197,2.6378834574621146e-05,56.84244360475318,0.21956577981695435,,,231.26853922519973,0.00048716128343816514,99.44547186683589,3.1563990485710156,1103.9325229136575,0.0,-0.0,0.0,112.15954432802758
9,1,10,0.1016,4.261228209133847e-05,1103.9517858610448,,,,0,9.471784475812795e-14,1,2064.922029765865,2064.922029765865,1.3219920056232186e-13,330.3875247625384,68.55541138822672,0.33340741279486347,,,308.6725085783786,2064.921987153583,1982.324955478314,82.59687314492979,2064.9218286232435,0.0001585303392782329,0.7675108922308759,0.07373592053534253,0.07373367196718406,0.15571013591195373,103.00327336018391,0.96,689.0693132366603,661.5065407071938,27.56277252946643,0.7669553606748126,0.07390074469780127,0.07389841578643899,0.15571227500703547,102.89077324828297,0.96,688.3072564154123,660.7749661587958,27.53229025661655,0.7664001083116193,0.07406541277396345,0.0740630089922786,0.15571469148882963,102.77846196991173,0.96,687.5452589711709,660.0434486123241,27.501810358846807,,,,610.0802956057453,1982.324955478314,1833.6504253734513,148.67449113936038,1982.3249165128116,3.896550226066771e-05,0.7804434125062407,5.388410082773102e-05,4.376459952488538e-05,0.33271364166012757,152.52020259585044,0.9249999382541777,495.5814726828056,458.4128316315096,37.16864105129598,0.7804434125062406,5.388410082774464e-05,4.37645995248718e-05,0.3327135720404187,152.52012616528947,0.9249999382541606,495.58132803767495,458.41269783476423,37.168630202910705,0.7977444026375337,0.06431695447529785,0.06433890574468618,0.33271350701355734,152.52005477687075,0.9249999382535793,495.5811929350381,458.4125728645453,37.16862007049271,0.7977439896717,0.06431696859793185,0.06433908758044946,0.33271337702139037,152.51991206773462,0.9249999382535473,495.5809228572931,458.4123230426321,37.168599814660986,0.7804436203033787,,,0.101,185.1986929627186,1833.6504253734513,1833.6503989946168,2.6378834574480834e-05,56.843163186576994,0.21955637969662128,,,231.27147224090922,0.0002887142022331494,99.44673306359095,3.156375217321715,1103.9517858610448,0.0,-0.0,0.0,112.16150144348214
10,1,11,0.1016,4.26124003781714e-05,1103.93040854626,,,,0,9.471764826232646e-14,1,2064.8930436199203,2064.8930436199203,1.321991759394625e-13,330.3828869791872,68.55444904818135,0.33340741279485553,,,308.6682328688079,2064.89300100752,1982.2971287765217,82.59571369902173,2064.8928424755436,0.00015853197644948377,0.7675080145777844,0.07373338184210833,0.0737362594951999,0.15571016150993724,103.00183382436354,0.96,689.0595697796517,661.4971869884656,27.562382791186053,0.7669525579247014,0.07389818021038275,0.07390098296049406,0.15571230390254429,102.88934841813243,0.96,688.2975970177655,660.7656931370549,27.531903880710612,0.7663973751466012,0.07406282411789578,0.07406555728291385,0.15571472364706881,102.77705062631189,0.96,687.5356756781262,660.0342486510011,27.501427027125054,,,,610.0655941959047,1982.2971287765217,1833.6246904026752,148.6723982370908,1982.297088639766,4.013675559136151e-05,0.7804322177199492,0.21951270538218826,0.21952390016847972,0.3327102409960375,152.516469463204,0.9249999411851189,495.57440636688284,458.4062967422168,37.16810962466605,0.7804322177199492,0.21951270538218826,0.21952390016847972,0.3327102026491054,152.51642736531457,0.9249999411851096,495.57432669552105,458.4062230462073,37.168103649313785,0.7977652583180252,0.06400507375969976,0.06398421807920826,0.33271016681811477,152.51638802943796,0.9249999411845866,495.57425225156067,458.4061541852891,37.16809806627158,0.7977650140017484,0.06400525628452394,0.0639842319544757,0.33271009513808003,152.51630933794817,0.9249999411845694,495.5741033258013,458.40601642896195,37.16808689683938,0.780433410516984,,,0.101,185.19609373067019,1833.6246904026752,1833.6246640238405,2.6378834574608434e-05,56.84236540248293,0.219566589483016,,,231.2682210641032,0.00048775087722169964,99.44533505756438,3.156394707759672,1103.9304085462602,0.0,-0.0,0.0,112.1593295083
11,1,12,0.1016,4.2612281783946936e-05,1103.951785538698,,,,0,9.471779954156448e-14,1,2064.9220292980267,2064.9220292980267,1.3219919307271717e-13,330.3875246876843,68.55541137269448,0.33340741279486347,,,308.6725084074278,2064.9219866857447,1982.3249550291935,82.59687312621651,2064.92182815541,0.00015853033502374704,0.7675104671533848,0.07373619644685375,0.07373374387125325,0.1557101364845809,103.00324112959535,0.96,689.0690950870246,661.5063312835435,27.562763803481033,0.7669550979986558,0.07390097682482662,0.07389843675087215,0.1557122749939205,102.89077389548416,0.96,688.30726080296,660.7749703708415,27.53229043211841,0.7664000011254896,0.07406560492237037,0.07406297894348211,0.15571469077358838,102.7784933823483,0.96,687.5454722654252,660.0436533748082,27.501818890617066,,,,610.0802953828431,1982.3249550291935,1833.6504249842076,148.67449110159825,1982.3249160858056,3.8943387843291245e-05,0.7804434175814297,4.3668185066517845e-05,3.246832358594237e-05,0.3327136427657745,152.52020380985422,0.9249999382570718,495.5814749790222,458.4128337569441,37.16864122207805,0.7804434175814297,4.3668185066509185e-05,3.246832358595107e-05,0.33271357246018163,152.52012662630946,0.9249999382570546,495.5813289088672,458.4126986420512,37.16863026681598,0.7977447719675597,0.06431640405259759,0.06433689040306308,0.33271350679181116,152.52005453362332,0.9249999382564732,495.58119247340125,458.41257243896547,37.168620034435776,0.7977443553294302,0.06431641549621213,0.06433707416853028,0.33271337551398683,152.5199104130561,0.9249999382564409,495.5809197245151,458.41232014624666,37.16859957826844,0.7804436264327452,,,0.101,185.198692923405,1833.6504249842076,1833.650398605373,2.637883457448001e-05,56.84316317451044,0.21955637356725477,,,231.2714721623191,0.00028882502204941295,99.44673302979722,3.156375962459849,1103.9517855386982,0.0,-0.0,0.0,112.16150141073172
12,1,13,0.1016,4.2612413553986044e-05,1103.9272445750485,,,,0,9.471758129431473e-14,1,2064.888792774712,2064.888792774712,1.3219917493737364e-13,330.38220684395395,68.55430792012044,0.33340741279485464,,,308.66760573731193,2064.8887501622985,1982.2930479649337,82.59554366520568,2064.8885916301397,0.00015853215881326437,0.7675071234089345,0.07373332951575047,0.07373667326020089,0.1557101658408611,103.00159052434812,0.96,689.0579229907014,661.4956060710733,27.562316919628042,0.7669518385580684,0.07389808268819782,0.0739013421287853,0.15571230813214687,102.88914004426624,0.96,688.2961843655576,660.7643369909352,27.531847374622345,0.7663967091966609,0.074062687610993,0.07406597953982164,0.15571472764808209,102.77687516869756,0.96,687.5344842738807,660.0331049029254,27.501379370955306,,,,610.0634379106001,1982.2930479649337,1833.6209156361638,148.67209216254724,1982.2930077987107,4.016622296285426e-05,0.7804306089815474,0.21952399731953243,0.2195368059194147,0.33270974949035903,152.5159298810411,0.9249999411907809,495.5733851900762,458.4053521565367,37.168033033539466,0.7804306089815474,0.21952399731953243,0.2195368059194147,0.3327097114191329,152.51588808589818,0.9249999411907718,495.573306091534,458.4052789903853,37.16802710114868,0.7977614734540007,0.06401092894542412,0.06399422745898307,0.33270967584616323,152.51584903334822,0.924999941190249,495.5732321836496,458.40521062533753,37.16802155831212,0.7977612294499674,0.0640111174768046,0.06399424335626736,0.3327096046838108,152.5157709103126,0.924999941190232,495.5730843334511,458.40507386390414,37.16801046954697,0.7804323344954011,,,0.101,185.19571247925256,1833.6209156361638,1833.620889257329,2.6378834574571544e-05,56.842248384721074,0.21956766550459894,,,231.26774498522417,0.0004884478839848517,99.44513034364638,3.156383920867063,1103.9272445750487,0.0,-0.0,0.0,112.15900804882492
13,1,14,0.1016,4.2612282618383934e-05,1103.9517839609068,,,,0,9.471776988680113e-14,1,2064.92202655975,2064.92202655975,1.32199190459416e-13,330.38752424956004,68.5554112817837,0.3334074127948634,,,308.672507887376,2064.9219839474677,1982.324952400436,82.59687301668481,2064.921825417121,0.00015853034657286298,0.7675100569834131,0.07373658317228335,0.07373364959780464,0.15571013713730372,103.0032043923651,0.96,689.0688464344964,661.5060925771166,27.562753857379835,0.7669548788610909,0.0739013164808062,0.07389827617778362,0.1557122749851895,102.89077432634863,0.96,688.3072637239036,660.7749731749475,27.532290548956144,0.7663958023048346,0.07406573131634137,0.0740666382081676,0.15571468995878365,102.77852916866223,0.96,687.5457152587209,660.043886648372,27.50182861034883,,,,610.0802940241542,1982.324952400436,1833.650422610419,148.67449087894659,1982.3249134893658,3.8911070267664125e-05,0.7804434238024227,3.236868682231573e-05,1.9553865947072577e-05,0.33271364405393716,152.5202052249716,0.9249999382711561,495.5814776508589,458.4128362353728,37.16864141548607,0.7804434238024227,3.236868682230543e-05,1.955386594708292e-05,0.3327135728010251,152.52012700143177,0.9249999382711386,495.58132961250976,458.41269929990034,37.168630312609416,0.7977562910537018,0.06428446539349848,0.06428964779379738,0.33271350624611656,152.52005393547833,0.9249999382705566,495.58119133513134,458.41257139304537,37.16861994208595,0.7977558740899816,0.06428445930863942,0.06428981466862524,0.3327133731896548,152.51990786227253,0.924999938270524,495.58091489086564,458.4123156821005,37.16859920876515,0.7804436339936452,,,0.101,185.19869268365233,1833.650422610419,1833.6503962315844,2.63788345744789e-05,56.84316310092299,0.21955636600635473,,,231.271471797819,0.0002893657244097599,99.44673287306217,3.156399012748529,1103.9517839609073,0.0,-0.0,0.0,112.16150125042813
14,1,15,0.1016,4.261243192482248e-05,1103.9210561337488,,,,0,9.471765030974762e-14,1,2064.8804789203596,2064.8804789203596,1.3219917971248638e-13,330.3808766272575,68.55403190015595,0.3334074127948534,,,308.6663792732484,2064.8804363079275,1982.285066664494,82.59521111102057,2064.8802777755145,0.00015853241308056348,0.7675151386919565,0.07373352139080865,0.07372843968226528,0.15571017385323802,103.00114060389288,0.96,689.0548776653965,661.4926825587806,27.562195106615874,0.7669600951911762,0.07389823468615174,0.07389301835606644,0.15571231642103167,102.88873182547088,0.96,688.2934168701563,660.7616801953501,27.53173667480623,0.7664565340485732,0.0740582041582345,0.07399747241449597,0.15571473604934272,102.77650684388463,0.96,687.5319832399618,660.0307039103634,27.501279329598475,,,,610.0592206332209,1982.285066664494,1833.6135329024048,148.67149354556318,1982.2850264479675,4.021652636801795e-05,0.780427463387437,0.21953690666377154,0.21955286707875715,0.3327087883842505,152.5148747670766,0.9249999411984517,495.5713883489926,458.40350508245325,37.16788326653938,0.780427463387437,0.2195369066637715,0.21955286707875715,0.33270875075161244,152.51483345356098,0.9249999411984426,495.57131016168137,458.4034327591904,37.1678774024909,0.7976981386234293,0.06417781336475308,0.06423596579502563,0.33270871558069204,152.51479484251655,0.924999941197923,495.5712370891123,458.40336516681083,37.167871922301494,0.7976978704129121,0.06417807958516582,0.06423608326223539,0.3327086451929025,152.51471757006675,0.9249999411979062,495.5710908481815,458.4032298939501,37.1678609542314,0.7804307246494062,,,0.101,185.1949668231429,1833.6135329024048,1833.61350652357,2.637883457443418e-05,56.84201951997454,0.21956927535059387,,,231.26681386437676,0.0004894041367120732,99.44472996168201,3.156250935811215,1103.921056133749,0.0,-0.0,0.0,112.15837930318888
15,1,16,0.1016,4.261228034800792e-05,1103.9519770716336,,,,0,9.471697474237155e-14,1,2064.9224229303536,2064.9224229303536,1.3219918556990563e-13,330.38758766885655,68.55542444128774,0.3334074127948636,,,308.67256620694417,2064.922380318073,1982.3253329162478,82.59688887151036,2064.922221787758,0.00015853031514952243,0.7673924162849625,0.07374799000254653,0.0738707124095406,0.1557101376209554,103.00317717210972,0.96,689.0686621966403,661.5059157087745,27.562746487865688,0.766835038113653,0.07391267603464885,0.07403773311217213,0.15571227458068693,102.8907942881159,0.96,688.3073990499701,660.7751030879713,27.53229596199877,0.770648088409007,0.07417819853209885,0.06998664417166504,0.15571468846573522,102.77859474671854,0.96,687.5461605411476,660.0443141195018,27.501846421645894,,,,610.080491608393,1982.3253329162478,1833.6507671344714,148.6745275581472,1982.3252946926186,3.822362935497704e-05,0.7804448161823058,1.9449210552667223e-05,2.096415683831108e-06,0.33271396143190207,152.52055338135187,0.9249999341907458,495.5821383565844,458.4134453659496,37.16869299063475,0.7804448161823059,1.944921055265383e-05,2.0964156838445467e-06,0.33271372721961995,152.52029625601725,0.9249999341906864,495.5816517463033,458.4129952514422,37.168656494861075,0.7980437633596097,0.06341798460067694,0.06307235986449648,0.33271350962699214,152.52005737638746,0.924999934189971,495.5811996659969,458.412577076834,37.168622589162915,0.7980424153857072,0.06341759204749581,0.06307304707470059,0.3327130789751226,152.51958459463648,0.9249999341898617,495.580304923734,458.41174944024556,37.16855548348844,0.7804436441256759,,,0.101,185.19872748058162,1833.6507671344714,1833.6507407556367,2.6378834574493664e-05,56.84317378116861,0.2195563558743242,,,231.27152364440195,0.00019177571472296545,99.44675516709283,3.1569758111099286,1103.9519770716336,0.0,-0.0,0.0,112.16152087047797
16,1,17,0.1016,4.261246709877651e-05,1103.949858978762,,,,0,9.471443782001118e-14,1,2064.919228490085,2064.919228490085,1.3219920264525054e-13,330.3870765584136,68.55531838587082,0.3334074127948511,,,308.6720950121111,2064.919185877618,1982.322266250929,82.59676109378879,2064.919027344718,0.00015853289992375552,0.7574665867260686,0.07350211989217656,0.08342794945107036,0.15571014034179015,103.00302405807412,0.96,689.0676258567543,661.5049208224841,27.562705034270156,0.7568902806776683,0.07366316675925291,0.0836079241952376,0.15571227776191307,102.89063730982497,0.96,688.3063348518418,660.774081457768,27.532253394073702,0.7514329302911545,0.07913622332064131,0.09835138143849374,0.15571469213381386,102.77843364421204,0.96,687.5450666361219,660.043263970677,27.501802665444927,,,,610.0788767447741,1982.322266250929,1833.6479424076356,148.6742843734155,1982.322226781051,3.9469877768129216e-05,0.7804421803309675,0.2195529783980721,0.2195556142494105,0.3327132802901929,152.519806042061,0.9249999407944918,495.5807210704615,458.4121376490685,37.16858342139302,0.7804421803309675,0.2195529783980721,0.2195556142494105,0.332713233354936,152.51975451522068,0.9249999407944806,495.5806235555986,458.4120474478205,37.16857610777813,0.7952270543563587,0.0684469206892678,0.07126362969251897,0.3327131894715045,152.51970633874032,0.9249999407940621,495.5805323814798,458.4119631115587,37.16856926992117,0.7952266165686399,0.06844768193722442,0.0712634807542917,0.33271310157975487,152.5196098487521,0.924999940794041,495.5803497735112,458.411794199188,37.16855557432318,0.7804275723913753,,,0.101,185.1984421831712,1833.6479424076356,1833.6479160288009,2.6378834576480116e-05,56.8430862146367,0.21957242760862478,,,231.27115392838388,0.0004450387056741224,99.44659618920507,3.151338031586934,1103.9498589787622,0.0,-0.0,0.0,112.16130567224221
17,1,18,0.15246,4.2612271332896795e-05,481.10416022388904,,,,0,9.477782210902342e-14,1,1093.4737218142911,1093.4737218142911,1.3220845620860888e-13,174.9557954902866,36.30332756423447,0.3334074127948642,,,168.9297164163219,1093.4736792020196,1049.734579845131,43.73894082688048,1093.4735206720115,0.00015853000810554197,0.6905686028727762,0.06132266378815847,0.12822064764145089,0.1608914534109119,84.52128203506638,0.96,547.2198818093048,525.3310865369325,21.888795272372242,0.6899496817529553,0.061469314036176226,0.1284099129608891,0.16096002121802858,84.40735822588412,0.96,546.2495023281706,524.3995222350438,21.84998009312679,1.0396055306075812e-05,5.1978334793723265e-06,0.7514277320693279,0.2709986266746235,0.0010761553713803142,0.96,0.004136534536269411,0.003971073154818634,0.00016546138145077696,,,,214.10290086066254,1049.734579845131,971.0043089282482,78.73023322954275,1049.7345421577909,3.7687340250114244e-05,0.4135153318078043,1.105394161095955e-06,0.36692795391732425,0.22050061370744178,53.528570564419034,0.9249998641932592,262.4425050692338,242.75928154757997,19.6832235216538,0.4135153318078043,1.105394161095589e-06,0.36692795391732425,0.22049747903517244,53.52648125420324,0.9249998641901686,262.43599232973025,242.7532572636126,19.682735066117658,0.425188516331823,0.03560479562731352,0.4056433336518492,0.22049517569099192,53.52494606182748,0.9249998641835848,262.4312067971395,242.74883064488827,19.682376152251205,0.42517830304844734,0.0356038833265227,0.40565219684671533,0.22049211028174792,53.5229029802128,0.9249998641805638,262.4248379616875,242.7429394721674,19.68189848952009,0.7804459162077668,,,0.101,98.07143520175309,971.0043089282482,971.0042825494138,2.6378834369150554e-05,30.101133576775695,0.2195540837922332,,,122.46928073486933,0.00010774515141078385,52.6617907159938,1.6773974829958789,481.10416022388904,0.0,0.0,0.0,73.34914026773413
18,1,19,0.15246,4.261231442552326e-05,481.1035612457601,,,,0,9.472882438351161e-14,1,1093.4712036536334,1093.4712036536332,1.3220885272506953e-13,174.95539258458135,36.30324396130063,0.33340741279486125,,,168.92995251232452,1093.4711610413187,1049.7321624102856,43.73884010042857,1093.4710025107142,0.00015853060453221564,0.6694154887603897,0.08198383934876145,0.10313695346114798,0.16089167318929623,84.52091550562699,0.96,547.2167612711755,525.3280908203285,21.888670450847,0.6687797922229111,0.08214986311241892,0.10331975264246321,0.16096024257623237,84.4069918262019,0.96,546.2463799226856,524.3965247257781,21.84985519690744,1.9183757687270224e-05,1.4868095333024826e-05,6.08039295183041e-06,0.27099739005757506,0.002045180495632059,0.96,0.007861316853140586,0.007546864179014963,0.00031445267412562333,,,,214.10213266202987,1049.7321624102856,971.0020930666348,78.7300298291521,1049.7321228957867,3.95144987702079e-05,0.4132807372068161,0.21955657095348624,0.2197911655544745,0.22049614073538,53.525589111411094,0.9249998851035263,262.43320511956307,242.75068458294598,19.6825205366171,0.4132807372068161,0.2195565709534862,0.2197911655544745,0.22049609221637304,53.52555677324719,0.9249998851034833,262.4331043142376,242.75059133802023,19.682512976217367,0.42412746996948797,0.09136254220892112,0.09242358857125615,0.22049604493163602,53.52552525775864,0.9249998851008295,262.4330060741247,242.7505004652307,19.682505608894036,0.4241268014184057,0.09136835240936214,0.09241985403940377,0.2204959493011707,53.52546151961297,0.9249998851007453,262.43280738786154,242.75031668043792,19.682490707423593,0.7804423236523527,,,0.101,98.07121139973012,971.0020930666348,971.0020666878005,2.6378834369202616e-05,30.10106488506568,0.21955767634764733,,,122.46897843522838,0.00026467167548895623,52.6616607271482,1.6748157458015258,481.10356124576015,0.0,0.0,0.0,73.34904894752859
19,1,20,0.15246,4.7334932245959287e-05,481.1041780831892,,,,0,9.472902382128885e-14,1,1093.473944072862,1093.473944072862,1.322088527814464e-13,174.95583105165792,36.30333494321902,0.3334074124798801,,,168.92961569044596,1093.4738967379296,1049.734698846473,43.738945785269685,1093.473644631743,0.0002521061868039291,0.6686168912485257,0.1010071131365009,0.10180571064836484,0.16089142548813562,84.52132860315638,0.96,547.2202782774527,525.3314671463546,21.88881113109808,0.6679751564068438,0.10117396705287217,0.10197860286893955,0.16095998329328337,84.40742100110846,0.96,546.2500372886635,524.400035797117,21.850001491546546,8.28628780781777e-06,4.68452203980499e-06,1.5581991919257447e-05,0.27099889475286076,0.0008660861811264504,0.96,0.003329065626495618,0.0031959030014357933,0.0001331626250598249,,,,214.10302690100102,1049.734698846473,971.0044075233693,78.7302509195153,1049.7346584428847,4.040358813821092e-05,0.4163695031468639,0.36670067756974045,0.36361191162969264,0.22063735125373704,53.619745189556944,0.9249998557890575,262.7266000283419,243.02206713816568,19.70453289017625,0.4163695031468639,0.36670067756974045,0.36361191162969264,0.22056022240195816,53.56830798297897,0.9249998557103092,262.56635357385613,242.87383917019892,19.692514403657203,0.4243186317940086,0.14767241860941727,0.14748125678489662,0.22043242783832354,53.48313215831087,0.924999855575997,262.30084170432866,242.62824069396643,19.672601010362236,0.42406053788711007,0.14755764848393063,0.14762391201522634,0.2203554279240275,53.43184157015423,0.9249998554971846,262.14086313635795,242.48026052103833,19.66060261531961,0.41374275147677336,,,0.101,98.0714451598603,971.0044075233693,971.0043811445239,2.6378845435827242e-05,30.101136633224453,0.5862572485232267,,,122.46931082215092,9.033188177259357e-05,52.66180365352489,1.6811181759748464,481.10417808318914,0.0,0.0,0.0,73.34914299056302
20,1,21,0.15246,4.734154098038184e-05,481.10417687439775,,,,0,9.47869163162027e-14,1,1093.4733251981088,1093.4733251981088,1.3220851447086875e-13,174.9557320316974,36.303314396577214,0.33340741247943934,,,168.9295512254316,1093.4732778565678,1049.7341045402902,43.73892102251212,1093.473025562802,0.00025229376578444183,0.6686479866451641,0.10180829520635223,0.10177719980971385,0.1608914523643133,84.52128378052532,0.96,547.2198966696724,525.3311008028855,21.8887958667869,0.6680129476931893,0.10198157966320656,0.10194378837686101,0.16096000420925308,84.40738637975845,0.96,546.2497422510504,524.3997525610083,21.849989690042054,8.355848189806843e-06,5.5822110281156025e-06,5.512650646126536e-06,0.27099887563757086,0.0008810651478294959,0.96,0.003386642079220811,0.0032511763960519783,0.00013546568316883246,,,,214.10314431465514,1049.7341045402902,971.0038587891069,78.73020555372702,1049.7340643428338,4.0197456370387974e-05,0.42520140696260594,0.2200184419012995,0.2111865380855574,0.22077374402381342,53.71076144634843,0.9249998566951937,263.00997568322083,243.28418981638566,19.725785866835178,0.42520140696260594,0.2200184419012995,0.2111865380855574,0.22066067961955574,53.635307366812256,0.9249998565801513,262.77506786983133,243.06690009243349,19.708167777397833,0.4236066639383481,0.14967340772592272,0.15038537558158316,0.22033190765451588,53.41617896748759,0.9249998562455848,262.0919960939104,242.43505870998547,19.656937383924916,0.4232276841633601,0.14962268232326023,0.15045553604701015,0.22021881264599644,53.34089653400686,0.9249998561299673,261.8570246958714,242.21771017030235,19.639314525569095,0.41328088052896,,,0.101,98.0713897376998,971.0038587891069,971.0038324102612,2.6378845640015962e-05,30.101119622462313,0.5867191194710399,,,122.46924049408227,9.15966110732387e-05,52.661773412455375,1.6972371620269202,481.1041768743977,0.0,0.0,0.0,73.34914280627069
21,1,22,0.15246,4.7254047631093485e-05,481.1041906502427,,,,0,9.484418089113283e-14,1,1092.191866545651,1092.1918665456508,1.322081951864966e-13,174.75069864730415,36.26076996931561,0.33340741248527483,,,168.77904959926653,1092.1918192916032,1048.503906684409,43.68766277851718,1092.1915694629263,0.0002498286767814114,0.6707318413820864,0.10186664235121755,0.09978278761429529,0.1609395867233943,84.4412202159525,0.96,546.5380282269219,524.6765070978449,21.861521129076944,0.6700814010207965,0.10204701482321565,0.09997856149560841,0.16100254681976828,84.33712980003968,0.96,545.6508521770445,523.8248180899626,21.826034087081833,6.7396853661616635e-06,4.266630953950337e-06,5.8827937775955095e-06,0.2709991072341535,0.0006995832743504657,0.96,0.002689058959957197,0.002581496601558909,0.00010756235839828777,,,,215.09185709414103,1048.503906684409,962.7050259372998,85.79884047169668,1048.5038664089964,4.027541269698497e-05,0.5967588175816293,0.36057529767709934,0.18901788705807596,0.24176504574850707,68.53137062933557,0.9134620442233695,310.3168801625488,283.4626917103002,26.8541884522486,0.5967588175816293,0.36057529767709934,0.18901788705807596,0.24176416490800562,68.53071476670125,0.913461575704493,310.31520010700604,283.4610116548008,26.85418845220524,0.3467534603031576,0.08745555565837969,0.16430875929357017,0.19722411117523864,39.05549722355703,0.9249998140605978,214.08217989387796,198.02597659552458,16.0562032983534,0.346280009671938,0.08740847543750023,0.16435614992892233,0.197083291388077,38.9742744745472,0.9249998138334559,213.7896062455636,197.75534597667416,16.034260268889437,0.4194062604216011,,,0.101,97.23320761966728,962.7050259372998,962.7049995584578,2.6378841934568393e-05,29.843855804056293,0.5805937395783989,,,129.48661715851625,7.633716772668349e-05,55.679245378161994,1.8865511051383543,481.10419065024263,0.0,0.0,0.0,73.34914490653601
22,1,23,0.1016,4.482631409432789e-05,842.6967928446022,,,,0,9.471044686412552e-14,1,1686.1175668894039,1686.1175668894036,1.3219918218862332e-13,269.7788107023046,55.979103220728206,0.3334074126471957,,,258.8264069523235,1686.1175220630896,1618.672634731366,67.44469311380693,1686.1173278451733,0.00019421791633193478,0.6887951002643515,0.10489113023725974,0.08682787135499453,0.15981272014603112,86.44124142229214,0.96,563.4279907844212,540.8908711530444,22.53711963137689,0.6879891785596334,0.10499727064684354,0.0870894931080067,0.1598988685757312,86.27796031450623,0.96,562.0607333127724,539.5783039802616,22.482429332510865,0.6614747071405194,0.6614713372368559,3.369781702774456e-06,0.15999006263940735,86.10720521552516,0.96,560.6286037479795,538.2034595980604,22.425144149919184,,,,432.64542037523745,1618.672634731366,1497.2720022698857,121.40059034156293,1618.6725926114486,4.211991760599209e-05,0.6372740568781211,0.04051585802191828,6.187254264586698e-07,0.2889560988096833,108.16163837957042,0.9249999098679038,404.66878126604587,374.31858619744696,30.35019506859896,0.6372740568781211,0.04051585802191828,6.187254264607802e-07,0.2889559178852455,108.16147018485898,0.9249999098678224,404.66840536906847,374.3182384927438,30.3501668763247,0.6527042061860312,0.35812536369172643,0.0521746178088529,0.28895574885211234,108.16131304485778,0.9249999098663518,404.66805417846234,374.3179136408696,30.350140537592708,0.6527022242385131,0.3585709720766366,0.05214875751006141,0.28895541078657544,108.16099876595023,0.9249999098662,404.6673517978719,374.31726393882536,30.35008785904655,0.5989088443009823,,,0.101,151.22447222925848,1497.2720022698857,1497.271969816839,3.2453046776720866e-05,46.41543207036646,0.40109115569901765,,,188.84540285464848,0.0004932877827727437,81.20352322749885,2.5799545441807865,842.6967928446023,0.0,0.0,0.0,85.61799415301158
23,1,24,0.1016,4.369579007264008e-05,1013.7426660829559,,,,0,9.470810635417838e-14,1,1940.6116392320228,1940.6116392320228,1.3219915672042886e-13,310.49786227712366,64.42830642250316,0.33340741272259744,,,291.08543862949614,1940.6115955362327,1862.9869640593217,77.62445683580516,1940.6114208951271,0.0001746411054968977,0.7265101849950376,0.11448491299595535,0.07676982826526926,0.15622423475442748,97.16258419426566,0.96,647.8573914038498,621.9430957476957,25.914295656154046,0.7257670946355399,0.11472680971255514,0.07694889363664864,0.15624649119210468,97.02844782341033,0.96,646.8708451941188,620.996011386354,25.874833807764784,0.7297920751556106,0.15138502939050308,0.08306766137541177,0.15626923878426463,96.89440661182013,0.96,645.8831842971583,620.0478569252721,25.835327371886326,,,,548.6071938719019,1862.9869640593217,1723.2627751948742,139.72414859547666,1862.986923790351,4.026897062594001e-05,0.7334601104174931,0.2701789279079952,0.1739928743686231,0.3183539181837427,137.15195739372018,0.9249999305896828,465.74704763678386,430.8159867363747,34.93106090040913,0.7334601104174931,0.2701789279079952,0.1739928743686231,0.3183538276832565,137.1518630346884,0.9249999305896556,465.7468596087851,430.81581281047625,34.93104679830882,0.748716274387034,0.16657085921154324,0.07055879101054034,0.31835374313160547,137.15177487811772,0.9249999305889843,465.7466839405683,430.8156503170753,34.931033623493,0.7487158909956783,0.16657676085149112,0.07056309409432607,0.3183535740285404,137.15159856537562,0.9249999305889335,465.7463326042137,430.815325330948,34.93100727326572,0.6893052140700865,,,0.101,174.0495402946823,1723.2627751948742,1723.2627461665265,2.9028347751863496e-05,53.421146031041104,0.31069478592991345,,,217.34871842439043,0.0004932868754032023,93.45994892248788,2.9643523862176986,1013.7426660829559,0.0,0.0,0.0,102.99625487402831
24,1,25,0.1016,4.433937522970893e-05,913.1717803630966,,,,0,9.470439581945111e-14,1,1794.1423577392297,1794.1423577392295,1.3219916219971746e-13,287.06277723827674,59.56552627694242,0.3334074126796727,,,272.01372834967884,1794.1423133998544,1722.3764428832815,71.76568512013674,1794.1421280034178,0.00018539643650473817,0.7240807889694062,0.08327136739590067,0.08570076342153216,0.15787636963432897,90.81535140668778,0.96,599.1987565995802,575.2308063355969,23.96795026398323,0.7233646923201832,0.08348799244557233,0.08589039476092901,0.15792913221298932,90.67126267886636,0.96,598.0481918293204,574.1262641561475,23.92192767317284,0.7230312774859387,0.07964263017467481,0.08640342784434685,0.15798264181834348,90.52711426412468,0.96,596.8951795745176,573.0193723915369,23.875807182980672,,,,480.24455766504553,1722.3764428832815,1593.1980303046778,129.1783702079616,1722.3764005126393,4.2370642262503776e-05,0.6781015637467689,0.09254180496338717,0.14790035163411142,0.3014344518161129,120.06127271361818,0.9249999186193378,430.5943834174687,398.29976961910245,32.29461379836622,0.6781015637467689,0.09254180496338717,0.14790035163411142,0.30143437086013136,120.06119357079066,0.924999918619307,430.5942152195766,398.29961403605273,32.29460118352387,0.6972311136740471,0.05155254794113223,0.10303770865411926,0.3014342952258005,120.06111963038795,0.9249999186177777,430.5940580786727,398.29946868007085,32.294589398601815,0.6972305866269858,0.05155227372521621,0.10303757809390865,0.3014341439576286,120.06097175024877,0.92499991861772,430.59374379692133,398.29917796945165,32.29456582746968,0.6372792671286177,,,0.101,160.91300106077247,1593.1980303046778,1593.197999039425,3.1265252744582336e-05,49.38913893944501,0.36272073287138235,,,200.9441733033687,0.0004932875995992554,86.40599452044853,2.7506648277945707,913.1717803630966,0.0,0.0,0.0,92.7782528848906
25,1,26,0.1016,4.3164048218756565e-05,1103.9514015082602,,,,0,9.470143492696019e-14,1,2064.9214084830096,2064.9214084830096,1.3219917806263605e-13,330.38742535728153,68.5553907616359,0.33340741275806274,,,308.67242015008884,2064.9213653189613,1982.3243509181043,82.596847954921,2064.9211988730253,0.00016644593596846924,0.7561958363191853,0.10027266543447785,0.0681576180846987,0.15571011214514177,103.0046122093334,0.96,689.0783750213219,661.515240020469,27.56313500085291,0.7555894239338506,0.10053321720008361,0.06830848558641615,0.1557122749170355,102.89077768965056,0.96,688.3072865246135,660.774995063629,27.53229146098451,0.754980410448468,0.1004087982720349,0.06845966530950556,0.15571472411121062,102.77703025110489,0.96,687.5355373270896,660.0341158340061,27.501421493083587,,,,610.0799759002837,1982.3243509181043,1833.6498656970077,148.67444582893532,1982.3243115259434,3.939216093903461e-05,0.7804431717700957,0.173997807977889,0.07165619995456224,0.3327135683179749,152.52012207654866,0.9249999382220047,495.58132031404944,458.4126906744752,37.16862963957421,0.7804431717700957,0.173997807977889,0.07165619995456224,0.3327134990378268,152.520046018787,0.9249999382219873,495.5811763744061,458.4125575303055,37.1686188441006,0.7945286993668909,0.14082388546865285,0.04352629977580916,0.33271343431171085,152.51997496056345,0.9249999382215577,495.58104189656314,458.4124331380961,37.16860875846702,0.7945282977465058,0.14082418513690623,0.04352647401738616,0.3327133048596292,152.51983284438452,0.9249999382215255,495.58077294092453,458.41218435413106,37.1685885867935,0.7334603870587239,,,0.101,185.1986364353978,1833.6498656970077,1833.6498386870753,2.7009932323376276e-05,56.84314583660724,0.26653961294127615,,,231.27140334999794,0.00036902249002153603,99.4467034404991,3.149943340653588,1103.9514015082605,0.0,-0.0,0.0,112.16146239323923
26,1,27,0.1016,4.3832798278978574e-05,991.5771419730012,,,,0,9.471642137047683e-14,1,1909.0704964082495,1909.0704964082495,1.3219916521784112e-13,305.45127942531997,63.381140480753885,0.33340741271345953,,,286.84203493549205,1909.070452575451,1832.7074646960202,76.36281102900104,1909.070275725021,0.00017685042999471826,0.7449282248773718,0.07379014781837889,0.08505775926019252,0.15648456134666078,95.74947394018115,0.96,637.3730066132505,611.8780863487204,25.49492026453008,0.7442888725463773,0.0739544419476381,0.0852549933351115,0.15651257420395912,95.61399570646364,0.96,636.3572556441502,610.9029654183842,25.45429022576607,0.7436486021482891,0.07411990711131229,0.08545171541149112,0.15654112244471938,95.47856528884726,0.96,635.3400134676205,609.9264129289155,25.413600538704888,,,,533.513935689195,1832.7074646960202,1695.2542382294043,137.45318463805668,1832.7074228674605,4.182855950490455e-05,0.721538723186479,0.14790038080939008,0.20680482939300665,0.3147103608715597,133.37856728843863,0.9249999302005314,458.17702410098485,423.8137153128982,34.36330878808665,0.721538723186479,0.14790038080939008,0.20680482939300665,0.3147103127521609,133.37851779132504,0.9249999302005166,458.17692412589486,423.8136228359401,34.363301289954734,0.741206006471826,0.04825247600838477,0.10157516890344964,0.3147102677959347,133.37847154790478,0.924999930199469,458.1768307230897,423.81353643787196,34.36329428521776,0.7412056940629022,0.048252623651824714,0.10157522733542838,0.31471017788380673,133.3783790615266,0.9249999301994414,458.1766439174914,423.81336364269384,34.363280274797546,0.678101811212721,,,0.101,171.22067806116985,1695.2542382294043,1695.254209469052,2.876035223612635e-05,52.55288138511153,0.32189818878727905,,,213.81611008876789,0.0004932871441129435,91.9409273381702,2.9254891469076862,991.5771419730011,0.0,0.0,0.0,100.74423762445691
27,1,28,0.1016,4.2612285077615795e-05,1103.9516387546303,,,,0,9.471707784284735e-14,1,2064.9217963341794,2064.9217963341794,1.3219918434472106e-13,330.3874874134687,68.55540363829475,0.33340741279486324,,,308.6724590800702,2064.921753721894,1982.3247313838533,82.5968638076607,2064.9215951915135,0.0001585303806101115,0.7616338054640742,0.08547106692517323,0.06876548633847067,0.15571022214710228,102.99843406192694,0.96,689.036557791265,661.4750954796143,27.561462311650647,0.7610625934429103,0.08568725330014115,0.06891353240360813,0.1557122746027109,102.89079320124486,0.96,688.3073916817868,660.7750960145154,27.532295667271534,0.7604911099026171,0.0859040451376605,0.06906153738333244,0.15571458313488268,102.78323181689841,0.96,687.5776457184621,660.0745398897236,27.50310582873851,,,,610.0801781643271,1982.3247313838533,1833.6502200893276,148.6744725327114,1982.324692622039,3.876181416938167e-05,0.780443321809551,0.07165623564528299,0.012751637022211035,0.3327136143210411,152.5201726429295,0.9249999391696281,495.58141558872467,458.4127792731685,37.16863631555617,0.780443321809551,0.07165623564528298,0.012751637022211049,0.3327135450406693,152.5200965849099,0.9249999391696112,495.5812716486164,458.4126461285687,37.16862552004766,0.7958486072740293,0.09989200176754545,0.04524940096534208,0.3327134803144002,152.52002552650384,0.9249999391691376,495.58113717046945,458.41252173605625,37.16861543441319,0.7958481997974576,0.0998920450859484,0.04524953935139294,0.33271335086202874,152.51988340998386,0.9249999391691061,495.58086821422864,458.4122729515343,37.16859526269437,0.7804433835453269,,,0.101,185.1986722290221,1833.6502200893276,1833.650193710493,2.6378834574502385e-05,56.84315682276915,0.21955661645467306,,,231.27144409330606,0.0003292812108053218,99.44672096012161,3.1525834506905888,1103.9516387546303,0.0,-0.0,0.0,112.16148649747043
28,1,29,0.1016,4.330633555705772e-05,1079.1384534581905,,,,0,9.471769459568312e-14,1,2031.3589494844816,2031.3589494844814,1.3219915723136036e-13,325.01743191751706,67.44111712288478,0.3334074127485726,,,303.7789862925352,2031.3589061781458,1950.1043880924817,81.25434950385353,2031.358737596335,0.00016858181076006274,0.7620604825531264,0.07672890310506926,0.07630222601601712,0.1557682239817469,101.39118693965624,0.96,678.0318670201178,650.9105923393131,27.121274680804756,0.7614422171141627,0.0768805584937534,0.07650093482250095,0.15577562788242755,101.2596284953345,0.96,677.1199135351953,650.0351169937875,27.08479654140787,0.7608236961333608,0.07703223297789749,0.0766996467471539,0.15578343811217,101.12817085754448,0.96,676.206957041022,649.158678759381,27.04827828164091,,,,593.1704874820911,1950.1043880924817,1803.8464000024796,146.2579468396479,1950.1043468421274,4.125035426697855e-05,0.767757912288951,0.20680489407873592,0.21949030359933608,0.3288365378169652,148.29269237986708,0.9249999380413457,487.5262219858711,450.9617251304621,36.564496855408954,0.767757912288951,0.20680489407873592,0.21949030359933605,0.32883649915912205,148.29265051623665,0.9249999380413358,487.5261416685463,450.9616508369368,36.564490831609476,0.7858676265770529,0.06403182248911878,0.07401280318609513,0.32883646304250824,148.29261140453818,0.9249999380406961,487.5260666311991,450.96158142708344,36.56448520411568,0.7858673790175362,0.06403201090052703,0.07401283168044834,0.32883639080947785,148.29253318144922,0.9249999380406776,487.52591655651094,450.9614426079971,36.56447394851378,0.7215388702759811,,,0.101,182.18848640025044,1803.8464000024796,1803.8463727276198,2.7274859659624956e-05,55.919238400076864,0.27846112972401893,,,227.51240817505104,0.0004932833136798661,97.83033551527194,3.107250830172491,1079.1384534581905,0.0,0.0,0.0,109.64046687135215
29,1,30,0.1016,4.261228280135438e-05,1103.9517322623406,,,,0,9.47178282843796e-14,1,2064.9219448398317,2064.9219448398317,1.3219918415510248e-13,330.3875111743731,68.55540856868241,0.33340741279486336,,,308.6724882363532,2064.921902227549,1982.3248739493117,82.59686974788819,2064.9217436972,0.00015853034910527647,0.7663126731550688,0.07650422383151662,0.07225203322957427,0.15571018029125705,103.00077927437137,0.96,689.0524319610429,661.4903346826011,27.562097278441794,0.7657523480450896,0.0767027671861963,0.07239263625526941,0.15571227428456183,102.89080890184802,0.96,688.3074981202765,660.7751981954654,27.53229992481112,0.7651916967818334,0.0769012954750776,0.07253329482660494,0.15571463604061056,102.78090006013386,0.96,687.5618136158805,660.0593410712453,27.50247254463528,,,,610.080252962271,1982.3248739493117,1833.650350861289,148.6744842093325,1982.3248350706215,3.8878690347406915e-05,0.7804433777774624,0.01275157233273619,6.610684422474616e-05,0.3327136313462717,152.5201913004996,0.9249999386687571,495.5814511215121,458.4128118927723,37.16863922873977,0.7804433777774624,0.012751572332736187,6.610684422474875e-05,0.3327135620776188,152.52011525534093,0.9249999386687402,495.58130720575167,458.41267877069436,37.16862843505733,0.7973591946797579,0.07041525776688218,0.058923689664177076,0.33271349737184863,152.52004421942962,0.9249999386681863,495.58117277021984,458.4125544175612,37.16861835265866,0.7973587844326261,0.07041526656783521,0.058923861152745394,0.33271336799608264,152.5199021870008,0.9249999386681546,495.58090397313805,458.4123057802613,37.168598192876736,0.7804435335885279,,,0.101,185.1986854369902,1833.650350861289,1833.6503244824546,2.6378834574488765e-05,56.84316087669996,0.2195564664114721,,,231.27146182702856,0.0003056267262066597,99.44672858562228,3.1556047346673086,1103.9517322623408,0.0,-0.0,0.0,112.16149599785379
30,1,31,0.1016,4.275986411142157e-05,1103.9366166977854,,,,0,9.471769488978638e-14,1,2064.901398478953,2064.901398478953,1.3219918163064878e-13,330.38422375663254,68.55472642950124,0.3334074127850203,,,308.66945717182324,2064.901355719089,1982.3051473216299,82.59604780506798,2064.9011951266975,0.00016059239167030584,0.7674876790568785,0.07489213908874127,0.0737171331869315,0.15571019827680788,102.99977069647584,0.96,689.0456052086925,661.4837810003447,27.561824208347733,0.7669441969935792,0.07506931808925875,0.07387746914076919,0.15571229476899293,102.88979855044934,0.96,688.3006486357016,660.7686226902734,27.532025945428124,0.766400384867793,0.07524650989745085,0.07403782181149127,0.15571465904296777,102.77988792489808,0.96,687.5549412823036,660.0527436310115,27.50219765129213,,,,610.0698311025374,1982.3051473216299,1833.6321074580883,148.6729996589908,1982.3051071170792,4.020455079687097e-05,0.7804353759932203,0.21949039742017837,0.21949839920442044,0.3327112061526695,152.51752902859744,0.9249999411671468,495.5764116268203,458.4081515986345,37.168260028185806,0.7804353759932203,0.21949039742017837,0.2194983992044204,0.3327111676238826,152.5174867309219,0.9249999411671375,495.5763315776285,458.40807755313216,37.16825402449633,0.7978386530177927,0.06547577904882539,0.06499632071079066,0.3327111316219357,152.51744720723292,0.9249999411666107,495.5762567784827,458.40800836366566,37.16824841481702,0.7978384079478775,0.06547596339924609,0.0649963398839946,0.33271105959604064,152.51736813578506,0.9249999411665935,495.57610713414783,458.4078699426562,37.16823719149165,0.7677580302470854,,,0.101,185.19684285326693,1833.6321074580883,1833.6320810792515,2.6378836833188137e-05,56.84259533120074,0.23224196975291456,,,231.26915680731065,0.00048557015781016977,99.44573742714358,3.1565478129521107,1103.9366166977852,0.0,-0.0,0.0,112.159960256495
31,1,32,0.1016,4.261228228507235e-05,1103.9517921120057,,,,0,9.471788795663103e-14,1,2064.9220516784553,2064.9220516784553,1.321991841392413e-13,330.3875282685528,68.5554121157247,0.3334074127948634,,,308.67250399263065,2064.922009066173,1982.3249765143978,82.59687402143335,2064.921850535831,0.00015853034195962936,0.7674999986233673,0.07375120732309852,0.07373888775660983,0.15571018021687333,103.00078344823244,0.96,689.052460212415,661.4903618039184,27.562098408496624,0.7669569777327843,0.0739127493138682,0.07389996857466317,0.1557122741777097,102.89081417504508,0.96,688.3075338686513,660.7752325139052,27.53230135474609,0.7664136351698165,0.07407432827300639,0.07406107797098292,0.15571463589729564,102.78090636935315,0.96,687.5618564547648,660.0593821965741,27.502474258190638,,,,610.0803066624937,1982.3249765143978,1833.6504447099574,148.67449282988218,1982.3249375398393,3.897455842498694e-05,0.7804434214221824,6.601233958254363e-05,5.796691062045888e-05,0.33271364432010353,152.5202055122523,0.9249999381969252,495.5814782276273,458.41283673209614,37.1686414955312,0.7804434214221824,6.601233958255525e-05,5.7966910620447314e-05,0.3327135746165073,152.52012898959654,0.9249999381969081,495.5813334082083,458.41270277413395,37.16863063407437,0.7977305865184685,0.06403114956234317,0.06413921606166728,0.332713509512638,152.52005751663563,0.9249999381963264,495.58119814557625,458.4125776559194,37.16862048965682,0.7977301731131101,0.06403116319662393,0.06413939803139133,0.3327133793715507,152.51991464400928,0.9249999381962943,495.58092775842755,458.4123275478077,37.168600210619815,0.7804435902402391,,,0.101,185.19869491570572,1833.6504447099574,1833.6504183311226,2.637883457448571e-05,56.843163786008674,0.2195564097597609,,,231.27147481699097,0.000286541175523539,99.44673417130612,3.156347602475943,1103.9517921120057,0.0,-0.0,0.0,112.16150207857977
32,1,33,0.1016,4.261237603148768e-05,1103.9306727467858,,,,0,9.471767689123766e-14,1,2064.893409046723,2064.893409046723,1.321991818356962e-13,330.38294544747566,68.5544611803512,0.33340741279485714,,,308.6682789953218,2064.8933664343467,1982.2974795865985,82.5957283161083,2064.893207902707,0.00015853163947203175,0.7674958744192555,0.07373575441951019,0.07373987862362189,0.1557102053556453,102.9993740818712,0.96,689.0429206200104,661.4812037952099,27.561716824800403,0.7669528431942007,0.0738968062369395,0.07390094077552305,0.15571230273663367,102.88940586577773,0.96,688.2979864782616,660.7660670191311,27.531919459130474,0.7664094900373589,0.0740578867507196,0.07406203188317713,0.15571466788690322,102.77949904767291,0.96,687.5523008044349,660.0502087722575,27.50209203217743,,,,610.0657795627502,1982.2974795865985,1833.6250149032692,148.67242454915015,1982.2974394524192,4.013417937877805e-05,0.78043235602227,0.21949849415776118,0.2195095595576735,0.33271028325000246,152.51651585026735,0.9249999411845692,495.57449415585614,458.4063779467395,37.1681162091166,0.78043235602227,0.21949849415776118,0.2195095595576735,0.3327102448786025,152.51647372551056,0.92499994118456,495.57441443365894,458.4063042037073,37.16811022995167,0.7977681867552551,0.06406033311138216,0.06402273287459569,0.3327102090247054,152.51643436448092,0.9249999411840367,495.57433994210686,458.4062352987667,37.16810464334016,0.7977679423432174,0.06406051577483246,0.06402274654472531,0.332710137298681,152.51635562249135,0.9249999411840195,495.5741909207974,458.4060974540556,37.16809346674173,0.7804354935026563,,,0.101,185.1961265052302,1833.6250149032692,1833.6249885244347,2.637883457434914e-05,56.84237546200134,0.21956450649734374,,,231.26826199064857,0.0004876834835597045,99.4453526559789,3.1564008411430127,1103.9306727467858,0.0,-0.0,0.0,112.15935635107344
33,1,34,0.1016,4.26122818162503e-05,1103.9517865352755,,,,0,9.471784710810996e-14,1,2064.922041508878,2064.922041508878,1.321991839757432e-13,330.3875266414205,68.55541177809475,0.33340741279486347,,,308.6725024707342,2064.921998896596,1982.3249667516102,82.59687361465045,2064.9218403662608,0.0001585303354708466,0.7674983783404646,0.07373978803578775,0.07373728411457865,0.15571018035038922,103.00077595637919,0.96,689.0524095027359,661.4903131226265,27.562096380109416,0.7669553722527348,0.07390085952921013,0.07389833047067602,0.15571227418683212,102.89081372484686,0.96,688.3075308166407,660.7752295839749,27.532301232665674,0.7664120437416982,0.07406195965460191,0.07405940595026266,0.15571463575146216,102.78091278950811,0.96,687.561900046884,660.0594240450087,27.502476001875362,,,,610.080301566163,1982.3249667516102,1833.650435805535,148.67449199821596,1982.3249278037508,3.894785919228749e-05,0.7804434215634336,5.787048495575239e-05,4.6804943792231366e-05,0.33271364403480147,152.52020520243474,0.9249999382481071,495.581477618482,458.41283619400156,37.16864142448047,0.7804434215634336,5.787048495575191e-05,4.680494379223189e-05,0.33271357381171734,152.52012810947014,0.9249999382480899,495.581331719751,458.4127012376758,37.16863048207519,0.7977438278380246,0.06430664262780364,0.06433100154503424,0.33271350822075635,152.52005610176602,0.9249999382475084,495.58119544511453,458.4125751833573,37.16862026175721,0.7977434114589115,0.06430665504675315,0.06433118593105898,0.3327133770989619,152.51991215249214,0.9249999382474761,495.5809230204034,458.41232319050033,37.16859982990309,0.7804436353572831,,,0.101,185.198694016359,1833.650435805535,1833.6504094267002,2.6378834574479343e-05,56.843163509971575,0.21955636464271694,,,231.27147355184215,0.00028848201914257615,99.44673362729212,3.1563740824238034,1103.9517865352755,0.0,-0.0,0.0,112.16150151198399
34,1,35,0.1016,4.2612411392659194e-05,1103.928542096061,,,,0,9.471768335741235e-14,1,2064.8905463889196,2064.8905463889196,1.321991818420168e-13,330.38248742222714,68.55436614011212,0.3334074127948548,,,308.6678567045189,2064.890503776508,1982.2947314346038,82.59561380977524,2064.890345244379,0.00015853212889886076,0.7674953151541818,0.07373702970232728,0.07374009288861015,0.15571020805649516,102.99922280955869,0.96,689.0418966901794,661.4802208225723,27.561675867607235,0.7669523347219755,0.0738980942517286,0.07390113178248785,0.15571230559192875,102.88926518389624,0.96,688.2970327391217,660.7651514295569,27.53188130956484,0.7664090314287645,0.07405918754485558,0.07406219985778925,0.15571467085180563,102.77936871106397,0.96,687.5514158150778,660.0493591824746,27.502056632603175,,,,610.0643274490549,1982.2947314346038,1833.6224728520867,148.67221842797838,1982.2946912800649,4.0154538830851095e-05,0.780431272597988,0.21950965651432433,0.21952180547977002,0.3327099522436192,152.51615246645304,0.9249999411886469,495.5738064403365,458.4057418119451,37.1680646283914,0.780431272597988,0.21950965651432433,0.21952180547977002,0.33270991406404254,152.51611055233158,0.9249999411886377,495.5737271166801,458.4056684375631,37.168058679116996,0.7977644749749933,0.06400691230051535,0.06398626516354652,0.33270987838965327,152.516071388414,0.9249999411881148,495.5736529980819,458.40559987760497,37.168053120476976,0.797764231424126,0.06400709727820734,0.06398627731299286,0.332709807023745,152.51599304185635,0.9249999411880977,495.57350472496637,458.40546272497335,37.168041999993015,0.7804324730007199,,,0.101,185.19586975806075,1833.6224728520867,1833.622446473252,2.637883457462703e-05,56.84229665841469,0.21956752699928006,,,231.26794138353856,0.000488184426376643,99.44521479492157,3.156391251595095,1103.928542096061,0.0,-0.0,0.0,112.15913987695978
35,1,36,0.1016,4.261228218427485e-05,1103.9517861638378,,,,0,9.4717800411286e-14,1,2064.9220408752294,2064.9220408752294,1.3219918372646043e-13,330.38752654003673,68.55541175705761,0.33340741279486347,,,308.67250233275206,2064.921998262947,1982.3249661433022,82.59687358930438,2064.9218397326067,0.00015853034056453034,0.7674980404185887,0.07374006099763131,0.07373733573322429,0.15571018060523367,103.0007616567164,0.96,689.0523127134112,661.4902202048747,27.562092508536438,0.7669551052543585,0.0739011246473563,0.0738983541149733,0.1557122741858548,102.89081377307878,0.96,688.3075311436174,660.7752298978726,27.532301245744765,0.7664118495963002,0.07406221743669282,0.07405939926915725,0.15571463543087877,102.78092690295692,0.96,687.561995875578,660.0595160405547,27.50247983502318,,,,610.0803012589386,1982.3249661433022,1833.6504352688307,148.6744919475251,1982.324927216356,3.892694630837793e-05,0.7804434263185197,4.670620403955884e-05,3.455248350782088e-05,0.3327136450646854,152.5202063332938,0.9249999382514551,495.5814797571446,458.4128381739235,37.168641583221124,0.7804434263185197,4.6706204039562e-05,3.455248350781776e-05,0.33271357418936803,152.5201285242882,0.9249999382514377,495.58133250330366,458.4127019641211,37.16863053918259,0.7977447027450851,0.06431654728266575,0.06433631951257394,0.3327135079882632,152.52005584675038,0.924999938250856,495.5811949610041,458.41257473721424,37.16862022378988,0.7977442828824731,0.06431655712075736,0.0643365056624103,0.33271337564326275,152.5199105546062,0.9249999382508235,495.58091999490347,458.412320393572,37.16859960133149,0.7804436372816361,,,0.101,185.1986939621519,1833.6504352688307,1833.650408889996,2.6378834574479065e-05,56.84316349333375,0.21955636271836387,,,231.27147345489269,0.0002886099952988473,99.44673358560387,3.156375838264598,1103.951786163838,0.0,-0.0,0.0,112.16150147424592
36,1,37,0.1016,4.261242291680611e-05,1103.9253428809964,,,,0,9.471766281437181e-14,1,2064.8862482543373,2064.8862482543373,1.3219918415937245e-13,330.38179972069395,68.55422344204399,0.3334074127948541,,,308.66722264919264,2064.8862056419143,1982.2906052252408,82.59544188438517,2064.886047109626,0.00015853228840239327,0.7674944930678737,0.07373694457810538,0.07374049192882051,0.15571021216363784,102.99899282637487,0.96,689.0403399791168,661.478726379952,27.561613599164733,0.7669516048432555,0.07389799520796415,0.07390149561906718,0.15571230987973414,102.88905396224126,0.96,688.2956007788537,660.7637767476995,27.531824031154226,0.7664082832494931,0.07405907778973826,0.07406264413654534,0.15571467523947324,102.77917586057649,0.96,687.5501063516555,660.0481020975892,27.502004254066215,,,,610.0621471781352,1982.2906052252408,1833.6186560924798,148.67190895026195,1982.2905650427417,4.0182499160777e-05,0.7804296461303688,0.21952190490420928,0.21953568509236018,0.3327094553069529,152.51560692257252,0.9249999411935271,495.5727739801079,458.40478678871295,37.16798719139496,0.7804296461303688,0.21952190490420928,0.21953568509236018,0.33270941738432774,152.51556529060875,0.924999941193518,495.57269519030604,458.4047139081463,37.167981282159715,0.7977605735400956,0.0640107230979831,0.06399485230297258,0.33270938195043326,152.51552639077755,0.9249999411929953,495.57262157137063,458.4046458103764,37.16797576099427,0.7977603301817228,0.06401091398895829,0.06399486668970862,0.33270931106713936,152.51544857417642,0.9249999411929783,495.5724743009572,458.40450958524417,37.167964715713005,0.7804313888917511,,,0.101,185.19548426534047,1833.6186560924798,1833.6186297136453,2.637883457458922e-05,56.84217833886688,0.21956861110824885,,,231.2674600084039,0.000488788327899436,99.44500780361368,3.156380195982556,1103.9253428809961,0.0,-0.0,0.0,112.15881483670923
37,1,38,0.1016,4.2612281689023376e-05,1103.9517845920489,,,,0,9.471776651937679e-14,1,2064.9220380900097,2064.9220380900097,1.3219918323896395e-13,330.38752609440155,68.55541166458832,0.33340741279486347,,,308.6725018486443,2064.921995477728,1982.3249634694987,82.59687347789587,2064.9218369473942,0.00015853033370994833,0.7674976873328735,0.07374042439897527,0.0737372301339754,0.15571018102614306,103.00073803947917,0.96,689.0521528567007,661.4900667424325,27.562086114268066,0.7669548760117504,0.07390146896244086,0.07389819779394595,0.15571227418633626,102.89081374931638,0.96,688.3075309825259,660.7752297432249,27.532301239301017,0.7664075804710035,0.07406237385629022,0.07406307663477966,0.1557146349048854,102.78095005984872,0.96,687.562153108168,660.0596669838412,27.502486124326783,,,,610.0802998755875,1982.3249634694987,1833.6504328518695,148.6744917213738,1982.3249245732434,3.889625544947011e-05,0.7804434321910982,3.445069062014156e-05,2.0664629890705256e-05,0.3327136462745648,152.52020766246946,0.924999938265539,495.5814822663365,458.4128405019055,37.16864176443099,0.7804434321910982,3.445069062015031e-05,2.066462989069655e-05,0.33271357449513583,152.52012886090338,0.9249999382655213,495.5813331340715,458.41270255456084,37.16863057951061,0.797756240186854,0.06428502080269075,0.06428935415593229,0.3327135074478063,152.52005525435547,0.924999938264939,495.58119383361645,458.41257370136,37.16862013225644,0.7977558203652396,0.06428501290548079,0.06428952272196392,0.3327133734045877,152.51990809785923,0.9249999382649061,495.580915339219,458.4123160940432,37.16859924517579,0.7804436444051706,,,0.101,185.19869371803884,1833.6504328518695,1833.650406473035,2.637883457447801e-05,56.843163418407954,0.21955635559482942,,,231.27147308664155,0.0002891497782706801,99.44673342725586,3.1563989249342903,1103.951784592049,0.0,-0.0,0.0,112.16150131455215
38,1,39,0.1016,4.261244342988035e-05,1103.919035533277,,,,0,9.471709017462246e-14,1,2064.8777747593895,2064.8777747593895,1.3219918416570888e-13,330.3804439615023,68.55394212201172,0.3334074127948527,,,308.6659726754033,2064.877732146946,1982.2824706697986,82.59510294457492,2064.8775736143734,0.00015853257232046198,0.7675025348298372,0.07373710722133216,0.07373225972436839,0.15571022015078947,102.9985457662866,0.96,689.0373139024651,661.4758213463666,27.561492556098592,0.7669598336245323,0.07389814208792374,0.07389318447514182,0.1557123183366204,102.88863751073092,0.96,688.2927774666141,660.7610663679496,27.531711098664548,0.7664680018021279,0.07405461076602537,0.07399418943490098,0.15571468403462996,102.77878939838577,0.96,687.5474822452943,660.0455829554825,27.501899289811774,,,,610.0578489269503,1982.2824706697986,1833.611131598262,148.67129884106598,1982.2824304393282,4.0230470432646e-05,0.7804264404024605,0.21953578792247233,0.21955277971111015,0.3327084758039931,152.51453161339518,0.9249999412003165,495.5707389171553,458.40290435896605,37.1678345581893,0.7804264404024605,0.21953578792247233,0.21955277971111012,0.3327084382933864,152.51449043389198,0.9249999412003075,495.57066098338197,458.4028322702259,37.16782871315615,0.7976971726830127,0.06417752377480351,0.0642365912786449,0.3327084032371311,152.51445194877013,0.9249999411997878,495.5705881490464,458.4027648982122,37.167823250834225,0.7976969043309439,0.06417779397586082,0.06423671001015657,0.3327083330811562,152.51437493089304,0.924999941199771,495.57044238974436,458.4026300708581,37.16781231888631,0.7804297613869075,,,0.101,185.19472429142448,1833.611131598262,1833.6111052194274,2.6378834574447467e-05,56.84194507954612,0.21957023861309247,,,231.26651100738948,0.0004896394989222118,99.44459973317747,3.156246957818877,1103.919035533277,0.0,-0.0,0.0,112.15817401018094
39,1,40,0.1016,4.261228148431905e-05,1103.9519774474973,,,,0,9.471695254067507e-14,1,2064.9224341936538,2064.9224341936538,1.321991819465994e-13,330.3875894709846,68.5554248152293,0.33340741279486347,,,308.67256015598326,2064.9223915813723,1982.325343729,82.5968893220418,2064.9222330510415,0.00015853033087676247,0.7673801411188715,0.07375182512435764,0.07387421883532337,0.15571018137230183,103.00071861706762,0.96,689.0520213932348,661.4899405375053,27.56208085572946,0.7668351305796338,0.0739128442385374,0.07403754728343595,0.15571227378850164,102.89083338287666,0.96,688.3076640835163,660.7753575201757,27.532306563340676,0.7706597664412411,0.07417483401902604,0.06998306937991287,0.15571463358532048,102.78100815603896,0.96,687.5625475742906,660.060045671319,27.502501902971666,,,,610.080497309052,1982.325343729,1833.6507771074864,148.67452840736152,1982.325305514848,3.821415207672144e-05,0.7804448570158189,2.055805481159101e-05,2.1414414531251867e-06,0.332713970718477,152.52056357518285,0.9249999341718074,495.5821576568673,458.41346320932456,37.16869444754274,0.7804448570158189,2.0558054811591035e-05,2.1414414531252074e-06,0.3327137317038981,152.52030117773504,0.9249999341717468,495.58166106911204,458.4130038656536,37.168657203458466,0.7980437343421424,0.06341850926078692,0.06307194760165712,0.33271350967750635,152.52005743058683,0.9249999341710299,495.58119977701256,458.41257717013656,37.168622606875964,0.7980423593010271,0.06341810553794064,0.06307265056785749,0.3327130703509679,152.5195751255473,0.9249999341709184,495.58028701185594,458.4117328623716,37.16855414948435,0.7804436540227161,,,0.101,185.19872848785613,1833.6507771074864,1833.6507507286517,2.637883457449283e-05,56.84317409033208,0.2195563459772839,,,231.27152493467162,0.00019149460595129989,99.4467557219088,3.156975807674807,1103.9519774474977,0.0,-0.0,0.0,112.16152090866572
40,1,41,0.1016,4.2612480169615784e-05,1103.9498590581404,,,,0,9.471170678857741e-14,1,2064.919238955444,2064.919238955444,1.3219920535665337e-13,330.3870782328711,68.55531873332073,0.3334074127948502,,,308.67208884583454,2064.919196342964,1982.3222762974874,82.59676151239539,2064.919037809883,0.000158533080836552,0.7574548656842188,0.0735057670699213,0.08343104250457405,0.15571018408656015,103.00056633975109,0.96,689.0509906804983,661.4889510532784,27.56203962721996,0.7568904665090667,0.0736632086978594,0.08360787276842653,0.1557122769709914,102.89067633549703,0.96,688.3065994176097,660.7743354409054,27.532263976704435,0.7514457898351994,0.07913274753397515,0.09834672414001687,0.15571463726476212,102.78084617058641,0.96,687.5614477117748,660.0589898033038,27.502457908470983,,,,610.0788820533525,1982.3222762974874,1833.6479517006605,148.674285126937,1982.3222368275976,3.9469889721942725e-05,0.7804421842980097,0.2195528927529458,0.219555565470755,0.33271328150282203,152.5198073733183,0.9249999407944768,495.58072358988085,458.4121399795237,37.16858361035714,0.7804421842980097,0.2195528927529458,0.219555565470755,0.3327132345663208,152.5197558451117,0.9249999407944655,495.5806260724326,458.4120497758843,37.168576296548295,0.7952270620218769,0.06844706019235533,0.07126373251262089,0.33271319068087274,152.51970766641733,0.9249999407940471,495.58053489412424,458.4119654357471,37.16856945837712,0.7952266237666439,0.06844783563762764,0.07126357117201078,0.3327131027819056,152.5196111685051,0.9249999407940259,495.5803522711601,458.4117965095056,37.16855576165445,0.7804265491922425,,,0.101,185.19844312176673,1833.6479517006605,1833.647925321826,2.637883457661556e-05,56.84308650272048,0.21957345080775736,,,231.271155100537,0.0004450371867724794,99.44659669323089,3.1513380543845404,1103.9498590581406,0.0,-0.0,0.0,112.16130568030707
41,1,42,0.15246,4.261227136805925e-05,481.104160223889,,,,0,9.478283070589328e-14,1,1093.4737218142893,1093.473721814289,1.3220853112934915e-13,174.95579549028628,36.30332756423441,0.33340741279486413,,,168.92971641632283,1093.4736792020178,1049.7345798451288,43.738940826880324,1093.4735206720093,0.0001585300085922119,0.6905653352522019,0.06132693842522451,0.12821646885724142,0.16089145341200234,84.52128203324784,0.96,547.219881793822,525.3310865220691,21.888795271752862,0.6899497338225853,0.061469246799792314,0.12840997948627364,0.16096002121693265,84.40735822769825,0.96,546.2495023436302,524.3995222498851,21.849980093745188,1.0396055360700528e-05,5.1978334958393526e-06,0.7514405916133347,0.2709986266746166,0.0010761553767444402,0.96,0.004136534556888185,0.003971073174612658,0.00016546138227552742,,,,214.10290086066178,1049.7345798451288,971.0043089282461,78.73023322954258,1049.7345421577886,3.768734027008013e-05,0.4135153310794151,1.1279101703179858e-06,0.3669279811287649,0.22050061370723129,53.52857056427876,0.9249998641932592,262.44250506879655,242.75928154717556,19.683223521621006,0.4135153310794151,1.127910170316657e-06,0.3669279811287649,0.22049747903509462,53.52648125415135,0.9249998641901686,262.4359923295685,242.75325726346293,19.682735066105526,0.425188516323638,0.035604783154705784,0.40564332885294463,0.22049517569106888,53.524946061878794,0.9249998641835848,262.4312067972994,242.74883064503624,19.682376152263192,0.4251783030451359,0.03560387223487615,0.40565219295638416,0.22049211028195814,53.522902980352896,0.9249998641805638,262.42483796212423,242.74293947257138,19.681898489552847,0.780445979336884,,,0.101,98.07143520175286,971.0043089282461,971.0042825494118,2.6378834369150076e-05,30.10113357677563,0.2195540206631161,,,122.46928073486903,0.0001077451514163458,52.66179071599368,1.6773974815276043,481.104160223889,0.0,0.0,0.0,73.34914026773411
42,1,43,0.15246,4.261231376185549e-05,481.10356124545564,,,,0,9.472882156399753e-14,1,1093.4712036528674,1093.4712036528674,1.322088527573193e-13,174.9553925844588,36.3032439612752,0.3334074127948613,,,168.92995251229675,1093.4711610405536,1049.73216240956,43.73884010039837,1093.4710025099582,0.0001585305953466333,0.6694154248889234,0.08198689831548643,0.10313680867876501,0.1608916731904208,84.52091550375138,0.96,547.2167612552073,525.328090804999,21.888670450208334,0.6687797932682341,0.08214981441721733,0.10331975497156858,0.16096024257518504,84.40699182793541,0.96,546.2463799374583,524.39652473996,21.84985519749833,1.9183758733423043e-05,1.4868096303903687e-05,6.0803929311811695e-06,0.2709973900574292,0.0020451806099623018,0.96,0.007861317292610316,0.0075468646009059035,0.0003144526917044129,,,,214.10213266179764,1049.73216240956,971.0020930659651,78.73002982909661,1049.7321228950616,3.951449832067743e-05,0.4132807372065312,0.21955654447043452,0.21979113834331843,0.22049614073529303,53.52558911135312,0.9249998851035273,262.433205119382,242.7506845827788,19.68252053660323,0.4132807372065312,0.21955654447043452,0.21979113834331843,0.22049609221628597,53.52555677318915,0.9249998851034844,262.4331043140564,242.75059133785288,19.682512976203494,0.4241274699821725,0.09136254417456245,0.092423590516028,0.22049604493154895,53.52552525770057,0.9249998851008306,262.4330060739434,242.75050046506323,19.682505608880167,0.42412680142788595,0.09136835401477474,0.0924198556320247,0.2204959493010834,53.5254615195548,0.9249998851007463,262.43280738767993,242.7503166802702,19.68249070740972,0.7804423276193952,,,0.101,98.07121139966249,971.0020930659651,971.0020666871308,2.6378834369202582e-05,30.10106488504492,0.21955767238060483,,,122.46897843514155,0.00026467169860924203,52.66166072711087,1.6748157458231208,481.10356124545564,0.0,0.0,0.0,73.34904894748217
43,1,44,0.15246,4.733493418431315e-05,481.1041780831956,,,,0,9.472902537287546e-14,1,1093.4739440730314,1093.4739440730311,1.3220885268986217e-13,174.955831051685,36.30333494322464,0.33340741247988004,,,168.92961569042552,1093.473896738097,1049.7346988465808,43.738945785274275,1093.4736446318552,0.0002521062417879669,0.6686168972798197,0.1010071875585436,0.1018057151676473,0.16089142548919985,84.52132860138141,0.96,547.2202782623414,525.3314671318477,21.888811130493657,0.6679751563100033,0.1011739658482224,0.10197860280645327,0.16095998329218827,84.40742100292115,0.96,546.2500373041111,524.4000358119465,21.8500014921645,8.286287260974132e-06,4.6845216555390985e-06,1.5581993127988015e-05,0.27099889475293504,0.0008660861229474934,0.96,0.0033290654028661918,0.0031959027867515437,0.00013316261611464786,,,,214.10302690102523,1049.7346988465808,971.0044075234636,78.73025091952773,1049.7346584429913,4.0403589263926797e-05,0.4163694982200126,0.3667007055249572,0.3636119445114757,0.22063735124714207,53.619745185157875,0.9249998557890533,262.7266000146413,243.0220671254915,19.704532889149807,0.4163694982200126,0.3667007055249572,0.3636119445114757,0.2205602223992276,53.56830798115838,0.924999855710305,262.56635356818424,242.87383916495133,19.69251440323293,0.4243186318086458,0.1476724178617334,0.14748125603526005,0.22043242784095174,53.48313216006201,0.9249998555759927,262.30084170979063,242.62824069901765,19.672601010772986,0.42406053791563625,0.14755764776939428,0.14762391128164393,0.22035542793077345,53.43184157464695,0.9249998554971803,262.14086315037497,242.48026053400298,19.660602616372007,0.41374275000460836,,,0.101,98.07144515986981,971.0044075234636,971.004381144618,2.637884543582788e-05,30.10113663322737,0.5862572499953917,,,122.46931082217101,9.033187498572464e-05,52.66180365353353,1.6811181661643073,481.1041780831956,0.0,0.0,0.0,73.349142990564
44,1,45,0.15246,4.7341541135923505e-05,481.10417687439815,,,,0,9.478700807317666e-14,1,1093.473325198146,1093.473325198146,1.322085142113051e-13,174.95573203170338,36.30331439657845,0.3334074124794394,,,168.92955122543046,1093.473277856605,1049.7341045403211,43.73892102251348,1093.4730255628347,0.0002522937702019261,0.6686479869380719,0.10180829046210947,0.10177720080385716,0.16089145236538108,84.52128377874442,0.96,547.2198966545105,525.33110078833,21.888795866180452,0.6680129474398944,0.10198157971762054,0.10194378858772941,0.16096000420817425,84.4073863815441,0.96,546.2497422662676,524.3997525756168,21.849989690650762,8.355848126939061e-06,5.582211067882009e-06,5.512650201917085e-06,0.2709988756375784,0.0008810651419419334,0.96,0.0033866420565900773,0.0032511763743264745,0.000135465682263603,,,,214.10314431465434,1049.7341045403211,971.0038587891352,78.73020555372963,1049.7340643428647,4.0197456448700703e-05,0.42520140679884977,0.22001841394636734,0.2111865053675302,0.22077374401979308,53.71076144366498,0.9249998566951934,263.009975674868,243.2841898086592,19.725785866208806,0.42520140679884977,0.22001841394636734,0.2111865053675302,0.22066067961704403,53.63530736513674,0.9249998565801509,262.7750678646129,243.06690008760637,19.708167777006537,0.42360666387891344,0.14967340867753728,0.15038537660726972,0.22033190765694707,53.41617896910657,0.9249998562455845,262.09199609896166,242.43505871465786,19.65693738430384,0.42322768410968625,0.1496226832670918,0.15045553707304185,0.22021881265011198,53.340896536746044,0.9249998561299669,261.85702470442214,242.21771017821172,19.639314526210452,0.41328088052867545,,,0.101,98.07138973770265,971.0038587891352,971.0038324102894,2.6378845640015962e-05,30.101119622463187,0.5867191194713245,,,122.46924049408646,9.159661058243225e-05,52.66177341245718,1.6972371615862991,481.1041768743981,0.0,0.0,0.0,73.34914280627075
45,1,46,0.15246,4.725404780551089e-05,481.1041906502449,,,,0,9.484473908318177e-14,1,1092.1918622494443,1092.191862249444,1.3220819318967954e-13,174.7506979599111,36.260769826681546,0.33340741248527483,,,168.7790490951733,1092.1918149953963,1048.5039025600463,43.687662606668646,1092.1915651667146,0.00024982868165665284,0.6707318396978024,0.1018666414947503,0.0997827887350198,0.16093958688507304,84.44121994773636,0.96,546.53802594187,524.6765049041951,21.861521037674873,0.6700813994332327,0.10204701453118561,0.09997856253784719,0.16100254696291322,84.33712956418792,0.96,545.6508501659821,523.8248161593428,21.82603400663927,6.739685123676066e-06,4.266630772665416e-06,5.882793775928405e-06,0.27099910723418585,0.000699583249025609,0.96,0.0026890588626131643,0.0025814965081086376,0.00010756235450452689,,,,215.0918580137818,1048.5039025600463,962.7050218230161,85.79884046161743,1048.5038622846334,4.027541267678524e-05,0.5967588425050957,0.3605753368116621,0.18901790110541616,0.24176505198552642,68.53137525905265,0.9134620442228651,310.31689312103094,283.4627035472253,26.85418957380563,0.5967588425050956,0.3605753368116621,0.18901790110541616,0.24176417114568827,68.5307193968899,0.9134615757043595,310.3152130667475,283.46102349298525,26.854189573762273,0.3467534360227577,0.08745554690356584,0.16430877475972155,0.19722410394407294,39.05549305077301,0.9249998140605832,214.08216487007746,198.02596269850878,16.056202171568682,0.3462799853994302,0.0874084666857565,0.16435616539601255,0.19708328415932488,38.97427030706623,0.9249998138334412,213.78959122677756,197.75533208429673,16.03425914248084,0.4194062492419706,,,0.101,97.23320720412462,962.7050218230161,962.7049954441741,2.6378841934570666e-05,29.843855676513495,0.5805937507580294,,,129.48661697658864,7.633716507249609e-05,55.67924529993311,1.8865511064323792,481.10419065024485,0.0,0.0,0.0,73.34914490653634
46,1,47,0.1016,4.482631563264065e-05,842.6967804678333,,,,0,9.471039986146291e-14,1,1686.1175475072475,1686.1175475072475,1.321991819459142e-13,269.7788076011596,55.979102577240624,0.33340741264719564,,,258.82640463953476,1686.117502680932,1618.6726161244671,67.44469233851956,1686.1173084629868,0.0001942179452092721,0.688795097455607,0.10489112988019118,0.08682787212238668,0.15981272054745535,86.44124065689137,0.96,563.4279843802666,540.8908650050558,22.537119375210683,0.6879891757707135,0.10499727024381678,0.0870894939063361,0.15989886898449987,86.27795954435102,0.96,562.0607268587077,539.5782977843594,22.48242907434834,0.6614747029547974,0.6614713330512553,3.3697815815218463e-06,0.15999006305706695,86.10720443829236,0.96,560.6285972240125,538.203453335052,22.42514388896054,,,,432.6454120496068,1618.6726161244671,1497.2719850585033,121.40058894604503,1618.6725740045483,4.211991902738978e-05,0.6372740495517206,0.04051582577190801,6.18725283021644e-07,0.2889560965705563,108.16163629798616,0.924999909867903,404.668776613932,374.3185818942416,30.350194719690336,0.6372740495517206,0.040515825771908,6.187252830311656e-07,0.2889559156462295,108.16146810337958,0.9249999098678217,404.6684007171854,374.3182341897521,30.35016652743336,0.6527041986805189,0.3581253786986424,0.05217461604088133,0.2889557466132003,108.16131096347635,0.924999909866351,404.668049526795,374.3179093380774,30.350140188717553,0.6527022167337225,0.3585709870764075,0.05214875574211523,0.288955408547871,108.16099668476474,0.9249999098661992,404.6673471466359,374.31725963643214,30.35008751020378,0.5989088374164299,,,0.101,151.22447049090886,1497.2719850585033,1497.2719526054566,3.245304671245404e-05,46.41543153681361,0.4010911625835701,,,188.8454006838461,0.0004932877827727679,81.20352229405381,2.5799545145176825,842.6967804678333,0.0,0.0,0.0,85.61799289553186
47,1,48,0.1016,4.36957897407955e-05,1013.7426660812689,,,,0,9.470788846100067e-14,1,1940.6116392296326,1940.6116392296324,1.3219916155507308e-13,310.4978622767412,64.4283064224238,0.33340741272259744,,,291.0854386291722,1940.6115955338425,1862.9869640570323,77.62445683570981,1940.6114208927424,0.00017464110019601168,0.7265101841497292,0.11448491482362116,0.0767698281294989,0.15622423475444508,97.16258419415819,0.96,647.8573914030601,621.9430957469376,25.914295656122476,0.7257670937862067,0.11472681151586123,0.07694889350036792,0.15624649119212264,97.02844782330334,0.96,646.8708451933311,620.9960113855979,25.87483380773331,0.7297920742668164,0.1513850325929565,0.08306766128093755,0.15626923878428337,96.89440661171064,0.96,645.883184296351,620.0478569244971,25.835327371854028,,,,548.6071938707529,1862.9869640570323,1723.2627751927562,139.7241485953063,1862.986923788062,4.0268970332349045e-05,0.7334601104167061,0.27017896015886317,0.1739928992938778,0.3183539181834923,137.15195739345907,0.9249999305896821,465.74704763626386,430.81598673589343,34.93106090037045,0.7334601104167061,0.27017896015886317,0.17399289929387782,0.3183538276829912,137.15186303441178,0.9249999305896549,465.7468596082341,430.81581280996636,34.93104679826779,0.7487162741733691,0.16657086646336808,0.07055879097051791,0.3183537431313262,137.15177487782654,0.9249999305889836,465.74668393998843,430.81565031653855,34.93103362344984,0.7487158907819217,0.16657676810256697,0.07056309405436788,0.31835357402823333,137.15159856505542,0.9249999305889327,465.7463326035759,430.8153253303577,34.931007273218206,0.6893052140692288,,,0.101,174.0495402944684,1723.2627751927562,1723.262746164408,2.9028348014150223e-05,53.421146030975436,0.3106947859307712,,,217.34871842412434,0.0004932868754032023,93.45994892237347,2.964352385788703,1013.742666081269,0.0,0.0,0.0,102.99625487385691
48,1,49,0.1016,4.433937363813707e-05,913.1717665777361,,,,0,9.470437310680862e-14,1,1794.1423370567952,1794.1423370567952,1.3219916272261801e-13,287.0627739290872,59.5655255902856,0.33340741267967283,,,272.0137257617791,1794.1422927174215,1722.3764230281722,71.76568429284048,1794.1421073210129,0.00018539640867879564,0.724080786667099,0.08327136698669357,0.08570076446932377,0.15787636994724913,90.81535054625087,0.96,599.1987497347819,575.2307997453906,23.967949989391283,0.7233646899955127,0.08348799203506847,0.08589039582576254,0.15792913253103177,90.67126181624442,0.96,598.0481849352838,574.1262575378724,23.92192739741133,0.723031275165238,0.07964262983446346,0.08640342893604185,0.15798264214156202,90.52711339928378,0.96,596.8951726509471,573.0193657449092,23.875806906037855,,,,480.2445483225478,1722.3764230281722,1593.1980119387079,129.17836871882378,1722.3763806575314,4.2370640758302987e-05,0.6781015559297854,0.09254178005889573,0.14790033454581647,0.30143444942697584,120.06127037798991,0.9249999186193396,430.59437845368626,398.2997650276049,32.29461342608133,0.6781015559297854,0.09254178005889573,0.14790033454581647,0.30143436847099586,120.06119123516466,0.9249999186193087,430.5942102557974,398.29960944455814,32.29460081123929,0.6972311059495686,0.051552545104423336,0.1030377133282237,0.30143429283666656,120.06111729476409,0.9249999186177795,430.5940531148965,398.2994640885791,32.29458902631741,0.6972305789025155,0.051552270888580914,0.10303758276798702,0.30143414156849757,120.06096941462918,0.9249999186177219,430.59373883315124,398.2991733779655,32.29456545518576,0.6372792597822411,,,0.101,160.9129992058095,1593.1980119387079,1593.197980673456,3.126525181321482e-05,49.38913837009994,0.3627207402177589,,,200.94417098693063,0.0004932875995993035,86.40599352438016,2.750664796711655,913.1717665777361,0.0,0.0,0.0,92.77825148429798
49,1,50,0.1016,4.316404852379182e-05,1103.9514015076622,,,,0,9.470126419985267e-14,1,2064.9214084820587,2064.9214084820587,1.3219917806173322e-13,330.3874253571294,68.55539076160434,0.3334074127580626,,,308.6724201499857,2064.9213653180104,1982.3243509171868,82.59684795488285,2064.92119887207,0.00016644594050425044,0.7561958355659791,0.1002726668426758,0.06815761794379561,0.1557101121449361,103.00461222093702,0.96,689.0783750998579,661.5152400958635,27.563135003994386,0.7555894231292323,0.10053321859748195,0.06830848546376234,0.15571227491703632,102.8907776896056,0.96,688.307286524309,660.7749950633366,27.532291460972367,0.7549804095926694,0.10040879963308118,0.06845966520564971,0.15571472411147663,102.77703023944312,0.96,687.5355372479029,660.0341157579868,27.50142148991609,,,,610.0799758997983,1982.3243509171868,1833.6498656961585,148.6744458288671,1982.3243115250252,3.9392161469474617e-05,0.7804431717696908,0.17399783288312198,0.07165621704321654,0.3327135683178548,152.5201220764168,0.9249999382220043,495.5813203138,458.41269067424435,37.16862963955565,0.7804431717696908,0.17399783288312198,0.07165621704321654,0.33271349903771247,152.5200460186614,0.9249999382219871,495.58117637416854,458.4125575300856,37.16861884408293,0.7945286990104939,0.14082389132634338,0.043526298265417984,0.3327134343116018,152.5199749604437,0.9249999382215573,495.58104189633667,458.41243313788647,37.16860875845019,0.7945282973901445,0.14082419099462246,0.04352647250699344,0.3327133048595308,152.5198328442765,0.9249999382215252,495.58077294072024,458.41218435394194,37.16858858677833,0.7334603870579822,,,0.101,185.198636435312,1833.6498656961585,1833.6498386862256,2.70099328980761e-05,56.843145836580916,0.2665396129420177,,,231.271403349893,0.00036902256592899685,99.44670344045399,3.14994333994002,1103.9514015076622,0.0,-0.0,0.0,112.16146239317848
50,1,51,0.1016,4.383279838680187e-05,991.5771266067202,,,,0,9.471642140075112e-14,1,1909.0704744009136,1909.0704744009136,1.3219916660761775e-13,305.45127590414614,63.381139750110336,0.33340741271345953,,,286.84203200288493,1909.0704305681152,1832.7074435689756,76.36281014870741,1909.0702537176833,0.00017685043174991413,0.7449282221881439,0.07379014730857161,0.08505776068640689,0.15648456154660298,95.74947296373601,0.96,637.3729992989961,611.8780793270362,25.494919971959913,0.7442888698206231,0.07395444146008315,0.08525499476869226,0.1565125744080483,95.61399472893319,0.96,636.3572483084168,610.90295837608,25.454289932336714,0.7436485993858555,0.0741199066456793,0.08545171685249325,0.1565411226529854,95.47856431021572,0.96,635.3400061102703,609.9264058658596,25.41360024441079,,,,533.5139252293151,1832.7074435689756,1695.2542186868893,137.45318305352654,1832.707401740416,4.182855962013856e-05,0.7215387148687117,0.14790036372114548,0.20680482062212455,0.3147103583293675,133.37856467346035,0.9249999302005316,458.17701881920846,423.81371042725544,34.36330839195298,0.7215387148687117,0.14790036372114548,0.20680482062212452,0.31471031020997303,133.3785151763517,0.9249999302005167,458.17691884412744,423.81361795030574,34.36330089382171,0.7412059983902257,0.04825247350716254,0.10157517412743072,0.3147102652537509,133.37846893293604,0.9249999301994692,458.1768254413307,423.8135315522453,34.36329388908543,0.7412056859813279,0.048252621150587045,0.10157523255940373,0.3147101753416311,133.3783764465671,0.9249999301994416,458.1766386357492,423.8133587570828,34.36327987866644,0.6781018033957324,,,0.101,171.22067608737584,1695.2542186868893,1695.2541899265373,2.876035188056245e-05,52.55288077929357,0.32189819660426744,,,213.816107623944,0.0004932871441130934,91.9409262782959,2.925489114108977,991.5771266067201,0.0,0.0,0.0,100.74423606324277
51,1,52,0.1016,4.261228314584189e-05,1103.9516387541828,,,,0,9.47170779007684e-14,1,2064.9217963333467,2064.9217963333467,1.3219918347815216e-13,330.38748741333546,68.55540363826711,0.33340741279486336,,,308.67245908000086,2064.9217537210634,1982.3247313830814,82.59686380762847,2064.92159519071,0.00015853035387317622,0.761633804280093,0.08547106837308899,0.06876548628113996,0.15571022214681618,102.99843407793682,0.96,689.0365578996336,661.4750955836482,27.561462315985413,0.7610625921959618,0.08568725474594953,0.06891353237061092,0.15571227460271145,102.89079320121664,0.96,688.3073916815955,660.7750960143317,27.532295667263806,0.7604911085925666,0.0859040465813965,0.06906153737468541,0.15571458313524655,102.7832318008474,0.96,687.5776456094808,660.0745397851015,27.503105824379247,,,,610.0801781639216,1982.3247313830814,1833.6502200886187,148.67447253264973,1982.3246926212682,3.876181292536092e-05,0.7804433218092038,0.07165625273394993,0.012751645793457795,0.33271361432093893,152.52017264281753,0.9249999391696301,495.58141558851196,458.4127792729727,37.16863631553927,0.7804433218092038,0.07165625273394992,0.012751645793457812,0.3327135450405729,152.52009658480424,0.9249999391696131,495.5812716484155,458.41264612838387,37.16862552003164,0.7958486068667006,0.09989200756398803,0.045249399087513284,0.3327134803143092,152.52002552640408,0.9249999391691396,495.58113717027965,458.4125217358817,37.16861543439795,0.7958481993901635,0.09989205088239039,0.04524953747355472,0.3327133508619485,152.51988340989578,0.9249999391691079,495.580868214061,458.41227295138015,37.16859526268087,0.7804433835449046,,,0.101,185.19867222895047,1833.6502200886187,1833.650193709784,2.6378834574502385e-05,56.84315682274717,0.2195566164550954,,,231.27144409320897,0.00032928130971920905,99.44672096007986,3.1525834498752716,1103.9516387541826,0.0,-0.0,0.0,112.16148649742497
52,1,53,0.1016,4.33063335160241e-05,1079.1384362650272,,,,0,9.471769460615254e-14,1,2031.3589260666415,2031.3589260666415,1.3219915791359837e-13,325.0174281706627,67.44111634541251,0.3334074127485728,,,303.77898291743713,2031.358882760308,1950.104365611387,81.25434856714118,2031.358714178528,0.00016858177983086213,0.7620604788694787,0.07672890245429573,0.07630222786491,0.15576822404326043,101.39118581546265,0.96,678.0318592345565,650.9105848651741,27.121274369382327,0.7614422134136212,0.07688055787422891,0.07650093665656953,0.1557756279475028,101.25962737030632,0.96,677.119905729301,650.0351095001289,27.08479622917203,0.7608236924158287,0.07703223238964253,0.07669964856638044,0.15578343818082938,101.12816973166814,0.96,676.2069492146709,649.158671246084,27.04827796858682,,,,593.1704757643217,1950.104365611387,1803.846379207472,146.25794515356273,1950.1043243610347,4.125035235496534e-05,0.7677579034381407,0.2068048853078496,0.21949030367891284,0.328836535111853,148.2926894504273,0.9249999380413466,487.5262163656041,450.96171993171595,36.56449643388815,0.7677579034381407,0.20680488530784957,0.21949030367891284,0.32883649645400803,148.29264758679534,0.9249999380413367,487.52613604827565,450.96164563818724,36.564490410088375,0.7858676181062482,0.06403181955583849,0.07401280831629084,0.3288364603373925,148.29260847509545,0.924999938040697,487.526061010925,450.9615762283307,36.56448478259428,0.7858673705467216,0.06403200796721488,0.0740128368106568,0.32883638810435883,148.29253025200367,0.9249999380406785,487.5259109362299,450.961437409238,36.5644735269919,0.7215388619582004,,,0.101,182.18848429995467,1803.846379207472,1803.8463519326128,2.7274859018824575e-05,55.91923775543163,0.2784611380417995,,,227.51240555224894,0.0004932833136832652,97.83033438746703,3.107250795529251,1079.1384362650274,0.0,0.0,0.0,109.64046512452676
53,1,54,0.1016,4.261228283870364e-05,1103.9517322624179,,,,0,9.471782824809513e-14,1,2064.921944839971,2064.921944839971,1.321991834939274e-13,330.38751117439534,68.55540856868703,0.33340741279486336,,,308.6724882363707,2064.921902227688,1982.3248739494452,82.59686974789354,2064.9217436973386,0.000158530349622213,0.7663126723467538,0.07650422569871508,0.07225203222143993,0.15571018029127387,103.00077927342859,0.96,689.0524319546614,661.490334676475,27.562097278186453,0.7657523472395289,0.0767027690699471,0.0723926352440394,0.15571227428456166,102.89080890185429,0.96,688.3074981203192,660.7751981955064,27.532299924812783,0.7651916959790145,0.07690129737544645,0.07253329381226063,0.15571463604058888,102.78090006108785,0.96,687.5618136223579,660.0593410774636,27.5024725448943,,,,610.0802529623406,1982.3248739494452,1833.650350861411,148.6744842093434,1982.3248350707545,3.8878690650659496e-05,0.7804433777774709,0.012751581103987249,6.610676465706199e-05,0.3327136313462779,152.52019130050638,0.9249999386687566,495.5814511215251,458.4128118927842,37.168639228740965,0.7804433777774707,0.012751581103987266,6.610676465704497e-05,0.3327135620776308,152.52011525535403,0.9249999386687396,495.5813072057767,458.41267877071726,37.16862843505941,0.7973591944401468,0.07041526276050147,0.058923686426602916,0.33271349737186595,152.5200442194486,0.9249999386681858,495.581172770256,458.4125544175943,37.16861835266163,0.7973587841930483,0.07041527156147039,0.058923857915143624,0.3327133679961108,152.51990218703168,0.9249999386681541,495.58090397319665,458.41230578031525,37.1685981928814,0.7804435335881632,,,0.101,185.19868543700252,1833.650350861411,1833.6503244825765,2.6378834574488765e-05,56.843160876703735,0.21955646641183685,,,231.27146182704516,0.00030562670382499344,99.44672858562943,3.155604734188137,1103.9517322624176,0.0,-0.0,0.0,112.16149599786165
54,1,55,0.1016,4.275986634437966e-05,1103.9366167713624,,,,0,9.471769485573341e-14,1,2064.901398577875,2064.901398577875,1.3219918204662833e-13,330.38422377246,68.55472643278544,0.33340741278502006,,,308.6694571864068,2064.9013558180086,1982.3051474165618,82.5960478090235,2064.9011952255855,0.0001605924231664893,0.767487679061508,0.07489213987892913,0.07371713316417493,0.155710198276738,102.99977070039165,0.96,689.0456052351975,661.4837810257897,27.56182420940788,0.7669441970026879,0.07506931887948352,0.07387746911632447,0.15571229476889425,102.88979855531097,0.96,688.3006486686605,660.7686227219141,27.532025946746494,0.7664003848813842,0.07524651068772668,0.07403782178535706,0.15571465904283574,102.77988793070422,0.96,687.5549413217274,660.0527436688582,27.50219765286913,,,,610.069831152698,1982.3051474165618,1833.6321075458984,148.67299966611122,1982.30510721201,4.020455196007008e-05,0.780435376030607,0.21949039749973248,0.2194983992465963,0.3327112061640951,152.51752904114065,0.9249999411671465,495.57641165055867,458.4081516205923,37.168260029966355,0.780435376030607,0.21949039749973248,0.2194983992465963,0.3327111676353065,152.51748674346328,0.9249999411671372,495.57633160136345,458.4080775750869,37.16825402627658,0.7978386530932617,0.06547577992421783,0.06499632127110284,0.33271113163335814,152.51744721977266,0.9249999411666104,495.5762568022145,458.4080083856174,37.16824841659709,0.7978384080233389,0.06547596427461591,0.0649963404443253,0.33271105960745995,152.51736814832142,0.9249999411665931,495.57610715787325,458.407869964602,37.16823719327122,0.7677580213962804,,,0.101,185.19684286213575,1833.6321075458984,1833.6320811670616,2.6378836833190278e-05,56.84259533392286,0.23224197860371973,,,231.26915681839003,0.00048557012178641933,99.44573743190772,3.1565478131778146,1103.9366167713624,0.0,-0.0,0.0,112.15996026397042
55,1,56,0.1016,4.261228200656984e-05,1103.951792112056,,,,0,9.471788793997785e-14,1,2064.922051678547,2064.922051678547,1.3219918346377628e-13,330.38752826856756,68.55541211572776,0.3334074127948634,,,308.6725039926418,2064.922009066265,1982.3249765144897,82.59687402143715,2064.921850535927,0.00015853033810498508,0.7674999986240058,0.07375120732526426,0.07373888776276653,0.15571018021689,103.00078344729417,0.96,689.0524602060643,661.4903617978217,27.562098408242573,0.7669569777380818,0.07391274931484591,0.07389996857945208,0.15571227417770955,102.89081417504921,0.96,688.3075338686795,660.7752325139322,27.532301354747215,0.7664136351797773,0.07407432827279696,0.07406107797440374,0.1557146358972742,102.78090637029844,0.96,687.5618564611832,660.0593822027358,27.502474258447364,,,,610.080306662542,1982.3249765144897,1833.6504447100413,148.67449282989006,1982.3249375399312,3.897455853403809e-05,0.7804434214221784,6.601226003676078e-05,5.796686846542064e-05,0.3327136443201057,152.52020551225456,0.9249999381969247,495.58147822763175,458.4128367321,37.16864149553178,0.7804434214221784,6.601226003675972e-05,5.796686846542174e-05,0.33271357461651463,152.52012898960461,0.9249999381969076,495.5813334082237,458.412702774148,37.168630634075726,0.7977305865117276,0.0640311493783088,0.06413921595984301,0.3327135095126503,152.52005751664905,0.9249999381963259,495.58119814560195,458.4125776559429,37.16862048965901,0.7977301731063989,0.06403116301260445,0.0641393979295444,0.33271337937157297,152.51991464403366,0.9249999381962939,495.58092775847393,458.4123275478504,37.16860021062353,0.7804435902402308,,,0.101,185.19869491571419,1833.6504447100413,1833.6504183312068,2.6378834574485712e-05,56.84316378601128,0.21955640975976923,,,231.27147481700246,0.00028654115791732285,99.44673417131106,3.1563476024624832,1103.951792112056,0.0,-0.0,0.0,112.16150207858487
56,1,57,0.1016,4.261237602683885e-05,1103.9306727622995,,,,0,9.471767684060643e-14,1,2064.893409067571,2064.893409067571,1.3219918205646153e-13,330.3829454508114,68.55446118104337,0.33340741279485714,,,308.6682789983942,2064.893366455195,1982.297479606613,82.59572831694233,2064.8932079235556,0.0001585316394076883,0.7674958744181821,0.0737357544175121,0.07373987862333571,0.15571020535564373,102.99937408195949,0.96,689.0429206206078,661.4812037957836,27.5617168248243,0.7669528431977524,0.07389680623354827,0.07390094077387767,0.15571230273661288,102.88940586680225,0.96,688.2979864852074,660.766067025799,27.53191945940837,0.76640949004554,0.07405788674593516,0.07406203188017242,0.15571466788685864,102.77949904963246,0.96,687.5523008177404,660.0502087850307,27.50209203270965,,,,610.0657795733258,1982.297479606613,1833.6250149217824,148.67242455065136,1982.297439472434,4.013417922127714e-05,0.7804323560301611,0.2194984941999156,0.2195095595919328,0.33271028325241325,152.51651585291398,0.9249999411845691,495.57449416086496,458.4063779513727,37.1681162094923,0.7804323560301611,0.2194984941999156,0.2195095595919328,0.33271024488101186,152.5164737281556,0.92499994118456,495.57441443866475,458.4063042083376,37.16811023032713,0.7977681867640278,0.06406033314267108,0.06402273289037076,0.3327102090271134,152.51643436712442,0.9249999411840367,495.57433994710976,458.40623530339434,37.16810464371542,0.797767942351983,0.06406051580609988,0.06402274656051588,0.3327101373010861,152.5163556251318,0.9249999411840195,495.5741909257945,458.406097458678,37.1680934671165,0.7804354935400477,,,0.101,185.19612650710005,1833.6250149217824,1833.624988542948,2.6378834574349144e-05,56.842375462575255,0.21956450645995235,,,231.26826199298364,0.0004876834795542061,99.44535265698296,3.156400841176333,1103.9306727622998,0.0,-0.0,0.0,112.15935635264962
57,1,58,0.1016,4.2612281808258605e-05,1103.9517865352902,,,,0,9.471784712044865e-14,1,2064.922041508909,2064.922041508909,1.3219918346825855e-13,330.38752664142544,68.55541177809577,0.33340741279486347,,,308.6725024707358,2064.921998896627,1982.32496675164,82.59687361465168,2064.9218403662917,0.00015853033536023667,0.7674983783384447,0.07373978803542054,0.073737284115158,0.15571018035040576,103.0007759554509,0.96,689.0524094964528,661.4903131165947,27.562096379858083,0.7669553722553013,0.07390085952745845,0.07389833046990955,0.15571227418683212,102.89081372484786,0.96,688.3075308166473,660.7752295839814,27.532301232665876,0.7664120437488557,0.0740619596514657,0.07405940594815001,0.15571463575144107,102.78091279043709,0.96,687.5619000531918,660.0594240510641,27.502476002127725,,,,610.0803015661787,1982.32496675164,1833.6504358055622,148.6744919982184,1982.3249278037808,3.894785937104685e-05,0.7804434215634074,5.787044282102895e-05,4.680490957467846e-05,0.33271364403479664,152.52020520242948,0.924999938248107,495.58147761847204,458.4128361939923,37.16864142447977,0.7804434215634074,5.787044282103067e-05,4.680490957467678e-05,0.3327135738117175,152.5201281094703,0.9249999382480897,495.58133171975135,458.41270123767606,37.16863048207527,0.7977438278384726,0.06430664261673412,0.06433100154228936,0.3327135082207611,152.52005610177125,0.9249999382475081,495.58119544512454,458.41257518336647,37.16862026175803,0.7977434114593874,0.06430665503569762,0.06433118592829312,0.3327133770989761,152.51991215250763,0.924999938247476,495.58092302043275,458.41232319052745,37.16859982990531,0.7804436353572634,,,0.101,185.1986940163618,1833.6504358055622,1833.6504094267277,2.6378834574479343e-05,56.843163509972435,0.21955636464273662,,,231.27147355184601,0.00028848201397772594,99.44673362729378,3.156374082424675,1103.9517865352905,0.0,-0.0,0.0,112.16150151198548
58,1,59,0.1016,4.261241192432477e-05,1103.9285421315317,,,,0,9.471768325432095e-14,1,2064.8905464365885,2064.8905464365885,1.3219918200523563e-13,330.3824874298541,68.55436614169474,0.3334074127948548,,,308.6678567115463,2064.8905038241764,1982.2947314803582,82.5956138116817,2064.89034529204,0.0001585321362575575,0.767495315157634,0.07373702970518603,0.07374009288599663,0.15571020805646968,102.99922281098358,0.96,689.0418966998244,661.4802208318314,27.56167586799303,0.7669523347299627,0.07389809425321142,0.07390113177854997,0.15571230559188126,102.88926518623907,0.96,688.2970327550046,660.7651514448044,27.531881310200223,0.7664090314412918,0.07405918754496238,0.07406219985252638,0.15571467085173143,102.77936871432362,0.96,687.551415837211,660.0493592037226,27.50205663348845,,,,610.0643274732312,1982.2947314803582,1833.622472894409,148.6722184314101,1982.2946913258193,4.015453899536789e-05,0.7804312726160116,0.21950965654856375,0.21952180549595962,0.332709952249127,152.5161524724996,0.9249999411886468,495.5738064517798,458.4057418225301,37.16806462924966,0.7804312726160115,0.21950965654856375,0.21952180549595962,0.3327099140695489,152.51611055837662,0.9249999411886377,495.5737271281206,458.40566844814555,37.16805867997506,0.7977644749920934,0.06400691230789644,0.06398626515427569,0.3327098783951585,152.51607139445764,0.9249999411881147,495.57365300951983,458.40559988818495,37.16805312133485,0.79776423144122,0.06400709728556868,0.06398627730373614,0.3327098070292477,152.5159930478973,0.9249999411880976,495.57350473639906,458.40546273554855,37.168042000850505,0.7804324730086152,,,0.101,185.19586976233532,1833.622472894409,1833.6224465155744,2.637883457462703e-05,56.84229665972668,0.21956752699138476,,,231.26794138887743,0.00048818441878238747,99.44521479721729,3.1563912516653367,1103.9285421315317,0.0,-0.0,0.0,112.15913988056361
59,1,60,0.1016,4.26122814562015e-05,1103.95178616379,,,,0,9.471780044272888e-14,1,2064.9220408751353,2064.9220408751353,1.321991832212546e-13,330.3875265400216,68.55541175705449,0.33340741279486347,,,308.672502332737,2064.921998262854,1982.3249661432221,82.59687358930107,2064.921839732523,0.00015853033048755238,0.7674980404167151,0.07374006099505494,0.07373733573597388,0.15571018060524988,103.00076165580877,0.96,689.0523127072678,661.490220198977,27.562092508290753,0.7669551052569507,0.0739011246434101,0.0738983541164222,0.15571227418585487,102.89081377307407,0.96,688.3075311435855,660.775229897842,27.532301245743465,0.7664118496033634,0.0740622174313765,0.07405939926930485,0.15571463543085842,102.78092690385414,0.96,687.5619958816699,660.059516046403,27.50247983526684,,,,610.0803012588968,1982.3249661432221,1833.6504352687577,148.6744919475182,1982.3249272162761,3.8926945974683047e-05,0.7804434263184533,4.670616984088561e-05,3.455246739917588e-05,0.33271364506466816,152.5202063332749,0.9249999382514555,495.58147975710864,458.41283817389046,37.16864158321818,0.7804434263184533,4.6706169840889375e-05,3.455246739917216e-05,0.3327135741893553,152.5201285242743,0.9249999382514381,495.58133250327717,458.41270196409675,37.16863053918038,0.7977447027457624,0.06431654727235298,0.06433631951868402,0.33271350798825483,152.5200558467412,0.9249999382508565,495.58119496098647,458.4125747371981,37.16862022378835,0.7977442828831762,0.06431655711045739,0.06433650566850117,0.3327133756432629,152.5199105546064,0.9249999382508239,495.5809199949037,458.4123203935724,37.16859960133128,0.7804436372815955,,,0.101,185.19869396214455,1833.6504352687577,1833.6504088899233,2.637883457447906e-05,56.843163493331495,0.21955636271840462,,,231.2714734548814,0.0002886100116952957,99.44673358559899,3.1563758382658453,1103.95178616379,0.0,-0.0,0.0,112.16150147424106
60,1,61,0.1016,4.261242292865339e-05,1103.9253428973318,,,,0,9.471766242079804e-14,1,2064.886248276288,2064.886248276288,1.3219918413926435e-13,330.3817997242061,68.55422344277275,0.3334074127948541,,,308.6672226524276,2064.886205663865,1982.2906052463136,82.59544188526323,2064.8860471315766,0.0001585322885663698,0.7674944930671441,0.07373694457874572,0.07374049192831678,0.15571021216363456,102.99899282655805,0.96,689.0403399803569,661.4787263811425,27.561613599214333,0.7669516048469476,0.0738979952072631,0.07390149561726621,0.15571230987971224,102.88905396331988,0.96,688.2956007861662,660.7637767547195,27.531824031446664,0.7664082832576127,0.0740590777876955,0.07406264413344624,0.1557146752394283,102.77917586254966,0.96,687.5501063650537,660.0481021104515,27.502004254602227,,,,610.0621471892699,1982.2906052463136,1833.6186561119723,148.67190895184248,1982.2905650638147,4.018249903663929e-05,0.7804296461386743,0.2195219049203805,0.21953568510015956,0.3327094553094906,152.51560692535838,0.9249999411935271,495.5727739853803,458.4047867935899,37.167987191790445,0.7804296461386743,0.2195219049203805,0.21953568510015956,0.3327094173868642,152.51556529339334,0.924999941193518,495.57269519557593,458.404713913021,37.16798128255495,0.7977605735478541,0.06401072309940138,0.06399485229730957,0.33270938195296856,152.5155263935609,0.9249999411929953,495.57262157663826,458.4046458152489,37.16797576138936,0.7977603301894762,0.06401091399035759,0.06399486668405764,0.33270931106967244,152.5154485769573,0.9249999411929783,495.57247430622016,458.4045095901124,37.167964716107754,0.7804313889097787,,,0.101,185.1954842673092,1833.6186561119723,1833.6186297331378,2.637883457458922e-05,56.84217833947115,0.21956861109022138,,,231.2674600108624,0.000488788325180712,99.44500780467084,3.1563801960146787,1103.925342897332,0.0,-0.0,0.0,112.15881483836891
61,1,62,0.1016,4.261228247089175e-05,1103.9517845921125,,,,0,9.471776656497146e-14,1,2064.9220380901415,2064.9220380901415,1.3219918323558407e-13,330.38752609442264,68.5554116645927,0.3334074127948634,,,308.6725018486592,2064.921995477859,1982.3249634696137,82.59687347790059,2064.9218369475143,0.00015853034453148254,0.7674976873300412,0.07374042439848898,0.0737372301355918,0.15571018102615874,103.00073803859841,0.96,689.0521528507392,661.4900667367095,27.562086114029608,0.7669548760132902,0.07390146896062708,0.07389819779428441,0.1557122741863362,102.89081374932167,0.96,688.3075309825616,660.7752297432592,27.532301239302434,0.7664075804769214,0.0740623738531483,0.07406307663383956,0.15571463490486517,102.7809500607391,0.96,687.5621531142135,660.0596669896449,27.50248612456854,,,,610.0802998756475,1982.3249634696137,1833.6504328519743,148.67449172138356,1982.3249245733575,3.889625610885303e-05,0.7804434321911109,3.445067452881642e-05,2.0664622092131247e-05,0.3327136462745713,152.52020766247657,0.9249999382655384,495.58148226635024,458.4128405019179,37.1686417644323,0.7804434321911109,3.4450674528819055e-05,2.0664622092128655e-05,0.3327135744951466,152.52012886091518,0.9249999382655207,495.581333134094,458.4127025545814,37.16863057951261,0.7977562401873299,0.06428502079812812,0.06428935415865233,0.332713507447821,152.5200552543716,0.9249999382649384,495.5811938336472,458.4125737013882,37.168620132259015,0.7977558203657387,0.06428501290093297,0.06428952272467049,0.3327133734046104,152.51990809788416,0.9249999382649056,495.58091533926637,458.41231609408675,37.16859924517963,0.7804436444050906,,,0.101,185.1986937180494,1833.6504328519743,1833.6504064731398,2.637883457447801e-05,56.84316341841121,0.21955635559490932,,,231.27147308665744,0.00028914975644282813,99.4467334272627,3.1563989249352904,1103.9517845921127,0.0,-0.0,0.0,112.16150131455862
62,1,63,0.1016,4.2612443365901465e-05,1103.919035547201,,,,0,9.471709216724138e-14,1,2064.877774778098,2064.877774778098,1.3219918311761788e-13,330.3804439644956,68.55394212263283,0.3334074127948527,,,308.66597267816024,2064.8777321656544,1982.2824706877595,82.59510294532335,2064.8775736330826,0.000158532571434937,0.7675025348286665,0.07373710722272034,0.0737322597240951,0.15571022015078867,102.99854576633287,0.96,689.0373139027784,661.4758213466672,27.561492556111144,0.766959833627671,0.07389814208799465,0.07389318447361394,0.15571231833660176,102.8886375116501,0.96,688.2927774728456,660.7610663739317,27.531711098913842,0.7664680018095648,0.07405461076477869,0.07399418943213532,0.1557146840345891,102.77878940017727,0.96,687.547482257459,660.0455829671606,27.501899290298354,,,,610.0578489364408,1982.2824706877595,1833.611131614876,148.67129884241308,1982.2824304572894,4.0230470280674435e-05,0.7804264404095393,0.21953578793025494,0.21955277971182646,0.33270847580615603,152.51453161576967,0.9249999412003165,495.57073892164914,458.40290436312284,37.16783455852633,0.7804264404095393,0.21953578793025494,0.21955277971182646,0.33270843829554836,152.51449043626536,0.9249999412003075,495.57066098787374,458.40283227438067,37.16782871349303,0.7976971726896854,0.06417752377656799,0.06423659127421252,0.33270840323929207,152.5144519511425,0.9249999411997878,495.57058815353616,458.40276490236516,37.167823251170965,0.797696904337618,0.06417779397759235,0.06423671000571302,0.33270833308331527,152.5143749332633,0.924999941199771,495.57044239423016,458.40263007500744,37.167812319222755,0.7804297613952164,,,0.101,185.1947242931025,1833.611131614876,1833.6111052360416,2.6378834574447467e-05,56.84194508006116,0.21957023860478375,,,231.2665110094848,0.0004896394973986102,99.44459973407845,3.156246957846382,1103.919035547201,0.0,-0.0,0.0,112.15817401159562
63,1,64,0.1016,4.26122806959652e-05,1103.9519774474797,,,,0,9.471695280158751e-14,1,2064.922434193603,2064.922434193603,1.3219918193930662e-13,330.3875894709765,68.55542481522761,0.3334074127948635,,,308.67256015597474,2064.9223915813222,1982.3253437289625,82.59688932204016,2064.9222330510024,0.0001585303199654667,0.7673801411153712,0.07375182512409985,0.07387421883739513,0.1557101813723171,103.00071861620796,0.96,689.0520213874162,661.4899405319195,27.562080855496664,0.7668351305803855,0.07391284423697558,0.07403754728426089,0.15571227378850172,102.89083338287409,0.96,688.3076640834988,660.7753575201589,27.53230656333999,0.7706597664462664,0.07417483401613689,0.06998306937943527,0.15571463358530113,102.78100815689272,0.96,687.5625475800874,660.060045676884,27.5025019032035,,,,610.0804973090331,1982.3253437289625,1833.6507771074537,148.67452840735697,1982.3253055148107,3.8214151624582014e-05,0.7804448570154958,2.055804702871823e-05,2.14144107228219e-06,0.33271397071840536,152.5205635751042,0.9249999341718083,495.5821576567182,458.41346320918706,37.16869444753113,0.7804448570154958,2.0558047028691317e-05,2.1414410723091453e-06,0.332713731703867,152.52030117770093,0.9249999341717476,495.58166106904713,458.41300386559396,37.16865720345315,0.798043734342375,0.06341850925715484,0.06307194760446523,0.3327135096775127,152.5200574305938,0.9249999341710308,495.58119977702523,458.4125771701488,37.16862260687646,0.7980423593014871,0.06341810553440239,0.06307265057053323,0.3327130703510471,152.51957512563428,0.9249999341709193,495.58028701202016,458.41173286252393,37.16855414949622,0.7804436540227163,,,0.101,185.19872848785283,1833.6507771074537,1833.6507507286192,2.637883457449283e-05,56.84317409033107,0.21955634597728366,,,231.27152493466417,0.00019149461900669788,99.44675572190559,3.1569758076748533,1103.9519774474797,0.0,-0.0,0.0,112.16152090866393
64,1,65,0.1016,4.261248053138064e-05,1103.949859059424,,,,0,9.47117108388315e-14,1,2064.9192389572104,2064.9192389572104,1.3219920510720356e-13,330.38707823315366,68.5553187333794,0.3334074127948502,,,308.67208884609164,2064.9191963447297,1982.3222762991782,82.59676151246579,2064.919037811644,0.00015853308584372453,0.7574548656806486,0.07350576707058258,0.08343104250530516,0.1557101840865739,103.00056633897943,0.96,689.0509906752753,661.4889510482643,27.562039627011092,0.7568904665092703,0.07366320869726392,0.08360787276837925,0.15571227697098966,102.890676335583,0.96,688.3065994181924,660.7743354414647,27.53226397672767,0.7514457898401605,0.0791327475319908,0.09834672413809666,0.15571463726474072,102.7808461715292,0.96,687.5614477181763,660.0589898094493,27.502457908727024,,,,610.0788820542455,1982.3222762991782,1833.6479517022237,148.67428512706434,1982.3222368292884,3.946988997712022e-05,0.7804421842986752,0.21955289275364792,0.21955556547046856,0.3327132815030254,152.5198073735415,0.9249999407944766,495.58072359030336,458.4121399799144,37.16858361038895,0.7804421842986752,0.2195528927536479,0.2195555654704686,0.3327132345665242,152.5197558453349,0.9249999407944652,495.5806260728552,458.41204977627507,37.168576296580135,0.7952270620225192,0.06844706019156575,0.07126373251142151,0.33271319068107613,152.5197076666406,0.9249999407940469,495.5805348945469,458.4119654361379,37.168569458408946,0.7952266237672899,0.06844783563671883,0.07126357117091613,0.332713102782109,152.5196111687284,0.9249999407940257,495.58035227158285,458.41179650989653,37.1685557616863,0.7804265491993234,,,0.101,185.1984431219246,1833.6479517022237,1833.647925323389,2.637883457661556e-05,56.843086502768934,0.21957345080067664,,,231.27115510073534,0.00044503716221417055,99.44659669331618,3.1513380543871596,1103.9498590594242,0.0,-0.0,0.0,112.16130568043747
65,1,66,0.15246,4.261227125927616e-05,481.1041602238882,,,,0,9.478282103679289e-14,1,1093.4737218142718,1093.4737218142716,1.3220853091664766e-13,174.95579549028346,36.303327564233825,0.33340741279486413,,,168.92971641632744,1093.4736792020003,1049.7345798451136,43.73894082687978,1093.4735206719934,0.00015853000708659337,0.6905653352529489,0.061326938426796616,0.12821646885449625,0.16089145341173514,84.52128203369354,0.96,547.2198817976165,525.3310865257118,21.888795271904637,0.6899497338207735,0.06146924679948803,0.12840997948798483,0.16096002121720576,84.40735822724616,0.96,546.2495023397778,524.3995222461866,21.849980093591174,1.0396055468811824e-05,5.1978335498909584e-06,0.7514405916182416,0.2709986266746026,0.001076155387728355,0.96,0.004136534599108457,0.003971073215144119,0.00016546138396433802,,,,214.102900860657,1049.7345798451136,971.0043089282324,78.73023322954114,1049.7345421577734,3.7687340198127515e-05,0.41351533109405575,1.1279099796897814e-06,0.3669279811145991,0.22050061370724044,53.52857056428485,0.9249998641932594,262.4425050688154,242.7592815471931,19.683223521622352,0.41351533109405575,1.1279099796856185e-06,0.3669279811145991,0.2204974790350905,53.526481254148614,0.9249998641901688,262.4359923295599,242.75325726345505,19.68273506610481,0.4251885163235986,0.03560478315485478,0.40564332885377535,0.22049517569106042,53.52494606187316,0.9249998641835852,262.4312067972818,242.74883064502,19.6823761522618,0.42517830304511245,0.03560387223501159,0.4056521929571891,0.22049211028195442,53.52290298035041,0.9249998641805641,262.4248379621164,242.74293947256422,19.68189848955218,0.7804459793363725,,,0.101,98.07143520175147,971.0043089282324,971.004282549398,2.6378834369150076e-05,30.101133576775204,0.2195540206636276,,,122.46928073486687,0.00010774515215082343,52.66179071599276,1.6773974815568224,481.10416022388813,0.0,0.0,0.0,73.349140267734
66,1,67,0.15246,4.261231331115786e-05,481.10356124524117,,,,0,9.472882156459648e-14,1,1093.4712036523167,1093.4712036523165,1.3220885263681172e-13,174.95539258437066,36.30324396125691,0.33340741279486136,,,168.92995251228197,1093.4711610400032,1049.7321624090375,43.73884010037656,1093.4710025094141,0.00015853058910869308,0.6694154248911971,0.0819868983163146,0.10313680867806649,0.16089167319018266,84.52091550414868,0.96,547.2167612585895,525.328090808246,21.888670450343565,0.6687797932655429,0.08214981441718373,0.10331975497241433,0.16096024257548763,84.40699182743472,0.96,546.2463799331914,524.3965247358637,21.849855197327663,1.9183759555804713e-05,1.486809704835754e-05,6.080392961364652e-06,0.27099739005731605,0.0020451806985770943,0.96,0.007861317633233394,0.007546864927904058,0.0003144527053293364,,,,214.1021326616304,1049.7321624090375,971.002093065483,78.73002982905665,1049.7321228945395,3.9514498017188274e-05,0.4132807372063256,0.21955654446995962,0.2197911383576898,0.22049614073523033,53.52558911131132,0.924999885103528,262.4332051192515,242.75068458265824,19.682520536593252,0.4132807372063256,0.21955654446995962,0.2197911383576898,0.22049609221622327,53.52555677314736,0.9249998851034852,262.43310431392587,242.75059133773235,19.682512976193497,0.42412746998198914,0.09136254417404513,0.09242359051565457,0.22049604493148617,53.52552525765875,0.9249998851008314,262.43300607381286,242.75050046494266,19.682505608870184,0.42412680142770015,0.09136835401427462,0.09241985563168692,0.22049594930102068,53.525461519512994,0.924999885100747,262.43280738754936,242.75031668014967,19.68249070739971,0.7804423276200607,,,0.101,98.07121139961379,971.002093065483,971.0020666866486,2.6378834369202582e-05,30.10106488502997,0.21955767237993928,,,122.46897843507904,0.00026467171489567886,52.66166072708399,1.6748157458223405,481.10356124524117,0.0,0.0,0.0,73.34904894744948
67,1,68,0.15246,4.733493385027439e-05,481.10417808319454,,,,0,9.472902536900535e-14,1,1093.4739440729973,1093.473944072997,1.3220885267350973e-13,174.95583105167955,36.303334943223504,0.3334074124798801,,,168.92961569043078,1093.473896738063,1049.7346988465574,43.738945785273316,1093.473644631831,0.00025210623231250266,0.6686168972825031,0.10100718755801293,0.101805715166707,0.16089142548893343,84.52132860182587,0.96,547.2202782661252,525.3314671354802,21.888811130645024,0.6679751563075987,0.10117396584895309,0.10197860280689724,0.1609599832924621,84.40742100246794,0.96,546.2500373002488,524.4000358082388,21.850001492010026,8.286287396136435e-06,4.684521715398745e-06,1.5581993875067026e-05,0.27099889475291716,0.000866086136953367,0.96,0.0033290654567022463,0.0031959028384341563,0.00013316261826809016,,,,214.1030269010197,1049.7346988465574,971.0044075234431,78.73025091952515,1049.734658442968,4.0403589063626015e-05,0.4163694985406373,0.36670070549584216,0.3636119441615305,0.2206373512483768,53.61974518598146,0.9249998557890541,262.7266000172063,243.0220671278643,19.704532889341984,0.4163694985406373,0.36670070549584216,0.3636119441615305,0.22056022239976722,53.56830798151819,0.9249998557103056,262.56635356930525,242.87383916598844,19.69251440331678,0.4243186318065519,0.147672417867894,0.14748125604333126,0.22043242784035436,53.48313215966396,0.9249998555759934,262.3008417085491,242.62824069786947,19.672601010679653,0.4240605379115651,0.14755764777465574,0.14762391129079083,0.22035542792958587,53.43184157385608,0.9249998554971811,262.1408631479075,242.48026053172077,19.66060261618674,0.41374275003419825,,,0.101,98.07144515986776,971.0044075234431,971.0043811445977,2.637884543582787e-05,30.101136633226734,0.5862572499658018,,,122.46931082216695,9.033187619398347e-05,52.661803653531784,1.6811181667993917,481.10417808319454,0.0,0.0,0.0,73.34914299056385
68,1,69,0.15246,4.734154077323835e-05,481.1041768743969,,,,0,9.478700816340965e-14,1,1093.4733251981024,1093.4733251981022,1.3220851420550662e-13,174.95573203169639,36.303314396577,0.33340741247943934,,,168.92955122543455,1093.4732778565615,1049.7341045402895,43.7389210225121,1093.4730255628017,0.00025229375990143237,0.6686479869456784,0.1018082904618225,0.10177720079864715,0.16089145236511493,84.52128377918842,0.96,547.2198966582904,525.3311007919588,21.888795866331648,0.6680129474420303,0.10198157971866467,0.10194378858423303,0.16096000420844833,84.40738638109056,0.96,546.2497422624023,524.3997525719062,21.84998969049609,8.355848256864549e-06,5.5822111536134405e-06,5.512650292885331e-06,0.270998875637561,0.0008810651555860134,0.96,0.00338664210903547,0.003251176424674051,0.00013546568436141875,,,,214.10314431465056,1049.7341045402895,971.0038587891069,78.73020555372646,1049.7340643428333,4.019745623869288e-05,0.42520140680598967,0.22001841397568794,0.2111865057103356,0.22077374402190034,53.71076144507168,0.9249998566951941,263.0099756792458,243.2841898127089,19.725785866536942,0.42520140680598967,0.22001841397568794,0.2111865057103356,0.22066067961829222,53.63530736596944,0.9249998565801517,262.77506786720596,243.06690009000513,19.708167777200817,0.4236066638758186,0.1496734086625189,0.15038537659325224,0.22033190765567062,53.41617896825658,0.9249998562455853,262.09199609630934,242.4350587122046,19.656937384104705,0.42322768410384487,0.14962268325183514,0.1504555370595554,0.22021881264801846,53.340896535352876,0.9249998561299677,261.8570247000722,242.21771017418817,19.639314525884004,0.41328088052846995,,,0.101,98.07138973769979,971.0038587891069,971.0038324102611,2.6378845640015966e-05,30.10111962246231,0.5867191194715301,,,122.46924049408135,9.159661189866491e-05,52.66177341245498,1.6972371615916428,481.10417687439696,0.0,0.0,0.0,73.34914280627056
69,1,70,0.15246,4.725404718979569e-05,481.1041906502434,,,,0,9.48447408251775e-14,1,1092.1918623264244,1092.1918623264241,1.322081931790096e-13,174.7506979722279,36.26076982923728,0.33340741248527483,,,168.7790491042161,1092.191815072377,1048.503902633964,43.687662609748536,1092.1915652437126,0.0002498286644464332,0.6707318397325781,0.10186664150006666,0.09978278871316693,0.16093958688192628,84.44121995295289,0.96,546.5380259863159,524.6765049468632,21.861521039452622,0.6700813994621425,0.10204701453743292,0.09997856251732073,0.1610025469606021,84.33712956799917,0.96,545.6508501984762,523.8248161905371,21.826034007939096,6.739685268190542e-06,4.266630869904362e-06,5.882793858578362e-06,0.27099910723416665,0.0006995832640583834,0.96,0.0026890589203963497,0.0025814965635804956,0.00010756235681585425,,,,215.0918579972861,1048.503902633964,962.7050218967754,85.79884046177607,1048.5038623585517,4.02754123284525e-05,0.5967588420579555,0.3605753360645927,0.18901790081262693,0.24176505187371253,68.53137517605396,0.9134620442229192,310.31689288870405,283.46270333502025,26.854189553683817,0.5967588420579555,0.3605753360645927,0.18901790081262693,0.241764171033803,68.53071931383842,0.913461575704375,310.31521283428447,283.461023280644,26.85418955364046,0.34675343646076323,0.08745554705846338,0.16430877447351872,0.19722410407451238,39.05549312603568,0.9249998140605854,214.08216514108372,198.02596294918996,16.05620219189374,0.3462799858320952,0.08740846683942015,0.16435616511116985,0.1970832842881738,38.97427038135807,0.9249998138334433,213.78959149447937,197.75533233192132,16.034259162558048,0.41940624995971937,,,0.101,97.23320721157432,962.7050218967754,962.7049955179335,2.6378841934570503e-05,29.84385567880004,0.5805937500402806,,,129.4866169798262,7.633716680814623e-05,55.67924530132527,1.8865511064087692,481.1041906502435,0.0,0.0,0.0,73.34914490653613
70,1,71,0.1016,4.4826316326816196e-05,842.6967807293595,,,,0,9.471039984686632e-14,1,1686.117547916816,1686.1175479168157,1.3219918294756196e-13,269.77880766669057,55.979102590838295,0.33340741264719553,,,258.82640468840503,1686.1175030904994,1618.6726165176397,67.44469235490166,1686.1173088725413,0.0001942179582403985,0.6887950975144149,0.10489112988777731,0.08682787210594055,0.15981272053894735,86.44124067307733,0.96,563.4279845157354,540.890865135106,22.537119380629406,0.6879891758283014,0.10499727025482976,0.08708949388867084,0.15989886897585948,86.27795956062275,0.96,562.0607269950764,539.5782979152733,22.48242907980307,0.6614747030434176,0.6614713331398032,3.369781653787381e-06,0.15999006304827074,86.10720445470498,0.96,560.6285973617295,538.2034534672603,22.425143894469183,,,,432.6454122255307,1618.6726165176397,1497.271985422187,121.4005889755329,1618.67257439772,4.211991966567024e-05,0.6372740497061647,0.04051582637350394,6.187252946546256e-07,0.28895609661778937,108.16163634189591,0.924999909867903,404.66877671206555,374.3185819850152,30.350194727050344,0.6372740497061647,0.04051582637350395,6.187252946484907e-07,0.28895591569350815,108.1614681473316,0.9249999098678217,404.66840081541363,374.3182342806131,30.350166534800504,0.6527041988387645,0.3581253784482596,0.05217461607025836,0.28895574666052143,108.1613110074679,0.924999909866351,404.66804962511156,374.31790942902023,30.350140196091306,0.6527022168922305,0.3585709868312082,0.05214875577107293,0.28895540859527713,108.1609967288353,0.9249999098661992,404.66734724512924,374.31725972753844,30.350087517590744,0.5989088375619034,,,0.101,151.2244705276409,1497.271985422187,1497.2719529691403,3.245304671379914e-05,46.415431548087795,0.4010911624380966,,,188.8454007297174,0.0004932877827727674,81.20352231377848,2.5799545151433243,842.6967807293595,0.0,0.0,0.0,85.61799292210291
71,1,72,0.1016,4.369578874653609e-05,1013.7426660803139,,,,0,9.470788773069761e-14,1,1940.6116392282647,1940.6116392282645,1.3219916145579404e-13,310.4978622765223,64.42830642237838,0.33340741272259755,,,291.0854386289887,1940.6115955324758,1862.986964055736,77.6244568356557,1940.6114208913914,0.00017464108431371113,0.7265101841664824,0.11448491478524203,0.07676982813317453,0.15622423475445507,97.16258419409715,0.96,647.8573914026116,621.9430957465072,25.914295656104468,0.7257670938029671,0.11472681147873728,0.07694889350407166,0.15624649119213294,97.0284478232422,0.96,646.8708451928809,620.9960113851656,25.874833807715273,0.7297920742842775,0.15138503252485536,0.08306766128399541,0.1562692387842939,96.89440661164937,0.96,645.883184295899,620.047856924063,25.83532737183597,,,,548.6071938701025,1862.986964055736,1723.2627751915572,139.724148595209,1862.9869237867665,4.026896945273972e-05,0.7334601104163221,0.27017895955774596,0.17399289884758856,0.31835391818336417,137.15195739332552,0.9249999305896821,465.74704763599766,430.81598673564724,34.93106090035043,0.7334601104163221,0.27017895955774596,0.17399289884758856,0.31835382768284654,137.15186303426097,0.9249999305896549,465.74685960793363,430.81581280968834,34.93104679824525,0.7487162741770402,0.16657086631198065,0.07055879097370492,0.31835374313116616,137.15177487765965,0.9249999305889837,465.7466839396558,430.8156503162309,34.93103362342487,0.7487158907855032,0.16657676795094947,0.07056309405767672,0.31835357402804243,137.15159856485636,0.9249999305889328,465.74633260317916,430.81532532999074,34.93100727318845,0.6893052140687501,,,0.101,174.0495402943473,1723.2627751915572,1723.2627461632094,2.9028347993481474e-05,53.421146030938274,0.3106947859312499,,,217.34871842397104,0.0004932868754032023,93.45994892230755,2.9643523857951877,1013.742666080314,0.0,0.0,0.0,102.9962548737599
72,1,73,0.1016,4.433937528483962e-05,913.1717668428162,,,,0,9.470437309425483e-14,1,1794.14233745453,1794.1423374545298,1.3219916269129193e-13,287.06277399272483,59.5655256034904,0.3334074126796727,,,272.013725811542,1794.1422931151544,1722.3764234099683,71.76568430874876,1794.142107718717,0.0001853964374686015,0.7240807867150787,0.08327136699417613,0.08570076444557989,0.15787636994121182,90.81535056280507,0.96,599.1987498669022,575.230799872226,23.96794999467614,0.7233646900401598,0.08348799204247044,0.0858903958052777,0.15792913252491542,90.67126183283223,0.96,598.0481850678543,574.1262576651401,23.921927402714232,0.7230312752059972,0.07964262984036241,0.08640342891864275,0.1579826421353677,90.5271134159047,0.96,596.8951727839604,573.0193658726021,23.87580691135839,,,,480.2445485021957,1722.3764234099683,1593.1980122918696,129.1783687474566,1722.3763810393261,4.2370642324487784e-05,0.6781015560798634,0.09254178051874405,0.1479003348552028,0.301434449472865,120.06127042285132,0.9249999186193407,430.5943785490274,398.2997651157959,32.294613433231504,0.6781015560798634,0.09254178051874405,0.1479003348552028,0.3014343685169158,120.0611912800561,0.9249999186193099,430.59421035120243,398.2996095328082,32.29460081839421,0.6972311060980971,0.05155254515902546,0.1030377132379686,0.30143429288261514,120.06111733968355,0.9249999186177805,430.59405321036115,398.2994641768843,32.2945890334768,0.6972305790512265,0.05155227094328502,0.10303758267756162,0.30143414161450355,120.06096945960475,0.9249999186177229,430.59373892873515,398.29917346638103,32.29456546235408,0.6372792599235101,,,0.101,160.91299924147884,1593.1980122918696,1593.1979810266182,3.1265251458642516e-05,49.38913838104796,0.36272074007648997,,,200.94417103147458,0.0004932875995993026,86.40599354353407,2.7506647973090503,913.1717668428162,0.0,0.0,0.0,92.77825151123012
73,1,74,0.1016,4.316404896612764e-05,1103.9514015075276,,,,0,9.470126366808303e-14,1,2064.9214084818527,2064.9214084818527,1.3219917828583603e-13,330.38742535709645,68.55539076159751,0.33340741275806257,,,308.67242014996276,2064.921365317804,1982.3243509169822,82.59684795487429,2064.9211988718566,0.0001664459470816457,0.7561958355923453,0.10027266681928354,0.0681576179420169,0.15571011214489003,103.00461222353559,0.96,689.0783751174457,661.5152401127478,27.563135004697795,0.7555894231446384,0.10053321857063344,0.0683084854661549,0.15571227491703657,102.89077768959645,0.96,688.3072865242468,660.7749950632768,27.53229146096993,0.7549804095971067,0.10040879960330751,0.06845966521219804,0.15571472411153617,102.77703023683074,0.96,687.5355372301643,660.0341157409578,27.501421489206564,,,,610.0799758996892,1982.3243509169822,1833.649865695967,148.67444582885304,1982.3243115248204,3.9392161912980356e-05,0.7804431717696133,0.1739978324236071,0.07165621673385719,0.3327135683178308,152.52012207639035,0.9249999382220037,495.5813203137502,458.41269067419796,37.16862963955226,0.7804431717696133,0.1739978324236071,0.07165621673385719,0.33271349903768793,152.52004601863445,0.9249999382219865,495.58117637411783,458.4125575300383,37.16861884407948,0.7945286990172649,0.14082389121377673,0.04352629829460906,0.3327134343115769,152.5199749604163,0.9249999382215567,495.58104189628506,458.4124331378384,37.16860875844667,0.7945282973969177,0.14082419088193748,0.04352647253624641,0.332713304859505,152.51983284424816,0.9249999382215245,495.5807729406669,458.4121843538923,37.16858858677463,0.7334603870576488,,,0.101,185.19863643529268,1833.649865695967,1833.6498386860337,2.700993326542443e-05,56.843145836574976,0.2665396129423511,,,231.2714033498716,0.0003690225829912145,99.44670344044478,3.149943339953409,1103.9514015075279,0.0,-0.0,0.0,112.1614623931648
74,1,75,0.1016,4.383279590059654e-05,991.5771269014532,,,,0,9.47164214005799e-14,1,1909.0704748229762,1909.070474822976,1.3219916659208572e-13,305.45127597167624,63.38113976412281,0.3334074127134597,,,286.8420320591329,1909.07043099018,1832.7074439741975,76.36281016559148,1909.0702541397889,0.00017685039127827726,0.7449282222302817,0.0737901473125396,0.08505776067460326,0.15648456154275278,95.7494729824655,0.96,637.3729994393442,611.8780794617704,25.494919977573748,0.7442888698729163,0.07395444146944061,0.08525499474116267,0.15651257440413346,95.61399474768261,0.96,636.35724844912,610.9029585111552,25.454289937964766,0.7436485994483361,0.074119906660441,0.08545171680921163,0.1565411226490064,95.47856432898483,0.96,635.3400062513247,609.9264060012717,25.41360025005297,,,,533.5139254299417,1832.7074439741975,1695.254219061727,137.45318308391342,1832.7074021456403,4.182855726151335e-05,0.7215387150282652,0.14790036403067605,0.20680482077202422,0.3147103583781316,133.37856472362066,0.9249999302005343,458.177018920522,423.81371052097177,34.363308399550256,0.7215387150282652,0.14790036403067605,0.20680482077202422,0.31471031025873497,133.3785152265098,0.9249999302005195,458.17691894543657,423.8136180440179,34.36330090141866,0.7412059985452212,0.048252473555130425,0.10157517402717404,0.3147102653025109,133.3784689830921,0.9249999301994719,458.17682554263575,423.8135316459537,34.36329389668208,0.7412056861363099,0.04825262119854413,0.10157523245915188,0.31471017539038704,133.37837649671906,0.9249999301994443,458.17663873704595,423.8133588507836,34.363279886262426,0.6781018035457169,,,0.101,171.22067612523446,1695.254219061727,1695.2541903013762,2.8760350886905075e-05,52.552880790913534,0.32189819645428314,,,213.8161076712091,0.0004932871441130905,91.94092629861991,2.9254891147380615,991.5771269014532,0.0,0.0,0.0,100.74423609318764
75,1,76,0.1016,4.261228481173458e-05,1103.9516387544925,,,,0,9.47170779005257e-14,1,2064.921796333929,2064.921796333929,1.321991832347225e-13,330.3874874134287,68.55540363828645,0.33340741279486324,,,308.67245908004855,2064.921753721644,1982.3247313836166,82.5968638076508,2064.921595191267,0.00015853037693015225,0.7616338042611484,0.08547106833021818,0.06876548629935143,0.155710222147016,102.99843406675147,0.96,689.0365578239218,661.4750955109649,27.561462312956916,0.7610625922199624,0.08568725471825113,0.06891353237120504,0.155712274602711,102.89079320123692,0.96,688.3073916817331,660.7750960144638,27.53229566726936,0.7604911086595793,0.08590404656889042,0.0690615373576472,0.1557145831349923,102.7832318120602,0.96,687.5776456856123,660.0745398581878,27.50310582742453,,,,610.0801781642026,1982.3247313836166,1833.6502200891098,148.6744725326924,1982.3246926218026,3.8761814069538996e-05,0.7804433218094177,0.07165625242449536,0.012751645643342925,0.33271361432100377,152.52017264288864,0.9249999391696287,495.5814155886471,458.41277927309704,37.168636315550025,0.7804433218094177,0.07165625242449536,0.012751645643342925,0.33271354504063727,152.5200965848748,0.9249999391696118,495.5812716485497,458.41264612850733,37.16862552004235,0.7958486068747137,0.09989200745293465,0.045249399123442204,0.3327134803143731,152.52002552647417,0.9249999391691381,495.58113717041294,458.4125217360043,37.16861543440865,0.7958481993981735,0.09989205077134568,0.04524953750948208,0.33271335086201154,152.51988340996496,0.9249999391691066,495.5808682141926,458.4122729515012,37.16859526269137,0.7804433835448287,,,0.101,185.1986722290001,1833.6502200891098,1833.6501937102753,2.6378834574502385e-05,56.84315682276241,0.2195566164551714,,,231.27144409327678,0.00032928124122160986,99.44672096010902,3.1525834498917225,1103.9516387544925,0.0,-0.0,0.0,112.16148649745644
76,1,77,0.1016,4.330633400470258e-05,1079.138436594977,,,,0,9.471769460613775e-14,1,2031.3589265160567,2031.3589265160567,1.321991578985195e-13,325.0174282425691,67.44111636033308,0.3334074127485728,,,303.7789829822077,2031.3588832097228,1950.1043660428181,81.25434858511748,2031.3587146279353,0.00016858178723614517,0.7620604789309922,0.07672890248827213,0.07630222781842838,0.15576822404207127,101.3911858369688,0.96,678.031859383548,650.910585008206,27.121274375341915,0.761442213484654,0.07688055788608543,0.07650093662139384,0.15577562794625377,101.25962739189725,0.96,677.119905879108,650.0351096439437,27.08479623516438,0.760823692496416,0.07703223237936938,0.07669964854253268,0.15578343817952012,101.12816975334162,0.96,676.2069493652795,649.1586713906682,27.048277974611192,,,,593.1704759891948,1950.1043660428181,1803.8463796065444,146.257945185921,1950.1043247924651,4.1250352816493116e-05,0.7677579036079941,0.20680488545774417,0.2194903036591677,0.32883653516376604,148.2926895066453,0.9249999380413462,487.52621647346126,450.9617200314836,36.564496441977695,0.7677579036079941,0.20680488545774417,0.2194903036591677,0.3288364965059212,148.2926476430135,0.9249999380413363,487.5261361561331,450.96164573795517,36.56449041817792,0.7858676182688196,0.06403181961202908,0.07401280821792318,0.3288364603893059,148.29260853131376,0.9249999380406966,487.52606111878276,450.9615763280989,36.56448479068384,0.7858673707092938,0.06403200802340847,0.07401283671228825,0.32883638815627236,148.29253030822218,0.924999938040678,487.52591104408816,450.96143750900666,36.56447353508151,0.7215388621177604,,,0.101,182.188484340261,1803.8463796065444,1803.846352331685,2.727485921723699e-05,55.91923776780287,0.27846113788223953,,,227.51240560258464,0.0004932833136832,97.8303344091114,3.1072507961941014,1079.1384365949773,0.0,0.0,0.0,109.64046515804966
77,1,78,0.1016,4.2612282649869565e-05,1103.9517322623933,,,,0,9.471782824801101e-14,1,2064.9219448399235,2064.9219448399235,1.3219918348725134e-13,330.38751117438784,68.55540856868546,0.33340741279486336,,,308.6724882363652,2064.921902227641,1982.3248739494024,82.59686974789192,2064.921743697294,0.00015853034700863438,0.7663126723633575,0.07650422567232706,0.07225203223996161,0.15571018029126804,103.00077927375736,0.96,689.0524319568867,661.4903346786111,27.562097278275548,0.7657523472548603,0.07670276903377406,0.07239263526356775,0.15571227428456175,102.89080890185205,0.96,688.3074981203039,660.7751981954917,27.532299924812175,0.765191695993078,0.07690129732945965,0.07253329383279766,0.15571463604059646,102.78090006075584,0.96,687.5618136201035,660.0593410752994,27.5024725448042,,,,610.0802529623184,1982.3248739494024,1833.650350861372,148.67448420933994,1982.324835070712,3.8878690502350084e-05,0.7804433777774575,0.012751580953877446,6.610678441414953e-05,0.3327136313462736,152.52019130050164,0.9249999386687567,495.5814511215161,458.41281189277584,37.16863922874024,0.7804433777774575,0.012751580953877446,6.61067844141491e-05,0.332713562077626,152.52011525534877,0.9249999386687398,495.5813072057667,458.4126787707081,37.16862843505858,0.7973591944446939,0.07041526266471636,0.05892368648884199,0.33271349737186073,152.5200442194429,0.924999938668186,495.58117277024513,458.4125544175844,37.168618352660744,0.7973587841975928,0.07041527146568369,0.05892385797738464,0.33271336799610474,152.51990218702502,0.9249999386681542,495.5809039731841,458.4123057803037,37.16859819288037,0.7804435335883785,,,0.101,185.1986854369986,1833.650350861372,1833.6503244825376,2.6378834574488765e-05,56.843160876702534,0.21955646641162163,,,231.27146182703973,0.0003056267109806537,99.44672858562707,3.1556047341972016,1103.9517322623933,0.0,-0.0,0.0,112.16149599785915
78,1,79,0.1016,4.275986622874602e-05,1103.9366167674573,,,,0,9.471769485624645e-14,1,2064.9013985726233,2064.9013985726233,1.3219918204707555e-13,330.38422377161976,68.5547264326111,0.3334074127850201,,,308.66945718563363,2064.901355812757,1982.3051474115223,82.59604780881355,2064.901195220336,0.00016059242153546068,0.767487679062408,0.07489213986348717,0.07371713316443675,0.1557101982767368,102.99977070046387,0.96,689.0456052356863,661.4837810262587,27.56182420942752,0.7669441970019519,0.07506931886415925,0.07387746911706762,0.15571229476889953,102.8897985550528,0.96,688.3006486669102,660.7686227202338,27.53202594667639,0.7664003848790145,0.07524651067251702,0.0740378217865805,0.15571465904284917,102.77988793011694,0.96,687.5549413177393,660.0527436650298,27.502197652709633,,,,610.0698311500349,1982.3051474115223,1833.6321075412368,148.67299966573322,1982.3051072069702,4.0204551901364226e-05,0.780435376028622,0.21949039747998902,0.21949839922882453,0.3327112061634885,152.51752904047464,0.9249999411671465,495.57641164929834,458.4081516194265,37.16826002987183,0.780435376028622,0.21949039747998902,0.21949839922882455,0.3327111676347,152.51748674279744,0.9249999411671372,495.57633160010334,458.4080775739213,37.16825402618206,0.797838653090632,0.06547577990687142,0.06499632126093333,0.3327111316327518,152.51744721910694,0.9249999411666104,495.5762568009546,458.408008384452,37.1682484165026,0.7978384080207095,0.06547596425727122,0.06499634043415455,0.33271105960685377,152.51736814765593,0.9249999411665931,495.5761071566137,458.407869963437,37.16823719317673,0.7677580215661335,,,0.101,185.19684286166495,1833.6321075412368,1833.6320811624,2.6378836833190238e-05,56.84259533377834,0.23224197843386649,,,231.26915681780187,0.0004855701236984637,99.4457374316548,3.1565478131685856,1103.9366167674573,0.0,-0.0,0.0,112.15996026357365
79,1,80,0.1016,4.261228289896993e-05,1103.9517921121226,,,,0,9.471788793978265e-14,1,2064.922051678682,2064.922051678682,1.3219918346920804e-13,330.38752826858905,68.55541211573222,0.3334074127948634,,,308.6725039926608,2064.922009066399,1982.324976514606,82.59687402144202,2064.921850536048,0.00015853035045634611,0.7674999986251116,0.07375120732503715,0.07373888776233349,0.15571018021688407,103.00078344762998,0.96,689.0524602083372,661.4903618000036,27.562098408333515,0.7669569777375561,0.07391274931510705,0.07389996857950284,0.1557122741777095,102.89081417505513,0.96,688.3075338687194,660.7752325139705,27.532301354748824,0.7664136351776226,0.07407432827354518,0.07406107797493706,0.15571463589728157,102.7809063699757,0.96,687.5618564589917,660.059382200632,27.502474258359687,,,,610.0803066626023,1982.324976514606,1833.650444710147,148.67449282989992,1982.324937540047,3.897455912749316e-05,0.7804434214222262,6.601227979233407e-05,5.796688618802745e-05,0.33271364432012,152.52020551227028,0.924999938196924,495.5814782276618,458.4128367321275,37.168641495534324,0.7804434214222263,6.601227979231783e-05,5.7966886188043724e-05,0.3327135746165287,152.52012898961996,0.924999938196907,495.5813334082531,458.4127027741749,37.16863063407823,0.7977305865117386,0.06403114938289031,0.06413921596178379,0.332713509512664,152.52005751666408,0.9249999381963253,495.58119814563065,458.4125776559692,37.16862048966146,0.7977301731064083,0.0640311630171853,0.06413939793148647,0.3327133793715861,152.51991464404804,0.9249999381962933,495.5809277585014,458.41232754787546,37.168600210625904,0.7804435902402187,,,0.101,185.19869491572487,1833.650444710147,1833.6504183313125,2.6378834574485712e-05,56.84316378601456,0.21955640975978138,,,231.27147481701869,0.00028654113446471954,99.44673417131803,3.1563476024625996,1103.9517921121226,0.0,-0.0,0.0,112.16150207859165
80,1,81,0.1016,4.261237584860668e-05,1103.930672755597,,,,0,9.471767684136127e-14,1,2064.8934090585612,2064.8934090585612,1.321991820647118e-13,330.3829454493698,68.55446118074423,0.3334074127948572,,,308.6682789970667,2064.893366446185,1982.2974795979665,82.59572831658194,2064.8932079145484,0.000158531636940817,0.7674958744182815,0.073735754416808,0.07373987862363822,0.15571020535564575,102.99937408184877,0.96,689.0429206198584,661.4812037950641,27.56171682479431,0.7669528431962099,0.07389680623332559,0.0739009407746718,0.15571230273662187,102.88940586635933,0.96,688.2979864822045,660.7660670229163,27.531919459288165,0.7664094900423585,0.07405788674619282,0.07406203188145699,0.15571466788687627,102.77949904885858,0.96,687.5523008124856,660.0502087799861,27.502092032499466,,,,610.0657795687567,1982.2974795979665,1833.6250149137843,148.67242455000277,1982.2974394637872,4.013417912302438e-05,0.7804323560267565,0.21949849418214523,0.21950955957761503,0.3327102832513727,152.51651585177163,0.9249999411845692,495.57449415870303,458.40637794937294,37.168116209330144,0.7804323560267564,0.2194984941821452,0.21950955957761503,0.33271024487997136,152.5164737270133,0.92499994118456,495.57441443650293,458.40630420633795,37.168110230164984,0.7977681867609996,0.06406033314028071,0.0640227328910196,0.3327102090260729,152.5164343659822,0.9249999411840367,495.57433994494806,458.4062353013948,37.16810464355325,0.7977679423489551,0.06406051580371072,0.06402274656116388,0.3327101373000458,152.51635562398968,0.9249999411840195,495.574190923633,458.4060974566786,37.16809346695439,0.7804354935380624,,,0.101,185.19612650629222,1833.6250149137843,1833.6249885349498,2.637883457434914e-05,56.84237546232732,0.21956450646193756,,,231.26826199197438,0.00048768348128475113,99.44535265654898,3.156400841163468,1103.930672755597,0.0,-0.0,0.0,112.15935635196865
81,1,82,0.1016,4.2612282288031144e-05,1103.9517865352336,,,,0,9.471784712010755e-14,1,2064.9220415088116,2064.9220415088116,1.3219918321861265e-13,330.38752664140986,68.55541177809253,0.33340741279486347,,,308.6725024707215,2064.921998896529,1982.3249667515397,82.59687361464749,2064.921840366187,0.00015853034200058068,0.7674983783353346,0.07373978803559927,0.07373728411854609,0.15571018035039993,103.00077595577986,0.96,689.0524094986793,661.490313118732,27.562096379947178,0.766955372250548,0.07390085952811919,0.07389833047378115,0.15571227418683226,102.89081372484266,0.96,688.3075308166119,660.7752295839475,27.532301232664448,0.7664120437424614,0.07406195965260724,0.0740594059525043,0.15571463575144873,102.78091279009898,0.96,687.561900050896,660.0594240488603,27.502476002035863,,,,610.080301566126,1982.3249667515397,1833.6504358054706,148.67449199820987,1982.3249278036803,3.8947859509381384e-05,0.7804434215633695,5.787046054268873e-05,4.6804923929599584e-05,0.33271364403478504,152.52020520241672,0.9249999382481074,495.58147761844776,458.41283619397007,37.168641424477705,0.7804434215633695,5.787046054266915e-05,4.68049239296192e-05,0.3327135738117057,152.52012810945737,0.9249999382480902,495.5813317197266,458.41270123765344,37.168630482073176,0.7977438278371831,0.06430664262194395,0.06433100154576046,0.33271350822074913,152.5200561017581,0.9249999382475087,495.58119544509935,458.41257518334345,37.16862026175593,0.797743411458096,0.0643066550409065,0.06433118593176558,0.3327133770989635,152.51991215249384,0.9249999382474765,495.5809230204065,458.41232319050346,37.16859982990308,0.7804436353573121,,,0.101,185.19869401635253,1833.6504358054706,1833.6504094266359,2.6378834574479343e-05,56.843163509969585,0.2195563646426879,,,231.27147355183388,0.0002884820335773181,99.44673362728857,3.1563740824220186,1103.9517865352336,0.0,-0.0,0.0,112.16150151197974
82,1,83,0.1016,4.261240961679828e-05,1103.9285420442998,,,,0,9.471768325596622e-14,1,2064.89054631935,2064.89054631935,1.321991820718969e-13,330.382487411096,68.55436613780242,0.3334074127948549,,,308.66785669425906,2064.8905037069403,1982.2947313678426,82.5956138069935,2064.890345174836,0.00015853210431945986,0.767495315139607,0.07373702969950521,0.0737400928952329,0.15571020805656688,102.99922280554044,0.96,689.0418966629809,661.4802207964616,27.5616758665193,0.7669523347103491,0.07389809424802894,0.07390113178822781,0.1557123055919982,102.88926518047637,0.96,688.297032715937,660.7651514072995,27.53188130863748,0.7664090314200924,0.07405918754027671,0.07406219986264567,0.15571467085186985,102.77936870824227,0.96,687.5514157959182,660.0493591640815,27.502056631836716,,,,610.0643274137796,1982.2947313678426,1833.6224727903339,148.67221842297118,1982.294691213305,4.015453766484062e-05,0.7804312725717145,0.21950965653424678,0.21952180552590178,0.3327099522355883,152.51615245763662,0.9249999411886469,495.5738064236511,458.40574179651117,37.16806462713992,0.7804312725717145,0.21950965653424678,0.21952180552590178,0.3327099140560103,152.51611054351366,0.9249999411886378,495.57372709999197,458.40566842212667,37.16805867786534,0.7977644749498403,0.06400691229124104,0.06398626517858383,0.33270987838161986,152.51607137959476,0.9249999411881148,495.57365298139126,458.4055998621661,37.1680531192251,0.7977642313989675,0.06400709726891451,0.06398627732804314,0.3327098070157091,152.5159930330345,0.9249999411880978,495.57350470827066,458.40546270952984,37.16804199874083,0.7804324730052105,,,0.101,185.19586975182372,1833.6224727903339,1833.6224464114991,2.6378834574627028e-05,56.84229665650035,0.21956752699478949,,,231.2679413757467,0.00048818443745862235,99.44521479157109,3.156391251492237,1103.9285420443,0.0,-0.0,0.0,112.15913987170086
83,1,84,0.1016,4.2612281691536455e-05,1103.951786163766,,,,0,9.471780044227065e-14,1,2064.9220408750934,2064.9220408750934,1.3219918374282738e-13,330.38752654001496,68.55541175705311,0.33340741279486347,,,308.67250233273126,2064.9219982628115,1982.3249661431785,82.59687358929914,2064.921839732478,0.00015853033374473103,0.7674980404163461,0.07374006100430651,0.07373733572756745,0.15571018060524466,103.00076165610145,0.96,689.0523127092487,661.4902202008788,27.562092508369975,0.7669551052550937,0.07390112465317233,0.07389835410842768,0.15571227418585493,102.89081377307194,0.96,688.3075311435709,660.7752298978281,27.53230124574282,0.7664118496000192,0.07406221744164841,0.07405939926172166,0.1557146354308651,102.78092690355786,0.96,687.5619958796582,660.0595160444719,27.502479835186342,,,,610.080301258874,1982.3249661431785,1833.650435268718,148.67449194751453,1982.3249272162323,3.892694605459765e-05,0.7804434263184361,4.6706184195550925e-05,3.455243747394689e-05,0.33271364506466294,152.52020633326921,0.9249999382514558,495.5814797570978,458.41283817388046,37.168641583217294,0.7804434263184361,4.670618419553427e-05,3.455243747396359e-05,0.33271357418935016,152.5201285242686,0.9249999382514383,495.5813325032663,458.41270196408686,37.16863053917944,0.7977447027452619,0.0643165472939498,0.06433631949852811,0.3327135079882496,152.5200558467355,0.9249999382508566,495.58119496097567,458.4125747371882,37.16862022378746,0.7977442828826755,0.06431655713205378,0.06433650564834571,0.3327133756432577,152.51991055460073,0.924999938250824,495.5809199948928,458.4123203935624,37.168599601330335,0.7804436372815577,,,0.101,185.19869396214054,1833.650435268718,1833.6504088898835,2.6378834574479065e-05,56.84316349333026,0.21955636271844234,,,231.27147345487614,0.00028861002005407213,99.44673358559673,3.1563758382648093,1103.951786163766,0.0,-0.0,0.0,112.16150147423862
84,1,85,0.1016,4.2612424176151544e-05,1103.9253429478647,,,,0,9.471766242785746e-14,1,2064.8862483441967,2064.8862483441967,1.321991842288197e-13,330.38179973507147,68.55422344502732,0.3334074127948539,,,308.6672226624427,2064.8862057317724,1982.290605311488,82.59544188797872,2064.8860471994667,0.00015853230583281545,0.7674944930800007,0.073736944585786,0.07374049192213124,0.15571021216356945,102.99899283020511,0.96,689.0403400050428,661.478726404841,27.561613600201735,0.7669516048582818,0.0738979952147458,0.07390149561155773,0.15571230987964446,102.88905396665785,0.96,688.2956008087957,660.7637767764438,27.531824032351842,0.7664082832674265,0.07405907779562061,0.07406264412821327,0.1557146752393594,102.77917586557977,0.96,687.5501063856282,660.0481021302031,27.502004255425145,,,,610.0621472237071,1982.290605311488,1833.6186561722573,148.67190895673062,1982.290565128988,4.018249977361084e-05,0.7804296461643315,0.2195219049503232,0.2195356851044278,0.3327094553173325,152.51560693396732,0.924999941193527,495.572774001673,458.4047868086606,37.16798719301239,0.7804296461643315,0.2195219049503232,0.2195356851044278,0.3327094173947063,152.51556530200247,0.9249999411935179,495.572695211869,458.404713928092,37.16798128377699,0.7977605735724493,0.06401072311441203,0.0639948522872246,0.33270938196081085,152.51552640217022,0.9249999411929952,495.57262159293174,458.4046458303203,37.16797576261141,0.797760330214072,0.06401091400536897,0.06399486667397243,0.33270931107751506,152.51544858556704,0.9249999411929782,495.5724743225143,458.4045096051845,37.16796471732982,0.7804313888654811,,,0.101,185.195484273398,1833.6186561722573,1833.6186297934228,2.6378834574589227e-05,56.842178341339974,0.21956861113451875,,,231.26746001846803,0.0004887883167705275,99.44500780794125,3.1563801961151845,1103.9253429478647,0.0,-0.0,0.0,112.15881484350305
85,1,86,0.1016,4.2612281414296866e-05,1103.9517845920798,,,,0,9.471776656443015e-14,1,2064.9220380900647,2064.9220380900647,1.3219918320491512e-13,330.38752609441036,68.55541166459015,0.3334074127948635,,,308.6725018486513,2064.921995477783,1982.3249634695553,82.59687347789828,2064.9218369474534,0.00015853032990756642,0.7674976873346913,0.07374042439249598,0.0737372301378055,0.15571018102615297,103.00073803892697,0.96,689.0521528529626,661.4900667388441,27.562086114118515,0.7669548760163281,0.07390146895505129,0.07389819779700506,0.15571227418633624,102.8908137493186,0.96,688.3075309825409,660.7752297432393,27.53230123930171,0.7664075804783429,0.07406237384798918,0.0740630766370728,0.1557146349048728,102.78095006040573,0.96,687.5621531119498,660.0596669874718,27.50248612447806,,,,610.0802998756169,1982.3249634695553,1833.6504328519209,148.67449172137862,1982.3249245732998,3.8896255471903914e-05,0.7804434321910935,3.4450644602212974e-05,2.066461784018814e-05,0.33271364627456557,152.52020766247026,0.9249999382655386,495.5814822663382,458.41284050190694,37.16864176443122,0.7804434321910935,3.445064460221577e-05,2.0664617840185382e-05,0.3327135744951401,152.52012886090804,0.924999938265521,495.5813331340804,458.41270255456897,37.16863057951146,0.7977562401881801,0.06428502078280011,0.0642893541670693,0.3327135074478139,152.52005525436377,0.9249999382649388,495.58119383363226,458.41257370137447,37.16862013225778,0.7977558203665848,0.06428501288560289,0.06428952273309022,0.33271337340460194,152.5199080978749,0.9249999382649058,495.58091533924875,458.41231609407055,37.168599245178164,0.7804436444050744,,,0.101,185.198693718044,1833.6504328519209,1833.6504064730864,2.6378834574478015e-05,56.843163418409546,0.21955635559492542,,,231.2714730866485,0.0002891497676459773,99.44673342725886,3.156398924936952,1103.95178459208,0.0,-0.0,0.0,112.1615013145553
86,1,87,0.1016,4.261244364090054e-05,1103.9190355570454,,,,0,9.471709213646332e-14,1,2064.8777747913264,2064.8777747913264,1.321991831193204e-13,330.38044396661223,68.55394212307203,0.3334074127948527,,,308.6659726801119,2064.8777321788825,1982.2824707004547,82.59510294585242,2064.8775736463076,0.0001585325752411699,0.767502534832476,0.07373710722039468,0.07373225972260997,0.15571022015077107,102.99854576731697,0.96,689.0373139094396,661.475821353062,27.56149255637765,0.7669598336299704,0.07389814208613964,0.07389318447249725,0.15571231833658852,102.8886375123002,0.96,688.292777477253,660.7610663781629,27.531711099090124,0.7664680018101497,0.07405461076338415,0.07399418943157733,0.15571468403458189,102.77878940049472,0.96,687.5474822596146,660.0455829692299,27.50189929038464,,,,610.0578489431487,1982.2824707004547,1833.6111316266188,148.67129884336515,1982.282430469984,4.023047047026673e-05,0.7804264404145351,0.219535787934525,0.21955277971108336,0.33270847580768315,152.51453161744612,0.9249999412003165,495.57073892482185,458.4029043660576,37.16783455876425,0.7804264404145351,0.219535787934525,0.21955277971108336,0.3327084382970757,152.5144904379421,0.9249999412003075,495.570660991047,458.402832277316,37.16782871373105,0.7976971726937676,0.0641775237774125,0.06423659127182502,0.3327084032408197,152.5144519528195,0.9249999411997878,495.57058815671,458.402764905301,37.16782325140898,0.797696904341702,0.0641777939784389,0.06423671000332155,0.3327083330848434,152.51437493494086,0.924999941199771,495.5704423974051,458.40263007794425,37.16781231946088,0.7804297614208728,,,0.101,185.1947242942885,1833.6111316266188,1833.611105247784,2.637883457444746e-05,56.84194508042518,0.2195702385791272,,,231.2665110109664,0.0004896394963214176,99.44459973471557,3.15624695786454,1103.9190355570454,0.0,-0.0,0.0,112.15817401259581
87,1,88,0.1016,4.261228037025028e-05,1103.9519774474777,,,,0,9.47169527980772e-14,1,2064.9224341935915,2064.9224341935915,1.3219918194453295e-13,330.3875894709746,68.55542481522723,0.3334074127948635,,,308.6725601559749,2064.922391581311,1982.3253437289557,82.59688932203986,2064.9222330509956,0.00015853031545737484,0.7673801411187657,0.07375182512242885,0.07387421883613907,0.15571018137231113,103.00071861654676,0.96,689.052021389709,661.4899405341207,27.562080855588356,0.7668351305797885,0.07391284423593229,0.07403754728611425,0.15571227378850172,102.89083338287365,0.96,688.3076640834959,660.775357520156,27.53230656333982,0.7706597664452424,0.07417483401550048,0.06998306938040788,0.15571463358530882,102.78100815655449,0.96,687.5625475777908,660.0600456746791,27.502501903111682,,,,610.08049730903,1982.3253437289557,1833.650777107448,148.6745284073563,1982.3253055148043,3.8214151409361594e-05,0.7804448570155813,2.055804277317799e-05,2.14144172702174e-06,0.3327139707184236,152.52056357512424,0.9249999341718084,495.58215765675595,458.4134632092221,37.168694447533916,0.7804448570155814,2.0558042773180165e-05,2.1414417270196086e-06,0.3327137317038736,152.52030117770815,0.9249999341717478,495.5816610690608,458.41300386560664,37.16865720345414,0.7980437343449495,0.06341850924725025,0.06307194759606835,0.3327135096775087,152.52005743058945,0.9249999341710309,495.581199777017,458.4125771701412,37.168622606875786,0.7980423593039903,0.06341810552450182,0.06307265056221355,0.33271307035102327,152.5195751256081,0.9249999341709194,495.58028701197054,458.4117328624781,37.16855414949246,0.7804436540227019,,,0.101,185.19872848785226,1833.650777107448,1833.6507507286135,2.637883457449283e-05,56.84317409033089,0.21955634597729817,,,231.27152493466266,0.00019149462058978443,99.44675572190495,3.1569758076801024,1103.951977447478,0.0,-0.0,0.0,112.16152090866373
88,1,89,0.1016,4.261248006154287e-05,1103.9498590609926,,,,0,9.471171055008058e-14,1,2064.91923895935,2064.91923895935,1.3219920510610832e-13,330.38707823349597,68.55531873345042,0.33340741279485026,,,308.6720888464093,2064.9191963468697,1982.3222763012384,82.59676151255161,2064.9190378137905,0.00015853307934071925,0.757454865757792,0.07350576707179295,0.08343104243276668,0.15571018408656603,103.00056633942292,0.96,689.050990678277,661.4889510511459,27.562039627131064,0.756890466434592,0.07366320869479248,0.08360787283998897,0.15571227697098755,102.89067633568843,0.96,688.306599418907,660.7743354421507,27.53226397675629,0.7514457898389882,0.07913274753203937,0.09834672413829347,0.155714637264746,102.78084617129797,0.96,687.5614477166062,660.0589898079419,27.502457908664255,,,,610.078882055334,1982.3222763012384,1833.6479517041296,148.67428512721946,1982.322236831349,3.9469889474186184e-05,0.7804421842995207,0.21955289275290685,0.2195555654689675,0.33271328150328083,152.51980737382195,0.9249999407944762,495.5807235908342,458.41213998040536,37.16858361042889,0.7804421842995207,0.21955289275290685,0.2195555654689675,0.33271323456677515,152.51975584561043,0.9249999407944649,495.5806260733768,458.4120497767573,37.1685762966194,0.7952270619732738,0.06844706022762863,0.07126373259930427,0.3327131906813229,152.5197076669115,0.9249999407940466,495.5805348950597,458.41196543661215,37.168569458447585,0.7952266237181659,0.06844783567267156,0.07126357125849597,0.3327131027823474,152.51961116899014,0.9249999407940255,495.58035227207824,458.4117965103547,37.16855576172359,0.78042654920432,,,0.101,185.19844312211708,1833.6479517041296,1833.647925325295,2.637883457661556e-05,56.843086502828015,0.21957345079568003,,,231.27115510097528,0.00044503713219456304,99.44659669341937,3.151338054290481,1103.9498590609928,0.0,-0.0,0.0,112.16130568059684
89,1,90,0.15246,4.261227092332888e-05,481.1041602238797,,,,0,9.478282149839693e-14,1,1093.473721813775,1093.4737218137748,1.3220853093738986e-13,174.955795490204,36.30332756421733,0.3334074127948642,,,168.92971641650595,1093.473679201504,1049.7345798446413,43.7389408268601,1093.4735206715013,0.0001585300024368957,0.6905653361350163,0.06132693851765651,0.12821646814043225,0.16089145328375046,84.52128224713925,0.96,547.2198836148359,525.3310882702424,21.88879534459345,0.6899497329432784,0.06146924670780377,0.12840998019911734,0.16096002134608475,84.4073580139188,0.96,546.2495005218352,524.3995205009618,21.84998002087343,1.03960560371901e-05,5.197833834058864e-06,0.7514405916167851,0.2709986266745258,0.0010761554479041373,0.96,0.0041365348304137775,0.003971073437197227,0.00016546139321655114,,,,214.10290086050628,1049.7345798446413,971.0043089277985,78.73023322950263,1049.7345421573011,3.7687340175648284e-05,0.4135152974840466,1.127910729135116e-06,0.3669280147262033,0.22050061369703172,53.528570557480485,0.9249998641932624,262.4425050476044,242.75928152757365,19.683223520030747,0.4135152974840466,1.1279107291385181e-06,0.3669280147262033,0.220497479031717,53.52648125190011,0.9249998641901718,262.4359923225499,242.75325725697164,19.682735065578296,0.42518851636099697,0.03560478281439489,0.4056433284266717,0.22049517569491628,53.52494606444305,0.924999864183588,262.4312068052919,242.74883065243006,19.682376152861792,0.425178303101406,0.03560387189573202,0.40565219251249196,0.22049211029145532,53.522902986682624,0.9249998641805671,262.4248379818549,242.7429394908231,19.6818984910318,0.7804459793363641,,,0.101,98.07143520170766,971.0043089277985,971.0042825489642,2.6378834369150076e-05,30.101133576761754,0.21955402066363597,,,122.46928073480832,0.0001077451597729112,52.661790715967584,1.6773974144304962,481.1041602238797,0.0,0.0,0.0,73.34914026773271
90,1,91,0.15246,4.261231410024176e-05,481.10356124605795,,,,0,9.472882156282018e-14,1,1093.4712036539868,1093.4712036539868,1.322088526836373e-13,174.9553925846379,36.30324396131236,0.33340741279486125,,,168.92995251250292,1093.4711610416728,1049.7321624106296,43.7388401004429,1093.4710025110726,0.00015853060003011356,0.6694154260672781,0.08198689826774155,0.10313680833547978,0.1608916730620053,84.5209157179106,0.96,547.2167630785066,525.3280925553663,21.888670523140306,0.6687797920694657,0.08214981446650375,0.10331975534031651,0.16096024270430376,84.40699161421644,0.96,546.246378116173,524.3965229915261,21.849855124646883,1.9183756577785965e-05,1.4868094048031103e-05,6.08039350743524e-06,0.2709973900577279,0.0020451803758875535,0.96,0.007861316392859176,0.007546863737144808,0.0003144526557143674,,,,214.1021326621399,1049.7321624106296,971.002093066952,78.730029829179,1049.7321228961314,3.951449833817708e-05,0.4132807372069811,0.2195565444683511,0.21979110474541655,0.22049614073542723,53.52558911144259,0.9249998851035252,262.4332051196616,242.75068458303681,19.682520536624757,0.4132807372069811,0.2195565444683511,0.21979110474541655,0.22049609221641625,53.525556773276016,0.9249998851034823,262.4331043143278,242.7505913381034,19.682512976224398,0.4241274699636985,0.09136254447900034,0.09242359087629877,0.2204960449316761,53.52552525778536,0.9249998851008285,262.4330060742084,242.7505004653078,19.6825056089006,0.42412680140944814,0.0913683543133961,0.0924198560053539,0.22049594930120506,53.52546151963592,0.9249998851007442,262.4328073879334,242.75031668050414,19.682490707429256,0.7804423276209199,,,0.101,98.07121139976216,971.002093066952,971.0020666881177,2.6378834369202585e-05,30.101064885075512,0.21955767237908025,,,122.46897843526884,0.00026467165286847485,52.6616607271656,1.674815745787109,481.10356124605795,0.0,0.0,0.0,73.349048947574
91,1,92,0.15246,4.733493495234377e-05,481.10417808319835,,,,0,9.472902538546453e-14,1,1093.4739440725782,1093.473944072578,1.3220885267391466e-13,174.95583105161248,36.30333494320959,0.3334074124798799,,,168.92961569055936,1093.4738967376431,1049.7346988461245,43.73894578525517,1093.4736446313796,0.00025210626357420027,0.6686168978744813,0.10100718722549992,0.10180571541829667,0.16089142536076234,84.5213288155832,0.96,547.2202800859967,525.3314688825569,21.888811203439857,0.6679751545662499,0.10117396612977224,0.10197860363298794,0.16095998342149845,84.40742078887918,0.96,546.2500354800796,524.4000340608765,21.850001419203185,8.286287020969846e-06,4.684521571838838e-06,1.558199112865496e-05,0.2709988947529682,0.0008660860969900242,0.96,0.003329065303090358,0.003195902690966743,0.00013316261212361458,,,,214.1030269009397,1049.7346988461245,971.0044075230396,78.73025091949532,1049.7346584425347,4.040358971945494e-05,0.4163695565525141,0.3667007734239432,0.3636119540784102,0.22063735129437925,53.61974521666753,0.9249998557890515,262.72660011278396,243.022067216273,19.70453289651097,0.4163695565525141,0.3667007734239432,0.3636119540784102,0.2205602224204878,53.56830799533378,0.9249998557103032,262.56635361235607,242.87383920580982,19.692514406546266,0.4243186319186651,0.1476724137664386,0.14748125181147206,0.22043242781662098,53.48313214385134,0.924999855575991,262.3008416592404,242.62824065225823,19.67260100698217,0.42406053795798515,0.14755764365407018,0.1476239071055332,0.22035542788638618,53.431841545087046,0.9249998554971786,262.1408630581545,242.48026044869857,19.660602609455918,0.41374268210770576,,,0.101,98.07144515982701,971.0044075230396,971.0043811441942,2.637884543585737e-05,30.10113663321423,0.5862573178922943,,,122.4693108221207,9.033187217463961e-05,52.6618036535119,1.6811182829816784,481.10417808319835,0.0,0.0,0.0,73.34914299056443
92,1,93,0.15246,4.734154094695165e-05,481.1041768743936,,,,0,9.478699581169403e-14,1,1093.4733251973662,1093.4733251973662,1.3220851430917834e-13,174.9557320315786,36.303314396552565,0.33340741247943934,,,168.9295512256179,1093.4732778558252,1049.734104539578,43.73892102248247,1093.4730255620605,0.0002522937648350027,0.6686479793258496,0.10180828929093567,0.10177720783956741,0.16089145223680576,84.52128399317529,0.96,547.2198984801171,525.3311025409123,21.888795939204737,0.6680129390384845,0.10198157931446188,0.1019437948422274,0.16096000433768812,84.4073861671656,0.96,546.2497404393677,524.399750821793,21.849989617574707,8.355849277888577e-06,5.582212069908032e-06,5.5126498129893085e-06,0.2709988756374061,0.0008810652769964799,0.96,0.0033866425757154896,0.00325117687268687,0.00013546570302861986,,,,214.1031443145266,1049.734104539578,971.0038587884517,78.73020555367096,1049.7340643421223,4.019745568375266e-05,0.4252014109439117,0.2200183460469177,0.21118649165552023,0.22077374405526828,53.710761467348185,0.9249998566951962,263.00997574857206,243.28418987683622,19.72578587173585,0.4252014109439117,0.2200183460469177,0.21118649165552023,0.22066067964177957,53.635307381639,0.9249998565801538,262.7750679160038,243.0669001351437,19.708167780860094,0.42360665847206636,0.14967344928707027,0.15038542273366903,0.22033190763114865,53.41617895192835,0.9249998562455873,262.0919960453607,242.4350586650777,19.656937380283004,0.42322767868084227,0.14962272379133496,0.15045558306847784,0.22021881261534418,53.34089651361103,0.9249998561299698,261.857024632186,242.217710111394,19.63931452079201,0.4132808805291391,,,0.101,98.07138973763362,971.0038587884517,971.003832409606,2.6378845640015962e-05,30.101119622442003,0.5867191194708609,,,122.46924049399584,9.159661537749703e-05,52.661773412418206,1.6972371590407318,481.1041768743936,0.0,0.0,0.0,73.34914280627005
93,1,94,0.15246,4.725404402405561e-05,481.10419065032636,,,,0,9.484479741450314e-14,1,1092.1916519605454,1092.1916519605452,1.322081929980364e-13,174.75066431368725,36.2607628450901,0.33340741248527506,,,168.77902442136158,1092.1916047065013,1048.5037006828084,43.68765419511712,1092.1913548779253,0.0002498285759589473,0.6707318600697852,0.10186663271661825,0.09978275197268258,0.16093959471170308,84.4412069637617,0.96,546.5379153256778,524.6763987126506,21.86151661302718,0.6700814243495482,0.10204700824455512,0.09997852293349134,0.1610025540572448,84.33711787529317,0.96,545.650750497007,523.8247204771268,21.826030019880314,6.739676122771233e-06,4.2666236363759485e-06,5.882796791493285e-06,0.2709991072353884,0.0006995823067224593,0.96,0.0026890552405753475,0.002581493030952334,0.0001075622096230138,,,,215.09190302748337,1048.5037006828084,962.7048204397248,85.79883996767863,1048.5036604074037,4.027540468297477e-05,0.5967600624253457,0.36057527388620675,0.18901662240477268,0.2417653572683887,68.53160186961152,0.913462044199086,310.3175273984787,283.4632829282203,26.85424447025842,0.5967600624253457,0.36057527388620675,0.18901662240477268,0.24176447645981738,68.53094602963837,0.9134615756980903,310.31584740355004,283.461602933335,26.85424447021506,0.3467522493131198,0.08745492211995304,0.1643093312788996,0.19722375001650938,39.05528881510334,0.9249998140599056,214.0814295339731,198.02528251260392,16.05614702136918,0.34627879896627134,0.08740784218772049,0.16435672190229136,0.19708293031874816,38.97406631313013,0.9249998138327621,213.78885607140165,197.75465206556572,16.034204005835957,0.41940638006687564,,,0.101,97.23318686441222,962.7048204397248,962.7047940608829,2.637884193452121e-05,29.84384943363147,0.5805936199331244,,,129.48660807108652,7.633706906799633e-05,55.679241470567206,1.8865511731300826,481.1041906503263,0.0,0.0,0.0,73.34914490654876
94,1,95,0.1016,4.482630625647621e-05,842.6978978027292,,,,0,9.471040971120239e-14,1,1686.1192972686363,1686.119297268636,1.3219918194538295e-13,269.7790875629818,55.97916066931872,0.33340741264719626,,,258.8266134303443,1686.1192524423298,1618.6742958955786,67.44476232898239,1686.1190582245606,0.00019421776919958066,0.6887953132182988,0.10489122789570123,0.08682777474718775,0.15981268436831514,86.4413096407939,0.96,563.4285615720429,540.8914191091612,22.5371424628817,0.68798939415713,0.10499736663811272,0.0870893968305309,0.15989883211043798,86.27802901854032,0.96,562.061309066889,539.5788567042134,22.482452362675563,0.6614750817011884,0.6614717118021468,3.3697770811920466e-06,0.15999002526249653,86.10727477101005,0.96,560.6291875856288,538.2040200822037,22.425167503425136,,,,432.64616366107896,1618.6742958955786,1497.2735388467643,121.40071492890432,1618.6742537756686,4.211990980231087e-05,0.6372747108889935,0.040515267182092016,6.187184443184081e-07,0.2889562986970662,108.16182420315215,0.9249999098679809,404.66919656131864,374.318970345568,30.350226215750638,0.6372747108889935,0.04051526718209202,6.187184443130205e-07,0.28895611777142305,108.1616560071812,0.9249999098678996,404.66882066183706,374.3186226385485,30.35019802328859,0.6527048576405838,0.35812701213834885,0.052174403810884874,0.28895594873716385,108.1614988660033,0.9249999098664289,404.6684694688913,374.3182977845102,30.35017168438108,0.6527028756855732,0.3585726203457294,0.052148543626427554,0.2889556106693747,108.16118458474227,0.9249999098662771,404.6677670836216,374.31764807813755,30.350119005484007,0.5989094589317013,,,0.101,151.22462742352317,1497.2735388467643,1497.2735063937134,3.245305086015362e-05,46.415479704249684,0.4010905410682987,,,188.84559665715378,0.0004932877827705847,81.20360656257611,2.579957155104144,842.6978978027294,0.0,0.0,0.0,85.61810641675729
95,1,96,0.1016,4.36957900783597e-05,1013.742666015492,,,,0,9.47078637351813e-14,1,1940.6116391366888,1940.6116391366888,1.321991614507669e-13,310.49786226187024,64.42830641933807,0.3334074127225975,,,291.0854386165463,1940.6115954408986,1862.986963967801,77.62445683199185,1940.611420799793,0.0001746411055882629,0.7265102596501983,0.11448478543491607,0.07676983900301645,0.15622423475511452,97.1625841900767,0.96,647.8573913730696,621.9430957181469,25.914295654922814,0.7257671697279205,0.11472668020556584,0.07694890463477537,0.15624649119283018,97.02844781908719,0.96,646.8708451622936,620.9960113558018,25.87483380649179,0.7297921544205555,0.15138474276490205,0.08306767004553495,0.1562692387850261,96.89440660738238,0.96,645.8831842644298,620.0478568938526,25.835327370577247,,,,548.6071938259446,1862.986963967801,1723.2627751101545,139.72414858867586,1862.9869236988307,4.026897063222194e-05,0.7334601103848616,0.2701795187822199,0.1739941192863518,0.3183539181734743,137.15195738301216,0.9249999305896488,465.74704761546064,430.815986716635,34.93106089882569,0.7334601103848616,0.2701795187822199,0.1739941192863518,0.31835382767254317,137.1518630235165,0.9249999305896216,465.7468595865375,430.8158127898815,34.93104679665604,0.7487162962073195,0.1665702835325052,0.07055884496576947,0.3183537431204765,137.1517748665124,0.9249999305889504,465.74668391745706,430.81565029568156,34.9310336217755,0.7487159128121551,0.16657618514687364,0.07056314802029176,0.3183535740165801,137.15159855290358,0.9249999305888995,465.74633257937523,430.8153253079566,34.931007271418636,0.689305214035688,,,0.101,174.04954028612562,1723.2627751101545,1723.262746081794,2.9028360503785583e-05,53.42114602841479,0.31069478596431194,,,217.34871841378904,0.0004932868754032033,93.45994891792928,2.9643524297891974,1013.7426660154921,0.0,0.0,0.0,102.99625486717397
96,1,97,0.1016,4.4339366103287e-05,913.1730091459582,,,,0,9.47043775172449e-14,1,1794.1442013013213,1794.1442013013213,1.3219916272920272e-13,287.0630722082114,59.56558748320388,0.33340741267967333,,,272.0139590267448,1794.144156961955,1722.3782127030506,71.76575886262735,1794.1439715656784,0.00018539627694512254,0.7240809962842151,0.08327140464828647,0.0857006680142698,0.1578763417420783,90.8154281028707,0.96,599.1993685016273,575.2313937615622,23.967974740065163,0.723364899529935,0.08348802964880454,0.08589029984679002,0.15792910386376494,90.67133957036607,0.96,598.0488063424921,574.1268540887922,23.921952253699757,0.7230314822108922,0.07964266034980526,0.08640333255946853,0.15798261300749195,90.52719135350804,0.96,596.8957967215588,573.0199648526964,23.875831868862427,,,,480.24539042543563,1722.3782127030506,1593.199667387901,129.17850294451705,1722.378170332418,4.237063271400687e-05,0.6781022605300366,0.09254055925603574,0.1478984091108607,0.30143466477666037,120.06148090465194,0.9249999186193796,430.5948258741659,398.3001788915294,32.29464698263649,0.6781022605300366,0.09254055925603573,0.1478984091108607,0.301434583820178,120.06140176126856,0.9249999186193487,430.5946576752333,398.3000233075171,32.29463436771616,0.6972318016058112,0.051552800312313136,0.1030372949138214,0.30143450818537926,120.06132782034648,0.9249999186178195,430.5945005333572,398.299877950636,32.29462258272117,0.6972312745557444,0.05155252609533935,0.10303716435175003,0.3014343569162715,120.06117993916864,0.9249999186177619,430.5941862496615,398.2995872382183,32.29459901144323,0.6372799219617443,,,0.101,160.91316640617802,1593.199667387901,1593.1996361226347,3.126526623664883e-05,49.389189689024924,0.3627200780382556,,,200.94437978240958,0.0004932875995949686,86.40608330643612,2.750667597221629,913.1730091459582,0.0,0.0,0.0,92.77837772922935
97,1,98,0.1016,4.3164049221420195e-05,1103.9514014795618,,,,0,9.470124041569839e-14,1,2064.921408437144,2064.921408437144,1.321991780660424e-13,330.387425349943,68.55539076011318,0.33340741275806257,,,308.6724201451422,2064.9213652730946,1982.3243508740582,82.59684795308576,2064.9211988271436,0.00016644595087776846,0.7561959102474722,0.10027254197890502,0.06815762801564786,0.1557101121351959,103.00461277000025,0.96,689.0783788160751,661.5152436634321,27.563135152642975,0.7555894956311026,0.10053309263161458,0.06830849653044706,0.1557122749170746,102.8907776877191,0.96,688.3072865115197,660.7749950510589,27.532291460460783,0.7549804798897257,0.10040867489454293,0.06845967721570939,0.15571472412406187,102.77702968742288,0.96,687.5355334995489,660.0341121595669,27.501421339982,,,,610.0799758770052,1982.3243508740582,1833.649865656258,148.67444582562538,1982.3243114818836,3.939217456443943e-05,0.7804431717506284,0.17399905371651203,0.07165814249592019,0.3327135683122063,152.52012207021588,0.9249999382220074,495.5813203020633,458.4126906633894,37.16862963867387,0.7804431717506284,0.17399905371651203,0.07165814249592019,0.3327134990323357,152.52004601275888,0.9249999382219902,495.5811763629966,458.4125575197531,37.16861884324354,0.7945287315140258,0.14082336046951072,0.04352643056129612,0.33271343430647904,152.51997495482001,0.9249999382215605,495.5810418856924,458.4124331280421,37.16860875765034,0.7945283298950875,0.1408236601416543,0.0435266048023112,0.332713304854916,152.51983283921047,0.9249999382215283,495.5807729311314,458.41218434507374,37.168588586057616,0.7334603870274523,,,0.101,185.1986364312821,1833.649865656258,1833.6498386463045,2.700995373578573e-05,56.843145835344004,0.26653961297254775,,,231.2714033448888,0.00036902613231495977,99.44670343830218,3.14994340491037,1103.9514014795618,0.0,-0.0,0.0,112.16146239032348
98,1,99,0.1016,4.383278801022388e-05,991.5785116791958,,,,0,9.471642133838158e-14,1,1909.072458078164,1909.0724580781637,1.3219916661433745e-13,305.45159329250623,63.381205608195046,0.3334074127134602,,,286.842296339718,1909.0724142453757,1832.7093478993083,76.36288949580468,1909.072237395113,0.00017685026283540336,0.7449284691427062,0.0737901901986618,0.08505763130342782,0.1564845435246288,95.7495609779203,0.96,637.37365858558,611.8787122421567,25.494946343423226,0.7442891155036844,0.07395448541774409,0.08525486554516228,0.15651255601214137,95.61408284077325,0.96,636.3579095303534,610.9035931491392,25.454316381214213,0.7436488437957259,0.07411995169701324,0.08545158779101307,0.15654110388046652,95.4786525210245,0.96,635.3406692791798,609.9270425080125,25.413626771167237,,,,533.5148680528999,1832.7093478993083,1695.2559801924115,137.45332587834832,1832.7093060707598,4.182854860939425e-05,0.7215394646062728,0.14789843828596835,0.2068021454303239,0.31471058747478786,133.37880037970118,0.924999930200579,458.1774949023463,423.8141508041465,34.36334409819981,0.7215394646062728,0.14789843828596835,0.2068021454303239,0.3147105393552357,133.37875088238792,0.9249999302005643,458.17739492693767,423.8140583268937,34.363336600043965,0.741206726229524,0.04825270428731272,0.10157470957181453,0.31471049439886617,133.3787046387811,0.9249999301995167,458.1773015238348,423.8139719285501,34.36332959528472,0.7412064138199517,0.04825285192959276,0.10157476800472856,0.31471040448645166,133.37861215202983,0.924999930199489,458.17711471764096,423.81379913282115,34.363315584819816,0.6781025079975196,,,0.101,171.2208539994336,1695.2559801924115,1695.255951432051,2.876036040480252e-05,52.55293538596475,0.3218974920024804,,,213.81632979585015,0.0004932871440995773,91.94102181221557,2.925492069262021,991.5785116791958,0.0,0.0,0.0,100.7443767866063
99,1,100,0.1016,4.261228461644106e-05,1103.951638749842,,,,0,9.471707768340185e-14,1,2064.9217963256247,2064.9217963256247,1.3219918376433234e-13,330.3874874121,68.55540363801074,0.33340741279486324,,,308.6724590793055,2064.92175371334,1982.3247313756467,82.59686380731873,2064.9215951829656,0.00015853037422717013,0.761633910232066,0.08547093836981673,0.06876549728045697,0.15571022214421312,102.99843422354793,0.96,689.0365588852579,661.4750965298477,27.561462355410292,0.7610627046056504,0.08568712442984351,0.06891353532787749,0.15571227460271275,102.8907932011509,0.96,688.30739168115,660.7750960139039,27.532295667246075,0.7604912276470486,0.08590391595012353,0.06906153209880089,0.15571458313856035,102.78323165460667,0.96,687.5776446165577,660.0745388318953,27.503105784662363,,,,610.080178160008,1982.3247313756467,1833.6502200817738,148.67447253205466,1982.3246926138283,3.876181829787702e-05,0.780443321804196,0.0716581781890204,0.012754320991097308,0.33271361431958846,152.52017264133616,0.9249999391696487,495.5814155857001,458.412779270381,37.16863631531909,0.780443321804196,0.07165817818902039,0.012754320991097329,0.3327135450394944,152.52009658362147,0.9249999391696319,495.58127164616883,458.412646126315,37.168625519853855,0.7958486438343304,0.09989148117720434,0.04524956357239803,0.3327134803134848,152.52002552550033,0.9249999391691582,495.58113716856104,458.4125217343012,37.16861543425982,0.7958482363591146,0.09989152449676915,0.04524970195760622,0.3327133508616324,152.5198834095501,0.9249999391691267,495.5808682133985,458.4122729507766,37.16859526262193,0.7804433835250113,,,0.101,185.19867222825914,1833.6502200817738,1833.650193702939,2.6378834574502392e-05,56.843156822534986,0.21955661647498875,,,231.27144409231104,0.0003292822693665634,99.44672095969374,3.1525835238018374,1103.951638749842,0.0,-0.0,0.0,112.16148649698394
100,1,101,0.1016,4.330632651886732e-05,1079.139985944705,,,,0,9.471769461401034e-14,1,2031.3610368216578,2031.3610368216575,1.321991578422465e-13,325.0177658914653,67.44118642247903,0.3334074127485733,,,303.779287110365,2031.360993515331,1950.106391936311,81.25443299734638,2031.3608249336573,0.00016858167379839672,0.7620600649545145,0.07672893961592314,0.07630278489347458,0.1557682188009341,101.3912816261891,0.96,678.0325227672381,650.9112218565485,27.12130091068957,0.7614425468073437,0.07688061375561765,0.07650077155392432,0.15577562207938736,101.25972882100474,0.96,677.1206096342326,650.0357852488632,27.08482438536933,0.7608247761837755,0.0770323074033699,0.0766987588666429,0.1557834316597923,101.12827666317115,0.96,676.2076925321866,649.1593848308991,27.048307701287484,,,,593.1715319416685,1950.106391936311,1803.8482535579997,146.25809712796692,1950.1063506859666,4.125034420811808e-05,0.767758701204501,0.20680221011473557,0.21948683071443054,0.32883677893657,148.29295349497752,0.9249999380413935,487.52672294712977,450.9621885196186,36.564534427511155,0.767758701204501,0.20680221011473557,0.21948683071443054,0.32883674027864135,148.29291163121877,0.9249999380413836,487.52664262962753,450.96211422592916,36.56452840369835,0.7858683809050608,0.06403209070827184,0.0740123536375414,0.32883670416194777,148.29287251940045,0.9249999380407439,487.5265675921146,450.96204481592247,36.56452277619209,0.7858681333456362,0.06403227911739186,0.07401238213087026,0.3288366319287578,148.29279429607175,0.9249999380407253,487.52641751709484,450.9619059965295,36.56451152056534,0.7215396116962441,,,0.101,182.18867360935798,1803.8482535579997,1803.8482262831344,2.7274865263584252e-05,55.91929586029799,0.27846038830375597,,,227.51264195684945,0.0004932833133768726,97.83043604144525,3.107253916659699,1079.139985944705,0.0,0.0,0.0,109.64062257198201
101,1,102,0.1016,4.261228275372992e-05,1103.9517323649668,,,,0,9.471782829634668e-14,1,2064.9219485972567,2064.9219485972567,1.3219918348301154e-13,330.38751177556105,68.55540869342892,0.33340741279486336,,,308.6724861265589,2064.921905984974,1982.3248775564402,82.59686989818508,2064.9217474546253,0.0001585303484461253,0.7663091323463914,0.0765032018999639,0.07225413450808692,0.1557101955239188,102.99992498895787,0.96,689.0466495731998,661.4847835902718,27.561865982928012,0.7657524212991987,0.07670259887052473,0.0723927243786697,0.15571227429253198,102.89080850851964,0.96,688.3074954538009,660.7751956356489,27.53229981815206,0.7651953889137766,0.07690198262609814,0.07253136989609708,0.15571461668242662,102.78175262908137,0.96,687.5676024276245,660.0648983305196,27.502704097105003,,,,610.0802548675565,1982.3248775564402,1833.6503541963907,148.67448448121078,1982.3248386776017,3.8878838372123985e-05,0.7804433791952143,0.01275425630294149,6.957831222810342e-05,0.33271363177965846,152.52019177623905,0.9249999386680737,495.58145202215536,458.4128127255286,37.16863929662671,0.7804433791952143,0.012754256302941488,6.957831222810409e-05,0.33271356251130446,152.5201157314083,0.9249999386680569,495.58130810701584,458.412679604025,37.168628502990835,0.7973592186942868,0.07041480624857009,0.05892396845934406,0.3327134978058274,152.52004469581874,0.924999938667503,495.5811736720931,458.4125552514552,37.168618420637834,0.7973588084471372,0.07041481505618712,0.05892413995468616,0.33271336843069976,152.5199026640905,0.9249999386674712,495.58090487633746,458.4123066153821,37.16859826095541,0.780443533582323,,,0.101,185.19868577383548,1833.6503541963907,1833.6503278175562,2.6378834574488924e-05,56.84316098008811,0.21955646641767707,,,231.27146224935174,0.00030559701594817584,99.44672876722124,3.1556047855318528,1103.951732364967,0.0,-0.0,0.0,112.16149600828062
102,1,103,0.1016,4.275985566240823e-05,1103.9366736320278,,,,0,9.471769505002624e-14,1,2064.9014785743343,2064.9014785743343,1.3219918201034692e-13,330.38423657189355,68.5547290886679,0.3334074127850208,,,308.66946632101207,2064.9014358144786,1982.305224213318,82.59605100888821,2064.9012752222066,0.0001605922724958902,0.7674834765350302,0.07489273280756475,0.073718388618926,0.15571021346919767,102.99891973421944,0.96,689.0398452315756,661.4782514223125,27.561593809262998,0.7669442085681729,0.07506925204296672,0.07387746477399253,0.15571229470082962,102.88980191060284,0.96,688.3006714153847,660.7686445587693,27.53202685661536,0.7664046153885096,0.07524578332029427,0.07403655684556135,0.15571463957047074,102.7807446761898,0.96,687.5607585752463,660.0583282322364,27.502430343009852,,,,610.0698717319428,1982.305224213318,1833.632178583081,148.673005426385,1982.305184009466,4.0203851893723696e-05,0.7804354063189692,0.21948692452366053,0.21949489739990563,0.33271121541670395,152.5175391988256,0.9249999411669143,495.57643087428227,458.40816940242047,37.168261471861754,0.7804354063189692,0.2194869245236605,0.21949489739990566,0.33271117688096413,152.51749689351573,0.9249999411669051,495.57635081064484,458.40809534355606,37.16825546708881,0.7978386772968484,0.06547572084364689,0.06499626224108526,0.33271114087251275,152.51745736268467,0.9249999411663783,495.5762759979849,458.4080261415889,37.16824985639599,0.7978384321910478,0.06547590516170032,0.06499628141778985,0.33271106883357593,152.51737827691684,0.9249999411663611,495.5761263265541,458.4078876955157,37.16823863103844,0.767758819173398,,,0.101,185.1968500368912,1833.632178583081,1833.632152204244,2.6378836833003985e-05,56.84259753607551,0.232241180826602,,,231.26916577781773,0.00048554218157027725,99.44574128446162,3.156547922125835,1103.9366736320278,0.0,-0.0,0.0,112.15996604101402
103,1,104,0.1016,4.26122813987342e-05,1103.951792192886,,,,0,9.471788789589866e-14,1,2064.9220554107897,2064.9220554107897,1.3219918396670066e-13,330.3875288657264,68.55541223963823,0.33340741279486347,,,308.6725018753007,2064.9220127985086,1982.3249800974518,82.5968741707272,2064.921854268179,0.00015853032969217004,0.7674957864140365,0.07375244678916983,0.07374013691016361,0.15571019547167025,102.99992791765041,0.96,689.0466693967128,661.4848026208443,27.561866775868484,0.7669569869432558,0.07391274288529923,0.07389996451021642,0.15571227418571223,102.89081378011527,0.96,688.3075311913194,660.7752299436667,27.532301247652768,0.7664178708791435,0.07407307570965309,0.07405982021901922,0.15571461651110638,102.78176017753503,0.96,687.5676536801466,660.0649475329407,27.50270614720594,,,,610.0803085546089,1982.3249800974518,1833.6504480219796,148.67449310004312,1982.3249411220224,3.897542944676928e-05,0.7804434226582495,6.948385326761726e-05,6.146751398732065e-05,0.33271364471257786,152.52020594307209,0.9249999381961701,495.581479043292,458.41283748621163,37.168641557080356,0.7804434226582495,6.948385326761326e-05,6.146751398732469e-05,0.33271357503177124,152.5201294454354,0.9249999381961529,495.5813342712218,458.4127035720472,37.16863069917463,0.7977305923498761,0.06403113681880437,0.06413922176577677,0.3327135099492268,152.52005799588537,0.9249999381955712,495.5811990528952,458.41257849481514,37.168620558080065,0.7977301790717997,0.06403115054351151,0.06413940366275958,0.3327133798509124,152.51991517021617,0.9249999381955393,495.5809287546136,458.4123284689055,37.168600285708074,0.7804435916230718,,,0.101,185.19869525021994,1833.6504480219796,1833.6504216431451,2.6378834574485685e-05,56.84316388868137,0.21955640837692814,,,231.27147523731588,0.0002865127564345695,99.44673435204584,3.1563476167381745,1103.9517921928862,0.0,-0.0,0.0,112.1615020867972
104,1,105,0.1016,4.261237504463498e-05,1103.9308392562446,,,,0,9.471767711703393e-14,1,2064.8936363608814,2064.8936363608814,1.3219918205952403e-13,330.38298181774104,68.55446872718126,0.33340741279485725,,,308.66830985308735,2064.893593748506,1982.2976978082052,82.59573740867532,2064.8934352168803,0.00015853162581324926,0.7674916821315928,0.07373701329289319,0.0737411175753368,0.15571022046672583,102.99852808771858,0.96,689.0371942387277,661.4757064691786,27.56148776954913,0.7669528788290613,0.07389681459705542,0.07390092271124993,0.15571230252153065,102.88941646489582,0.96,688.2980583338749,660.7661360005199,27.53192233335505,0.766413758665475,0.07405664411944636,0.07406075633311475,0.15571464819101227,102.78036530047294,0.96,687.5581826442781,660.055855338507,27.502327305771136,,,,610.0658948703307,1982.2976978082052,1833.6252167590706,148.67244091660854,1982.2976576756791,4.013252608072234e-05,0.7804324420575669,0.21949499228362637,0.2195059728843089,0.33271030953503744,152.51654470639244,0.9249999411842155,495.5745487669773,458.40642846184807,37.168120305129165,0.7804324420575669,0.21949499228362637,0.2195059728843089,0.33271027114786095,152.51650256431196,0.9249999411842063,495.5744690120018,458.406354688496,37.168114323505854,0.7977682666757648,0.06406036841457564,0.06402269408868684,0.33271023527919963,152.51646318707034,0.9249999411836831,495.57439448977505,458.4062857551813,37.168108734593766,0.79776802218603,0.0640605509400388,0.06402270782580839,0.33271016352355487,152.51638441255585,0.9249999411836659,495.574245406925,458.40614785354524,37.16809755337975,0.780435523863106,,,0.101,185.19614689266612,1833.6252167590706,1833.6251903802358,2.6378834574354704e-05,56.84238171953118,0.21956447613689398,,,231.2682874490197,0.00048764016031060514,99.44536360307846,3.1564011729769286,1103.9308392562446,0.0,-0.0,0.0,112.15937326843444
105,1,106,0.1016,4.261228240803864e-05,1103.951786662434,,,,0,9.471784700145664e-14,1,2064.9220453393373,2064.9220453393373,1.3219918346429062e-13,330.387527254294,68.55541190526601,0.3334074127948634,,,308.6725003576315,2064.922002727055,1982.324970428843,82.59687376786854,2064.9218441967114,0.00015853034366155802,0.7674941643534564,0.07374102157757866,0.07373853935571506,0.15571019566505875,102.99991707776677,0.96,689.0465960245159,661.4847321835352,27.56186384098067,0.7669553956578576,0.07390084185855428,0.07389832502975789,0.15571227419479933,102.89081333166405,0.96,688.3075281511519,660.7752270251059,27.532301126046114,0.766416309630378,0.0740606903134007,0.07405813934849777,0.15571461628935288,102.78176994820072,0.96,687.5677200210434,660.0650112202018,27.502708800841752,,,,610.0803035071335,1982.324970428843,1833.650439202951,148.67449227614196,1982.324931479093,3.894974995454521e-05,0.7804434226063035,6.137123797783169e-05,5.0390689241273034e-05,0.33271364438769546,152.52020558977605,0.9249999382469594,495.58147835203846,458.41283687197244,37.16864148006602,0.7804434226063035,6.137123797781602e-05,5.039068924128874e-05,0.3327135742174652,152.5201285548359,0.9249999382469422,495.5813325631192,458.4127020172225,37.168630545896654,0.797743837131538,0.06430657932250462,0.06433100886673157,0.3327135086759654,152.52005660143152,0.9249999382463606,495.58119639124544,458.41257605795954,37.16862033328591,0.7977434210484562,0.06430659193084105,0.06433119306841488,0.3327133776533966,152.5199127610901,0.9249999382463284,495.58092417269,458.4123242557966,37.16859991689338,0.7804436364783958,,,0.101,185.19869435949806,1833.650439202951,1833.6504128241165,2.6378834574479356e-05,56.84316361529148,0.2195563635216042,,,231.27147398487756,0.000288438170777238,99.44673381349735,3.156374103392601,1103.951786662434,0.0,-0.0,0.0,112.16150152490329
106,1,107,0.1016,4.2612408770394674e-05,1103.9288796289466,,,,0,9.471768383455991e-14,1,2064.891003491633,2064.891003491633,1.321991820069299e-13,330.38256055866134,68.55438131592223,0.33340741279485503,,,308.6679214438255,2064.890960879224,1982.2951702532464,82.59563209388533,2064.8908023471317,0.00015853209260457653,0.7674911396909184,0.07373829640611479,0.0737413210686528,0.1557102230474275,102.9983836957827,0.96,689.036216868951,661.4747681941928,27.561448674758108,0.7669524090198225,0.07389810795935076,0.0739010945973858,0.15571230514745946,102.8892870817064,0.96,688.2971811933226,660.7652939455896,27.531887247732897,0.7664133605584538,0.07405794777265783,0.074060896844582,0.15571465079647376,102.7802506663364,0.96,687.5574042848582,660.0551081134639,27.502296171394324,,,,610.0645593191347,1982.2951702532464,1833.622878761022,148.6722513408169,1982.2951301018388,4.015140768556531e-05,0.7804314455860075,0.21950606965730501,0.219518046677601,0.3327100050956121,152.51621048814576,0.9249999411880518,495.5739162482788,458.4058433839904,37.1680728642884,0.7804314455860075,0.21950606965730504,0.219518046677601,0.3327099668867999,152.5161685419213,0.9249999411880426,495.57383686388135,458.4057699534229,37.16806691045843,0.7977646361515862,0.06400698171590008,0.06398618269585175,0.33270993118504855,152.51612934795793,0.9249999411875197,495.57376268843433,458.40570134087955,37.16806134755476,0.7977643924625554,0.06400716639734694,0.06398619498324776,0.3327098597642347,152.5160509411097,0.9249999411875025,495.5736143012445,458.4055640827292,37.16805021851529,0.7804325591047172,,,0.101,185.19591075486326,1833.622878761022,1833.6228523821876,2.6378834574634902e-05,56.84230924159169,0.21956744089528285,,,231.2679925773534,0.00048811112315851095,99.44523680826197,3.1563919197861563,1103.9288796289466,0.0,-0.0,0.0,112.15917417030097
107,1,108,0.1016,4.261228237787194e-05,1103.9517864139925,,,,0,9.47178002717629e-14,1,2064.9220449532795,2064.9220449532795,1.3219918351008348e-13,330.3875271925247,68.55541189244887,0.3334074127948634,,,308.6725002394836,2064.922002340997,1982.3249700582276,82.59687375242623,2064.921843810654,0.00015853034324403233,0.767493826538106,0.07374128040255405,0.07373859355536642,0.1557101960178241,102.99989730480085,0.96,689.0464621867084,661.48460369924,27.561858487468353,0.7669551559656873,0.07390108821754314,0.0738983412716784,0.155712274193707,102.89081338556899,0.96,688.3075285165877,660.7752273759241,27.532301140663556,0.7664161700338401,0.0740609247378045,0.07405811526241819,0.15571461584449992,102.78178954911378,0.96,687.5678531073578,660.0651389830635,27.50271412429432,,,,610.0803033235677,1982.3249700582276,1833.6504388823512,148.6744922453433,1982.3249311276943,3.893053331894878e-05,0.7804434270884898,5.029225149365173e-05,3.831074901134776e-05,0.33271364536505105,152.52020666289457,0.9249999382492013,495.58148038191985,458.41283875072367,37.16864163119619,0.7804434270884898,5.0292251493654324e-05,3.83107490113452e-05,0.33271357459042394,152.5201289644296,0.9249999382491839,495.5813333372776,458.41270273443007,37.16863060284758,0.7977447203319837,0.06431642145762477,0.06433633727722725,0.33271350848356823,152.52005639036108,0.9249999382486023,495.5811959907944,458.4125756886533,37.16862030214114,0.7977443010166317,0.06431643169455002,0.06433652314047364,0.3327133763277283,152.51991130588246,0.9249999382485699,495.5809214177025,458.4123217085441,37.168599709158364,0.7804436380912013,,,0.101,185.19869432711747,1833.6504388823512,1833.6504125035167,2.6378834574479126e-05,56.84316360535289,0.21955636190879868,,,231.27147391941992,0.00028852382384263376,99.44673378535057,3.1563758755255953,1103.9517864139927,0.0,-0.0,0.0,112.16150149966164
108,1,109,0.1016,4.261242226565235e-05,1103.9260523855094,,,,0,9.47176648225452e-14,1,2064.88720510738,2064.88720510738,1.3219918424162436e-13,330.3819528171808,68.55425520956501,0.3334074127948541,,,308.6673610836793,2064.8871624949575,1982.2915238041712,82.59548015850726,2064.887003962678,0.00015853227938996146,0.7674903688071397,0.07373823235132979,0.07374169008229615,0.15571022683911298,102.99817159537443,0.96,689.0347811858977,661.4733899384618,27.561391247435946,0.7669517634186753,0.07389802396063619,0.07390141650764816,0.15571230893630178,102.8891004324825,0.96,688.2959158204966,660.7640791876767,27.5318366328199,0.7664127297721738,0.07405784701751976,0.07406128727918612,0.15571465447013694,102.78008905582236,0.96,687.5563069562841,660.0540546780327,27.502252278251408,,,,610.0626325508363,1982.2915238041712,1833.6195057814953,148.67197784611656,1982.291483627612,4.0176559110576863e-05,0.7804300081906431,0.21951814574171594,0.21953156463956258,0.33270956592979667,152.5157283657712,0.9249999411925508,495.5730038155715,458.4049993860194,37.168004429552106,0.7804300081906431,0.21951814574171594,0.2195315646395626,0.33270952795320136,152.51568667454214,0.9249999411925417,495.5729249136387,458.4049264017317,37.16799851190698,0.7977609101611186,0.0640108678899696,0.06399467806083467,0.332709492468788,152.5156477192356,0.924999941192019,495.5728511897431,458.40485820687354,37.16799298286953,0.7977606666371189,0.06401105797428834,0.06399469235380127,0.33270942148409527,152.51556979128733,0.924999941192002,495.57270370865854,458.4047217868706,37.16798192178795,0.7804315620067904,,,0.101,185.19557008393105,1833.6195057814953,1833.6194794026605,2.637883457460663e-05,56.84220467922635,0.21956843799320958,,,231.26756717243993,0.0004886670629116929,99.44505388414916,3.156381593179524,1103.9260523855096,0.0,-0.0,0.0,112.15888692236774
109,1,110,0.1016,4.2612281971807954e-05,1103.9517854142814,,,,0,9.471776635780305e-14,1,2064.922043242665,2064.922043242665,1.3219918295726086e-13,330.38752691882644,68.55541183565649,0.33340741279486347,,,308.67249989005416,2064.922000630383,1982.3249684160435,82.59687368400199,2064.9218421000455,0.00015853033762385944,0.7674935206969963,0.07374161130280821,0.07373845941295167,0.1557101965784878,102.99986587985165,0.96,689.0462494797301,661.4843995005408,27.561849979189272,0.7669550128563611,0.07390139227535077,0.07389814283766495,0.1557122741933725,102.89081340207842,0.96,688.3075286285093,660.7752274833689,27.532301145140423,0.7664120260723326,0.07406103322064428,0.07406173692048539,0.15571461513961687,102.78182060812411,0.96,687.5680639918061,660.0653414321338,27.5027225596723,,,,610.0803024784648,1982.3249684160435,1833.650437405932,148.67449210637525,1982.3249295123073,3.890373601210142e-05,0.7804434326590367,3.8209528591016355e-05,2.478506019743159e-05,0.33271364654166236,152.52020795520937,0.9249999382581883,495.58148282362447,458.412841013754,37.16864180987042,0.7804434326590367,3.820952859099769e-05,2.4785060197450307e-05,0.33271357495529263,152.52012936558933,0.9249999382581706,495.58133409246824,458.41270343743497,37.1686306550333,0.7977562817798151,0.06428474247708203,0.0642893708583857,0.33271350808880557,152.52005595757535,0.9249999382575883,495.5811951677399,458.41257493178125,37.168620235958635,0.7977558625671803,0.06428473660080859,0.06428954067074709,0.33271337440904253,152.51990920009075,0.9249999382575554,495.5809174284747,458.41231802296187,37.1685994055129,0.7804436447296931,,,0.101,185.19869417799913,1833.650437405932,1833.6504110270976,2.6378834574478187e-05,56.84316355958389,0.21955635527030695,,,231.27147368522995,0.0002888677631949806,99.44673368464888,3.1563990096650687,1103.9517854142814,0.0,-0.0,0.0,112.16150139809099
110,1,111,0.1016,4.261243771883684e-05,1103.9210794608555,,,,0,9.471708150352112e-14,1,2064.880524304416,2064.880524304416,1.3219918422927754e-13,330.38088388870665,68.55403340690663,0.3334074127948531,,,308.66637551150166,2064.8804816919787,1982.2851102331058,82.59521292637957,2064.880323159485,0.00015853249327481693,0.7674986652838978,0.07373847049499144,0.07373332590808993,0.15571023341938717,102.99780363831836,0.96,689.0322905169845,661.470998896305,27.56129162067946,0.7669602929193532,0.07389823694880686,0.07389295688581485,0.15571231560263046,102.88877212273303,0.96,688.2936900638003,660.7619424612483,27.531747602552063,0.7664727800562475,0.07405343653179178,0.0739926825478769,0.15571466104796475,102.77979975045027,0.96,687.5543425787007,660.0521688755526,27.50217370314805,,,,610.0592436545619,1982.2851102331058,1833.6135732034634,148.67149681326782,1982.285070016731,4.021637482815462e-05,0.780427480551268,0.21953166675424127,0.21954761886201007,0.3327087936292267,152.51488052506681,0.9249999411984291,495.5713992462056,458.4035151623634,37.16788408384221,0.780427480551268,0.21953166675424124,0.21954761886201007,0.33270875599519195,152.51483921001713,0.9249999411984201,495.57132105599254,458.40344283641645,37.1678782195761,0.7976981504059223,0.06417791744237639,0.0642360488162692,0.3327087208229342,152.51480059750386,0.9249999411979004,495.57124798064496,458.4033752414667,37.16787273917826,0.7976978839140729,0.06417817969687836,0.06423615834998583,0.33270865043234044,152.51472332197412,0.9249999411978835,495.571101733888,458.4032399632167,37.16786177067125,0.7804301237171678,,,0.101,185.19497089354982,1833.6135732034634,1833.6135468246289,2.6378834574515325e-05,56.84202076930737,0.21956987628283228,,,231.26681894729464,0.0004894012420420012,99.4447321473367,3.156250995422531,1103.9210794608555,0.0,-0.0,0.0,112.1583816732229
111,1,112,0.1016,4.2612280684363696e-05,1103.9519776738846,,,,0,9.471695152843882e-14,1,2064.92243844745,2064.92243844745,1.3219918194298006e-13,330.387590151592,68.55542495645534,0.3334074127948635,,,308.6725580347742,2064.922395835169,1982.325347812655,82.59688949219404,2064.922237304849,0.00015853031980489534,0.7673759734987855,0.07375287346662944,0.07387556525174166,0.1557101971038544,102.99983643444017,0.96,689.0460501716177,661.4842081647529,27.561842006864776,0.7668353054699807,0.07391261909500253,0.07403760654437494,0.15571227379700275,102.89083296333321,0.96,688.3076612393231,660.7753547897502,27.532306449572907,0.7706642452348142,0.07417331503016462,0.06998184985159789,0.15571461359577826,102.78188863700082,0.96,687.5685258939085,660.0657848581521,27.502741035756355,,,,610.0804994483526,1982.325347812655,1833.6507808487154,148.67452873525866,1982.325309583974,3.8228681126574034e-05,0.7804448221082194,2.4679748858044323e-05,7.338191906558164e-06,0.3327139632805284,152.52055540881398,0.9249999341603481,495.5821422071095,458.41344891262054,37.16869329448894,0.7804448221082194,2.46797488580458e-05,7.338191906556728e-06,0.33271372907354124,152.52029828929068,0.9249999341602887,495.5816556078296,458.4129988082892,37.16865679954036,0.7980438028098293,0.06341784926495934,0.06307219686105227,0.3327135114497988,152.52005937550078,0.9249999341595726,495.58120346287825,458.4125805738841,37.16862288899414,0.798042446174131,0.06341748249688425,0.06307292023682613,0.3327130805984447,152.51958637474715,0.9249999341594634,495.58030830615684,458.4117525539216,37.16855575223521,0.7804436534969007,,,0.101,185.19872886572028,1833.6507808487154,1833.650754469881,2.637883457449307e-05,56.84317420631018,0.2195563465030993,,,231.2715254472492,0.00019132503765288515,99.44675594231715,3.156975893200399,1103.9519776738848,0.0,-0.0,0.0,112.16152093166667
112,1,113,0.1016,4.2612467813158204e-05,1103.951479079736,,,,0,9.471162463874421e-14,1,2064.9215367104985,2064.9215367104985,1.3219920574200885e-13,330.3874458736797,68.55539501878854,0.3334074127948511,,,308.67242502426325,2064.9214940980305,1982.324482142516,82.59685342260482,2064.921335565121,0.00015853290981169806,0.757451837132111,0.07350706063667875,0.08343119700335336,0.15571019787307253,102.99979332354891,0.96,689.0457583653922,661.4839280307765,27.561830334615678,0.756890206809011,0.07366319749749071,0.08360829615846048,0.15571227469415944,102.8907886883236,0.96,688.3073610875103,660.7750666440099,27.53229444350041,0.7514511339276614,0.07913141999876053,0.09834453130591342,0.15571461463116737,102.7818430123907,0.96,687.5682161122182,660.0654874677296,27.50272864448873,,,,610.0800467195453,1982.324482142516,1833.6499901583318,148.67445278395377,1982.3244429422855,3.920023042058242e-05,0.7804431197199286,0.21954772648723772,0.2195494288755285,0.33271356154367143,152.5201147366148,0.9249999396855454,495.58130577081727,458.4126779472898,37.16862782352748,0.7804431197199286,0.21954772648723772,0.2195494288755285,0.3327135058598985,152.52005360534915,0.9249999396855318,495.5811900796323,458.41257093294394,37.16861914668836,0.7952275481608071,0.06844743946199505,0.0712636941110173,0.3327134537914412,152.51999644306488,0.924999939685096,495.58108189993,458.41247086650986,37.16861103342011,0.7952271902634348,0.06844807819939196,0.07126333411008824,0.3327133494868617,152.5198819345165,0.9249999396850707,495.5808651919061,458.4122704115883,37.16859478031781,0.7804275937639044,,,0.101,185.1986490059915,1833.6499901583318,1833.6499637794973,2.6378834576574292e-05,56.843149694908284,0.21957240623609575,,,231.27141439809154,0.0003583299359356936,99.44670819117935,3.1513409778640993,1103.9514790797361,0.0,-0.0,0.0,112.16147027450117
113,1,114,0.15246,4.26122754288441e-05,481.1041485878074,,,,0,9.478296269761576e-14,1,1093.473582202448,1093.4735822024477,1.3220853312073687e-13,174.95577315239166,36.303322929121265,0.33340741279486386,,,168.9297487661645,1093.4735395901723,1049.734445817703,43.7389352424044,1093.4733810601074,0.00015853006479569332,0.6905729685354317,0.06132921685223723,0.12820808544891646,0.16089023282169088,84.52331780150402,0.96,547.2372136304209,525.347725085204,21.889488545216874,0.6899415482922979,0.06146821767459769,0.12841687619131073,0.1609612831031458,84.40526962874785,0.96,546.231703475721,524.3824353366921,21.8492681390289,1.1204323604646672e-05,5.601936244545463e-06,0.7514455315403011,0.27099851797204594,0.0011613359126304676,0.96,0.004463953965662853,0.004285395807036339,0.00017855815862651464,,,,214.10285901743757,1049.734445817703,971.0041883173225,78.73021951994393,1049.7344078372662,3.798043692991819e-05,0.4132835128780717,6.6514819755409204e-06,0.36716625832383243,0.22049682261567938,53.526043718910486,0.9249998676527379,262.4346274134334,242.75199562492148,19.68263178851192,0.4132835128780717,6.651481975539151e-06,0.36716625832383243,0.22049652766833175,53.525847134378395,0.9249998676524518,262.43401461723596,242.75142878844488,19.68258582879111,0.42519231039452504,0.03560234327232637,0.4056375810386084,0.22049625378109936,53.525664586895026,0.9249998676480486,262.43344557782893,242.75090242591315,19.682543151915773,0.4251904893428649,0.03560240209384395,0.40563910301441386,0.2204957121349175,53.52530357725364,0.9249998676475234,262.432320228768,242.74986147804287,19.682458750725125,0.7804456220307868,,,0.101,98.07142302004956,971.0041883173225,971.0041619384881,2.6378834369154375e-05,30.101129837836996,0.21955437796921326,,,122.46926173389518,0.00011778415569417691,52.66178254557493,1.6769498254935333,481.1041485878074,0.0,0.0,0.0,73.34913849369713
114,1,115,0.15246,4.261230353219617e-05,481.1039128411256,,,,0,9.472882113062714e-14,1,1093.4722399766508,1093.4722399766508,1.3220885276263844e-13,174.95555839626414,36.303278367224806,0.333407412794862,,,168.92993892576513,1093.4721973643473,1049.7331572805379,43.73888155335572,1093.4720388338935,0.00015853045376214235,0.6694269139167297,0.08198753485759754,0.10313358947629954,0.1608903659309594,84.52309578115769,0.96,547.2353234393112,525.3459105017388,21.889412937572434,0.6687683831089204,0.0821502931340552,0.1033234583174327,0.16096141696177563,84.40504809073839,0.96,546.2298155289509,524.3806229077929,21.84919262115803,1.6891401981742338e-05,1.2488145769031475e-05,6.801067391935806e-06,0.27099770925598876,0.0017950538690445685,0.96,0.006899865631293845,0.006623871006042091,0.0002759946252517538,,,,214.10245093050915,1049.7331572805379,971.0030109002004,78.73010719739521,1049.7331180975955,3.918294236586325e-05,0.41328118237183475,0.21955005878689196,0.21955238929312892,0.2204962705199247,53.525675632852185,0.9249998825048472,262.43347559804846,242.75093409353352,19.68254150451495,0.41328118237183475,0.21955005878689196,0.21955238929312892,0.22049621467957736,53.52563841495086,0.924999882504797,262.4333595815691,242.7508267782906,19.682532803278512,0.42412727370601333,0.09136457592678861,0.09242961261530035,0.2204961623406382,53.525603530788665,0.9249998825020189,262.433250840651,242.75072619222504,19.682524648425986,0.4241269816133779,0.09136485286270787,0.09242836059219485,0.22049605704680356,53.525533351917446,0.9249998825019244,262.43303207732697,242.75052383615122,19.68250824117576,0.7804432897311325,,,0.101,98.07130410092024,971.0030109002004,971.002984521366,2.637883436918563e-05,30.10109333790621,0.2195567102688675,,,122.4690969248313,0.00021888393097309228,52.66171167767747,1.6748166200630608,481.1039128411256,0.0,0.0,0.0,73.34910255175801
115,1,116,0.15246,4.7341489242731186e-05,481.10417145152724,,,,0,9.47290294122289e-14,1,1093.4740330375812,1093.474033037581,1.322088527321503e-13,174.955845286013,36.303337896847694,0.33340741247944283,,,168.92965732368438,1093.4739856960919,1049.7347840676434,43.73894933615181,1093.4737334037954,0.0002522922964091731,0.6685991011617578,0.10100298123518445,0.1018307939901563,0.1608901915405767,84.52338665723194,0.96,547.2377998394225,525.3482878458456,21.889511993576868,0.6679344966729299,0.10117563843618786,0.1020095248721784,0.16096123372725152,84.40535134739774,0.96,546.2323998811221,524.3831038858772,21.849295995244912,8.781330536000713e-06,5.101130133095321e-06,1.3211201578836947e-05,0.27099882682014514,0.0009193190547094549,0.96,0.0035336832508057275,0.0033923359207734985,0.00014134733003222903,,,,214.1029635235418,1049.7347840676434,971.0044900511782,78.73025327807417,1049.7347433292523,4.073839117606971e-05,0.413284327291771,0.36716551904648664,0.3671623741265504,0.22049706928410642,53.52620818638986,0.9249998594640751,262.4351425252041,242.75246995424837,19.68267257095577,0.413284327291771,0.36716551904648664,0.3671623741265504,0.22049671269210622,53.52597051495822,0.9249998594637162,262.43440165324074,242.75178464769215,19.6826170055486,0.42453950736392626,0.14758240233055028,0.14717016867263738,0.22049627303785674,53.525677482574295,0.9249998594590885,262.4334882086625,242.75093971037117,19.682548498291332,0.4245362542676361,0.1475967017225701,0.14718742906831198,0.2204954176147154,53.52510733961942,0.9249998594582283,262.431710942145,242.74929573886652,19.682415203278477,0.4132844221666213,,,0.101,98.071453495169,971.0044900511782,971.0044636723326,2.637884563852763e-05,30.101139191586523,0.5867155778333787,,,122.46931707295218,9.710913193748555e-05,52.661806341369434,1.6756444162151043,481.10417145152724,0.0,0.0,0.0,73.34914197949985
116,1,117,0.15246,4.734153301983946e-05,481.1041768385444,,,,0,9.478303210560405e-14,1,1093.4736090234053,1093.473609023405,1.322085406586557e-13,174.95577744374484,36.30332381957705,0.3334074124794399,,,168.9295875181914,1093.473561681872,1049.734377012799,43.738932375533246,1093.4733093883324,0.0002522935397002816,0.6681812765913818,0.10176297478888167,0.1021807993592577,0.1608902036741259,84.52336641878385,0.96,547.2376275377356,525.3481224362263,21.889505101509403,0.6675347149841024,0.10194320709377622,0.1023429887826037,0.16096124162995898,84.40533826814044,0.96,546.2322884198721,524.3829968830773,21.849291536794865,8.372378281266698e-06,5.515841425637018e-06,5.924793680371028e-06,0.2709988733837516,0.00088283126712564,0.96,0.0033934307245389924,0.0032576934955574326,0.00013573722898155977,,,,214.10308249006496,1049.734377012799,971.0041108551404,78.73022596614486,1049.7343368212853,4.01915139270043e-05,0.4251865378344445,0.2195531285692913,0.20765091802661778,0.22072010546161258,53.674959365203044,0.9249998566629521,262.8985337289532,243.18110601618207,19.717427712771183,0.4251865378344445,0.2195531285692913,0.20765091802661778,0.220619164793249,53.60761457853181,0.9249998565601708,262.6888147476316,242.98711596152054,19.701698786111084,0.4234755799519677,0.15108609715220345,0.152150024564162,0.22037356552865203,53.443921193253274,0.9249998563106301,262.1785464044853,242.5151177518788,19.663428652606513,0.42313710372405894,0.15093073466961018,0.15232988521318735,0.22027243932192347,53.37658735307685,0.9249998562073368,261.96844194021514,242.32077112555905,19.647670814656074,0.41328135238422203,,,0.101,98.07141519636919,971.0041108551404,971.0040844762948,2.6378845639845983e-05,30.101127436509355,0.586718647615778,,,122.46927225357082,9.16339186960778e-05,52.661787069035455,1.6969857593449158,481.10417683854433,0.0,0.0,0.0,73.34914280080449
117,1,118,0.15246,4.734147790162513e-05,481.1041943929526,,,,0,9.484211057529829e-14,1,1081.1179976972833,1081.1179976972833,1.3220818474440207e-13,172.97887963156532,35.893117523549805,0.33340741247944355,,,167.48317750043574,1081.1179503558053,1037.8729901412275,43.244707922551115,1081.117698063779,0.00025229202621742183,0.6705738467862895,0.10137507797026499,0.09898250777535735,0.1613410683988566,83.7892246605079,0.96,540.9685408723974,519.3297992375014,21.638741634895887,0.669951964829073,0.10157550238606758,0.09915825254109692,0.16140157248603318,83.69329405521188,0.96,540.1466249544517,518.5407599562736,21.605864998178035,6.34963103831735e-06,3.964462820253697e-06,5.9872100632030455e-06,0.2709991592988718,0.0006587847159668624,0.96,0.0025322369298398234,0.0024309474526462305,0.00010128947719359315,,,,217.4387372152132,1037.8729901412275,952.2990874377919,85.57386265178498,1037.8729500895768,4.0051650765296536e-05,0.6444424628104677,0.3671616010461003,0.147905676070077,0.2536987311337155,77.65998056221132,0.9134616421248165,335.1109871563584,306.11103262191546,28.999954534442974,0.6444424628104678,0.3671616010461003,0.147905676070077,0.2536983853237841,77.65970635193644,0.9134614707580726,335.1103235571617,306.1103690227385,28.99995453442317,0.29813026038802,0.06388857222809669,0.18923389179204442,0.18272962776990917,31.095129220789165,0.9249997808423545,183.96777955159865,170.17015576728332,13.797623784315322,0.2976703090979988,0.06383746246150919,0.18930425708756934,0.18259297322293755,31.02392108027628,0.9249997805372275,183.68385982445812,169.9075300258546,13.776329798603504,0.41328527038460844,,,0.101,96.18220783121699,952.2990874377919,952.2990610589493,2.637884247812065e-05,29.521271710571547,0.5867147296153916,,,128.81868434630738,7.184608656421317e-05,55.39203426891217,1.8846854951069543,481.10419439295254,0.0,0.0,0.0,73.34914547714956
118,1,119,0.1016,4.457230396743582e-05,878.8905843290319,,,,0,9.470951748997727e-14,1,1742.1739353078246,1742.1739353078246,1.3219918300786358e-13,278.74782964925197,57.84017465221978,0.3334074126641372,,,265.59123091490983,1742.1738907355207,1672.4867531496127,69.68694804790059,1742.1737011975135,0.00018953800720961778,0.6919896063372704,0.10836095330387274,0.08694519375289181,0.15873249907988918,88.6828786524616,0.96,581.9728104245881,558.6938980076045,23.278912416983584,0.6912069737306118,0.10846101185441287,0.0872060029528741,0.15879964281325504,88.5312354050522,0.96,580.7320170655481,557.5027363829262,23.229280682621933,0.6714900013139221,0.6714868264441682,3.174761284495193e-06,0.15886875188992566,88.37711685739599,0.96,579.468873707377,556.290118759082,23.178754948295065,,,,457.0468034897779,1672.4867531496127,1547.0500657093273,125.4366455747901,1672.4867112841175,4.186549523345301e-05,0.6584603663311509,0.014018322479513295,4.1895883012334386e-07,0.29543139243970284,114.26191780757064,0.9249999149605223,418.1221500059953,386.7629531986564,31.359196807338908,0.6584603663311509,0.014018322479513316,4.189588301030143e-07,0.2954312575035074,114.26178900699523,0.9249999149604669,418.121869656315,386.76269387520284,31.359175781112196,0.6733771749220081,0.4203647614852929,0.04511784695130475,0.2954311314362686,114.26166867212348,0.9249999149593043,418.12160773354486,386.7624515961766,31.359156137368277,0.6733750777102423,0.42079406741348613,0.04508929880124261,0.2954308793022574,114.26142800308857,0.924999914959201,418.1210838882623,386.76196703929156,31.35911684897072,0.6188200764743864,,,0.101,156.25205663664207,1547.0500657093273,1547.0500340104636,3.1698863782235606e-05,47.958552036989154,0.3811799235256136,,,195.1237117593538,0.0004932877019346177,83.90319605652213,2.663672985294552,878.8905843290319,0.0,0.0,0.0,89.29528336782964
119,1,120,0.1016,4.408571165480368e-05,951.7517972088252,,,,0,9.470258370271074e-14,1,1851.36138560604,1851.36138560604,1.321991615609467e-13,296.2178216969664,61.46519800212053,0.33340741269659113,,,279.2794893527631,1851.361341520328,1777.3067140603084,74.05444641917964,1851.3611604794883,0.00018104083990717212,0.7132611142936821,0.10490232790921625,0.08363081995280452,0.15709662783623246,93.23203062876274,0.96,618.1972198177626,593.469331025052,24.727888792710516,0.7124958545451019,0.10511579943863653,0.08382691862414644,0.1571361896107398,93.0931564276395,0.96,617.1209712140646,592.4361323655021,24.684838848562627,0.7169562534120576,0.13480385649138113,0.08933760439324563,0.15717637084899136,92.95430229636086,0.96,616.0429694476611,591.4012506697546,24.641718777906494,,,,506.4269522701606,1777.3067140603084,1644.0085376086029,133.29813508690373,1777.3066726955064,4.136480207527426e-05,0.6997276847491081,0.32837818987401146,0.2871108714560543,0.30804413454657126,126.60688137055334,0.9249999242484159,444.32696501369793,411.0024089791992,33.324556034498755,0.6997276847491081,0.32837818987401146,0.2871108714560543,0.3080440497183557,126.60679628713328,0.9249999242483868,444.32678877067224,411.0022459544008,33.32454281627144,0.7164682280945525,0.12663449590416398,0.08354344273161952,0.3080439704662328,126.60671679656248,0.9249999242473944,444.3266241131038,411.0020936457215,33.3245304673823,0.7164678214945133,0.12663973455946154,0.08354699077519062,0.30804381196231617,126.60655781591149,0.9249999242473398,444.32629479803256,411.0017890292813,33.324505768751244,0.6576034876464752,,,0.101,166.0448622984689,1644.0085376086029,1644.0085074738122,3.0134790782803578e-05,50.96426466586669,0.3423965123535248,,,207.35269709138802,0.0004932874325456114,89.16165974929686,2.8323914190872816,951.7517972088252,0.0,0.0,0.0,96.69798259641664
120,1,121,0.1016,4.407475014562067e-05,953.4491981713774,,,,0,9.471124983602182e-14,1,1853.8487703118747,1853.8487703118744,1.3219916267891742e-13,296.61580324989995,61.54777917435424,0.33340741269732227,,,279.60038537904273,1853.8487262371243,1779.694603565755,74.15394181523989,1853.848545380995,0.00018085612944939572,0.7221760379061709,0.09235618512309401,0.08344126151060516,0.15706655241812656,93.3390970070157,0.96,619.0256585605379,594.2646322181164,24.761026342421488,0.7214381786114408,0.0925846657683547,0.08364234170201582,0.1571056620148406,93.20012413865716,0.96,617.9501196797307,593.2321148925415,24.71800478718928,0.7209798758271249,0.08819302082340395,0.08416939840833677,0.15714539189638962,93.0611642333699,0.96,616.8727671407262,592.197856455097,24.674910685629122,,,,507.5803686218839,1779.694603565755,1646.2173354755175,133.47722672839345,1779.6945622039107,4.136184443677708e-05,0.700667794831089,0.013134803020946889,0.012194692938965978,0.30833146478881124,126.89523475367002,0.9249999243903467,444.9239356059396,411.5546067949497,33.36932881098997,0.700667794831089,0.013134803020946908,0.01219469293896596,0.3083313804706253,126.89515008869331,0.9249999243903178,444.9237604225752,411.5544447503379,33.36931567223729,0.7182021626655977,0.0848282940233482,0.0830943594523031,0.30833130169504663,126.89507098909704,0.9249999243892517,444.92359675512074,411.5542933574806,33.36930339764016,0.7182016200857121,0.08482776240305824,0.08309396381185935,0.3083311441442401,126.89491279042355,0.9249999243891978,444.92326942027523,411.5539905727492,33.36927884752602,0.6584870071050417,,,0.101,166.26795088302725,1646.2173354755175,1646.2173053561535,3.0119363840548002e-05,51.03273739974104,0.3415129928949584,,,207.63128409959194,0.0004932874233024457,89.28145216282452,2.8377393724134876,953.4491981713772,0.0,0.0,0.0,96.87043853421194
121,1,122,0.1016,4.3569094486676176e-05,1034.621963256585,,,,0,9.470874053958472e-14,1,1969.9546466848635,1969.9546466848635,1.3219916263504188e-13,315.1927434695782,65.40249426993746,0.33340741273104757,,,295.1083664930246,1969.954603115769,1891.156253261819,78.7981772192425,1969.9544304810615,0.0001726347074570855,0.7410358838667992,0.09440684094962264,0.07554699498899443,0.15602920515618565,98.50247424261791,0.96,657.6124251855919,631.3079281781681,26.304497007423684,0.740337873337953,0.09463482607556775,0.07573513134905555,0.1560463902200367,98.36942837777906,0.96,656.6518739440172,630.3857989862565,26.26607495776071,0.7396374028304343,0.0945816506070153,0.07592412360370585,0.15606403844482863,98.23646387262767,0.96,655.6901313514525,629.4625260973944,26.227605254058105,,,,562.8318467851511,1891.156253261819,1749.3193731875479,141.8368392498227,1891.1562124373704,4.082444858444898e-05,0.7445500693997247,0.2871372529326555,0.24325497836401982,0.32174341730376227,140.70804998407178,0.9249999347931314,472.7892268679593,437.33000402375734,35.45922284420196,0.7445500693997247,0.2871372529326555,0.24325497836401982,0.32174336764852846,140.70799756484152,0.9249999347931176,472.78912370194695,437.3299085951961,35.459215106750854,0.7611404809492635,0.10632197617249009,0.06338365788882427,0.32174332125742006,140.70794859140258,0.9249999347924689,472.78902731783626,437.32981943959334,35.45920787824293,0.7611401817894059,0.10632236359586739,0.06338380189217352,0.32174322847540554,140.70785064483528,0.9249999347924431,472.78883454962795,437.329641129001,35.45919342062696,0.6997279440463976,,,0.101,176.68125669194237,1749.3193731875479,1749.3193453838433,2.7803704661115755e-05,54.228900568813984,0.30027205595360246,,,220.63512866631305,0.0004932864668089442,94.8731053265146,3.0113808015381185,1034.6219632565849,0.0,0.0,0.0,105.11759146686904
122,1,123,0.1016,4.3557704534338215e-05,1036.5176369452474,,,,0,9.471638420671314e-14,1,1972.6013468048795,1972.6013468048793,1.3219916654956733e-13,315.61621548878077,65.490364713922,0.33340741273180724,,,295.474933468578,1972.6013032471749,1893.6970855595048,78.90404523164605,1972.6011307911508,0.00017245602412604828,0.7490565562523498,0.08435239981882924,0.07633172743327855,0.15601382242622436,98.62478850296749,0.96,658.4939276069088,632.1541705026324,26.339757104276405,0.7483948320941126,0.08456385041537512,0.07650689165921551,0.15603058982919285,98.49161710962926,0.96,657.5341066229938,631.2327423580741,26.301364264919727,0.7477322635133116,0.08477640132756119,0.0766815406446839,0.15604781917870303,98.35852785598125,0.96,656.5730965612482,630.3101726987984,26.262923862449917,,,,564.1235762388949,1893.6970855595048,1751.6696430827449,142.0274016567519,1893.6970447394967,4.082000801478887e-05,0.7455503966279172,0.012194694487308167,0.011194367259115639,0.3220491516704408,141.03098234100418,0.9249999348889737,473.42443473747755,437.9175713070159,35.50686343046163,0.7455503966279172,0.012194694487308168,0.011194367259115637,0.322049102074062,141.03092992562267,0.9249999348889599,473.4243316937453,437.9174759915637,35.50685570218155,0.7635797582045083,0.07469768227500137,0.07225840501975649,0.3220490557379555,141.03088095579065,0.9249999348882209,473.42423542393783,437.9173869416482,35.50684848228963,0.7635794512566894,0.07469775792935308,0.07225848846206964,0.32204896306597247,141.03078301647741,0.9249999348881951,473.424042884336,437.9172088425169,35.506834041819104,0.7006680525800363,,,0.101,176.91863395135724,1751.6696430827449,1751.669615283214,2.7799530790879222e-05,54.30175893556509,0.29933194741996366,,,220.93155906564144,0.0004932864172620102,95.0005703982258,3.018260002717032,1036.5176369452474,0.0,0.0,0.0,105.31019191363714
123,1,124,0.1016,4.303252570001554e-05,1103.951235660858,,,,0,9.471720070726541e-14,1,2064.9211656456687,2064.9211656456687,1.321991836101203e-13,330.387386503307,68.55538269943621,0.3334074127668348,,,308.6723780410771,2064.9211226131433,1982.3241197817922,82.59683832424146,2064.920958106034,0.00016450710932906313,0.7644027932869106,0.08518361195095486,0.06983737491639402,0.155710148837706,103.00254614331492,0.96,689.0643911149083,661.5018154703118,27.56257564459639,0.7638311128930803,0.0854154757363205,0.06997919493735279,0.1557122751839402,102.89076451837639,0.96,688.3071972330679,660.7749093437451,27.532287889322692,0.7632591559164815,0.08564787560744176,0.07012098320427179,0.1557146777079392,102.77906737938574,0.96,687.5493697580579,660.0473949677355,27.501974790322382,,,,610.079855402805,1982.3241197817922,1833.6496553877025,148.67442472579268,1982.324080113495,3.966829726107852e-05,0.7804429306774413,0.2432550843292708,0.20836255027974668,0.3327135077074023,152.52005566190783,0.9249999401123427,495.5811937814273,458.41257456862354,37.16861921280377,0.7804429306774413,0.24325508432927076,0.20836255027974668,0.3327134580537489,152.52000115069248,0.9249999401123306,495.58109061869783,458.412479143099,37.16861147559884,0.7970770808765382,0.08810467995672018,0.05460735728469027,0.3327134116641432,152.51995022281847,0.9249999401118199,495.5809942376651,458.4123899903963,37.16860424726876,0.7970767804843252,0.08810477212893308,0.054607442901297286,0.33271331888513656,152.5198483673863,0.9249999401117974,495.58080147570496,458.4122116855836,37.168589790121324,0.7445502211834211,,,0.101,185.19861519415798,1833.6496553877025,1833.6496290088487,2.6378853925669027e-05,56.84313931701878,0.25544977881657893,,,231.27137212971115,0.0003870228177649321,99.4466900157758,3.155039722715746,1103.951235660858,0.0,-0.0,0.0,112.16144554314316
124,1,125,0.1016,4.302070270628468e-05,1103.9515658721332,,,,0,9.471751057378245e-14,1,2064.921668040923,2064.921668040923,1.3219918149955938e-13,330.3874668865477,68.55539937895864,0.33340741276762326,,,308.67245217049776,2064.9216250202203,1982.3246022583307,82.59685842743045,2064.921460685761,0.00016433445938816456,0.7674841140555456,0.07675793365289163,0.07367661288425667,0.1557101484285464,103.00256915305756,0.96,689.0645468556835,661.5019649814562,27.56258187422732,0.7669312502483158,0.07693905412110917,0.07383891676587367,0.15571227468315607,102.89078923133417,0.96,688.3073647687213,660.7750701779725,27.53229459074885,0.7663781482421178,0.07712019850188671,0.07400120617625051,0.1557146771070297,102.77909378610602,0.96,687.5495490613564,660.0475670989022,27.501981962454273,,,,610.0801096283118,1982.3246022583307,1833.6501002032649,148.67446222828715,1982.324562431552,3.982677871492083e-05,0.7804431201371889,0.01119436743501306,0.011194177975265536,0.33271356554613407,152.52011911448702,0.9249999394421389,495.5813141644579,458.4126855907792,37.16862857367872,0.7804431201371889,0.01119436743501306,0.011194177975265536,0.3327135159486592,152.52006466493515,0.9249999394421269,495.58121111844775,458.4125902732201,37.16862084522769,0.7978634033804581,0.0668255979805993,0.0660392754766793,0.3327134696115136,152.52001379463968,0.9249999394415658,495.58111484642455,458.4125012213263,37.16861362509823,0.79786310112762,0.06682568744995344,0.06603936680665856,0.3327133769373167,152.51991205424991,0.9249999394415431,495.58092230222184,458.41232311793937,37.16859918428252,0.7455505482357162,,,0.101,185.19866012052975,1833.6501002032649,1833.650073824413,2.6378851845296738e-05,56.84315310630121,0.25444945176428385,,,231.271429882051,0.00034395279403189846,99.44671484928193,3.1566127447824557,1103.9515658721334,0.0,-0.0,0.0,112.16147909260873
125,1,126,0.1016,4.2612287753934116e-05,1103.9514571632767,,,,0,9.471782547192184e-14,1,2064.921491497584,2064.921491497584,1.3219918311587222e-13,330.38743863961344,68.55539351771979,0.3334074127948631,,,308.6724270420302,2064.9214488852963,1982.3244387406835,82.59685161419512,2064.9212903548787,0.00015853041765197617,0.767512519005701,0.0737668036472922,0.07373839869713678,0.15571014859534385,103.00255977286147,0.96,689.0644833661044,661.5019040314602,27.562579334644187,0.766960578310282,0.07393145977631743,0.07390213171435119,0.15571227485285577,102.89078085682993,0.96,688.3073079957566,660.7750156759264,27.53229231983024,0.7664084088941632,0.07409612387259334,0.07406586322054798,0.15571467727482513,102.77908641233881,0.96,687.5494989930178,660.0475190332971,27.501979959720682,,,,610.0800236579768,1982.3244387406835,1833.6499498046062,148.67444940214855,1982.3243992067546,3.9533928722817796e-05,0.78044305629466,0.20836255010862995,0.20836261395115882,0.33271354604329945,152.52009772325974,0.9249999397368727,495.5812735500905,458.4126481685563,37.16862538153419,0.78044305629466,0.20836255010862995,0.20836261395115882,0.3327134963909549,152.52004321347403,0.9249999397368606,495.58117039008044,458.41255274554726,37.16861764453318,0.7977499729026267,0.06354592741727841,0.06365935789510971,0.33271345000259034,152.51999228695314,0.9249999397363106,495.58107401163886,458.41246359522205,37.16861041641684,0.7977496707019103,0.06354601702605182,0.06365944745176164,0.3327133572261183,152.51989043428986,0.924999939736288,495.5808812549448,458.41228529528047,37.16859595966434,0.780443082456357,,,0.101,185.19864493026523,1833.6499498046062,1833.6499234257717,2.63788345745293e-05,56.843148443942795,0.219556917543643,,,231.27140954139483,0.00036153300449659725,99.44670610279978,3.156385756193857,1103.951457163277,0.0,-0.0,0.0,112.16146804778892
126,1,127,0.1016,4.261228497560018e-05,1103.9514530647757,,,,0,9.471756332294264e-14,1,2064.9214852028595,2064.9214852028595,1.321991815736237e-13,330.38743763245753,68.55539330873493,0.33340741279486324,,,308.6724261092865,2064.9214425905748,1982.3244326977879,82.59685136240788,2064.9212840601954,0.00015853037919812208,0.7675094881389198,0.07373194125743206,0.07373497212421325,0.15571014862447405,103.0025581346798,0.96,689.0644722781192,661.5018933869943,27.5625788911248,0.7669575296916701,0.07389563762953877,0.07389868624815076,0.15571227485911254,102.89078054806353,0.96,688.3073059025483,660.7750136664463,27.532292236101956,0.766405342681659,0.07405933312803621,0.0740623993405403,0.15571467725174623,102.77908742654314,0.96,687.5495058795283,660.0475256443472,27.501980235181115,,,,610.0800204728681,1982.3244326977879,1833.649944231932,148.67444893054432,1982.324393162476,3.9535311785847066e-05,0.7804430535056014,0.011194178143186463,0.011194180932245121,0.33271354522724667,152.52009682798513,0.9249999397460956,495.58127185166825,458.41264660208657,37.168625249581666,0.7804430535056014,0.011194178143186477,0.011194180932245106,0.332713495628492,152.5200423770321,0.9249999397460836,495.58116880299906,458.4125512820678,37.16861752093128,0.7977508270752506,0.06439165494640599,0.06439080077378224,0.33271344929015123,152.51999150542886,0.9249999397455336,495.5810725284891,458.4124622278793,37.16861030060974,0.797750525091192,0.0643917455124681,0.0643908911231863,0.33271335661356377,152.519889762422,0.9249999397455112,495.5808799793199,458.4122841198983,37.168595859421615,0.7804432717481836,,,0.101,185.19864436742515,1833.649944231932,1833.6499178530976,2.637883457450408e-05,56.8431482711899,0.2195567282518164,,,231.27140881938365,0.0003621151960350985,99.44670579233497,3.1563874591776453,1103.9514530647762,0.0,-0.0,0.0,112.16146763138121
127,1,128,0.1016,4.261228687738213e-05,1103.951456221422,,,,0,9.471798222200898e-14,1,2064.921490061453,2064.921490061453,1.3219918294220508e-13,330.38743840983244,68.55539347004023,0.33340741279486313,,,308.672426820566,2064.921447449166,1982.3244373620103,82.59685155675044,2064.9212889187606,0.0001585304055199553,0.7675094128786576,0.07373479099703613,0.07373486625729836,0.15571014865043603,103.00255667467239,0.96,689.0644623961008,661.5018839002568,27.56257849584403,0.766957460485913,0.07389850493140437,0.07389857413716146,0.15571227485425299,102.89078078787968,0.96,688.3073075283247,660.7750152271917,27.532292301132983,0.7664052794726975,0.07406221774412687,0.0740622809530884,0.15571467720779417,102.77908935801392,0.96,687.5495189943351,660.0475382345618,27.50198075977342,,,,610.0800229316816,1982.3244373620103,1833.6499485338866,148.67444929455453,1982.3243978284413,3.953356881351739e-05,0.7804430557422287,0.20836261378715762,0.20836261155053026,0.33271354587562113,152.52009753931893,0.9249999397390023,495.5812732010324,458.41264784673297,37.16862535429941,0.7804430557422287,0.20836261378715762,0.20836261155053026,0.3327134962245577,152.52004303093966,0.9249999397389902,495.58117004368404,458.41255242618604,37.16861761749802,0.7977727939779634,0.06400742018760376,0.06398545328489091,0.3327134498373893,152.5199921057319,0.9249999397384391,495.581073667728,458.4124632781593,37.168610389568705,0.7977724917288287,0.06400750967281349,0.06398554303517683,0.332713357063306,152.5198902556911,0.9249999397384165,495.5808809159969,458.41228498280844,37.168595933188406,0.7804432080696561,,,0.101,185.19864480192257,1833.6499485338866,1833.649922155052,2.6378834574512682e-05,56.84314840455048,0.21955679193034408,,,231.27140937599535,0.0003616672517429678,99.446706031678,3.156431397191249,1103.951456221422,0.0,-0.0,0.0,112.16146795209646
128,1,129,0.1016,4.2612285771593555e-05,1103.9514531361503,,,,0,9.471756791205309e-14,1,2064.9214853285002,2064.9214853285002,1.3219918132882582e-13,330.3874376525601,68.55539331290622,0.3334074127948632,,,308.67242611591587,2064.9214427162146,1982.3244328183914,82.59685136743305,2064.9212841858243,0.00015853039021515957,0.7675094048034141,0.07373486466704512,0.07373487274228864,0.15571014869094116,103.00255439681492,0.96,689.0644469784878,661.5018690993483,27.5625778791395,0.7669574625301302,0.07389857902613954,0.07389857698192227,0.15571227485894673,102.89078055624822,0.96,688.3073059580342,660.7750137197128,27.532292238321414,0.7664052916102831,0.07406229230384025,0.07406228016625464,0.15571467716672388,102.77909116285272,0.96,687.5495312493026,660.0475499993304,27.501981249972136,,,,610.0800205364684,1982.3244328183914,1833.6499443432153,148.6744489399091,1982.3243932831247,3.9535266746170915e-05,0.7804430535628658,0.011194181092334776,0.011194183271697683,0.3327135452438903,152.52009684624645,0.924999939745936,495.58127188629896,458.4126466340409,37.16862525225809,0.7804430535628658,0.011194181092334792,0.011194183271697668,0.3327134956438576,152.52004239389026,0.924999939745924,495.5811688349743,458.4125513115658,37.168617523408514,0.7977464211054475,0.0643006347286731,0.064327007601189,0.33271344930432356,152.51999152097707,0.9249999397453742,495.5810725579852,458.4124622550843,37.16861030290094,0.7977461191249707,0.06430072531092149,0.06432709791477947,0.3327133566253537,152.51988977535467,0.9249999397453518,495.58088000386607,458.41228414252447,37.168595861341565,0.7804432051205076,,,0.101,185.19864437866477,1833.6499443432153,1833.6499179643806,2.637883457451287e-05,56.843148274639674,0.2195567948794924,,,231.27140883372937,0.0003621051012784101,99.44670579850363,3.1563786473561497,1103.9514531361503,0.0,-0.0,0.0,112.16146763863287
129,1,130,0.1016,4.261228579443917e-05,1103.9514561440144,,,,0,9.471798900948975e-14,1,2064.921489961472,2064.921489961472,1.3219918131749402e-13,330.3874383938355,68.55539346672087,0.33340741279486324,,,308.6724267916378,2064.921447349186,1982.324437266044,82.59685155275193,2064.921288818796,0.00015853039053135757,0.7675093934311152,0.07373486524132565,0.0737348766136245,0.15571014872985822,103.0025522082685,0.96,689.0644321653735,661.5018548787585,27.562577286614978,0.7669574630758816,0.07389857723639183,0.07389857669064034,0.15571227485430483,102.89078078532016,0.96,688.3073075109731,660.7750152105341,27.53229230043899,0.7664053040452854,0.07406228816019954,0.07406227572519722,0.15571467710675835,102.77909379804916,0.96,687.5495491424492,660.0475671767513,27.50198196569796,,,,610.0800228811155,1982.324437266044,1833.649948445426,148.67444928700758,1982.3243977324335,3.9533610603621514e-05,0.7804430556946454,0.20836261139436035,0.20836260926258074,0.33271354586194046,152.52009752431147,0.924999939739177,495.5812731725528,458.41264782047597,37.16862535207686,0.7804430556946454,0.20836261139436035,0.20836260926258074,0.3327134962121578,152.52004301733825,0.924999939739165,495.5811700178654,458.41255240239036,37.16861761547505,0.7977736635270728,0.06402515188486864,0.0639979094632433,0.3327134498261849,152.51999209344297,0.9249999397386137,495.58107364439326,458.4124632566613,37.16861038773198,0.797773361282814,0.06402524137319916,0.06399799921535598,0.3327133570544888,152.5198902460229,0.9249999397385913,495.58088089762185,458.41228496589815,37.16859593172367,0.7804432075133049,,,0.101,185.19864479298803,1833.649948445426,1833.6499220665912,2.6378834574512746e-05,56.84314840180821,0.21955679248669513,,,231.2714093644906,0.0003616782728646567,99.44670602673096,3.156433136199178,1103.9514561440142,0.0,-0.0,0.0,112.16146794423186
130,1,131,0.1016,4.261228622034856e-05,1103.9514532139847,,,,0,9.471756748711044e-14,1,2064.921485470203,2064.921485470203,1.3219918136087882e-13,330.38743767523255,68.55539331761075,0.33340741279486313,,,308.67242612034704,2064.921442857917,1982.32443295442,82.59685137310102,2064.9212843275204,0.0001585303964262052,0.7675093793502815,0.07373486763071638,0.0737348817115501,0.15571014878295125,103.002549222529,0.96,689.06441195648,661.5018354782206,27.56257647825927,0.7669574626654432,0.07389857670481581,0.0738985771152543,0.1557122748587506,102.8907805659251,0.96,688.3073060236363,660.7750137826908,27.532292240945512,0.7664053172723445,0.07406228471793455,0.07406227149087553,0.1557146770490993,102.77909633189292,0.96,687.5495663474044,660.0475836935082,27.50198265389624,,,,610.0800206082043,1982.32443295442,1833.6499444687358,148.6744489504596,1982.3243934191953,3.953522447506368e-05,0.7804430536262023,0.011194183423956002,0.011194185492399198,0.3327135452623875,152.52009686654162,0.9249999397457619,495.5812719247853,458.4126466695544,37.16862525523085,0.7804430536262023,0.011194183423956004,0.011194185492399197,0.3327134956610765,152.52004241278215,0.9249999397457498,495.58116887080496,458.4125513446229,37.168617526182096,0.7977462523255946,0.06429715329885001,0.06432456450032821,0.3327134493203494,152.51999153855917,0.9249999397452001,495.58107259133703,458.4124622858484,37.16861030548864,0.7977459503386094,0.06429724387477737,0.064324654818982,0.33271335663899715,152.51988979032134,0.9249999397451776,495.58088003226817,458.41228416871013,37.16859586355802,0.7804432051816836,,,0.101,185.19864439134233,1833.6499444687358,1833.6499180899011,2.6378834574512872e-05,56.84314827853081,0.21955679481831636,,,231.27140884990604,0.00036209409115374436,99.4467058054596,3.1563783099166085,1103.951453213985,0.0,-0.0,0.0,112.16146764654084
131,1,132,0.1016,4.261228612388831e-05,1103.9514560671096,,,,0,9.47179706183919e-14,1,2064.921489868441,2064.921489868441,1.3219918131623113e-13,330.38743837895055,68.55539346363224,0.3334074127948632,,,308.6724267591519,2064.921447256155,1982.3244371767291,82.59685154903035,2064.9212887257595,0.00015853039509113642,0.7675093642933919,0.07373487145999182,0.07373488651688144,0.15571014883489734,103.00254630130188,0.96,689.0643921842355,661.5018164968661,27.562575687369392,0.7669574630847072,0.07389857711281668,0.07389857669355261,0.1557122748543353,102.89078078381456,0.96,688.3073075007663,660.7750152007358,27.532292300030658,0.7664053331305669,0.07406228171654176,0.07406226585831936,0.1557146769730471,102.7790996740355,0.96,687.5495890407577,660.0476054791274,27.501983561630293,,,,610.0800228340626,1982.3244371767291,1833.6499483631142,148.67444927996164,1982.3243976430758,3.953365342984832e-05,0.7804430556496811,0.208362609114242,0.2083626070907631,0.33271354584906,152.52009751018238,0.9249999397393506,495.58127314573613,458.4126477957565,37.16862534997958,0.7804430556496811,0.208362609114242,0.2083626070907631,0.33271349620055796,152.52004300461516,0.9249999397393386,495.5811699937095,458.4125523801322,37.16861761357735,0.7977736968315966,0.06402583059312607,0.06399838608712416,0.3327134498157805,152.51999208203225,0.9249999397387874,495.5810736227211,458.41246323670055,37.168610386020546,0.7977733945941723,0.06402592008826768,0.06399847583270481,0.3327133570464714,152.51989023723274,0.9249999397387648,495.580880880909,458.41228495052485,37.16859593038417,0.7804432074618021,,,0.101,185.19864478467454,1833.6499483631142,1833.6499219842797,2.637883457451275e-05,56.84314839925654,0.21955679253819801,,,231.27140935376622,0.00036168922054593823,99.44670602211947,3.156433202725131,1103.9514560671098,0.0,-0.0,0.0,112.16146793641833
132,1,133,0.1016,4.261228694658684e-05,1103.9514532918981,,,,0,9.471757103529135e-14,1,2064.921485618204,2064.921485618204,1.3219918132711946e-13,330.38743769891266,68.55539332252438,0.3334074127948631,,,308.67242612111374,2064.921443005917,1982.32443309649,82.59685137902045,2064.92128447551,0.00015853040647779076,0.7675093466639162,0.07373487502864641,0.07373489265812212,0.15571014890065452,103.0025426034096,0.96,689.0643671551538,661.5017924689475,27.56257468620623,0.7669574626997606,0.07389857671159569,0.07389857709654239,0.1557122748585336,102.89078057663747,0.96,688.3073060962582,660.7750138524078,27.532292243850314,0.7664053499487973,0.07406227735909524,0.07406226054086479,0.15571467689870444,102.7791029410667,0.96,687.5496112240986,660.0476267751346,27.50198444896391,,,,610.0800206831321,1982.32443309649,1833.649944599844,148.67444896146364,1982.3243935613077,3.953518240404224e-05,0.7804430536919175,0.01119418563682609,0.01119418759458974,0.3327135452816117,152.52009688763488,0.9249999397455875,495.5812719647821,458.41264670646507,37.168625258317014,0.7804430536919175,0.011194185636826089,0.011194187594589742,0.3327134956790225,152.52004243247217,0.9249999397455755,495.5811689081461,458.412551379077,37.16861752906908,0.7977462456471984,0.0642970208152696,0.06432447199966772,0.3327134493371021,152.51999155693923,0.9249999397450258,495.5810726261991,458.41246231800943,37.16861030818969,0.7977459436533294,0.06429711138431214,0.06432456232515493,0.33271335665336743,152.51988980608587,0.9249999397450033,495.58088006218037,458.41228419629255,37.16859586588782,0.7804432052489318,,,0.101,185.19864440458426,1833.649944599844,1833.6499182210096,2.6378834574512865e-05,56.84314828259517,0.2195567947510681,,,231.27140886678816,0.00036208306799758035,99.4467058127189,3.1563782966843625,1103.9514532918984,0.0,-0.0,0.0,112.16146765445684
133,1,134,0.1016,4.261228615442684e-05,1103.9514559900351,,,,0,9.471794752128795e-14,1,2064.921489781336,2064.921489781336,1.3219918154834953e-13,330.3874383650137,68.55539346074033,0.33340741279486313,,,308.6724267229333,2064.9214471690493,1982.3244370931077,82.59685154554617,2064.921288638654,0.00015853039551380838,0.7675093280271456,0.07373487988981674,0.07373489852658739,0.15571014896571544,103.00253894469176,0.96,689.0643423912215,661.5017686955727,27.562573695648826,0.7669574631252212,0.07389857709508875,0.0738985766696281,0.15571227485434497,102.89078078334096,0.96,688.3073074975555,660.7750151976533,27.53229229990227,0.7664053693907295,0.07406227328015519,0.07406225383822308,0.15571467680645798,102.77910699490062,0.96,687.5496387498769,660.0476531998818,27.501985549995076,,,,610.0800227900182,1982.3244370931077,1833.6499482860695,148.67444927334202,1982.3243975594116,3.953369601570225e-05,0.780443055606959,0.20836260695025544,0.20836260503521387,0.3327135458368648,152.5200974968057,0.9249999397395245,495.58127312034316,458.41264777235426,37.168625347988865,0.780443055606959,0.2083626069502554,0.2083626050352139,0.3327134961896433,152.5200429926443,0.9249999397395124,495.5811699709771,458.4125523591909,37.16861761178622,0.7977736994364184,0.0640258527093284,0.06399839892010842,0.33271344980606127,152.5199920713737,0.9249999397389612,495.5810736024722,458.4124632180565,37.16861038441569,0.7977733972059103,0.06402594221132879,0.06399848865874781,0.3327133570391389,152.51989022919443,0.9249999397389388,495.580880865619,458.41228493646776,37.168595929151245,0.7804432074129185,,,0.101,185.19864477689305,1833.6499482860695,1833.6499219072348,2.6378834574512753e-05,56.84314839686815,0.21955679258708152,,,231.27140934370505,0.0003617001905818739,99.44670601779316,3.1564332078562467,1103.9514559900351,0.0,-0.0,0.0,112.16146792858757
134,1,135,0.1016,4.2612286663722604e-05,1103.9514533624786,,,,0,9.471757980388419e-14,1,2064.921485761131,2064.921485761131,1.32199181546207e-13,330.38743772178094,68.55539332726954,0.33340741279486313,,,308.67242611651005,2064.921443148844,1982.3244332337038,82.59685138473765,2064.9212846184414,0.0001585304025627753,0.7675093076669806,0.07373488457628993,0.07373490493645492,0.15571014904424185,103.00253452875671,0.96,689.0643125020837,661.5017400020004,27.562572500083345,0.7669574636087289,0.07389857675378829,0.07389857627028072,0.15571227485830622,102.89078058785744,0.96,688.3073061723212,660.7750139254284,27.532292246892833,0.7664053906677802,0.0740622679281175,0.07406224665106666,0.15571467671532324,102.77911099989593,0.96,687.5496659440365,660.0476793062751,27.501986637761473,,,,610.0800207555116,1982.3244332337038,1833.6499447264964,148.67444897207136,1982.3243936985677,3.9535136109337864e-05,0.7804430537557618,0.011194187731185327,0.011194189582382583,0.3327135453002633,152.52009690810073,0.9249999397454295,495.5812720035842,458.41264674227875,37.1686252613055,0.7804430537557618,0.011194187731185325,0.011194189582382583,0.3327134956963908,152.52004245152912,0.9249999397454175,495.5811689442819,458.4125514124243,37.168617531857585,0.7977462384947228,0.06429703541205978,0.0643244963537554,0.3327134493532724,152.51999157468094,0.9249999397448678,495.5810726598458,458.41246234905435,37.168610310791465,0.7977459364938715,0.06429712597440686,0.06432458668644572,0.332713356667145,152.51988982120076,0.9249999397448453,495.5808800908559,458.41228422273906,37.16859586811682,0.7804432053185592,,,0.101,185.19864441737616,1833.6499447264964,1833.649918347662,2.6378834574512858e-05,56.84314828652139,0.21955679468144076,,,231.27140888306653,0.0003620730807359742,99.4467058197186,3.1563782825001176,1103.9514533624786,0.0,-0.0,0.0,112.16146766162781
135,1,136,0.1016,4.261228637797031e-05,1103.951454956499,,,,0,9.471792451885383e-14,1,2064.9214882293672,2064.9214882293672,1.3219918355660494e-13,330.3874381166988,68.555393409215,0.3334074127948632,,,308.6724264659914,2064.921445617081,1982.3244356032155,82.5968514834673,2064.9212870866822,0.00015853039860778774,0.767509271289355,0.07373489138562142,0.07373492776324704,0.15571014912380246,103.00253005468882,0.96,689.0642822194735,661.5017109306946,27.56257128877893,0.7669574497104901,0.07389857801669186,0.07389859191493062,0.15571227485579842,102.89078071161478,0.96,688.3073070113049,660.7750147308527,27.53229228045219,0.7664053991949324,0.07406226366316733,0.07406225513601516,0.1557146766083787,102.77911569968775,0.96,687.5496978559044,660.0477099416681,27.50198791423619,,,,610.0800220051832,1982.3244356032155,1833.6499469129385,148.67444915701722,1982.3243960699558,3.9533259569756384e-05,0.7804430550154327,0.2083626049025373,0.20836260364286646,0.33271354565687117,152.52009729935796,0.9249999397418528,495.5812727456345,458.4126474269027,37.16862531873184,0.7804430550154327,0.2083626049025373,0.20836260364286646,0.3327134960103209,152.52004279593342,0.9249999397418408,495.58116959766295,458.41255201502923,37.16861758263373,0.7977737343673992,0.06402575351541397,0.06399825764273763,0.3327134496273649,152.51999187535017,0.9249999397412896,495.5810732304588,458.412462875098,37.168610355360784,0.7977734321400286,0.06402584302321218,0.063998347377055,0.33271335686169107,152.51989003454162,0.9249999397412672,495.58088049619954,458.41228459590866,37.16859590029085,0.7804432073662774,,,0.101,185.19864463820682,1833.6499469129385,1833.649920534104,2.63788345745127e-05,56.84314835430109,0.21955679263372263,,,231.27140916486516,0.0003618471176480938,99.44670594089202,3.156433276538293,1103.951454956499,0.0,-0.0,0.0,112.1614678235803
136,1,137,0.1016,4.261228551050079e-05,1103.951319753891,,,,0,9.471759248522688e-14,1,2064.9212837068008,2064.9212837068008,1.3219918156947548e-13,330.38740539308816,68.55538661906579,0.33340741279486324,,,308.67239628133626,2064.9212410945156,1982.3242392615632,82.59684330256515,2064.921082564129,0.0001585303866014546,0.7675082641010965,0.07373487177638997,0.07373587896464837,0.15571014939115366,103.0025150204374,0.96,689.0641804605272,661.5016132421061,27.562567218421066,0.7669564693981546,0.07389855205225922,0.07389953236459462,0.15571227505952617,102.89077065796407,0.96,688.3072388549562,660.7749493007578,27.532289554198297,0.7664044456721023,0.074062231364977,0.07406318488780718,0.15571467672435652,102.77911060293482,0.96,687.5496632486453,660.0476767186994,27.501986529945793,,,,610.0799185231102,1982.3242392615632,1833.649765844745,148.67443393458467,1982.3241997793298,3.9482233621786446e-05,0.7804429774263522,0.011194189711132077,0.01119426730021253,0.33271352200831467,152.52007135403915,0.9249999399943937,495.58122353143324,458.41260202892397,37.16862150250929,0.7804429774263522,0.011194189711132079,0.01119426730021253,0.3327134724022495,152.52001689506483,0.9249999399943817,495.5811204675753,458.4125066948556,37.16861377271973,0.797745977647801,0.06429754819988316,0.06432530491948134,0.33271342605708687,152.51996601597682,0.9249999399938365,495.5810241788905,458.4124176275577,37.168606551332765,0.7977456756351083,0.06429763875556527,0.06432539526048563,0.3327133333668827,152.51986425802937,0.924999939993814,495.5808316014306,458.4122394934077,37.16859210802287,0.7804432053863307,,,0.101,185.19862635031924,1833.649765844745,1833.6497394659104,2.6378834574504395e-05,56.843142741187094,0.2195567946136694,,,231.27138571050367,0.00037859912528562706,99.44669585551657,3.1563776081356134,1103.951319753891,0.0,-0.0,0.0,112.16145408699533
137,1,138,0.13994,4.261228563225197e-05,1103.9325839728808,,,,0,9.471790285248283e-14,1,2064.896149177166,2064.896149177166,1.3219918377690322e-13,330.3833838683466,68.55455215268192,0.33340741279486324,,,308.6686887220817,2064.8961065648805,1982.3001101131126,82.59583792137974,2064.8959480344924,0.0001585303882840693,0.7675035147857386,0.07373369964166972,0.0737384489570276,0.15571017157023928,103.00126877793302,0.96,689.0557452242442,661.4935154152744,27.562229808969846,0.7669517606648982,0.0738973770692694,0.07390208580252577,0.15571230011953882,102.88953483048041,0.96,688.2988607802465,660.7669063490366,27.531954431209837,0.7663997773132575,0.07406105351763849,0.07406572187648322,0.15571470462748102,102.77788511366826,0.96,687.5413420300018,660.0396883488017,27.50165368120005,,,,610.0671683571904,1982.3001101131126,1833.6274455889068,148.67262496655277,1982.3000705554596,3.9557653157036196e-05,0.780433478034622,0.208362603516173,0.20837210290790312,0.33271061858613893,152.51688388482881,0.924999939628557,495.57519136400066,458.40702209311115,37.16816927088951,0.780433478034622,0.20836260351617297,0.20837210290790315,0.3327105689404537,152.5168293829125,0.9249999396285449,495.57508821782625,458.40692668290006,37.16816153492618,0.7977642728041844,0.06402303590037103,0.06400474074398767,0.3327105225583013,152.51677846373317,0.9249999396279917,495.5749918522923,458.4068375445129,37.16815430777946,0.797763970580099,0.06402312541637133,0.06400483047138063,0.33271042979421933,152.51667662571592,0.9249999396279691,495.5747991213405,458.4066592683829,37.16813985295761,0.780443206772695,,,0.101,185.1963720044796,1833.6274455889068,1833.6274192100723,2.6378834573447284e-05,56.842450813256114,0.21955679322730506,,,231.268571436706,0.0003548891291386582,99.44548571778357,3.1563951994535273,1103.9325839728808,0.0,-0.0,0.0,154.48432580116494
138,1,139,0.13994,4.261228837417438e-05,1103.922837560549,,,,0,9.471760737693284e-14,1,2064.8830556572343,2064.8830556572343,1.3219918423088548e-13,330.3812889051575,68.55411744782019,0.333407412794863,,,308.6667573335725,2064.883013044946,1982.2875403339388,82.59531418058079,2064.8828545145197,0.00015853042623266585,0.7675001947004257,0.07373518325300042,0.07373850333831337,0.15571018318021113,103.00061718343694,0.96,689.0513348242913,661.4892814313197,27.562053392971652,0.7669484765748662,0.07389884799186425,0.07390213208189635,0.15571231318753345,102.88889105010347,0.96,688.2944963261375,660.762716473092,27.531779853045514,0.7663965290696959,0.07406251182850358,0.07406576007206517,0.15571471912209295,102.77724910003205,0.96,687.5370233640908,660.0355424295271,27.501480934563624,,,,610.060526586361,1982.2875403339388,1833.6158185804259,148.6716821981533,1982.2875007785792,3.9555359649123115e-05,0.7804285290106473,0.011194267420187478,0.011199216444162167,0.3327091060223311,152.51522337080314,0.9249999396458969,495.5720487857285,458.4041152169923,37.167933568736174,0.7804285290106473,0.011194267420187459,0.011199216444162186,0.3327090564149853,152.51516891126496,0.9249999396458849,495.5719457192099,458.4040198804629,37.167925838747,0.7977318114970666,0.06429749646787185,0.06432995777498958,0.33270901006862486,152.51511803164823,0.9249999396453333,495.5718494280385,458.4039308108618,37.16791861717664,0.7977315094756181,0.06429758701763286,0.06433004812211371,0.3327089173760256,152.51501627264466,0.9249999396453108,495.5716568456022,458.40375267210874,37.16790417349348,0.7804431290636396,,,0.101,185.19519767662305,1833.6158185804259,1833.6157922015914,2.637883457290713e-05,56.8420903759932,0.21955687093636048,,,231.26710492521684,0.0003559639924788983,99.44485511784325,3.1563203789939793,1103.9228375605492,0.0,-0.0,0.0,154.48296188822323
139,1,140,0.13994,4.26123979112726e-05,1103.9198710933717,,,,0,9.471788285694566e-14,1,2064.87907062657,2064.87907062657,1.3219918406438615e-13,330.3806513002512,68.55398514480211,0.3334074127948557,,,308.66616950266297,2064.879028014172,1982.2837147029404,82.5951547792893,2064.8788694822297,0.0001585319423042063,0.7674991496151948,0.0737370145924822,0.07373805967771306,0.1557101867910981,103.00041463468315,0.96,689.0499638390264,661.4879652854653,27.561998553561082,0.7669474633863738,0.07390066635858025,0.07390167954707269,0.1557123171665607,102.8886951179093,0.96,688.2931680126045,660.7614412921002,27.531726720504235,0.7663955476845866,0.07406431729894838,0.07406529868405766,0.15571472343908493,102.77705975007049,0.96,687.5357376305988,660.0343081253748,27.501429505223985,,,,610.0585051597735,1982.2837147029404,1833.6122798811007,148.6713952695815,1982.2836751506825,3.955225790636589e-05,0.7804270231378951,0.2083721027905905,0.20837360866334256,0.3327086457525468,152.51471808170263,0.9249999396490498,495.57109250686767,458.40323066066634,37.167861846201376,0.7804270231378951,0.2083721027905905,0.20837360866334256,0.3327085961085563,152.51466358202322,0.9249999396490378,495.5709893642143,458.40313525371215,37.167854110502134,0.7977577744720767,0.06402930115758147,0.06400333818257124,0.33270854972798936,152.5146126649361,0.9249999396484849,495.57089300197424,458.40304611837195,37.16784688360227,0.7977574722571438,0.06402939068166093,0.06400342790013526,0.33270845696708584,152.51451083111158,0.9249999396484624,495.5707002776261,458.40286784835035,37.1678324292757,0.780433629789222,,,0.101,185.1948402679912,1833.6122798811007,1833.6122535022662,2.6378834573991747e-05,56.841980676314115,0.219566370210778,,,231.26665859236132,0.0003561629440973705,99.44466319471537,3.1563692930050107,1103.919871093372,0.0,-0.0,0.0,154.48254676080646
140,1,141,0.13994,4.261245455358413e-05,1103.9228375445696,,,,0,9.471762309479691e-14,1,2064.8830556922326,2064.8830556922326,1.3219918401779804e-13,330.3812889107573,68.55411744898213,0.3334074127948519,,,308.66675729821577,2064.8830130797783,1982.2875403651694,82.59531418188205,2064.882854547052,0.0001585327262831018,0.7675001308787383,0.07373803771621759,0.07373705645267416,0.15571018340545828,103.00060454697515,0.96,689.051249292391,661.4891993206954,27.56204997169562,0.7669484759607679,0.07390167954367162,0.07390066696927747,0.15571231318736256,102.88889105852091,0.96,688.294496383203,660.7627165278749,27.531779855328132,0.766396591510105,0.07406532059332117,0.07406427676780285,0.155714718835021,102.7772616927197,0.96,687.5371088714575,660.0356245165992,27.501484354858295,,,,610.060526602826,1982.2875403651694,1833.6158186092496,148.6716822004903,1982.2875008097396,3.9555429914392704e-05,0.7804285290256663,0.01119921655756288,0.011197710669791772,0.33270910602668585,152.51522337558384,0.924999939645897,495.5720487947761,458.40411522536135,37.16793356941471,0.7804285290256663,0.01119921655756288,0.011197710669791772,0.3327090564189799,152.51516891565018,0.9249999396458849,495.57194572750905,458.4040198881396,37.16792583936943,0.7977318132546237,0.06430200435100222,0.06432796556845523,0.3327090100722836,152.51511803566478,0.9249999396453333,495.57184943564,458.40393081789324,37.16791861774677,0.7977315112317767,0.06430209489438994,0.06432805591975711,0.33270891737901565,152.51501627592722,0.9249999396453109,495.57165685181457,458.4037526778552,37.167904173959364,0.7804286806518467,,,0.101,185.1951976795342,1833.6158186092496,1833.6157922304149,2.6378834574811884e-05,56.84209037688673,0.21957131934815338,,,231.26710492909152,0.00035596399365842935,99.44485511950936,3.156320382537733,1103.9228375445696,0.0,-0.0,0.0,154.48296188598707
141,1,142,0.13994,4.2612472723767206e-05,1103.932570928511,,,,0,9.471786461917876e-14,1,2064.8961317674193,2064.8961317674193,1.3219918404360278e-13,330.3833810827871,68.55455157467831,0.3334074127948507,,,308.6686860700771,2064.8960891549464,1982.3000933970902,82.59583722487874,2064.895930621969,0.00015853297777662252,0.7675033796522142,0.07373849804568039,0.0737352492722045,0.1557101720538494,103.0012416254577,0.96,689.0555614400866,661.4933389824832,27.56222245760347,0.7669517578421028,0.07390213126278436,0.07389884938144942,0.1557123001366255,102.88953398842945,0.96,688.2988550716599,660.7669008687935,27.531954202866366,0.7663999064791188,0.07406576374094828,0.07406244877193441,0.15571470405011878,102.77791045619001,0.96,687.5415141102222,660.0398535458133,27.5016605644089,,,,610.0671595243945,1982.3000933970902,1833.6274301263597,148.67262371275666,1982.3000538391166,3.955797374328195e-05,0.7804334714260261,0.2083736085551131,0.20836866615475322,0.3327106165686649,152.51688167001217,0.924999939628592,495.57518717239196,458.4070182158907,37.168168956501276,0.7804334714260261,0.2083736085551131,0.2083686661547532,0.33271056692656026,152.51682717202704,0.9249999396285798,495.5750840336567,458.4069228125608,37.168161221095865,0.7977642629324737,0.06403130577934675,0.06399885610149682,0.3327105205477514,152.51677625651865,0.9249999396280266,495.5749876750695,458.40683368059933,37.168153994470174,0.7977639607284215,0.06403139530885918,0.06399894581221438,0.3327104277903504,152.5166744258366,0.9249999396280041,495.5747949579984,458.406655417309,37.16813954068936,0.780427174887324,,,0.101,185.19637044276234,1833.6274301263597,1833.6274037475252,2.637883457556051e-05,56.84245033391715,0.21957282511267598,,,231.2685694869166,0.00035489127696429257,99.44548487937413,3.1563951665129477,1103.9325709285108,0.0,-0.0,0.0,154.48432397573583
142,1,143,0.1016,4.261245593231416e-05,1103.9513200005165,,,,0,9.471763866051448e-14,1,2064.921284261273,2064.921284261273,1.3219918132718512e-13,330.3874054818036,68.55538663747426,0.3334074127948518,,,308.6723962255808,2064.9212416488167,1982.3242397914287,82.596843324643,2064.9210831160713,0.00015853274536978441,0.7675080537832931,0.07373846211999223,0.07373378798891332,0.15571015015839643,103.0024718768562,0.96,689.0638884441761,661.501332906409,27.56255553776711,0.7669564689418107,0.07390208726383712,0.07389737616412927,0.15571227505850596,102.89077070830925,0.96,688.3072391962594,660.774949628409,27.532289567850412,0.7664046545574287,0.07406571170374396,0.07406096362543411,0.15571467574504952,102.77915364041537,0.96,687.5499554756361,660.0479572566106,27.501998219025474,,,,610.0799188027337,1982.3242397914287,1833.6497663341174,148.6744339750836,1982.324200309201,3.9482227597644676e-05,0.7804429776572118,0.011197710776916161,0.01118820454573055,0.3327135220769142,152.5200714293243,0.9249999399940111,495.58122367408134,458.4126021606838,37.16862151339756,0.7804429776572118,0.011197710776916161,0.01118820454573055,0.3327134724679367,152.52001696715277,0.924999939993999,495.5811206041727,458.41250682101855,37.168613783154164,0.7977459801099057,0.06430340210489063,0.06432168492745854,0.33271342612005594,152.51996608508068,0.9249999399934538,495.5810243098405,458.4124177484968,37.168606561343665,0.7977456780821158,0.06430349264001689,0.06432177528632249,0.33271333342442533,152.51986432117596,0.9249999399934313,495.58083172110645,458.41223960391824,37.16859211718821,0.7804286806679708,,,0.101,185.19862639974588,1833.6497663341174,1833.649739955283,2.6378834576420285e-05,56.84314275635764,0.21957131933202928,,,231.27138577324484,0.0003785724559988228,99.44669588249528,3.156377613506445,1103.9513200005165,0.0,-0.0,0.0,112.16145411205247
143,1,144,0.1016,4.2612397109234965e-05,1103.9514546472153,,,,0,9.471784814611176e-14,1,2064.921487993645,2064.921487993645,1.3219918296658454e-13,330.3874380789832,68.55539340138901,0.33340741279485575,,,308.6724262538735,2064.921445381248,1982.3244353753437,82.5968514739728,2064.9212868493164,0.00015853193120756798,0.7675089962202533,0.07373591770480875,0.07373497526784853,0.15571015011523154,103.00247430406105,0.96,689.0639048726604,661.5013486777539,27.56255619490649,0.7669574498681742,0.07389953292437595,0.07389855199801251,0.1557122748554263,102.8907807299749,0.96,688.3073071357734,660.7750148503424,27.53229228543096,0.7664056739003956,0.07406314742179124,0.0740621280788243,0.15571467534504577,102.7791712198375,0.96,687.5500748408828,660.0480718472473,27.50200299363535,,,,610.0800218852883,1982.3244353753437,1833.6499467032863,148.67444913852827,1982.3243958418143,3.9533529278095245e-05,0.780443054881831,0.2083686660534117,0.2083685888287925,0.3327135456198828,152.52009725879714,0.9249999397425481,495.5812726685631,458.4126473559562,37.16862531260688,0.780443054881831,0.2083686660534117,0.2083685888287925,0.33271349597906313,152.52004276166383,0.9249999397425361,495.58116953249765,458.41255195509586,37.168617577401776,0.7977737349641654,0.06402667335902668,0.06399891850476706,0.33271344960145677,152.51999184695362,0.9249999397419849,495.5810731764082,458.4124628254458,37.16861035096238,0.7977734327680898,0.06402676289514002,0.06399900820916603,0.3327133568464664,152.51989001787373,0.9249999397419625,495.58088046434557,458.41228456678834,37.16859589755723,0.7804336231696721,,,0.101,185.19864461703193,1833.6499467032863,1833.6499203244516,2.637883457577675e-05,56.84314834780187,0.21956637683032784,,,231.27140913726217,0.0003618910215098901,99.44670592902273,3.156433277495917,1103.9514546472153,0.0,-0.0,0.0,112.16146779215707
144,1,145,0.1016,4.26122861769646e-05,1103.951453749987,,,,0,9.471765343976129e-14,1,2064.9214866481243,2064.9214866481243,1.321991815449418e-13,330.3874378636999,68.55539335671772,0.3334074127948632,,,308.6724260302407,2064.9214440358382,1982.3244340852245,82.59685142021769,2064.9212855054425,0.00015853039582574305,0.767508970550935,0.07373498755455742,0.07373501322387566,0.1557101502586132,103.00246624165548,0.96,689.0638503024331,661.5012962903357,27.562554012097365,0.7669574639185576,0.07389859193012692,0.07389857787974348,0.1557122748566733,102.89078066843986,0.96,688.3073067186107,660.7750144498663,27.532292268744396,0.7664057275708047,0.07406219559938877,0.07406214192897964,0.15571467516528387,102.77917912014532,0.96,687.5501284843984,660.0481233450225,27.502005139375925,,,,610.0800212047503,1982.3244340852245,1833.6499455126298,148.674449037672,1982.3243945503016,3.9534922974011406e-05,0.7804430541398869,0.011188204643173416,0.01118820538511757,0.3327135454133648,152.52009703220924,0.9249999397445616,495.58127223884696,458.41264695946666,37.16862527938031,0.7804430541398869,0.011188204643173418,0.01118820538511757,0.3327134958031051,152.5200425686256,0.9249999397445495,495.5811691662744,458.4125516173372,37.16861754893718,0.7977462381178273,0.06429687638388377,0.0643243732302219,0.33271344945402476,152.51999168523216,0.9249999397439999,495.5810728694514,458.4124625425094,37.168610326942066,0.7977459360825956,0.06429696691157684,0.06432446359707109,0.33271335675599323,152.5198899186833,0.9249999397439773,495.58088027572893,458.4122843933165,37.16859588241244,0.780443129303415,,,0.101,185.19864449677561,1833.6499455126298,1833.649919133795,2.6378834574522918e-05,56.843148310891515,0.2195568706965851,,,231.27140898393353,0.00036201822030732666,99.44670586309142,3.1563782824801967,1103.951453749987,0.0,-0.0,0.0,112.16146770099867
145,1,146,0.1016,4.2612287650903996e-05,1103.951455527925,,,,0,9.471783340009628e-14,1,2064.9214894164106,2064.9214894164106,1.3219918090669615e-13,330.3874383066257,68.55539344862484,0.333407412794863,,,308.6724264119142,2064.9214468041228,1982.3244367427587,82.5968515309484,2064.9212882737065,0.00015853041622597587,0.7675089285404303,0.073734983023551,0.07373502503405581,0.1557101504055196,103.0024579811401,0.96,689.063794391297,661.5012426156451,27.562551775651926,0.7669574633607738,0.07389857614626712,0.0738985767040509,0.1557122748538173,102.89078080937878,0.96,688.3073076740728,660.7750153671099,27.53229230696297,0.7664057683593293,0.07406216859976258,0.07406212781123803,0.15571467497184985,102.77918762139532,0.96,687.5501862083371,660.0481787600036,27.502007448333504,,,,610.0800226057398,1982.3244367427587,1833.6499479638248,148.67444924498113,1982.3243972088062,3.953395263782873e-05,0.7804430554102304,0.20836858873527003,0.20836858746492654,0.33271354578191,152.5200974365438,0.9249999397405665,495.58127300583277,458.41264766694854,37.168625338884226,0.7804430554102304,0.20836858873527003,0.20836858746492654,0.3327134961423712,152.5200429408167,0.9249999397405544,495.5811698724287,458.41255226855,37.1686176038787,0.7977737002962899,0.06402587673102508,0.06399841455256239,0.3327134497659605,152.5199920274191,0.9249999397400032,495.5810735188234,458.41246314119775,37.16861037762566,0.7977733981072154,0.06402596627443878,0.06399850424981895,0.33271335701335775,152.51989020096022,0.9249999397399807,495.58088081172116,458.4122848871286,37.16859592459255,0.7804432066215566,,,0.101,185.19864474434635,1833.6499479638248,1833.6499215849904,2.6378834574512848e-05,56.843148386878575,0.21955679337844344,,,231.27140930100458,0.0003617659245469722,99.44670599943197,3.1564332092239664,1103.951455527925,0.0,-0.0,0.0,112.16146788163717
146,1,147,0.1016,4.261228649253679e-05,1103.9514538349545,,,,0,9.471766707601066e-14,1,2064.9214868519934,2064.9214868519934,1.3219918155674513e-13,330.387437896319,68.55539336348619,0.33340741279486313,,,308.67242600573906,2064.921444239707,1982.324434280935,82.5968514283724,2064.921285709307,0.00015853040019345814,0.7675088849091091,0.07373499516593689,0.07373503879725804,0.15571015056401746,103.00244906893839,0.96,689.0637340692272,661.501184706458,27.562549362769083,0.7669574631273822,0.07389857667306282,0.07389857690645435,0.1557122748562689,102.89078068839704,0.96,688.3073068539057,660.7750145797495,27.532292274156276,0.7664058114115277,0.07406215755098917,0.07406211449879077,0.15571467477555598,102.77919624840361,0.96,687.5502447861743,660.0482349947273,27.502009791447037,,,,610.0800213080048,1982.324434280935,1833.6499456933202,148.6744490527307,1982.324394746051,3.9534883929920806e-05,0.7804430542267282,0.011188205474724574,0.011188206658226806,0.3327135454390425,152.52009706038635,0.9249999397443712,495.5812722922572,458.4126470087767,37.168625283480495,0.7804430542267282,0.011188205474724574,0.011188206658226806,0.3327134958275034,152.5200425953981,0.9249999397443591,495.58116921702646,458.41255166418847,37.16861755283795,0.7977462450307712,0.06429701692486481,0.06432447219038352,0.33271344947722875,152.5199917106936,0.9249999397438095,495.58107291772217,458.4124625870654,37.16861033065674,0.7977459429886193,0.0642971074455937,0.06432456256418971,0.33271335677681263,152.51988994152677,0.9249999397437869,495.5808803190452,458.4122844332897,37.16859588575552,0.7804432057900054,,,0.101,185.19864451502534,1833.6499456933202,1833.6499193144855,2.6378834574512848e-05,56.84314831649292,0.2195567942099946,,,231.27140900710825,0.00036200618516035103,99.44670587305654,3.1563782964728473,1103.9514538349545,0.0,-0.0,0.0,112.16146770963137
147,1,148,0.1016,4.261228693516553e-05,1103.9514554505383,,,,0,9.471782030694214e-14,1,2064.921489374134,2064.921489374134,1.3219918036746434e-13,330.38743829986146,68.55539344722125,0.3334074127948631,,,308.67242634858394,2064.921446761847,1982.3244367021832,82.59685152925773,2064.921288231441,0.00015853040631971324,0.7675088397921654,0.07373500759327964,0.07373505271022333,0.1557101507252914,103.00244000073683,0.96,689.0636726912678,661.5011257836171,27.56254690765074,0.766957463395328,0.07389857692273097,0.07389857665478523,0.1557122748536463,102.89078081781884,0.96,688.3073077312902,660.7750154220386,27.5322923092516,0.7664058569459083,0.07406214566521724,0.07406210013083656,0.15571467456436922,102.77920553002828,0.96,687.5503078088828,660.0482954965274,27.502012312355387,,,,610.0800225844417,1982.3244367021832,1833.6499479265995,148.67444924158917,1982.3243971681886,3.953399476429033e-05,0.7804430553844536,0.20836858737923955,0.20836858622151413,0.3327135457748941,152.52009742885315,0.9249999397407408,495.5812729912004,458.4126476535,37.16862533770041,0.7804430553844536,0.20836858737923955,0.20836858622151413,0.3327134961366362,152.5200429345322,0.9249999397407287,495.58116986045746,458.412552257563,37.16861760289447,0.7977736989369625,0.0640258491701519,0.06399839526396067,0.33271344976142114,152.5199920224472,0.9249999397401776,495.58107350933636,458.41246313250866,37.16861037682771,0.7977733967548011,0.06402593872048136,0.06399848495429966,0.33271335701120563,152.51989019860923,0.924999939740155,495.58088080719415,458.41228488302755,37.16859592416658,0.7804432071460359,,,0.101,185.19864474058653,1833.6499479265995,1833.6499215477647,2.6378834574512777e-05,56.84314838572458,0.21955679285396412,,,231.27140929596334,0.00036177692616834223,99.44670599726425,3.1564332064606706,1103.9514554505386,0.0,-0.0,0.0,112.1614678737747
148,1,149,0.1016,4.261228613629529e-05,1103.951453912401,,,,0,9.47176793971442e-14,1,2064.9214870511005,2064.9214870511005,1.3219918157752744e-13,330.3874379281761,68.55539337009654,0.3334074127948632,,,308.6724259754688,2064.9214444388144,1982.3244344720822,82.5968514363369,2064.921285908419,0.0001585303952628564,0.7675087922462122,0.07373502013107938,0.07373506767703265,0.15571015089786433,103.00243029732346,0.96,689.0636070138798,661.5010627333246,27.56254428055524,0.7669574632135497,0.07389857669073027,0.07389857687250846,0.15571227485584507,102.8907807093128,0.96,688.3073069956992,660.7750147158711,27.532292279828038,0.7664059040036352,0.07406213270791868,0.07406208565019196,0.15571467434960812,102.77921496883255,0.96,687.5503718988401,660.0483570228865,27.502014875953627,,,,610.0800214088662,1982.3244344720822,1833.6499458698272,148.67444906741414,1982.3243949372413,3.953484105864583e-05,0.780443054311775,0.011188206739998067,0.01118820781267668,0.3327135454641743,152.5200970879653,0.9249999397441976,495.58127234452786,458.412647057041,37.16862528748684,0.780443054311775,0.011188206739998067,0.01118820781267668,0.33271349585135573,152.5200426215724,0.9249999397441855,495.5811692666388,458.4125517099939,37.1686175566449,0.7977462453622844,0.06429702235510869,0.06432447592978667,0.33271344949988685,152.51999173555672,0.9249999397436358,495.58107296485315,458.41246263057553,37.16861033427763,0.7977459433132286,0.06429711286892863,0.06432456631050108,0.3327133567970858,152.51988996377176,0.9249999397436133,495.58088036122143,458.41228447221664,37.16859588900477,0.7804432058807624,,,0.101,185.19864453285257,1833.6499458698272,1833.6499194909927,2.6378834574512845e-05,56.84314832196465,0.21955679411923762,,,231.27140902971294,0.00036199521336756336,99.44670588277656,3.156378297299063,1103.951453912401,0.0,-0.0,0.0,112.16146771749993
149,1,150,0.1016,4.261228618233694e-05,1103.9514553730653,,,,0,9.471780875668155e-14,1,2064.9214893385915,2064.9214893385915,1.321991801158086e-13,330.3874382941747,68.55539344604125,0.33340741279486313,,,308.6724262811363,2064.9214467263055,1982.3244366680726,82.59685152783646,2064.9212881959097,0.00015853039590010124,0.7675087431103265,0.0737350336734981,0.07373508280938382,0.15571015107374736,103.00242040791387,0.96,689.0635400775701,661.5009984744672,27.56254160310287,0.7669574634626729,0.07389857689038859,0.07389857664126542,0.15571227485344347,102.8907808278263,0.96,688.3073077991335,660.7750154871682,27.532292311965307,0.7664059535066207,0.07406211961157042,0.07406207010858487,0.15571467412033835,102.77922504539615,0.96,687.5504403192058,660.0484227064376,27.50201761276828,,,,610.0800225665599,1982.3244366680726,1833.6499478953542,148.6744492386818,1982.3243971340357,3.953403683825269e-05,0.7804430553612225,0.20836858614366283,0.20836858509421533,0.33271354576865625,152.52009742201662,0.9249999397409153,495.5812729781846,458.4126476415468,37.16862533663777,0.7804430553612225,0.20836858614366283,0.20836858509421533,0.33271349613167917,152.5200429291018,0.9249999397409032,495.58116985010264,458.41255224807134,37.16861760203135,0.7977736988772645,0.06402584807087323,0.06399839455589323,0.3327134497576597,152.51999201832936,0.9249999397403521,495.5810735014655,458.41246312531456,37.16861037615091,0.7977733967020129,0.06402593762810903,0.06399848423932472,0.33271335700983146,152.51989019711215,0.9249999397403296,495.5808808042831,458.41228488042134,37.16859592386177,0.7804432071163392,,,0.101,185.19864473743078,1833.6499478953542,1833.6499215165195,2.6378834574512777e-05,56.84314838475598,0.2195567928836609,,,231.27140929167598,0.0003617879382401469,99.44670599542067,3.156433206301722,1103.9514553730655,0.0,-0.0,0.0,112.16146786590343
150,1,151,0.1016,4.261228589116386e-05,1103.951453989868,,,,0,9.471769037163443e-14,1,2064.9214872571683,2064.9214872571683,1.3219918150814832e-13,330.387437961147,68.55539337693799,0.3334074127948632,,,308.6724259410691,2064.9214446448827,1982.3244346699112,82.59685144457971,2064.9212861144906,0.0001585303918700864,0.7675086915521093,0.07373504740623513,0.07373509896445223,0.15571015126065782,103.00240989859235,0.96,689.0634689453864,661.5009301875708,27.5625387578155,0.766957463307103,0.07389857667994983,0.07389857683551972,0.1557122748553883,102.89078073185321,0.96,688.3073071485065,660.7750148625663,27.532292285940237,0.7664060046159483,0.07406210550708563,0.074062054397758,0.15571467388677823,102.77923531062353,0.96,687.5505100205982,660.0484896197742,27.502020400823987,,,,610.080021513258,1982.3244346699112,1833.649946052514,148.6744490825989,1982.324395135113,3.9534798267432114e-05,0.7804430543994528,0.011188207886612163,0.011188208848381792,0.33271354549011023,152.52009711642697,0.9249999397440238,495.58127239846914,458.4126471068506,37.168625291618525,0.7804430543994528,0.011188207886612164,0.01118820884838179,0.3327134958760121,152.52004264862938,0.9249999397440118,495.58116931792165,458.41255175734443,37.16861756057723,0.7977462454445297,0.06429702259096787,0.06432447602370273,0.33271344952334875,152.5199917613024,0.9249999397434621,495.5810730136544,458.41246267563065,37.1686103380238,0.7977459433885704,0.06429711309788078,0.06432456641132325,0.3327133568181629,152.51988998689924,0.9249999397434395,495.5808804050677,458.41228451268836,37.16859589237936,0.7804432059697249,,,0.101,185.19864455130394,1833.649946052514,1833.6499196736795,2.6378834574512838e-05,56.84314832762794,0.21955679403027498,,,231.27140905309753,0.00036198423684964193,99.44670589283193,3.156378297632006,1103.951453989868,0.0,-0.0,0.0,112.16146772537058
151,1,152,0.1016,4.26122858645161e-05,1103.9514552957226,,,,0,9.471779860553995e-14,1,2064.9214893102476,2064.9214893102476,1.3219917966566553e-13,330.3874382896396,68.55539344510022,0.3334074127948632,,,308.6724262095462,2064.9214466979615,1982.3244366408676,82.5968515267028,2064.92128816757,0.00015853039150126523,0.7675086383222746,0.0737350621104036,0.07373511534023833,0.15571015145142347,103.00239917265338,0.96,689.0633963470192,661.5008604931385,27.56253585388077,0.7669574635383056,0.07389857685632749,0.0738985766251249,0.15571227485320654,102.89078083951826,0.96,688.3073078783964,660.7750155632606,27.532292315135862,0.7664060581635701,0.07406209120717595,0.0740620376595542,0.15571467363907945,102.77924619737455,0.96,687.5505839421545,660.0485605844683,27.502023357686177,,,,610.0800225523263,1982.3244366408676,1833.6499478704952,148.674449236293,1982.3243971067882,3.9534079225022685e-05,0.7804430553407106,0.20836858502419955,0.2083685840829419,0.33271354576324935,152.52009741609234,0.9249999397410894,495.5812729668952,458.41264763119045,37.168625335704725,0.7804430553407106,0.20836858502419955,0.2083685840829419,0.33271349612755297,152.52004292458352,0.9249999397410774,495.5811698414742,458.41255224017624,37.16861760129794,0.7977736988699777,0.06402584798341399,0.06399839455796591,0.332713449754729,152.5199920151235,0.9249999397405262,495.5810734953208,458.4124631197171,37.16861037560378,0.797773396701635,0.06402593754755556,0.06399848423449091,0.3327133570092879,152.519890196527,0.9249999397405038,495.58088080309807,458.41228487941146,37.16859592368657,0.7804432070891882,,,0.101,185.19864473492004,1833.6499478704952,1833.6499214916607,2.6378834574512777e-05,56.84314838398536,0.21955679291081173,,,231.2714092881956,0.00036179892994521294,99.44670599392411,3.1564332062530336,1103.9514552957228,0.0,-0.0,0.0,112.16146785804541
152,1,153,0.1016,4.261228633462295e-05,1103.9514540675495,,,,0,9.471770006668712e-14,1,2064.9214874706354,2064.9214874706354,1.3219918068192913e-13,330.38743799530164,68.5553933840251,0.3334074127948632,,,308.6724259025067,2064.921444858349,1982.3244348748328,82.59685145311806,2064.921286327951,0.0001585303980078333,0.7675085826730675,0.07373507705888652,0.07373513270809355,0.1557101516529564,103.00238784147068,0.96,689.0633196520565,661.5007868659742,27.56253278608231,0.7669574634092549,0.07389857666684083,0.07389857679589165,0.15571227485489614,102.8907807561383,0.96,688.3073073131418,660.7750150206161,27.532292292525657,0.7664061134030314,0.07406207593371442,0.07406202069425302,0.15571467338636036,102.77925730489773,0.96,687.5506593627528,660.0486329882426,27.50202637451009,,,,610.0800216213969,1982.3244348748328,1833.6499462417603,148.67444909831664,1982.324395340077,3.953475596998254e-05,0.7804430544899235,0.011188208914481468,0.011188209765268499,0.3327135455168996,152.52009714582553,0.9249999397438496,495.5812724541837,458.4126471583003,37.16862529588347,0.7804430544899235,0.011188208914481466,0.0111882097652685,0.3327134959015218,152.52004267662312,0.9249999397438375,495.58116937097765,458.4125518063349,37.16861756464277,0.7977462455197353,0.06429702262783486,0.06432447597807733,0.3327134495476641,152.51999178798485,0.9249999397432879,495.5810730642288,458.41246272232553,37.16861034190324,0.7977459434568721,0.06429711312784053,0.06432456637260346,0.3327133568400931,152.51989001096334,0.9249999397432653,495.58088045068683,458.41228455479967,37.16859589588715,0.780443206061319,,,0.101,185.1986445704178,1833.6499462417603,1833.6499198629258,2.6378834574512834e-05,56.84314833349457,0.21955679393868102,,,231.27140907731172,0.0003619732280804055,99.44670590324404,3.1563782979564543,1103.9514540675495,0.0,-0.0,0.0,112.16146773326302
153,1,154,0.1016,4.261228523122298e-05,1103.9514552182607,,,,0,9.471778967862366e-14,1,2064.9214892888426,2064.9214892888426,1.3219917988626648e-13,330.38743828621483,68.55539344438958,0.33340741279486324,,,308.67242613367677,2064.9214466765575,1982.3244366203276,82.59685152584701,2064.921288146175,0.00015853038273609468,0.7675085252673179,0.07373509294699673,0.07373515035274635,0.15571015185890152,103.0023762623817,0.96,689.0632412791304,661.5007116279652,27.562529651165224,0.7669574636227594,0.07389857681978672,0.0738985766062821,0.15571227485293368,102.89078085298605,0.96,688.307307969698,660.7750156509101,27.53229231878794,0.7664061710768488,0.07406206040799733,0.07406200273417993,0.15571467311985904,102.77926901830898,0.96,687.5507388973463,660.0487093414524,27.50202955589385,,,,610.080022541615,1982.3244366203276,1833.6499478518024,148.67444923440365,1982.324397086206,3.953412138787806e-05,0.7804430553228231,0.20836858402076178,0.20836858318786214,0.33271354575864465,152.5200974110487,0.9249999397412638,495.58127295727235,458.41264762237574,37.16862533489661,0.7804430553228231,0.20836858402076178,0.20836858318786214,0.33271349612422896,152.52004292094588,0.9249999397412518,495.58116983451214,458.4125522338228,37.168617600689345,0.7977736988680396,0.06402584793137298,0.06399839458306864,0.3327134497526004,152.51999201279824,0.9249999397407006,495.58107349084247,458.412463115661,37.16861037518146,0.7977733967066053,0.06402593750242241,0.06399848425268925,0.3327133570095463,152.51989019682222,0.9249999397406781,495.580880803579,458.4122848799428,37.16859592363624,0.7804432070647568,,,0.101,185.19864473303204,1833.6499478518024,1833.6499214729677,2.637883457451278e-05,56.843148383405875,0.21955679293524324,,,231.271409285492,0.00036180993674383787,99.44670599276157,3.156433206220291,1103.9514552182607,0.0,-0.0,0.0,112.16146785017528
154,1,155,0.1016,4.261228778227464e-05,1103.951454145553,,,,0,9.471770861996583e-14,1,2064.9214876918104,2064.9214876918104,1.321991811943331e-13,330.3874380306897,68.5553933913681,0.3334074127948631,,,308.6724258597226,2064.9214450795225,1982.3244350871405,82.59685146196422,2064.9212865491045,0.0001585304180442266,0.7675084654421264,0.07373510913448075,0.07373516895967237,0.1557101520753642,103.00236409213106,0.96,689.0631589049195,661.5006325487227,27.56252635619677,0.7669574635206119,0.07389857665124386,0.07389857675339138,0.1557122748543662,102.89078078229137,0.96,688.3073074904402,660.7750151908226,27.532292299617644,0.7664062305313181,0.07406204394254688,0.07406198448807765,0.15571467284759155,102.77928098530018,0.96,687.5508201537449,660.0487873475951,27.502032806149806,,,,610.0800217334373,1982.3244350871405,1833.6499464378364,148.67444911458972,1982.324395552426,3.9534714393106206e-05,0.7804430545833021,0.01118820982353239,0.011188210563053368,0.3327135455445776,152.52009717619964,0.9249999397436746,495.5812725117448,458.41264721145757,37.16862530028725,0.7804430545833021,0.011188209823532386,0.011188210563053372,0.33271349592792016,152.52004270559235,0.9249999397436626,495.58116942588003,458.41255185703284,37.168617568847196,0.7977462455933141,0.06429702266822208,0.06432447594294761,0.33271344957286786,152.5199918156427,0.9249999397431128,495.58107311664935,458.41246277072787,37.16861034592151,0.7977459435235497,0.06429711316131237,0.06432456634436796,0.3327133568629117,152.51989003600264,0.9249999397430904,495.5808804981519,458.4122845986181,37.16859589953377,0.7804432061557058,,,0.101,185.19864459022148,1833.6499464378364,1833.649920059002,2.637883457451283e-05,56.84314833957293,0.21955679384429416,,,231.27140910239083,0.00036196217180106097,99.44670591402806,3.1563782982834683,1103.9514541455533,0.0,-0.0,0.0,112.16146774118819
155,1,156,0.1016,4.26122856128689e-05,1103.9514551411164,,,,0,9.471778177290286e-14,1,2064.921489275214,2064.921489275214,1.3219918154118236e-13,330.3874382840342,68.5553934439371,0.33340741279486324,,,308.67242605354045,2064.9214466629282,1982.324436607238,82.59685152530164,2064.92128813254,0.00015853038801831308,0.7675084037720807,0.07373512623061229,0.07373518790065793,0.15571015229680824,103.00235164200318,0.96,689.0630746363478,661.5005516508938,27.56252298545397,0.766957463716631,0.07389857678063691,0.0738985765846178,0.15571227485262168,102.89078086838286,0.96,688.3073080740769,660.7750157511139,27.532292322963045,0.7664062924192088,0.07406202716697147,0.07406196527908077,0.15571467256188443,102.77929354315441,0.96,687.5509054221151,660.0488692052304,27.502036216884626,,,,610.0800225348396,1982.324436607238,1833.6499478399994,148.6744492330745,1982.3243970730737,3.9534164275697535e-05,0.7804430553078693,0.20836858313351758,0.20836858240895037,0.33271354575493634,152.52009740698918,0.9249999397414375,495.5812729495123,458.4126476152838,37.16862533422852,0.7804430553078693,0.20836858313351758,0.2083685824089504,0.3327134961218013,152.5200429182922,0.9249999397414255,495.5811698294127,458.4125522291919,37.168617600220834,0.7977736988902075,0.06402584782029008,0.06399839452339656,0.3327134497513682,152.51999201145694,0.9249999397408742,495.58107348822665,458.4124631133274,37.168610374899224,0.7977733967356663,0.0640259373982888,0.06399848418617222,0.3327133570107009,152.51989019810125,0.9249999397408517,495.5808808059222,458.4122848821963,37.16859592372593,0.78044320704295,,,0.101,185.19864473183995,1833.6499478399994,1833.6499214611647,2.6378834574512784e-05,56.84314838303998,0.21955679295705,,,231.27140928366074,0.0003618208965630478,99.44670599197411,3.1564332062416125,1103.9514551411166,0.0,-0.0,0.0,112.16146784233742
156,1,157,0.1016,4.261228611616691e-05,1103.9514542224958,,,,0,9.471771621998119e-14,1,2064.9214879186547,2064.9214879186547,1.321991815104864e-13,330.38743806698477,68.55539339889934,0.33340741279486313,,,308.6724258123129,2064.9214453063687,1982.324435304935,82.59685147103902,2064.921286775974,0.0001585303949842673,0.7675083396784668,0.07373514368198517,0.07373520777559908,0.15571015252853368,103.00233861403653,0.96,689.0629864566639,661.5004669983974,27.562519458266586,0.7669574636408097,0.07389857663278053,0.07389857670860178,0.15571227485379796,102.89078081033311,0.96,688.3073076805425,660.7750153733208,27.53229230722168,0.766406356179002,0.07406200948441291,0.07406194572461978,0.15571467226965288,102.77930638794325,0.96,687.5509926387675,660.0489529332168,27.502039705550757,,,,610.0800218483804,1982.324435304935,1833.6499466389946,148.67444913126985,1982.3243957702643,3.9534670587385444e-05,0.7804430546788423,0.011188210613481471,0.011188211242508397,0.33271354557291655,152.5200972072995,0.9249999397435019,495.58127257067844,458.4126472658856,37.16862530479286,0.7804430546788423,0.011188210613481454,0.011188211242508414,0.3327134959549794,152.5200427352873,0.9249999397434899,495.5811694821548,458.4125519090014,37.16861757315334,0.7977462455609698,0.06429702301292124,0.06432447634215888,0.3327134495987325,152.51999184402618,0.9249999397429401,495.5810731704422,458.41246282040066,37.16861035004155,0.7977459434843791,0.0642971134988835,0.0643245667501707,0.3327133568863911,152.5198900617675,0.9249999397429177,495.58088054698896,458.41228464370687,37.16859590328211,0.7804432062530009,,,0.101,185.19864461053848,1833.6499466389946,1833.6499202601601,2.6378834574512828e-05,56.843148345808835,0.21955679374699907,,,231.27140912810032,0.00036195126409148604,99.44670592508314,3.1563782984030335,1103.9514542224958,0.0,-0.0,0.0,112.16146774900557
157,1,158,0.1016,4.2612287075702936e-05,1103.9514550642664,,,,0,9.471777466002373e-14,1,2064.9214892694804,2064.9214892694804,1.3219917962658758e-13,330.3874382831169,68.55539344374677,0.3334074127948631,,,308.6724259690388,2064.9214466571934,1982.3244366017136,82.5968515250714,2064.9212881267854,0.0001585304082648377,0.7675082736751391,0.07373516201186803,0.07373522801519573,0.15571015276581812,103.00232527375475,0.96,689.0628961630605,661.5003803165381,27.562515846522434,0.7669574638460074,0.07389857673828701,0.07389857653308937,0.15571227485226796,102.89078088583764,0.96,688.3073081924075,660.7750158647112,27.53229232769629,0.7664064224022722,0.07406199143287696,0.07406192520960674,0.15571467196430447,102.7793198094464,0.96,687.5510837713172,660.0490404204644,27.502043350852684,,,,610.0800225320603,1982.3244366017136,1833.6499478351916,148.67444923231406,1982.3243970675057,3.953420791241735e-05,0.7804430552958943,0.20836858236244135,0.20836858174538941,0.3327135457521383,152.5200974039289,0.9249999397416104,495.5812729436436,458.41264760994096,37.16862533370268,0.7804430552958943,0.20836858236244135,0.20836858174538941,0.3327134961202837,152.5200429166377,0.9249999397415983,495.5811698262044,458.4125522263099,37.16861759989451,0.7977736994668587,0.06402584615217363,0.06399839224628474,0.33271344975104583,152.5199920111146,0.9249999397410472,495.5810734875017,458.4124631127426,37.16861037475912,0.7977733973188254,0.06402593573820416,0.06399848190375788,0.3327133570127653,152.51989020037908,0.9249999397410247,495.580880810156,458.4122848861982,37.16859592395776,0.7804432070240771,,,0.101,185.19864473135436,1833.6499478351916,1833.6499214563569,2.6378834574512784e-05,56.84314838289094,0.21955679297592282,,,231.27140928271518,0.00036183181280388476,99.44670599156753,3.1564332073774723,1103.9514550642664,0.0,-0.0,0.0,112.16146783452946
158,1,159,0.1016,4.2612287373268585e-05,1103.9514542933557,,,,0,9.471772309294628e-14,1,2064.9214881437015,2064.9214881437015,1.32199182176421e-13,330.38743810299223,68.55539340637088,0.3334074127948631,,,308.6724257590427,2064.921445531414,1982.324435520961,82.59685148004026,2064.9212870010015,0.00015853041238333003,0.7675082060756351,0.07373518079270176,0.07373524839220578,0.15571015301317023,103.0023113677017,0.96,689.0628020400197,661.5002899584189,27.562512081600847,0.7669574646532242,0.0738985766501886,0.07389857584297173,0.15571227485319641,102.89078084002031,0.96,688.3073078817997,660.7750155665277,27.53229231527206,0.7664064914172815,0.07406197254609057,0.07406190353108129,0.15571467165167158,102.77933355132075,0.96,687.5511770791819,660.0491299960146,27.50204708316735,,,,610.0800219624027,1982.324435520961,1833.6499468385452,148.6744491477905,1982.3243959863355,3.9534625329986405e-05,0.7804430547737267,0.011188211285100705,0.011188211807268426,0.3327135456010539,152.52009723817895,0.9249999397433429,495.58127262918885,458.41264731992885,37.16862530925999,0.7804430547737267,0.011188211285100707,0.011188211807268426,0.3327134959818318,152.52004276475614,0.9249999397433308,495.5811695379956,458.4125519605754,37.16861757742021,0.7977462427045885,0.06429703134113203,0.06432448810340229,0.3327134496243854,152.51999187217814,0.9249999397427812,495.58107322379084,458.41246286966935,37.16861035412151,0.7977459406231034,0.06429712181442387,0.06432457851014585,0.3327133569096484,152.5198900872895,0.9249999397427586,495.5808805953604,458.4122846883716,37.168595906988784,0.780443206352458,,,0.101,185.19864463069308,1833.6499468385452,1833.6499204597108,2.637883457451282e-05,56.843148351994905,0.21955679364754205,,,231.27140915357816,0.0003619412171083338,99.44670593603861,3.156378292875145,1103.9514542933557,0.0,-0.0,0.0,112.16146775620494
159,1,160,0.1016,4.261228522222361e-05,1103.951454017547,,,,0,9.47177680888579e-14,1,2064.921487779949,2064.921487779949,1.321991820068905e-13,330.38743804479185,68.55539339429431,0.33340741279486324,,,308.6724256600189,2064.921445167664,1982.3244351717901,82.59685146549135,2064.9212866372814,0.00015853038261153776,0.7675081213155653,0.07373520130843596,0.07373528606850564,0.1557101532679617,103.00229704366161,0.96,689.0627050878167,661.5001968843039,27.562508203512746,0.7669574503652162,0.07389857764718805,0.07389859193519603,0.155712274853356,102.89078083214363,0.96,688.3073078284017,660.7750155152656,27.532292313136114,0.7664065473937819,0.07406195409762244,0.074061898121122,0.1557146713278723,102.77934778421368,0.96,687.5512737210628,660.0492227722203,27.50205094884249,,,,610.0800217789376,1982.3244351717901,1833.6499465175832,148.67444912044175,1982.324395638025,3.953376506917341e-05,0.7804430547280421,0.20836858170671585,0.20836858175240033,0.3327135455793786,152.52009721442428,0.9249999397439618,495.5812725839572,458.4126472783963,37.168625305560866,0.7804430547280421,0.20836858170671585,0.20836858175240033,0.3327134959481871,152.520042727861,0.9249999397439498,495.58116946789556,458.41255189603953,37.168617571856046,0.7977737138683657,0.06402580381857056,0.06399833265479339,0.3327134495795677,152.51999182301697,0.9249999397433987,495.5810731304778,458.4124627836608,37.16861034681704,0.7977734117127271,0.06402589344078559,0.06399842235116196,0.33271335684252046,152.51989001363546,0.9249999397433761,495.58088045569446,458.41228455948664,37.168595896207805,0.7804432070081835,,,0.101,185.1986445982759,1833.6499465175832,1833.6499201387485,2.6378834574512723e-05,56.84314834204508,0.21955679299181657,,,231.2714091108181,0.0003619803144760397,99.44670591765178,3.156433235037177,1103.9514540175471,0.0,-0.0,0.0,112.16146772818276
160,1,161,0.1016,4.261228657854872e-05,1103.9513193298953,,,,0,9.471772949662457e-14,1,2064.9212841090975,2064.9212841090975,1.321991829403638e-13,330.3874054574556,68.55538663242204,0.33340741279486313,,,308.67239556992865,2064.921241496811,1982.3242396477535,82.59684331865654,2064.92108296641,0.00015853040138389567,0.7675070497882085,0.07373519565818173,0.07373626718553854,0.15571015370911023,103.00227224345066,0.96,689.062537227652,661.5000357385459,27.56250148910612,0.7669564569485177,0.07389855161275949,0.07389954502945809,0.15571227505606963,102.89077082853903,0.96,688.3072400113289,660.7749504108756,27.532289600453232,0.7664056316980692,0.07406190775483583,0.07406282345054849,0.1557146712206363,102.77935249793899,0.96,687.5513057274289,660.0492534983317,27.502052229097195,,,,610.0799187283852,1982.3242396477535,1833.6497662043116,148.6744339623299,1982.3242001666417,3.948111173122865e-05,0.7804429776962369,0.011188211842010113,0.011188288873815296,0.3327135220808806,152.52007143374777,0.924999939995051,495.5812236819891,458.4126021685139,37.16862151347522,0.7804429776962369,0.011188211842010097,0.011188288873815311,0.33271347245944943,152.52001695790418,0.924999939995039,495.58112058620605,458.4125068049148,37.16861378129124,0.7977460860733113,0.06429724747277435,0.0643248752678287,0.3327134260999414,152.5199660630674,0.9249999399944938,495.58102426771666,458.4124177100477,37.16860655766895,0.7977457840345197,0.06429733778374125,0.06432496546194871,0.3327133333810861,152.51986427366592,0.9249999399944714,495.58083163072973,458.4122395208352,37.16859210989449,0.7804432064512741,,,0.101,185.19862638663548,1833.6497662043116,1833.649739825477,2.637883457450427e-05,56.843142752333655,0.21955679354872595,,,231.27138575321948,0.0003786449458719999,99.44669587388438,3.1563778255003045,1103.9513193298953,0.0,-0.0,0.0,112.16145404391736
161,1,162,0.13994,4.2612285321314716e-05,1103.9323217047304,,,,0,9.471776178840446e-14,1,2064.8957979157153,2064.8957979157153,1.3219918040469787e-13,330.38332766651445,68.55454049080174,0.33340741279486324,,,308.6686360954682,2064.8957553034297,1982.2997729021238,82.59582387092195,2064.895596773046,0.0001585303839804673,0.7675021750919443,0.0737340176396435,0.0737388923359077,0.15571017644390506,103.00099518611354,0.96,689.0538933882725,661.4917376527414,27.562155735530972,0.7669516849858309,0.07389736006532281,0.07390213202800962,0.15571230046551437,102.88951778051816,0.96,688.2987451919992,660.7667953843193,27.531949807679936,0.7664009613919468,0.07406070253659859,0.07406537284272102,0.15571469920550463,102.77812312883647,0.96,687.5429581927741,660.0412398650631,27.50171832771104,,,,610.0669901768816,1982.2997729021238,1833.627133669365,148.67259967426781,1982.299733343633,3.955849081810053e-05,0.7804333451567752,0.2083685817196898,0.20837821425915154,0.33271057798422893,152.5168393113759,0.9249999396292519,495.5751070073668,458.4069440635743,37.168162943792495,0.7804333451567752,0.2083685817196898,0.20837821425915154,0.33271052835389453,152.5167848263197,0.9249999396292398,495.57500389308603,458.40684868286485,37.16815521022115,0.7977635725664368,0.0640245968300541,0.06400711033692853,0.3327104819860739,152.51673392288126,0.9249999396286867,495.5749075573284,458.4067595720207,37.16814798530769,0.7977632701354987,0.06402468725226257,0.06400720115128349,0.33271038925061813,152.51663211630483,0.9249999396286641,495.5747148858518,458.4065813509053,37.168133534946485,0.7804432064383001,,,0.101,185.19634050060588,1833.627133669365,1833.6271072905306,2.637883457343256e-05,56.84244114375032,0.2195567935616999,,,231.2685320948006,0.00035493177464245636,99.44546880076426,3.156393533015486,1103.9323217047304,0.0,-0.0,0.0,154.48428909935998
162,1,163,0.13994,4.261228803792723e-05,1103.9224755179832,,,,0,9.471773569912218e-14,1,2064.88257043648,2064.88257043648,1.3219918537098623e-13,330.38121126983674,68.55410133849112,0.333407412794863,,,308.6666849132334,2064.882527824192,1982.2870745220193,82.59529477175087,2064.8823692937704,0.00015853042157874887,0.7674987708629675,0.07373554406384944,0.07373894829282632,0.15571018837039413,103.0003260624475,0.96,689.0493643216784,661.4873897488112,27.561974572867125,0.7669483724054523,0.0738988542198097,0.07390216680018827,0.15571231366683477,102.88886744648879,0.96,688.2943363066855,660.7625628544181,27.531773452267437,0.7663977397255769,0.07406216481082496,0.07406538647719484,0.15571471359897673,102.77749140429707,0.96,687.5386686654061,660.0371219187898,27.501546746616302,,,,610.0602804560298,1982.2870745220193,1833.6153877062097,148.6716472614761,1982.2870349676857,3.9554333742172666e-05,0.7804283457380312,0.011188288899765178,0.01119328831850916,0.3327090499979663,152.51516186661405,0.9249999396463168,495.57193238677525,458.4040075481757,37.16792483859958,0.7804283457380312,0.011188288899765178,0.01119328831850916,0.33270900037524104,152.51510739020276,0.9249999396463047,495.57182928830355,458.4039121820896,37.16791710621394,0.7977345485759576,0.06428925140996344,0.06431827540044278,0.3327089540145239,152.51505649483505,0.9249999396457531,495.571732967304,458.40382308489745,37.16790988240656,0.7977342479503761,0.06428933765987678,0.06431835984499937,0.33270886129325516,152.5149547043779,0.9249999396457306,495.571540325303,458.40364489104695,37.16789543425601,0.7804431293805452,,,0.101,185.1951541583272,1833.6153877062097,1833.615361327375,2.6378834572886697e-05,56.8420770188925,0.219556870619455,,,231.26705057868347,0.00035599039295396243,99.44483174883389,3.156325488002396,1103.9224755179835,0.0,-0.0,0.0,154.48291122398658
163,1,164,0.13994,4.2612398220971245e-05,1103.919244829965,,,,0,9.471775550734933e-14,1,2064.878230512939,2064.878230512939,1.3219917934322307e-13,330.38051688207025,68.55395725302957,0.3334074127948557,,,308.66604470194943,2064.8781879005405,1982.2829081938505,82.59512117474388,2064.878029368594,0.0001585319465906044,0.7674974138566175,0.07373742407150201,0.07373878107785195,0.15571019247652296,103.00009582094037,0.96,689.0478058865828,661.4858936511193,27.561912235463332,0.7669470862649223,0.07390070253321845,0.07390198867374849,0.15571231800005483,102.88865408096376,0.96,688.2928898040007,660.7611742118406,27.531715592160044,0.7663965239040769,0.0740639818010596,0.07406519762255963,0.15571471808031057,102.77729480004531,0.96,687.5373336780109,660.0358403308904,27.501493347120515,,,,610.0580790077066,1982.2829081938505,1833.6115338606605,148.67133478011922,1982.28286864078,3.955307052555542e-05,0.7804267054972036,0.20837821423582853,0.2083798544766561,0.3327085486807463,152.51461151533894,0.9249999396496401,495.57089082580353,458.40304410598674,37.167846719816836,0.7804267054972036,0.20837821423582856,0.2083798544766561,0.33270849905208427,152.51455703250585,0.9249999396496281,495.5707877149975,458.4029487284913,37.167838986506176,0.797742493588289,0.06407141345091362,0.06406346843858221,0.33270845268582555,152.5145061311439,0.924999939649076,495.5706913824847,458.4028596206492,37.1678317618355,0.7977421838673717,0.06407152449592723,0.06406358857893157,0.33270835995349163,152.51440432871786,0.9249999396490535,495.570498717494,458.40268140553326,37.167817311960704,0.7804334968644063,,,0.101,185.1947649199267,1833.6115338606605,1833.611507481826,2.6378834573973945e-05,56.84195754968048,0.2195665031355937,,,231.26656449916658,0.0003562003823114012,99.44462273464164,3.1563380884500676,1103.9192448299652,0.0,-0.0,0.0,154.48245912150531
164,1,165,0.13994,4.2612458162950014e-05,1103.9220498058103,,,,0,9.471774198179164e-14,1,2064.8819986899575,2064.8819986899575,1.3219918891633056e-13,330.38111979039326,68.5540823565066,0.3334074127948517,,,308.66660047249405,2064.8819560774996,1982.2865256429343,82.59527190178896,2064.881797544723,0.00015853277623992509,0.7674776078923126,0.07373807614675575,0.07375788211106064,0.15571018946337964,103.00026476951861,0.96,689.048949448881,661.4869914709257,27.561957977955256,0.7669272268774036,0.07390131215053587,0.07392117153805465,0.1557123142371642,102.88883936090957,0.96,688.2941459019232,660.7623800658463,27.531765836076953,0.7663766125064094,0.07406454899789026,0.07408446039555766,0.15571471348643967,102.77749634206586,0.96,687.5387021939188,660.037154106162,27.501548087756753,,,,610.0599904332844,1982.2865256429343,1833.6148799940943,148.67160609456775,1982.286486088662,3.955427223446677e-05,0.7804281296484741,0.011193288337873664,0.01119186418660325,0.3327089839534836,152.5150893622394,0.924999939646797,495.571795169541,458.4038806224803,37.16791454706071,0.7804281296484741,0.011193288337873662,0.011191864186603253,0.3327089343302665,152.51503488530074,0.924999939646785,495.57169207004745,458.403785255449,37.167906814598446,0.797806683337531,0.06408570327022026,0.06402151352097815,0.3327088879689077,152.51498398924014,0.9249999396462297,495.57159574771595,458.403696157023,37.167899590692954,0.797806418680685,0.06408568357722275,0.06402144876390953,0.33270879524554176,152.51488219650412,0.9249999396462072,495.57140310135753,458.4035179591419,37.16788514221563,0.7804284974262978,,,0.101,185.19510287940352,1833.6148799940943,1833.6148536152596,2.637883457479159e-05,56.842061279816924,0.2195715025737022,,,231.26698654192182,0.00035602062821428606,99.44480421302639,3.156469361315164,1103.9220498058103,0.0,-0.0,0.0,154.4828516498251
165,1,166,0.13994,4.2612477148930316e-05,1103.9313833263166,,,,0,9.471775299930676e-14,1,2064.89453753135,2064.89453753135,1.321991772614116e-13,330.38312600501604,68.55449864604083,0.3334074127948505,,,308.6684499624562,2064.894494918873,1982.298562930401,82.59577345543335,2064.894336385834,0.00015853303902492596,0.7674242960089913,0.07371291517785472,0.07376622706117607,0.15571017877653356,103.0008642727618,0.96,689.0530072844704,661.4908869930915,27.562120291378804,0.7668789744619265,0.07387602719650736,0.07392427961198436,0.15571230172199002,102.8894558630327,0.96,688.2983254293305,660.7663924121573,27.531933017173202,0.7663334509806271,0.07403914327462977,0.0740823048004121,0.15571469905294996,102.77812982666167,0.96,687.5430036720334,660.041283525152,27.50172014688135,,,,610.0663508299526,1982.298562930401,1833.626014438646,148.6725089207142,1982.2985233593604,3.9571040678920516e-05,0.7804328723893049,0.20837985446240653,0.20837511172157566,0.33271043354301827,152.51668074145198,0.9249999396315924,495.5748069088588,458.40666647363247,37.168140435226334,0.7804328723893049,0.2083798544624065,0.2083751117215757,0.33271038353590454,152.51662584278867,0.9249999396315802,495.574703011764,458.40657036882,37.168132642944,0.7973388932508587,0.06512407242859863,0.06559186251527102,0.33271033653133103,152.51657424033948,0.9249999396310481,495.5746053530524,458.4064800342539,37.16812531879845,0.7973383518054494,0.06512471314359561,0.06559278001883118,0.3327102415838094,152.51647000537253,0.924999939631025,495.57440808568504,458.40629756193965,37.1681105237454,0.7804268571997198,,,0.101,185.19622745830327,1833.626014438646,1833.6259880598116,2.637883457553534e-05,56.84240644759803,0.2195731428002802,,,231.2683909385001,0.0003550756044654692,99.44540810355504,3.155542989834918,1103.9313833263166,0.0,-0.0,0.0,154.48415778268475
166,1,167,0.1016,4.2612459198942134e-05,1103.9520016560875,,,,0,9.471806029235033e-14,1,2064.9224881831683,2064.9224881831683,1.3219919285231925e-13,330.3875981093069,68.5554266076812,0.33340741279485164,,,308.6725728177656,2064.922445570709,1982.3253955564019,82.59689148151672,2064.9222870379185,0.00015853279058304856,0.7863080160707403,0.0738058380858882,0.05492211802413921,0.1557101546940637,103.00221687496007,0.96,689.0621624659312,661.499675967294,27.562486498637277,0.7858066345824266,0.07397648798048448,0.05504882785998437,0.1557122738549384,102.89083010412583,0.96,688.3076418560174,660.7753361817768,27.532305674240664,0.7853050561878606,0.07414717998979808,0.0551755747825646,0.15571466727750166,102.77952583867975,0.96,687.5524827159702,660.0503834073314,27.502099308638783,,,,610.0805235559194,1982.3253955564019,1833.6508224560653,148.6745352553575,1982.3253577114226,3.7844979275542545e-05,0.7855943738138966,0.01119186419991088,0.006030362775319164,0.33271757941981234,152.52452524537915,0.9249999326930164,495.5896557356418,458.4203981988239,37.16925753681795,0.7855943738138966,0.011191864199910874,0.006030362775319171,0.3327144733191888,152.5211152480229,0.9249999326922206,495.58320235717997,458.41442882378664,37.168773533393356,0.7992717959554504,0.05843563794903048,0.05650273524443872,0.3327123455484643,152.51877932041538,0.9249999326910422,495.57878160241364,458.41033962534135,37.16844197707233,0.7992641154880588,0.05843262368897403,0.056506860006364665,0.3327099083741335,152.51610374210196,0.9249999326904179,495.5737180161874,458.4056558081135,37.16806220807386,0.7804282813376827,,,0.101,185.1987330680626,1833.6508224560653,1833.6507960772308,2.6378834576522644e-05,56.84317549613803,0.2195717186623174,,,231.27153357314745,0.0001722143399120363,99.4467594364534,3.1697246590713024,1103.9520016560878,0.0,-0.0,0.0,112.16152336825849
167,1,168,0.1016,4.261240467354477e-05,1103.9148707704046,,,,0,9.471770884908187e-14,1,2064.872173372967,2064.872173372967,1.3219916717455905e-13,330.37954773967476,68.55375615598251,0.33340741279485525,,,308.66515111032857,2064.8721307605624,1982.2770933393851,82.59487888914114,2064.8719722285264,0.00015853203589890653,0.7835340366944709,0.09798397729541164,0.10075795667168107,0.1557101985790254,102.99975375985734,0.96,689.0454905691071,661.4836709463426,27.561819622764357,0.783024819883056,0.09819219003402567,0.10097400473339632,0.1557123240511523,102.88835621149812,0.96,688.2908704030148,660.7592355868941,27.5316348161206,0.7825153839028903,0.09840034825666431,0.10119002054163462,0.1557147238634454,102.77704113897309,0.96,687.5356112564046,660.0341868061485,27.50142445025618,,,,610.0550076854894,1982.2770933393851,1833.6061577224223,148.67089554673302,1982.2770532691554,4.007022960935429e-05,0.7804243364281159,0.2083751117123024,0.21354514909808311,0.3327078317670578,152.51382458445235,0.9249999412034962,495.56940083512995,458.401666634747,37.167734200382924,0.7804243364281159,0.20837511171230239,0.21354514909808314,0.3327077925873057,152.51378157264236,0.9249999412034867,495.56931943346274,458.4015913382049,37.16772809525778,0.7986727845982157,0.08894265968136036,0.08954167103859513,0.33270775587764073,152.51374127247988,0.9249999412029185,495.5692431639422,458.4015207886214,37.16772237532083,0.7986724345549256,0.0889462391991277,0.0895379201322608,0.3327076820790729,152.5136602559148,0.9249999412029009,495.5690898366206,458.4013789608491,37.16771087577149,0.7804330240877867,,,0.101,185.19422192996467,1833.6061577224223,1833.6061313435878,2.6378834573781798e-05,56.84179088939509,0.2195669759122133,,,231.26588349734314,0.0004900446219657006,99.44432990385755,3.1581938920093733,1103.9148707704048,0.0,-0.0,0.0,112.1577508702731
