,Day,Time,LMP,peak_hour,bypass_pretreatment_flow,power_from_grid,intake.op_mode,intake.startup,intake.shutdown,intake.energy_intensity,intake.power_consumption,intake.recovery,intake.feed_flowrate,intake.product_flowrate,intake.reject_flowrate,intake.feed_cost,intake.chemical_cost,pretreatment.op_mode,pretreatment.startup,pretreatment.shutdown,pretreatment.power_consumption,pretreatment.feed_flowrate,pretreatment.product_flowrate,pretreatment.reject_flowrate,pretreatment.inlet_flowrate,pretreatment.leftover_flow,pretreatment.uf_pumps[1].op_mode,pretreatment.uf_pumps[1].startup,pretreatment.uf_pumps[1].shutdown,pretreatment.uf_pumps[1].energy_intensity,pretreatment.uf_pumps[1].power_consumption,pretreatment.uf_pumps[1].recovery,pretreatment.uf_pumps[1].feed_flowrate,pretreatment.uf_pumps[1].product_flowrate,pretreatment.uf_pumps[1].reject_flowrate,pretreatment.uf_pumps[2].op_mode,pretreatment.uf_pumps[2].startup,pretreatment.uf_pumps[2].shutdown,pretreatment.uf_pumps[2].energy_intensity,pretreatment.uf_pumps[2].power_consumption,pretreatment.uf_pumps[2].recovery,pretreatment.uf_pumps[2].feed_flowrate,pretreatment.uf_pumps[2].product_flowrate,pretreatment.uf_pumps[2].reject_flowrate,pretreatment.uf_pumps[3].op_mode,pretreatment.uf_pumps[3].startup,pretreatment.uf_pumps[3].shutdown,pretreatment.uf_pumps[3].energy_intensity,pretreatment.uf_pumps[3].power_consumption,pretreatment.uf_pumps[3].recovery,pretreatment.uf_pumps[3].feed_flowrate,pretreatment.uf_pumps[3].product_flowrate,pretreatment.uf_pumps[3].reject_flowrate,reverse_osmosis.op_mode,reverse_osmosis.startup,reverse_osmosis.shutdown,reverse_osmosis.power_consumption,reverse_osmosis.feed_flowrate,reverse_osmosis.product_flowrate,reverse_osmosis.reject_flowrate,reverse_osmosis.inlet_flowrate,reverse_osmosis.leftover_flow,reverse_osmosis.ro_skid[1].op_mode,reverse_osmosis.ro_skid[1].startup,reverse_osmosis.ro_skid[1].shutdown,reverse_osmosis.ro_skid[1].energy_intensity,reverse_osmosis.ro_skid[1].power_consumption,reverse_osmosis.ro_skid[1].recovery,reverse_osmosis.ro_skid[1].feed_flowrate,reverse_osmosis.ro_skid[1].product_flowrate,reverse_osmosis.ro_skid[1].reject_flowrate,reverse_osmosis.ro_skid[2].op_mode,reverse_osmosis.ro_skid[2].startup,reverse_osmosis.ro_skid[2].shutdown,reverse_osmosis.ro_skid[2].energy_intensity,reverse_osmosis.ro_skid[2].power_consumption,reverse_osmosis.ro_skid[2].recovery,reverse_osmosis.ro_skid[2].feed_flowrate,reverse_osmosis.ro_skid[2].product_flowrate,reverse_osmosis.ro_skid[2].reject_flowrate,reverse_osmosis.ro_skid[3].op_mode,reverse_osmosis.ro_skid[3].startup,reverse_osmosis.ro_skid[3].shutdown,reverse_osmosis.ro_skid[3].energy_intensity,reverse_osmosis.ro_skid[3].power_consumption,reverse_osmosis.ro_skid[3].recovery,reverse_osmosis.ro_skid[3].feed_flowrate,reverse_osmosis.ro_skid[3].product_flowrate,reverse_osmosis.ro_skid[3].reject_flowrate,reverse_osmosis.ro_skid[4].op_mode,reverse_osmosis.ro_skid[4].startup,reverse_osmosis.ro_skid[4].shutdown,reverse_osmosis.ro_skid[4].energy_intensity,reverse_osmosis.ro_skid[4].power_consumption,reverse_osmosis.ro_skid[4].recovery,reverse_osmosis.ro_skid[4].feed_flowrate,reverse_osmosis.ro_skid[4].product_flowrate,reverse_osmosis.ro_skid[4].reject_flowrate,posttreatment.op_mode,posttreatment.startup,posttreatment.shutdown,posttreatment.energy_intensity,posttreatment.power_consumption,posttreatment.feed_flowrate,posttreatment.product_flowrate,posttreatment.reject_flowrate,posttreatment.chemical_cost,brine_discharge.op_mode,brine_discharge.startup,brine_discharge.shutdown,brine_discharge.feed_flowrate,brine_discharge.power_consumption,brine_discharge.brine_cost,num_skids_online,net_power_consumption,water_revenue,demand_response_revenue,emissions_cost,energy_cost
0,1,1,0.11083,0,0,1161.77764,,,,0,0,1,1963.41411,1963.41411,0,314.1462576,65.18534844,0,,,294.2248181,1963.41411,1884.877545,78.53656439,1963.41411,0,1,0,0,0.155996618,98.76549193,0.96,659.5060994,633.1258554,26.38024398,1,0,0,0.155996618,98.76549193,0.96,659.5060994,633.1258554,26.38024398,1,0,0,0.156304229,96.69383423,0.96,644.4019109,618.6258345,25.77607644,,,,691.4581375,1884.877545,1743.511729,141.3658159,1884.877545,0,1,0,0,0.396624733,230.5336211,0.925,628.3660997,581.2386423,47.12745748,1,0,0,0.396624733,230.5336211,0.925,628.3660997,581.2386423,47.12745748,1,0,0,0.396518481,230.3908954,0.925,628.1453459,581.0344449,47.11090094,0,0,0,0.087248178,0,0.88,0,0,0,1,,,0.101,176.0946847,1743.511729,1743.511729,0,54.04886361,0,,,219.9023803,0,94.55802353,3,1161.77764,0,0,0,128.7598159
1,1,2,0.11083,0,0,1161.77764,,,,0,0,1,1963.41411,1963.41411,0,314.1462576,65.18534844,0,,,294.2248181,1963.41411,1884.877545,78.53656439,1963.41411,0,1,0,0,0.155996618,98.76549193,0.96,659.5060994,633.1258554,26.38024398,1,0,0,0.155996618,98.76549193,0.96,659.5060994,633.1258554,26.38024398,1,0,0,0.156304229,96.69383423,0.96,644.4019109,618.6258345,25.77607644,,,,691.4581375,1884.877545,1743.511729,141.3658159,1884.877545,0,1,0,0,0.396624733,230.5336211,0.925,628.3660997,581.2386423,47.12745748,1,0,0,0.396624733,230.5336211,0.925,628.3660997,581.2386423,47.12745748,1,0,0,0.396518481,230.3908954,0.925,628.1453459,581.0344449,47.11090094,0,0,0,0.087248178,0,0.88,0,0,0,1,,,0.101,176.0946847,1743.511729,1743.511729,0,54.04886361,0,,,219.9023803,0,94.55802353,3,1161.77764,0,0,0,128.7598159
2,1,3,0.11083,0,0,1161.77764,,,,0,0,1,1963.41411,1963.41411,0,314.1462576,65.18534844,0,,,294.2248181,1963.41411,1884.877545,78.53656439,1963.41411,0,1,0,0,0.155996618,98.76549193,0.96,659.5060994,633.1258554,26.38024398,1,0,0,0.155996618,98.76549193,0.96,659.5060994,633.1258554,26.38024398,1,0,0,0.156304229,96.69383423,0.96,644.4019109,618.6258345,25.77607644,,,,691.4581375,1884.877545,1743.511729,141.3658159,1884.877545,0,1,0,0,0.396624733,230.5336211,0.925,628.3660997,581.2386423,47.12745748,1,0,0,0.396624733,230.5336211,0.925,628.3660997,581.2386423,47.12745748,1,0,0,0.396518481,230.3908954,0.925,628.1453459,581.0344449,47.11090094,0,0,0,0.087248178,0,0.88,0,0,0,1,,,0.101,176.0946847,1743.511729,1743.511729,0,54.04886361,0,,,219.9023803,0,94.55802353,3,1161.77764,0,0,0,128.7598159
3,1,4,0.11083,0,0,1161.77764,,,,0,0,1,1963.41411,1963.41411,0,314.1462576,65.18534844,0,,,294.2248181,1963.41411,1884.877545,78.53656439,1963.41411,0,1,0,0,0.155996618,98.76549193,0.96,659.5060994,633.1258554,26.38024398,1,0,0,0.155996618,98.76549193,0.96,659.5060994,633.1258554,26.38024398,1,0,0,0.156304229,96.69383423,0.96,644.4019109,618.6258345,25.77607644,,,,691.4581375,1884.877545,1743.511729,141.3658159,1884.877545,0,1,0,0,0.396624733,230.5336211,0.925,628.3660997,581.2386423,47.12745748,1,0,0,0.396624733,230.5336211,0.925,628.3660997,581.2386423,47.12745748,1,0,0,0.396518481,230.3908954,0.925,628.1453459,581.0344449,47.11090094,0,0,0,0.087248178,0,0.88,0,0,0,1,,,0.101,176.0946847,1743.511729,1743.511729,0,54.04886361,0,,,219.9023803,0,94.55802353,3,1161.77764,0,0,0,128.7598159
4,1,5,0.11083,0,0,1161.77764,,,,0,0,1,1963.41411,1963.41411,0,314.1462576,65.18534844,0,,,294.2248181,1963.41411,1884.877545,78.53656439,1963.41411,0,1,0,0,0.155996618,98.76549193,0.96,659.5060994,633.1258554,26.38024398,1,0,0,0.155996618,98.76549193,0.96,659.5060994,633.1258554,26.38024398,1,0,0,0.156304229,96.69383423,0.96,644.4019109,618.6258345,25.77607644,,,,691.4581375,1884.877545,1743.511729,141.3658159,1884.877545,0,1,0,0,0.396624733,230.5336211,0.925,628.3660997,581.2386423,47.12745748,1,0,0,0.396624733,230.5336211,0.925,628.3660997,581.2386423,47.12745748,1,0,0,0.396518481,230.3908954,0.925,628.1453459,581.0344449,47.11090094,0,0,0,0.087248178,0,0.88,0,0,0,1,,,0.101,176.0946847,1743.511729,1743.511729,0,54.04886361,0,,,219.9023803,0,94.55802353,3,1161.77764,0,0,0,128.7598159
5,1,6,0.11083,0,0,1161.77764,,,,0,0,1,1963.41411,1963.41411,0,314.1462576,65.18534844,0,,,294.2248181,1963.41411,1884.877545,78.53656439,1963.41411,0,1,0,0,0.155996618,98.76549193,0.96,659.5060994,633.1258554,26.38024398,1,0,0,0.155996618,98.76549193,0.96,659.5060994,633.1258554,26.38024398,1,0,0,0.156304229,96.69383423,0.96,644.4019109,618.6258345,25.77607644,,,,691.4581375,1884.877545,1743.511729,141.3658159,1884.877545,0,1,0,0,0.396624733,230.5336211,0.925,628.3660997,581.2386423,47.12745748,1,0,0,0.396624733,230.5336211,0.925,628.3660997,581.2386423,47.12745748,1,0,0,0.396518481,230.3908954,0.925,628.1453459,581.0344449,47.11090094,0,0,0,0.087248178,0,0.88,0,0,0,1,,,0.101,176.0946847,1743.511729,1743.511729,0,54.04886361,0,,,219.9023803,0,94.55802353,3,1161.77764,0,0,0,128.7598159
6,1,7,0.11083,0,0,1161.77764,,,,0,0,1,1963.41411,1963.41411,0,314.1462576,65.18534844,0,,,294.2248181,1963.41411,1884.877545,78.53656439,1963.41411,0,1,0,0,0.155996618,98.76549193,0.96,659.5060994,633.1258554,26.38024398,1,0,0,0.155996618,98.76549193,0.96,659.5060994,633.1258554,26.38024398,1,0,0,0.156304229,96.69383423,0.96,644.4019109,618.6258345,25.77607644,,,,691.4581375,1884.877545,1743.511729,141.3658159,1884.877545,0,1,0,0,0.396624733,230.5336211,0.925,628.3660997,581.2386423,47.12745748,1,0,0,0.396624733,230.5336211,0.925,628.3660997,581.2386423,47.12745748,1,0,0,0.396518481,230.3908954,0.925,628.1453459,581.0344449,47.11090094,0,0,0,0.087248178,0,0.88,0,0,0,1,,,0.101,176.0946847,1743.511729,1743.511729,0,54.04886361,0,,,219.9023803,0,94.55802353,3,1161.77764,0,0,0,128.7598159
7,1,8,0.11083,0,0,1161.77764,,,,0,0,1,1963.41411,1963.41411,0,314.1462576,65.18534844,0,,,294.2248181,1963.41411,1884.877545,78.53656439,1963.41411,0,1,0,0,0.155996618,98.76549193,0.96,659.5060994,633.1258554,26.38024398,1,0,0,0.155996618,98.76549193,0.96,659.5060994,633.1258554,26.38024398,1,0,0,0.156304229,96.69383423,0.96,644.4019109,618.6258345,25.77607644,,,,691.4581375,1884.877545,1743.511729,141.3658159,1884.877545,0,1,0,0,0.396624733,230.5336211,0.925,628.3660997,581.2386423,47.12745748,1,0,0,0.396624733,230.5336211,0.925,628.3660997,581.2386423,47.12745748,1,0,0,0.396518481,230.3908954,0.925,628.1453459,581.0344449,47.11090094,0,0,0,0.087248178,0,0.88,0,0,0,1,,,0.101,176.0946847,1743.511729,1743.511729,0,54.04886361,0,,,219.9023803,0,94.55802353,3,1161.77764,0,0,0,128.7598159
8,1,9,0.11083,0,0,1161.77764,,,,0,0,1,1963.41411,1963.41411,0,314.1462576,65.18534844,0,,,294.2248181,1963.41411,1884.877545,78.53656439,1963.41411,0,1,0,0,0.155996618,98.76549193,0.96,659.5060994,633.1258554,26.38024398,1,0,0,0.155996618,98.76549193,0.96,659.5060994,633.1258554,26.38024398,1,0,0,0.156304229,96.69383423,0.96,644.4019109,618.6258345,25.77607644,,,,691.4581375,1884.877545,1743.511729,141.3658159,1884.877545,0,1,0,0,0.396624733,230.5336211,0.925,628.3660997,581.2386423,47.12745748,1,0,0,0.396624733,230.5336211,0.925,628.3660997,581.2386423,47.12745748,1,0,0,0.396518481,230.3908954,0.925,628.1453459,581.0344449,47.11090094,0,0,0,0.087248178,0,0.88,0,0,0,1,,,0.101,176.0946847,1743.511729,1743.511729,0,54.04886361,0,,,219.9023803,0,94.55802353,3,1161.77764,0,0,0,128.7598159
9,1,10,0.11083,0,0,1161.77764,,,,0,0,1,1963.41411,1963.41411,0,314.1462576,65.18534844,0,,,294.2248181,1963.41411,1884.877545,78.53656439,1963.41411,0,1,0,0,0.155996618,98.76549193,0.96,659.5060994,633.1258554,26.38024398,1,0,0,0.155996618,98.76549193,0.96,659.5060994,633.1258554,26.38024398,1,0,0,0.156304229,96.69383423,0.96,644.4019109,618.6258345,25.77607644,,,,691.4581375,1884.877545,1743.511729,141.3658159,1884.877545,0,1,0,0,0.396624733,230.5336211,0.925,628.3660997,581.2386423,47.12745748,1,0,0,0.396624733,230.5336211,0.925,628.3660997,581.2386423,47.12745748,1,0,0,0.396518481,230.3908954,0.925,628.1453459,581.0344449,47.11090094,0,0,0,0.087248178,0,0.88,0,0,0,1,,,0.101,176.0946847,1743.511729,1743.511729,0,54.04886361,0,,,219.9023803,0,94.55802353,3,1161.77764,0,0,0,128.7598159
10,1,11,0.11083,0,0,1161.77764,,,,0,0,1,1963.41411,1963.41411,0,314.1462576,65.18534844,0,,,294.2248181,1963.41411,1884.877545,78.53656439,1963.41411,0,1,0,0,0.155996618,98.76549193,0.96,659.5060994,633.1258554,26.38024398,1,0,0,0.155996618,98.76549193,0.96,659.5060994,633.1258554,26.38024398,1,0,0,0.156304229,96.69383423,0.96,644.4019109,618.6258345,25.77607644,,,,691.4581375,1884.877545,1743.511729,141.3658159,1884.877545,0,1,0,0,0.396624733,230.5336211,0.925,628.3660997,581.2386423,47.12745748,1,0,0,0.396624733,230.5336211,0.925,628.3660997,581.2386423,47.12745748,1,0,0,0.396518481,230.3908954,0.925,628.1453459,581.0344449,47.11090094,0,0,0,0.087248178,0,0.88,0,0,0,1,,,0.101,176.0946847,1743.511729,1743.511729,0,54.04886361,0,,,219.9023803,0,94.55802353,3,1161.77764,0,0,0,128.7598159
11,1,12,0.11083,0,0,1161.77764,,,,0,0,1,1963.41411,1963.41411,0,314.1462576,65.18534844,0,,,294.2248181,1963.41411,1884.877545,78.53656439,1963.41411,0,1,0,0,0.155996618,98.76549193,0.96,659.5060994,633.1258554,26.38024398,1,0,0,0.155996618,98.76549193,0.96,659.5060994,633.1258554,26.38024398,1,0,0,0.156304229,96.69383423,0.96,644.4019109,618.6258345,25.77607644,,,,691.4581375,1884.877545,1743.511729,141.3658159,1884.877545,0,1,0,0,0.396624733,230.5336211,0.925,628.3660997,581.2386423,47.12745748,1,0,0,0.396624733,230.5336211,0.925,628.3660997,581.2386423,47.12745748,1,0,0,0.396518481,230.3908954,0.925,628.1453459,581.0344449,47.11090094,0,0,0,0.087248178,0,0.88,0,0,0,1,,,0.101,176.0946847,1743.511729,1743.511729,0,54.04886361,0,,,219.9023803,0,94.55802353,3,1161.77764,0,0,0,128.7598159
12,1,13,0.11083,0,0,1161.77764,,,,0,0,1,1963.41411,1963.41411,0,314.1462576,65.18534844,0,,,294.2248181,1963.41411,1884.877545,78.53656439,1963.41411,0,1,0,0,0.155996618,98.76549193,0.96,659.5060994,633.1258554,26.38024398,1,0,0,0.155996618,98.76549193,0.96,659.5060994,633.1258554,26.38024398,1,0,0,0.156304229,96.69383423,0.96,644.4019109,618.6258345,25.77607644,,,,691.4581375,1884.877545,1743.511729,141.3658159,1884.877545,0,1,0,0,0.396624733,230.5336211,0.925,628.3660997,581.2386423,47.12745748,1,0,0,0.396624733,230.5336211,0.925,628.3660997,581.2386423,47.12745748,1,0,0,0.396518481,230.3908954,0.925,628.1453459,581.0344449,47.11090094,0,0,0,0.087248178,0,0.88,0,0,0,1,,,0.101,176.0946847,1743.511729,1743.511729,0,54.04886361,0,,,219.9023803,0,94.55802353,3,1161.77764,0,0,0,128.7598159
13,1,14,0.11083,0,0,1161.77764,,,,0,0,1,1963.41411,1963.41411,0,314.1462576,65.18534844,0,,,294.2248181,1963.41411,1884.877545,78.53656439,1963.41411,0,1,0,0,0.155996618,98.76549193,0.96,659.5060994,633.1258554,26.38024398,1,0,0,0.155996618,98.76549193,0.96,659.5060994,633.1258554,26.38024398,1,0,0,0.156304229,96.69383423,0.96,644.4019109,618.6258345,25.77607644,,,,691.4581375,1884.877545,1743.511729,141.3658159,1884.877545,0,1,0,0,0.396624733,230.5336211,0.925,628.3660997,581.2386423,47.12745748,1,0,0,0.396624733,230.5336211,0.925,628.3660997,581.2386423,47.12745748,1,0,0,0.396518481,230.3908954,0.925,628.1453459,581.0344449,47.11090094,0,0,0,0.087248178,0,0.88,0,0,0,1,,,0.101,176.0946847,1743.511729,1743.511729,0,54.04886361,0,,,219.9023803,0,94.55802353,3,1161.77764,0,0,0,128.7598159
14,1,15,0.11083,0,0,1161.77764,,,,0,0,1,1963.41411,1963.41411,0,314.1462576,65.18534844,0,,,294.2248181,1963.41411,1884.877545,78.53656439,1963.41411,0,1,0,0,0.155996618,98.76549193,0.96,659.5060994,633.1258554,26.38024398,1,0,0,0.155996618,98.76549193,0.96,659.5060994,633.1258554,26.38024398,1,0,0,0.156304229,96.69383423,0.96,644.4019109,618.6258345,25.77607644,,,,691.4581375,1884.877545,1743.511729,141.3658159,1884.877545,0,1,0,0,0.396624733,230.5336211,0.925,628.3660997,581.2386423,47.12745748,1,0,0,0.396624733,230.5336211,0.925,628.3660997,581.2386423,47.12745748,1,0,0,0.396518481,230.3908954,0.925,628.1453459,581.0344449,47.11090094,0,0,0,0.087248178,0,0.88,0,0,0,1,,,0.101,176.0946847,1743.511729,1743.511729,0,54.04886361,0,,,219.9023803,0,94.55802353,3,1161.77764,0,0,0,128.7598159
15,1,16,0.11083,0,0,1161.77762,,,,0,0,1,1963.414107,1963.414107,0,314.1462571,65.18534834,0,,,294.2247997,1963.414107,1884.877542,78.53656426,1963.414107,0,1,0,0,0.155996618,98.76549193,0.96,659.5060994,633.1258554,26.38024398,1,0,0,0.155996618,98.76549193,0.96,659.5060994,633.1258554,26.38024398,1,0,0,0.1563042,96.69381581,0.96,644.4019077,618.6258314,25.77607631,,,,691.4581356,1884.877542,1743.511727,141.3658157,1884.877542,0,1,0,0,0.396624733,230.5336211,0.925,628.3660997,581.2386423,47.12745748,1,0,0,0.396624733,230.5336211,0.925,628.3660997,581.2386423,47.12745748,1,0,0,0.396518479,230.3908934,0.925,628.1453428,581.0344421,47.11090071,0,0,0,0.087248178,0,0.88,0,0,0,1,,,0.101,176.0946844,1743.511727,1743.511727,0,54.04886353,0,,,219.9023799,0,94.55802337,3,1161.77762,0,0,0,128.7598136
16,1,17,0.11083,0,0,1161.77762,,,,0,0,1,1963.414107,1963.414107,0,314.1462571,65.18534834,0,,,294.2247997,1963.414107,1884.877542,78.53656426,1963.414107,0,1,0,0,0.155996618,98.76549193,0.96,659.5060994,633.1258554,26.38024398,1,0,0,0.155996618,98.76549193,0.96,659.5060994,633.1258554,26.38024398,1,0,0,0.1563042,96.69381581,0.96,644.4019077,618.6258314,25.77607631,,,,691.4581356,1884.877542,1743.511727,141.3658157,1884.877542,0,1,0,0,0.396624733,230.5336211,0.925,628.3660997,581.2386423,47.12745748,1,0,0,0.396624733,230.5336211,0.925,628.3660997,581.2386423,47.12745748,1,0,0,0.396518479,230.3908934,0.925,628.1453428,581.0344421,47.11090071,0,0,0,0.087248178,0,0.88,0,0,0,1,,,0.101,176.0946844,1743.511727,1743.511727,0,54.04886353,0,,,219.9023799,0,94.55802337,3,1161.77762,0,0,0,128.7598136
17,1,18,0.16021,1,0,590.6867752,,,,0,0,1,1083.333333,1083.333333,0,173.3333333,35.96666667,0,,,169.2445627,1083.333333,1040,43.33333333,1083.333333,0,1,0,0,0.155996618,98.76549193,0.96,659.5060994,633.1258554,26.38024398,1,0,0,0.173220815,70.47907077,0.96,423.8272339,406.8741446,16.95308936,0,0,1,0.271,0,0.96,0,0,0,,,,325.5028803,1040,949.8943782,90.10562175,1040,0,1,0,0,0.342657056,162.7259094,0.91325842,520,474.8943782,45.10562175,1,0,0,0.34268836,162.7769709,0.913461538,520,475,45,0,0,1,0.087248178,0,0.88,0,0,0,0,0,0,0.087248178,0,0.88,0,0,0,1,,,0.101,95.9393322,949.8943782,949.8943782,0,29.44672573,0,,,133.4389551,0,57.37875069,2,590.6867752,0,0,0,94.63392825
18,1,19,0.16021,1,0,590.6867752,,,,0,0,1,1083.333333,1083.333333,0,173.3333333,35.96666667,0,,,169.2445627,1083.333333,1040,43.33333333,1083.333333,0,1,0,0,0.155996618,98.76549193,0.96,659.5060994,633.1258554,26.38024398,1,0,0,0.173220815,70.47907077,0.96,423.8272339,406.8741446,16.95308936,0,0,0,0.271,0,0.96,0,0,0,,,,325.5028797,1040,949.8943839,90.10561609,1040,0,1,0,0,0.34265705,162.7259089,0.913258431,520,474.8943839,45.10561609,1,0,0,0.34268836,162.7769709,0.913461538,520,475,45,0,0,0,0.087248178,0,0.88,0,0,0,0,0,0,0.087248178,0,0.88,0,0,0,1,,,0.101,95.93933277,949.8943839,949.8943839,0,29.4467259,0,,,133.4389494,0,57.37874825,2,590.6867752,0,0,0,94.63392825
19,1,20,0.16021,1,0,590.6867752,,,,0,0,1,1083.333333,1083.333333,0,173.3333333,35.96666667,0,,,169.2445627,1083.333333,1040,43.33333333,1083.333333,0,1,0,0,0.155996618,98.76549193,0.96,659.5060994,633.1258554,26.38024398,1,0,0,0.173220815,70.47907077,0.96,423.8272339,406.8741446,16.95308936,0,0,0,0.271,0,0.96,0,0,0,,,,325.5028803,1040,949.8943782,90.10562175,1040,0,1,0,0,0.342657056,162.7259094,0.91325842,520,474.8943782,45.10562175,1,0,0,0.34268836,162.7769709,0.913461538,520,475,45,0,0,0,0.087248178,0,0.88,0,0,0,0,0,0,0.087248178,0,0.88,0,0,0,1,,,0.101,95.9393322,949.8943782,949.8943782,0,29.44672573,0,,,133.4389551,0,57.37875069,2,590.6867752,0,0,0,94.63392825
20,1,21,0.16021,1,0,590.6865091,,,,0,0,1,1083.333333,1083.333333,0,173.3333333,35.96666667,0,,,169.2445627,1083.333333,1040,43.33333333,1083.333333,0,1,0,0,0.155996618,98.76549193,0.96,659.5060994,633.1258554,26.38024398,1,0,0,0.173220815,70.47907077,0.96,423.8272339,406.8741446,16.95308936,0,0,0,0.271,0,0.96,0,0,0,,,,325.5026602,1040,949.8939229,90.10607709,1040,0,1,0,0,0.342656921,162.7256893,0.913257544,520,474.8939229,45.10607709,1,0,0,0.34268836,162.7769709,0.913461538,520,475,45,0,0,0,0.087248178,0,0.88,0,0,0,0,0,0,0.087248178,0,0.88,0,0,0,1,,,0.101,95.93928621,949.8939229,949.8939229,0,29.44671161,0,,,133.4394104,0,57.37894648,2,590.6865091,0,0,0,94.63388562
21,1,22,0.16021,1,0,590.6865091,,,,0,0,1,1083.333333,1083.333333,0,173.3333333,35.96666667,0,,,169.2445627,1083.333333,1040,43.33333333,1083.333333,0,1,0,0,0.155996618,98.76549193,0.96,659.5060994,633.1258554,26.38024398,1,0,0,0.173220815,70.47907077,0.96,423.8272339,406.8741446,16.95308936,0,0,0,0.271,0,0.96,0,0,0,,,,325.5026602,1040,949.8939229,90.10607709,1040,0,1,0,0,0.342656921,162.7256893,0.913257544,520,474.8939229,45.10607709,1,0,0,0.34268836,162.7769709,0.913461538,520,475,45,0,0,0,0.087248178,0,0.88,0,0,0,0,0,0,0.087248178,0,0.88,0,0,0,1,,,0.101,95.93928621,949.8939229,949.8939229,0,29.44671161,0,,,133.4394104,0,57.37894648,2,590.6865091,0,0,0,94.63388562
22,1,23,0.11083,0,0,1167.766813,,,,0,0,1,2166.666667,2166.666667,0,346.6666667,71.93333333,0,,,324.7589298,2166.666667,2080,86.66666667,2166.666667,0,1,0,0,0.15680916,114.7985108,0.96,762.5943651,732.0905905,30.5037746,1,0,0,0.155818126,107.1801912,0.96,716.5150527,687.8544506,28.66060211,1,1,0,0.155714651,102.7802278,0.96,687.5572489,660.0549589,27.50228996,,,,651.1078834,2080,1900,180,2080,0,1,0,0,0.34268836,162.7769709,0.913461538,520,475,45,1,0,0,0.34268836,162.7769709,0.913461538,520,475,45,1,1,0,0.34268836,162.7769709,0.913461538,520,475,45,1,1,0,0.34268836,162.7769709,0.913461538,520,475,45,1,,,0.101,191.9,1900,1900,0,58.9,0,,,266.6666667,0,114.6666667,4,1167.766813,0,0,0,129.4235959
23,1,24,0.11083,0,0,1167.766813,,,,0,0,1,2166.666667,2166.666667,0,346.6666667,71.93333333,0,,,324.7589298,2166.666667,2080,86.66666667,2166.666667,0,1,0,0,0.15680916,114.7985108,0.96,762.5943651,732.0905905,30.5037746,1,0,0,0.155818126,107.1801912,0.96,716.5150527,687.8544506,28.66060211,1,0,0,0.155714651,102.7802278,0.96,687.5572489,660.0549589,27.50228996,,,,651.1078834,2080,1900,180,2080,0,1,0,0,0.34268836,162.7769709,0.913461538,520,475,45,1,0,0,0.34268836,162.7769709,0.913461538,520,475,45,1,0,0,0.34268836,162.7769709,0.913461538,520,475,45,1,0,0,0.34268836,162.7769709,0.913461538,520,475,45,1,,,0.101,191.9,1900,1900,0,58.9,0,,,266.6666667,0,114.6666667,4,1167.766813,0,0,0,129.4235959
24,1,25,0.11083,0,0,1167.766813,,,,0,0,1,2166.666667,2166.666667,0,346.6666667,71.93333333,0,,,324.7589298,2166.666667,2080,86.66666667,2166.666667,0,1,0,0,0.15680916,114.7985108,0.96,762.5943651,732.0905905,30.5037746,1,0,0,0.155818126,107.1801912,0.96,716.5150527,687.8544506,28.66060211,1,0,0,0.155714651,102.7802278,0.96,687.5572489,660.0549589,27.50228996,,,,651.1078834,2080,1900,180,2080,0,1,0,0,0.34268836,162.7769709,0.913461538,520,475,45,1,0,0,0.34268836,162.7769709,0.913461538,520,475,45,1,0,0,0.34268836,162.7769709,0.913461538,520,475,45,1,0,0,0.34268836,162.7769709,0.913461538,520,475,45,1,,,0.101,191.9,1900,1900,0,58.9,0,,,266.6666667,0,114.6666667,4,1167.766813,0,0,0,129.4235959
25,1,26,0.11083,0,0,1167.766813,,,,0,0,1,2166.666667,2166.666667,0,346.6666667,71.93333333,0,,,324.7589298,2166.666667,2080,86.66666667,2166.666667,0,1,0,0,0.15680916,114.7985108,0.96,762.5943651,732.0905905,30.5037746,1,0,0,0.155818126,107.1801912,0.96,716.5150527,687.8544506,28.66060211,1,0,0,0.155714651,102.7802278,0.96,687.5572489,660.0549589,27.50228996,,,,651.1078834,2080,1900,180,2080,0,1,0,0,0.34268836,162.7769709,0.913461538,520,475,45,1,0,0,0.34268836,162.7769709,0.913461538,520,475,45,1,0,0,0.34268836,162.7769709,0.913461538,520,475,45,1,0,0,0.34268836,162.7769709,0.913461538,520,475,45,1,,,0.101,191.9,1900,1900,0,58.9,0,,,266.6666667,0,114.6666667,4,1167.766813,0,0,0,129.4235959
26,1,27,0.11083,0,0,1167.766813,,,,0,0,1,2166.666667,2166.666667,0,346.6666667,71.93333333,0,,,324.7589298,2166.666667,2080,86.66666667,2166.666667,0,1,0,0,0.15680916,114.7985108,0.96,762.5943651,732.0905905,30.5037746,1,0,0,0.155818126,107.1801912,0.96,716.5150527,687.8544506,28.66060211,1,0,0,0.155714651,102.7802278,0.96,687.5572489,660.0549589,27.50228996,,,,651.1078834,2080,1900,180,2080,0,1,0,0,0.34268836,162.7769709,0.913461538,520,475,45,1,0,0,0.34268836,162.7769709,0.913461538,520,475,45,1,0,0,0.34268836,162.7769709,0.913461538,520,475,45,1,0,0,0.34268836,162.7769709,0.913461538,520,475,45,1,,,0.101,191.9,1900,1900,0,58.9,0,,,266.6666667,0,114.6666667,4,1167.766813,0,0,0,129.4235959
27,1,28,0.11083,0,0,1167.766813,,,,0,0,1,2166.666667,2166.666667,0,346.6666667,71.93333333,0,,,324.7589298,2166.666667,2080,86.66666667,2166.666667,0,1,0,0,0.15680916,114.7985108,0.96,762.5943651,732.0905905,30.5037746,1,0,0,0.155818126,107.1801912,0.96,716.5150527,687.8544506,28.66060211,1,0,0,0.155714651,102.7802278,0.96,687.5572489,660.0549589,27.50228996,,,,651.1078834,2080,1900,180,2080,0,1,0,0,0.34268836,162.7769709,0.913461538,520,475,45,1,0,0,0.34268836,162.7769709,0.913461538,520,475,45,1,0,0,0.34268836,162.7769709,0.913461538,520,475,45,1,0,0,0.34268836,162.7769709,0.913461538,520,475,45,1,,,0.101,191.9,1900,1900,0,58.9,0,,,266.6666667,0,114.6666667,4,1167.766813,0,0,0,129.4235959
28,1,29,0.11083,0,0,1167.766813,,,,0,0,1,2166.666667,2166.666667,0,346.6666667,71.93333333,0,,,324.7589298,2166.666667,2080,86.66666667,2166.666667,0,1,0,0,0.15680916,114.7985108,0.96,762.5943651,732.0905905,30.5037746,1,0,0,0.155818126,107.1801912,0.96,716.5150527,687.8544506,28.66060211,1,0,0,0.155714651,102.7802278,0.96,687.5572489,660.0549589,27.50228996,,,,651.1078834,2080,1900,180,2080,0,1,0,0,0.34268836,162.7769709,0.913461538,520,475,45,1,0,0,0.34268836,162.7769709,0.913461538,520,475,45,1,0,0,0.34268836,162.7769709,0.913461538,520,475,45,1,0,0,0.34268836,162.7769709,0.913461538,520,475,45,1,,,0.101,191.9,1900,1900,0,58.9,0,,,266.6666667,0,114.6666667,4,1167.766813,0,0,0,129.4235959
29,1,30,0.11083,0,0,1167.766813,,,,0,0,1,2166.666667,2166.666667,0,346.6666667,71.93333333,0,,,324.7589298,2166.666667,2080,86.66666667,2166.666667,0,1,0,0,0.15680916,114.7985108,0.96,762.5943651,732.0905905,30.5037746,1,0,0,0.155818126,107.1801912,0.96,716.5150527,687.8544506,28.66060211,1,0,0,0.155714651,102.7802278,0.96,687.5572489,660.0549589,27.50228996,,,,651.1078834,2080,1900,180,2080,0,1,0,0,0.34268836,162.7769709,0.913461538,520,475,45,1,0,0,0.34268836,162.7769709,0.913461538,520,475,45,1,0,0,0.34268836,162.7769709,0.913461538,520,475,45,1,0,0,0.34268836,162.7769709,0.913461538,520,475,45,1,,,0.101,191.9,1900,1900,0,58.9,0,,,266.6666667,0,114.6666667,4,1167.766813,0,0,0,129.4235959
30,1,31,0.11083,0,0,1167.766813,,,,0,0,1,2166.666667,2166.666667,0,346.6666667,71.93333333,0,,,324.7589298,2166.666667,2080,86.66666667,2166.666667,0,1,0,0,0.15680916,114.7985108,0.96,762.5943651,732.0905905,30.5037746,1,0,0,0.155818126,107.1801912,0.96,716.5150527,687.8544506,28.66060211,1,0,0,0.155714651,102.7802278,0.96,687.5572489,660.0549589,27.50228996,,,,651.1078834,2080,1900,180,2080,0,1,0,0,0.34268836,162.7769709,0.913461538,520,475,45,1,0,0,0.34268836,162.7769709,0.913461538,520,475,45,1,0,0,0.34268836,162.7769709,0.913461538,520,475,45,1,0,0,0.34268836,162.7769709,0.913461538,520,475,45,1,,,0.101,191.9,1900,1900,0,58.9,0,,,266.6666667,0,114.6666667,4,1167.766813,0,0,0,129.4235959
31,1,32,0.11083,0,0,1167.766813,,,,0,0,1,2166.666667,2166.666667,0,346.6666667,71.93333333,0,,,324.7589298,2166.666667,2080,86.66666667,2166.666667,0,1,0,0,0.15680916,114.7985108,0.96,762.5943651,732.0905905,30.5037746,1,0,0,0.155818126,107.1801912,0.96,716.5150527,687.8544506,28.66060211,1,0,0,0.155714651,102.7802278,0.96,687.5572489,660.0549589,27.50228996,,,,651.1078834,2080,1900,180,2080,0,1,0,0,0.34268836,162.7769709,0.913461538,520,475,45,1,0,0,0.34268836,162.7769709,0.913461538,520,475,45,1,0,0,0.34268836,162.7769709,0.913461538,520,475,45,1,0,0,0.34268836,162.7769709,0.913461538,520,475,45,1,,,0.101,191.9,1900,1900,0,58.9,0,,,266.6666667,0,114.6666667,4,1167.766813,0,0,0,129.4235959
32,1,33,0.11083,0,0,1167.766813,,,,0,0,1,2166.666667,2166.666667,0,346.6666667,71.93333333,0,,,324.7589298,2166.666667,2080,86.66666667,2166.666667,0,1,0,0,0.15680916,114.7985108,0.96,762.5943651,732.0905905,30.5037746,1,0,0,0.155818126,107.1801912,0.96,716.5150527,687.8544506,28.66060211,1,0,0,0.155714651,102.7802278,0.96,687.5572489,660.0549589,27.50228996,,,,651.1078834,2080,1900,180,2080,0,1,0,0,0.34268836,162.7769709,0.913461538,520,475,45,1,0,0,0.34268836,162.7769709,0.913461538,520,475,45,1,0,0,0.34268836,162.7769709,0.913461538,520,475,45,1,0,0,0.34268836,162.7769709,0.913461538,520,475,45,1,,,0.101,191.9,1900,1900,0,58.9,0,,,266.6666667,0,114.6666667,4,1167.766813,0,0,0,129.4235959
33,1,34,0.11083,0,0,1167.766813,,,,0,0,1,2166.666667,2166.666667,0,346.6666667,71.93333333,0,,,324.7589298,2166.666667,2080,86.66666667,2166.666667,0,1,0,0,0.15680916,114.7985108,0.96,762.5943651,732.0905905,30.5037746,1,0,0,0.155818126,107.1801912,0.96,716.5150527,687.8544506,28.66060211,1,0,0,0.155714651,102.7802278,0.96,687.5572489,660.0549589,27.50228996,,,,651.1078834,2080,1900,180,2080,0,1,0,0,0.34268836,162.7769709,0.913461538,520,475,45,1,0,0,0.34268836,162.7769709,0.913461538,520,475,45,1,0,0,0.34268836,162.7769709,0.913461538,520,475,45,1,0,0,0.34268836,162.7769709,0.913461538,520,475,45,1,,,0.101,191.9,1900,1900,0,58.9,0,,,266.6666667,0,114.6666667,4,1167.766813,0,0,0,129.4235959
34,1,35,0.11083,0,0,1167.766813,,,,0,0,1,2166.666667,2166.666667,0,346.6666667,71.93333333,0,,,324.7589298,2166.666667,2080,86.66666667,2166.666667,0,1,0,0,0.15680916,114.7985108,0.96,762.5943651,732.0905905,30.5037746,1,0,0,0.155818126,107.1801912,0.96,716.5150527,687.8544506,28.66060211,1,0,0,0.155714651,102.7802278,0.96,687.5572489,660.0549589,27.50228996,,,,651.1078834,2080,1900,180,2080,0,1,0,0,0.34268836,162.7769709,0.913461538,520,475,45,1,0,0,0.34268836,162.7769709,0.913461538,520,475,45,1,0,0,0.34268836,162.7769709,0.913461538,520,475,45,1,0,0,0.34268836,162.7769709,0.913461538,520,475,45,1,,,0.101,191.9,1900,1900,0,58.9,0,,,266.6666667,0,114.6666667,4,1167.766813,0,0,0,129.4235959
35,1,36,0.11083,0,0,1167.766813,,,,0,0,1,2166.666667,2166.666667,0,346.6666667,71.93333333,0,,,324.7589298,2166.666667,2080,86.66666667,2166.666667,0,1,0,0,0.15680916,114.7985108,0.96,762.5943651,732.0905905,30.5037746,1,0,0,0.155818126,107.1801912,0.96,716.5150527,687.8544506,28.66060211,1,0,0,0.155714651,102.7802278,0.96,687.5572489,660.0549589,27.50228996,,,,651.1078834,2080,1900,180,2080,0,1,0,0,0.34268836,162.7769709,0.913461538,520,475,45,1,0,0,0.34268836,162.7769709,0.913461538,520,475,45,1,0,0,0.34268836,162.7769709,0.913461538,520,475,45,1,0,0,0.34268836,162.7769709,0.913461538,520,475,45,1,,,0.101,191.9,1900,1900,0,58.9,0,,,266.6666667,0,114.6666667,4,1167.766813,0,0,0,129.4235959
36,1,37,0.11083,0,0,1167.766813,,,,0,0,1,2166.666667,2166.666667,0,346.6666667,71.93333333,0,,,324.7589298,2166.666667,2080,86.66666667,2166.666667,0,1,0,0,0.15680916,114.7985108,0.96,762.5943651,732.0905905,30.5037746,1,0,0,0.155818126,107.1801912,0.96,716.5150527,687.8544506,28.66060211,1,0,0,0.155714651,102.7802278,0.96,687.5572489,660.0549589,27.50228996,,,,651.1078834,2080,1900,180,2080,0,1,0,0,0.34268836,162.7769709,0.913461538,520,475,45,1,0,0,0.34268836,162.7769709,0.913461538,520,475,45,1,0,0,0.34268836,162.7769709,0.913461538,520,475,45,1,0,0,0.34268836,162.7769709,0.913461538,520,475,45,1,,,0.101,191.9,1900,1900,0,58.9,0,,,266.6666667,0,114.6666667,4,1167.766813,0,0,0,129.4235959
37,1,38,0.11083,0,0,1167.766813,,,,0,0,1,2166.666667,2166.666667,0,346.6666667,71.93333333,0,,,324.7589298,2166.666667,2080,86.66666667,2166.666667,0,1,0,0,0.15680916,114.7985108,0.96,762.5943651,732.0905905,30.5037746,1,0,0,0.155818126,107.1801912,0.96,716.5150527,687.8544506,28.66060211,1,0,0,0.155714651,102.7802278,0.96,687.5572489,660.0549589,27.50228996,,,,651.1078834,2080,1900,180,2080,0,1,0,0,0.34268836,162.7769709,0.913461538,520,475,45,1,0,0,0.34268836,162.7769709,0.913461538,520,475,45,1,0,0,0.34268836,162.7769709,0.913461538,520,475,45,1,0,0,0.34268836,162.7769709,0.913461538,520,475,45,1,,,0.101,191.9,1900,1900,0,58.9,0,,,266.6666667,0,114.6666667,4,1167.766813,0,0,0,129.4235959
38,1,39,0.11083,0,0,1167.766813,,,,0,0,1,2166.666667,2166.666667,0,346.6666667,71.93333333,0,,,324.7589298,2166.666667,2080,86.66666667,2166.666667,0,1,0,0,0.15680916,114.7985108,0.96,762.5943651,732.0905905,30.5037746,1,0,0,0.155818126,107.1801912,0.96,716.5150527,687.8544506,28.66060211,1,0,0,0.155714651,102.7802278,0.96,687.5572489,660.0549589,27.50228996,,,,651.1078834,2080,1900,180,2080,0,1,0,0,0.34268836,162.7769709,0.913461538,520,475,45,1,0,0,0.34268836,162.7769709,0.913461538,520,475,45,1,0,0,0.34268836,162.7769709,0.913461538,520,475,45,1,0,0,0.34268836,162.7769709,0.913461538,520,475,45,1,,,0.101,191.9,1900,1900,0,58.9,0,,,266.6666667,0,114.6666667,4,1167.766813,0,0,0,129.4235959
39,1,40,0.11083,0,0,1167.766813,,,,0,0,1,2166.666667,2166.666667,0,346.6666667,71.93333333,0,,,324.7589298,2166.666667,2080,86.66666667,2166.666667,0,1,0,0,0.15680916,114.7985108,0.96,762.5943651,732.0905905,30.5037746,1,0,0,0.155818126,107.1801912,0.96,716.5150527,687.8544506,28.66060211,1,0,0,0.155714651,102.7802278,0.96,687.5572489,660.0549589,27.50228996,,,,651.1078834,2080,1900,180,2080,0,1,0,0,0.34268836,162.7769709,0.913461538,520,475,45,1,0,0,0.34268836,162.7769709,0.913461538,520,475,45,1,0,0,0.34268836,162.7769709,0.913461538,520,475,45,1,0,0,0.34268836,162.7769709,0.913461538,520,475,45,1,,,0.101,191.9,1900,1900,0,58.9,0,,,266.6666667,0,114.6666667,4,1167.766813,0,0,0,129.4235959
40,1,41,0.11083,0,0,1167.766813,,,,0,0,1,2166.666667,2166.666667,0,346.6666667,71.93333333,0,,,324.7589298,2166.666667,2080,86.66666667,2166.666667,0,1,0,0,0.15680916,114.7985108,0.96,762.5943651,732.0905905,30.5037746,1,0,0,0.155818126,107.1801912,0.96,716.5150527,687.8544506,28.66060211,1,0,0,0.155714651,102.7802278,0.96,687.5572489,660.0549589,27.50228996,,,,651.1078834,2080,1900,180,2080,0,1,0,0,0.34268836,162.7769709,0.913461538,520,475,45,1,0,0,0.34268836,162.7769709,0.913461538,520,475,45,1,0,0,0.34268836,162.7769709,0.913461538,520,475,45,1,0,0,0.34268836,162.7769709,0.913461538,520,475,45,1,,,0.101,191.9,1900,1900,0,58.9,0,,,266.6666667,0,114.6666667,4,1167.766813,0,0,0,129.4235959
41,1,42,0.16021,1,0,589.2478024,,,,0,0,1,1083.333333,1083.333333,0,173.3333333,35.96666667,0,,,167.7438607,1083.333333,1040,43.33333333,1083.333333,0,1,0,0,0.160955788,84.41436658,0.96,546.3092247,524.4568557,21.85236899,1,0,0,0.161634375,83.32949413,0.96,537.0241086,515.5431443,21.48096435,0,0,1,0.271,0,0.96,0,0,0,,,,325.5539417,1040,950,90,1040,0,1,0,0,0.34268836,162.7769709,0.913461538,520,475,45,1,0,0,0.34268836,162.7769709,0.913461538,520,475,45,0,0,1,0.087248178,0,0.88,0,0,0,0,0,1,0.087248178,0,0.88,0,0,0,1,,,0.101,95.95,950,950,0,29.45,0,,,133.3333333,0,57.33333333,2,589.2478024,0,0,0,94.40339043
42,1,43,0.16021,1,0,589.2478024,,,,0,0,1,1083.333333,1083.333333,0,173.3333333,35.96666667,0,,,167.7438607,1083.333333,1040,43.33333333,1083.333333,0,1,0,0,0.160955788,84.41436658,0.96,546.3092247,524.4568557,21.85236899,1,0,0,0.161634375,83.32949413,0.96,537.0241086,515.5431443,21.48096435,0,0,0,0.271,0,0.96,0,0,0,,,,325.5539417,1040,950,90,1040,0,1,0,0,0.34268836,162.7769709,0.913461538,520,475,45,1,0,0,0.34268836,162.7769709,0.913461538,520,475,45,0,0,0,0.087248178,0,0.88,0,0,0,0,0,0,0.087248178,0,0.88,0,0,0,1,,,0.101,95.95,950,950,0,29.45,0,,,133.3333333,0,57.33333333,2,589.2478024,0,0,0,94.40339043
43,1,44,0.16021,1,0,589.2478024,,,,0,0,1,1083.333333,1083.333333,0,173.3333333,35.96666667,0,,,167.7438607,1083.333333,1040,43.33333333,1083.333333,0,1,0,0,0.160955788,84.41436658,0.96,546.3092247,524.4568557,21.85236899,1,0,0,0.161634375,83.32949413,0.96,537.0241086,515.5431443,21.48096435,0,0,0,0.271,0,0.96,0,0,0,,,,325.5539417,1040,950,90,1040,0,1,0,0,0.34268836,162.7769709,0.913461538,520,475,45,1,0,0,0.34268836,162.7769709,0.913461538,520,475,45,0,0,0,0.087248178,0,0.88,0,0,0,0,0,0,0.087248178,0,0.88,0,0,0,1,,,0.101,95.95,950,950,0,29.45,0,,,133.3333333,0,57.33333333,2,589.2478024,0,0,0,94.40339043
44,1,45,0.16021,1,0,589.2478024,,,,0,0,1,1083.333333,1083.333333,0,173.3333333,35.96666667,0,,,167.7438607,1083.333333,1040,43.33333333,1083.333333,0,1,0,0,0.160955788,84.41436658,0.96,546.3092247,524.4568557,21.85236899,1,0,0,0.161634375,83.32949413,0.96,537.0241086,515.5431443,21.48096435,0,0,0,0.271,0,0.96,0,0,0,,,,325.5539417,1040,950,90,1040,0,1,0,0,0.34268836,162.7769709,0.913461538,520,475,45,1,0,0,0.34268836,162.7769709,0.913461538,520,475,45,0,0,0,0.087248178,0,0.88,0,0,0,0,0,0,0.087248178,0,0.88,0,0,0,1,,,0.101,95.95,950,950,0,29.45,0,,,133.3333333,0,57.33333333,2,589.2478024,0,0,0,94.40339043
45,1,46,0.16021,1,0,589.2478024,,,,0,0,1,1083.333333,1083.333333,0,173.3333333,35.96666667,0,,,167.7438607,1083.333333,1040,43.33333333,1083.333333,0,1,0,0,0.160955788,84.41436658,0.96,546.3092247,524.4568557,21.85236899,1,0,0,0.161634375,83.32949413,0.96,537.0241086,515.5431443,21.48096435,0,0,0,0.271,0,0.96,0,0,0,,,,325.5539417,1040,950,90,1040,0,1,0,0,0.34268836,162.7769709,0.913461538,520,475,45,1,0,0,0.34268836,162.7769709,0.913461538,520,475,45,0,0,0,0.087248178,0,0.88,0,0,0,0,0,0,0.087248178,0,0.88,0,0,0,1,,,0.101,95.95,950,950,0,29.45,0,,,133.3333333,0,57.33333333,2,589.2478024,0,0,0,94.40339043
46,1,47,0.11083,0,0,1167.284326,,,,0,0,1,2166.666667,2166.666667,0,346.6666667,71.93333333,0,,,324.2764428,2166.666667,2080,86.66666667,2166.666667,0,1,0,0,0.155968207,108.9845798,0.96,727.8765739,698.7615109,29.11506296,1,0,0,0.155968207,108.9845798,0.96,727.8765739,698.7615109,29.11506296,1,1,0,0.155766841,106.3072831,0.96,710.9135189,682.4769781,28.43654076,,,,651.1078834,2080,1900,180,2080,0,1,0,0,0.34268836,162.7769709,0.913461538,520,475,45,1,0,0,0.34268836,162.7769709,0.913461538,520,475,45,1,1,0,0.34268836,162.7769709,0.913461538,520,475,45,1,1,0,0.34268836,162.7769709,0.913461538,520,475,45,1,,,0.101,191.9,1900,1900,0,58.9,0,,,266.6666667,0,114.6666667,4,1167.284326,0,0,0,129.3701219
47,1,48,0.11083,0,0,1167.284326,,,,0,0,1,2166.666667,2166.666667,0,346.6666667,71.93333333,0,,,324.2764428,2166.666667,2080,86.66666667,2166.666667,0,1,0,0,0.155968207,108.9845798,0.96,727.8765739,698.7615109,29.11506296,1,0,0,0.155968207,108.9845798,0.96,727.8765739,698.7615109,29.11506296,1,0,0,0.155766841,106.3072831,0.96,710.9135189,682.4769781,28.43654076,,,,651.1078834,2080,1900,180,2080,0,1,0,0,0.34268836,162.7769709,0.913461538,520,475,45,1,0,0,0.34268836,162.7769709,0.913461538,520,475,45,1,0,0,0.34268836,162.7769709,0.913461538,520,475,45,1,0,0,0.34268836,162.7769709,0.913461538,520,475,45,1,,,0.101,191.9,1900,1900,0,58.9,0,,,266.6666667,0,114.6666667,4,1167.284326,0,0,0,129.3701219
48,1,49,0.11083,0,0,1167.284326,,,,0,0,1,2166.666667,2166.666667,0,346.6666667,71.93333333,0,,,324.2764428,2166.666667,2080,86.66666667,2166.666667,0,1,0,0,0.155968207,108.9845798,0.96,727.8765739,698.7615109,29.11506296,1,0,0,0.155968207,108.9845798,0.96,727.8765739,698.7615109,29.11506296,1,0,0,0.155766841,106.3072831,0.96,710.9135189,682.4769781,28.43654076,,,,651.1078834,2080,1900,180,2080,0,1,0,0,0.34268836,162.7769709,0.913461538,520,475,45,1,0,0,0.34268836,162.7769709,0.913461538,520,475,45,1,0,0,0.34268836,162.7769709,0.913461538,520,475,45,1,0,0,0.34268836,162.7769709,0.913461538,520,475,45,1,,,0.101,191.9,1900,1900,0,58.9,0,,,266.6666667,0,114.6666667,4,1167.284326,0,0,0,129.3701219
49,1,50,0.11083,0,0,1167.284326,,,,0,0,1,2166.666667,2166.666667,0,346.6666667,71.93333333,0,,,324.2764428,2166.666667,2080,86.66666667,2166.666667,0,1,0,0,0.155968207,108.9845798,0.96,727.8765739,698.7615109,29.11506296,1,0,0,0.155968207,108.9845798,0.96,727.8765739,698.7615109,29.11506296,1,0,0,0.155766841,106.3072831,0.96,710.9135189,682.4769781,28.43654076,,,,651.1078834,2080,1900,180,2080,0,1,0,0,0.34268836,162.7769709,0.913461538,520,475,45,1,0,0,0.34268836,162.7769709,0.913461538,520,475,45,1,0,0,0.34268836,162.7769709,0.913461538,520,475,45,1,0,0,0.34268836,162.7769709,0.913461538,520,475,45,1,,,0.101,191.9,1900,1900,0,58.9,0,,,266.6666667,0,114.6666667,4,1167.284326,0,0,0,129.3701219
50,1,51,0.11083,0,0,1167.284326,,,,0,0,1,2166.666667,2166.666667,0,346.6666667,71.93333333,0,,,324.2764428,2166.666667,2080,86.66666667,2166.666667,0,1,0,0,0.155968207,108.9845798,0.96,727.8765739,698.7615109,29.11506296,1,0,0,0.155968207,108.9845798,0.96,727.8765739,698.7615109,29.11506296,1,0,0,0.155766841,106.3072831,0.96,710.9135189,682.4769781,28.43654076,,,,651.1078834,2080,1900,180,2080,0,1,0,0,0.34268836,162.7769709,0.913461538,520,475,45,1,0,0,0.34268836,162.7769709,0.913461538,520,475,45,1,0,0,0.34268836,162.7769709,0.913461538,520,475,45,1,0,0,0.34268836,162.7769709,0.913461538,520,475,45,1,,,0.101,191.9,1900,1900,0,58.9,0,,,266.6666667,0,114.6666667,4,1167.284326,0,0,0,129.3701219
51,1,52,0.11083,0,0,1167.284326,,,,0,0,1,2166.666667,2166.666667,0,346.6666667,71.93333333,0,,,324.2764428,2166.666667,2080,86.66666667,2166.666667,0,1,0,0,0.155968207,108.9845798,0.96,727.8765739,698.7615109,29.11506296,1,0,0,0.155968207,108.9845798,0.96,727.8765739,698.7615109,29.11506296,1,0,0,0.155766841,106.3072831,0.96,710.9135189,682.4769781,28.43654076,,,,651.1078834,2080,1900,180,2080,0,1,0,0,0.34268836,162.7769709,0.913461538,520,475,45,1,0,0,0.34268836,162.7769709,0.913461538,520,475,45,1,0,0,0.34268836,162.7769709,0.913461538,520,475,45,1,0,0,0.34268836,162.7769709,0.913461538,520,475,45,1,,,0.101,191.9,1900,1900,0,58.9,0,,,266.6666667,0,114.6666667,4,1167.284326,0,0,0,129.3701219
52,1,53,0.11083,0,0,1167.284326,,,,0,0,1,2166.666667,2166.666667,0,346.6666667,71.93333333,0,,,324.2764428,2166.666667,2080,86.66666667,2166.666667,0,1,0,0,0.155968207,108.9845798,0.96,727.8765739,698.7615109,29.11506296,1,0,0,0.155968207,108.9845798,0.96,727.8765739,698.7615109,29.11506296,1,0,0,0.155766841,106.3072831,0.96,710.9135189,682.4769781,28.43654076,,,,651.1078834,2080,1900,180,2080,0,1,0,0,0.34268836,162.7769709,0.913461538,520,475,45,1,0,0,0.34268836,162.7769709,0.913461538,520,475,45,1,0,0,0.34268836,162.7769709,0.913461538,520,475,45,1,0,0,0.34268836,162.7769709,0.913461538,520,475,45,1,,,0.101,191.9,1900,1900,0,58.9,0,,,266.6666667,0,114.6666667,4,1167.284326,0,0,0,129.3701219
53,1,54,0.11083,0,0,1167.284326,,,,0,0,1,2166.666667,2166.666667,0,346.6666667,71.93333333,0,,,324.2764428,2166.666667,2080,86.66666667,2166.666667,0,1,0,0,0.155968207,108.9845798,0.96,727.8765739,698.7615109,29.11506296,1,0,0,0.155968207,108.9845798,0.96,727.8765739,698.7615109,29.11506296,1,0,0,0.155766841,106.3072831,0.96,710.9135189,682.4769781,28.43654076,,,,651.1078834,2080,1900,180,2080,0,1,0,0,0.34268836,162.7769709,0.913461538,520,475,45,1,0,0,0.34268836,162.7769709,0.913461538,520,475,45,1,0,0,0.34268836,162.7769709,0.913461538,520,475,45,1,0,0,0.34268836,162.7769709,0.913461538,520,475,45,1,,,0.101,191.9,1900,1900,0,58.9,0,,,266.6666667,0,114.6666667,4,1167.284326,0,0,0,129.3701219
54,1,55,0.11083,0,0,1167.284326,,,,0,0,1,2166.666667,2166.666667,0,346.6666667,71.93333333,0,,,324.2764428,2166.666667,2080,86.66666667,2166.666667,0,1,0,0,0.155968207,108.9845798,0.96,727.8765739,698.7615109,29.11506296,1,0,0,0.155968207,108.9845798,0.96,727.8765739,698.7615109,29.11506296,1,0,0,0.155766841,106.3072831,0.96,710.9135189,682.4769781,28.43654076,,,,651.1078834,2080,1900,180,2080,0,1,0,0,0.34268836,162.7769709,0.913461538,520,475,45,1,0,0,0.34268836,162.7769709,0.913461538,520,475,45,1,0,0,0.34268836,162.7769709,0.913461538,520,475,45,1,0,0,0.34268836,162.7769709,0.913461538,520,475,45,1,,,0.101,191.9,1900,1900,0,58.9,0,,,266.6666667,0,114.6666667,4,1167.284326,0,0,0,129.3701219
55,1,56,0.11083,0,0,1167.284326,,,,0,0,1,2166.666667,2166.666667,0,346.6666667,71.93333333,0,,,324.2764428,2166.666667,2080,86.66666667,2166.666667,0,1,0,0,0.155968207,108.9845798,0.96,727.8765739,698.7615109,29.11506296,1,0,0,0.155968207,108.9845798,0.96,727.8765739,698.7615109,29.11506296,1,0,0,0.155766841,106.3072831,0.96,710.9135189,682.4769781,28.43654076,,,,651.1078834,2080,1900,180,2080,0,1,0,0,0.34268836,162.7769709,0.913461538,520,475,45,1,0,0,0.34268836,162.7769709,0.913461538,520,475,45,1,0,0,0.34268836,162.7769709,0.913461538,520,475,45,1,0,0,0.34268836,162.7769709,0.913461538,520,475,45,1,,,0.101,191.9,1900,1900,0,58.9,0,,,266.6666667,0,114.6666667,4,1167.284326,0,0,0,129.3701219
56,1,57,0.11083,0,0,1167.284326,,,,0,0,1,2166.666667,2166.666667,0,346.6666667,71.93333333,0,,,324.2764428,2166.666667,2080,86.66666667,2166.666667,0,1,0,0,0.155968207,108.9845798,0.96,727.8765739,698.7615109,29.11506296,1,0,0,0.155968207,108.9845798,0.96,727.8765739,698.7615109,29.11506296,1,0,0,0.155766841,106.3072831,0.96,710.9135189,682.4769781,28.43654076,,,,651.1078834,2080,1900,180,2080,0,1,0,0,0.34268836,162.7769709,0.913461538,520,475,45,1,0,0,0.34268836,162.7769709,0.913461538,520,475,45,1,0,0,0.34268836,162.7769709,0.913461538,520,475,45,1,0,0,0.34268836,162.7769709,0.913461538,520,475,45,1,,,0.101,191.9,1900,1900,0,58.9,0,,,266.6666667,0,114.6666667,4,1167.284326,0,0,0,129.3701219
57,1,58,0.11083,0,0,1167.284326,,,,0,0,1,2166.666667,2166.666667,0,346.6666667,71.93333333,0,,,324.2764428,2166.666667,2080,86.66666667,2166.666667,0,1,0,0,0.155968207,108.9845798,0.96,727.8765739,698.7615109,29.11506296,1,0,0,0.155968207,108.9845798,0.96,727.8765739,698.7615109,29.11506296,1,0,0,0.155766841,106.3072831,0.96,710.9135189,682.4769781,28.43654076,,,,651.1078834,2080,1900,180,2080,0,1,0,0,0.34268836,162.7769709,0.913461538,520,475,45,1,0,0,0.34268836,162.7769709,0.913461538,520,475,45,1,0,0,0.34268836,162.7769709,0.913461538,520,475,45,1,0,0,0.34268836,162.7769709,0.913461538,520,475,45,1,,,0.101,191.9,1900,1900,0,58.9,0,,,266.6666667,0,114.6666667,4,1167.284326,0,0,0,129.3701219
58,1,59,0.11083,0,0,1167.284326,,,,0,0,1,2166.666667,2166.666667,0,346.6666667,71.93333333,0,,,324.2764428,2166.666667,2080,86.66666667,2166.666667,0,1,0,0,0.155968207,108.9845798,0.96,727.8765739,698.7615109,29.11506296,1,0,0,0.155968207,108.9845798,0.96,727.8765739,698.7615109,29.11506296,1,0,0,0.155766841,106.3072831,0.96,710.9135189,682.4769781,28.43654076,,,,651.1078834,2080,1900,180,2080,0,1,0,0,0.34268836,162.7769709,0.913461538,520,475,45,1,0,0,0.34268836,162.7769709,0.913461538,520,475,45,1,0,0,0.34268836,162.7769709,0.913461538,520,475,45,1,0,0,0.34268836,162.7769709,0.913461538,520,475,45,1,,,0.101,191.9,1900,1900,0,58.9,0,,,266.6666667,0,114.6666667,4,1167.284326,0,0,0,129.3701219
59,1,60,0.11083,0,0,1167.284326,,,,0,0,1,2166.666667,2166.666667,0,346.6666667,71.93333333,0,,,324.2764428,2166.666667,2080,86.66666667,2166.666667,0,1,0,0,0.155968207,108.9845798,0.96,727.8765739,698.7615109,29.11506296,1,0,0,0.155968207,108.9845798,0.96,727.8765739,698.7615109,29.11506296,1,0,0,0.155766841,106.3072831,0.96,710.9135189,682.4769781,28.43654076,,,,651.1078834,2080,1900,180,2080,0,1,0,0,0.34268836,162.7769709,0.913461538,520,475,45,1,0,0,0.34268836,162.7769709,0.913461538,520,475,45,1,0,0,0.34268836,162.7769709,0.913461538,520,475,45,1,0,0,0.34268836,162.7769709,0.913461538,520,475,45,1,,,0.101,191.9,1900,1900,0,58.9,0,,,266.6666667,0,114.6666667,4,1167.284326,0,0,0,129.3701219
60,1,61,0.11083,0,0,1167.284326,,,,0,0,1,2166.666667,2166.666667,0,346.6666667,71.93333333,0,,,324.2764428,2166.666667,2080,86.66666667,2166.666667,0,1,0,0,0.155968207,108.9845798,0.96,727.8765739,698.7615109,29.11506296,1,0,0,0.155968207,108.9845798,0.96,727.8765739,698.7615109,29.11506296,1,0,0,0.155766841,106.3072831,0.96,710.9135189,682.4769781,28.43654076,,,,651.1078834,2080,1900,180,2080,0,1,0,0,0.34268836,162.7769709,0.913461538,520,475,45,1,0,0,0.34268836,162.7769709,0.913461538,520,475,45,1,0,0,0.34268836,162.7769709,0.913461538,520,475,45,1,0,0,0.34268836,162.7769709,0.913461538,520,475,45,1,,,0.101,191.9,1900,1900,0,58.9,0,,,266.6666667,0,114.6666667,4,1167.284326,0,0,0,129.3701219
61,1,62,0.11083,0,0,1167.284326,,,,0,0,1,2166.666667,2166.666667,0,346.6666667,71.93333333,0,,,324.2764428,2166.666667,2080,86.66666667,2166.666667,0,1,0,0,0.155968207,108.9845798,0.96,727.8765739,698.7615109,29.11506296,1,0,0,0.155968207,108.9845798,0.96,727.8765739,698.7615109,29.11506296,1,0,0,0.155766841,106.3072831,0.96,710.9135189,682.4769781,28.43654076,,,,651.1078834,2080,1900,180,2080,0,1,0,0,0.34268836,162.7769709,0.913461538,520,475,45,1,0,0,0.34268836,162.7769709,0.913461538,520,475,45,1,0,0,0.34268836,162.7769709,0.913461538,520,475,45,1,0,0,0.34268836,162.7769709,0.913461538,520,475,45,1,,,0.101,191.9,1900,1900,0,58.9,0,,,266.6666667,0,114.6666667,4,1167.284326,0,0,0,129.3701219
62,1,63,0.11083,0,0,1167.284326,,,,0,0,1,2166.666667,2166.666667,0,346.6666667,71.93333333,0,,,324.2764428,2166.666667,2080,86.66666667,2166.666667,0,1,0,0,0.155968207,108.9845798,0.96,727.8765739,698.7615109,29.11506296,1,0,0,0.155968207,108.9845798,0.96,727.8765739,698.7615109,29.11506296,1,0,0,0.155766841,106.3072831,0.96,710.9135189,682.4769781,28.43654076,,,,651.1078834,2080,1900,180,2080,0,1,0,0,0.34268836,162.7769709,0.913461538,520,475,45,1,0,0,0.34268836,162.7769709,0.913461538,520,475,45,1,0,0,0.34268836,162.7769709,0.913461538,520,475,45,1,0,0,0.34268836,162.7769709,0.913461538,520,475,45,1,,,0.101,191.9,1900,1900,0,58.9,0,,,266.6666667,0,114.6666667,4,1167.284326,0,0,0,129.3701219
63,1,64,0.11083,0,0,1167.284326,,,,0,0,1,2166.666667,2166.666667,0,346.6666667,71.93333333,0,,,324.2764428,2166.666667,2080,86.66666667,2166.666667,0,1,0,0,0.155968207,108.9845798,0.96,727.8765739,698.7615109,29.11506296,1,0,0,0.155968207,108.9845798,0.96,727.8765739,698.7615109,29.11506296,1,0,0,0.155766841,106.3072831,0.96,710.9135189,682.4769781,28.43654076,,,,651.1078834,2080,1900,180,2080,0,1,0,0,0.34268836,162.7769709,0.913461538,520,475,45,1,0,0,0.34268836,162.7769709,0.913461538,520,475,45,1,0,0,0.34268836,162.7769709,0.913461538,520,475,45,1,0,0,0.34268836,162.7769709,0.913461538,520,475,45,1,,,0.101,191.9,1900,1900,0,58.9,0,,,266.6666667,0,114.6666667,4,1167.284326,0,0,0,129.3701219
64,1,65,0.11083,0,0,1167.284326,,,,0,0,1,2166.666667,2166.666667,0,346.6666667,71.93333333,0,,,324.2764428,2166.666667,2080,86.66666667,2166.666667,0,1,0,0,0.155968207,108.9845798,0.96,727.8765739,698.7615109,29.11506296,1,0,0,0.155968207,108.9845798,0.96,727.8765739,698.7615109,29.11506296,1,0,0,0.155766841,106.3072831,0.96,710.9135189,682.4769781,28.43654076,,,,651.1078834,2080,1900,180,2080,0,1,0,0,0.34268836,162.7769709,0.913461538,520,475,45,1,0,0,0.34268836,162.7769709,0.913461538,520,475,45,1,0,0,0.34268836,162.7769709,0.913461538,520,475,45,1,0,0,0.34268836,162.7769709,0.913461538,520,475,45,1,,,0.101,191.9,1900,1900,0,58.9,0,,,266.6666667,0,114.6666667,4,1167.284326,0,0,0,129.3701219
65,1,66,0.16021,1,0,589.302906,,,,0,0,1,1083.333333,1083.333333,0,173.3333333,35.96666667,0,,,167.7989643,1083.333333,1040,43.33333333,1083.333333,0,1,0,0,0.159733233,86.59365451,0.96,564.7022963,542.1142044,22.58809185,1,0,0,0.163100274,81.20530977,0.96,518.6310371,497.8857956,20.74524148,0,0,1,0.271,0,0.96,0,0,0,,,,325.5539417,1040,950,90,1040,0,1,0,0,0.34268836,162.7769709,0.913461538,520,475,45,1,0,0,0.34268836,162.7769709,0.913461538,520,475,45,0,0,1,0.087248178,0,0.88,0,0,0,0,0,1,0.087248178,0,0.88,0,0,0,1,,,0.101,95.95,950,950,0,29.45,0,,,133.3333333,0,57.33333333,2,589.302906,0,0,0,94.41221857
66,1,67,0.16021,1,0,589.302906,,,,0,0,1,1083.333333,1083.333333,0,173.3333333,35.96666667,0,,,167.7989643,1083.333333,1040,43.33333333,1083.333333,0,1,0,0,0.159733233,86.59365451,0.96,564.7022963,542.1142044,22.58809185,1,0,0,0.163100274,81.20530977,0.96,518.6310371,497.8857956,20.74524148,0,0,0,0.271,0,0.96,0,0,0,,,,325.5539417,1040,950,90,1040,0,1,0,0,0.34268836,162.7769709,0.913461538,520,475,45,1,0,0,0.34268836,162.7769709,0.913461538,520,475,45,0,0,0,0.087248178,0,0.88,0,0,0,0,0,0,0.087248178,0,0.88,0,0,0,1,,,0.101,95.95,950,950,0,29.45,0,,,133.3333333,0,57.33333333,2,589.302906,0,0,0,94.41221857
67,1,68,0.16021,1,0,589.302906,,,,0,0,1,1083.333333,1083.333333,0,173.3333333,35.96666667,0,,,167.7989643,1083.333333,1040,43.33333333,1083.333333,0,1,0,0,0.159733233,86.59365451,0.96,564.7022963,542.1142044,22.58809185,1,0,0,0.163100274,81.20530977,0.96,518.6310371,497.8857956,20.74524148,0,0,0,0.271,0,0.96,0,0,0,,,,325.5539417,1040,950,90,1040,0,1,0,0,0.34268836,162.7769709,0.913461538,520,475,45,1,0,0,0.34268836,162.7769709,0.913461538,520,475,45,0,0,0,0.087248178,0,0.88,0,0,0,0,0,0,0.087248178,0,0.88,0,0,0,1,,,0.101,95.95,950,950,0,29.45,0,,,133.3333333,0,57.33333333,2,589.302906,0,0,0,94.41221857
68,1,69,0.16021,1,0,589.302906,,,,0,0,1,1083.333333,1083.333333,0,173.3333333,35.96666667,0,,,167.7989643,1083.333333,1040,43.33333333,1083.333333,0,1,0,0,0.159733233,86.59365451,0.96,564.7022963,542.1142044,22.58809185,1,0,0,0.163100274,81.20530977,0.96,518.6310371,497.8857956,20.74524148,0,0,0,0.271,0,0.96,0,0,0,,,,325.5539417,1040,950,90,1040,0,1,0,0,0.34268836,162.7769709,0.913461538,520,475,45,1,0,0,0.34268836,162.7769709,0.913461538,520,475,45,0,0,0,0.087248178,0,0.88,0,0,0,0,0,0,0.087248178,0,0.88,0,0,0,1,,,0.101,95.95,950,950,0,29.45,0,,,133.3333333,0,57.33333333,2,589.302906,0,0,0,94.41221857
69,1,70,0.16021,1,0,589.302906,,,,0,0,1,1083.333333,1083.333333,0,173.3333333,35.96666667,0,,,167.7989643,1083.333333,1040,43.33333333,1083.333333,0,1,0,0,0.159733233,86.59365451,0.96,564.7022963,542.1142044,22.58809185,1,0,0,0.163100274,81.20530977,0.96,518.6310371,497.8857956,20.74524148,0,0,0,0.271,0,0.96,0,0,0,,,,325.5539417,1040,950,90,1040,0,1,0,0,0.34268836,162.7769709,0.913461538,520,475,45,1,0,0,0.34268836,162.7769709,0.913461538,520,475,45,0,0,0,0.087248178,0,0.88,0,0,0,0,0,0,0.087248178,0,0.88,0,0,0,1,,,0.101,95.95,950,950,0,29.45,0,,,133.3333333,0,57.33333333,2,589.302906,0,0,0,94.41221857
70,1,71,0.11083,0,0,1167.950946,,,,0,0,1,2166.666667,2166.666667,0,346.6666667,71.93333333,0,,,324.9430622,2166.666667,2080,86.66666667,2166.666667,0,1,0,0,0.156806973,114.7867815,0.96,762.5270828,732.0259995,30.50108331,1,0,0,0.156001181,109.3086334,0.96,729.8865255,700.6910644,29.19546102,1,1,0,0.155801492,100.8476473,0.96,674.2530584,647.2829361,26.97012234,,,,651.1078834,2080,1900,180,2080,0,1,0,0,0.34268836,162.7769709,0.913461538,520,475,45,1,0,0,0.34268836,162.7769709,0.913461538,520,475,45,1,1,0,0.34268836,162.7769709,0.913461538,520,475,45,1,1,0,0.34268836,162.7769709,0.913461538,520,475,45,1,,,0.101,191.9,1900,1900,0,58.9,0,,,266.6666667,0,114.6666667,4,1167.950946,0,0,0,129.4440033
71,1,72,0.11083,0,0,1167.950946,,,,0,0,1,2166.666667,2166.666667,0,346.6666667,71.93333333,0,,,324.9430622,2166.666667,2080,86.66666667,2166.666667,0,1,0,0,0.156806973,114.7867815,0.96,762.5270828,732.0259995,30.50108331,1,0,0,0.156001181,109.3086334,0.96,729.8865255,700.6910644,29.19546102,1,0,0,0.155801492,100.8476473,0.96,674.2530584,647.2829361,26.97012234,,,,651.1078834,2080,1900,180,2080,0,1,0,0,0.34268836,162.7769709,0.913461538,520,475,45,1,0,0,0.34268836,162.7769709,0.913461538,520,475,45,1,0,0,0.34268836,162.7769709,0.913461538,520,475,45,1,0,0,0.34268836,162.7769709,0.913461538,520,475,45,1,,,0.101,191.9,1900,1900,0,58.9,0,,,266.6666667,0,114.6666667,4,1167.950946,0,0,0,129.4440033
72,1,73,0.11083,0,0,1167.950946,,,,0,0,1,2166.666667,2166.666667,0,346.6666667,71.93333333,0,,,324.9430622,2166.666667,2080,86.66666667,2166.666667,0,1,0,0,0.156806973,114.7867815,0.96,762.5270828,732.0259995,30.50108331,1,0,0,0.156001181,109.3086334,0.96,729.8865255,700.6910644,29.19546102,1,0,0,0.155801492,100.8476473,0.96,674.2530584,647.2829361,26.97012234,,,,651.1078834,2080,1900,180,2080,0,1,0,0,0.34268836,162.7769709,0.913461538,520,475,45,1,0,0,0.34268836,162.7769709,0.913461538,520,475,45,1,0,0,0.34268836,162.7769709,0.913461538,520,475,45,1,0,0,0.34268836,162.7769709,0.913461538,520,475,45,1,,,0.101,191.9,1900,1900,0,58.9,0,,,266.6666667,0,114.6666667,4,1167.950946,0,0,0,129.4440033
73,1,74,0.11083,0,0,1167.950946,,,,0,0,1,2166.666667,2166.666667,0,346.6666667,71.93333333,0,,,324.9430622,2166.666667,2080,86.66666667,2166.666667,0,1,0,0,0.156806973,114.7867815,0.96,762.5270828,732.0259995,30.50108331,1,0,0,0.156001181,109.3086334,0.96,729.8865255,700.6910644,29.19546102,1,0,0,0.155801492,100.8476473,0.96,674.2530584,647.2829361,26.97012234,,,,651.1078834,2080,1900,180,2080,0,1,0,0,0.34268836,162.7769709,0.913461538,520,475,45,1,0,0,0.34268836,162.7769709,0.913461538,520,475,45,1,0,0,0.34268836,162.7769709,0.913461538,520,475,45,1,0,0,0.34268836,162.7769709,0.913461538,520,475,45,1,,,0.101,191.9,1900,1900,0,58.9,0,,,266.6666667,0,114.6666667,4,1167.950946,0,0,0,129.4440033
74,1,75,0.11083,0,0,1167.950946,,,,0,0,1,2166.666667,2166.666667,0,346.6666667,71.93333333,0,,,324.9430622,2166.666667,2080,86.66666667,2166.666667,0,1,0,0,0.156806973,114.7867815,0.96,762.5270828,732.0259995,30.50108331,1,0,0,0.156001181,109.3086334,0.96,729.8865255,700.6910644,29.19546102,1,0,0,0.155801492,100.8476473,0.96,674.2530584,647.2829361,26.97012234,,,,651.1078834,2080,1900,180,2080,0,1,0,0,0.34268836,162.7769709,0.913461538,520,475,45,1,0,0,0.34268836,162.7769709,0.913461538,520,475,45,1,0,0,0.34268836,162.7769709,0.913461538,520,475,45,1,0,0,0.34268836,162.7769709,0.913461538,520,475,45,1,,,0.101,191.9,1900,1900,0,58.9,0,,,266.6666667,0,114.6666667,4,1167.950946,0,0,0,129.4440033
75,1,76,0.11083,0,0,1167.950946,,,,0,0,1,2166.666667,2166.666667,0,346.6666667,71.93333333,0,,,324.9430622,2166.666667,2080,86.66666667,2166.666667,0,1,0,0,0.156806973,114.7867815,0.96,762.5270828,732.0259995,30.50108331,1,0,0,0.156001181,109.3086334,0.96,729.8865255,700.6910644,29.19546102,1,0,0,0.155801492,100.8476473,0.96,674.2530584,647.2829361,26.97012234,,,,651.1078834,2080,1900,180,2080,0,1,0,0,0.34268836,162.7769709,0.913461538,520,475,45,1,0,0,0.34268836,162.7769709,0.913461538,520,475,45,1,0,0,0.34268836,162.7769709,0.913461538,520,475,45,1,0,0,0.34268836,162.7769709,0.913461538,520,475,45,1,,,0.101,191.9,1900,1900,0,58.9,0,,,266.6666667,0,114.6666667,4,1167.950946,0,0,0,129.4440033
76,1,77,0.11083,0,0,1167.950946,,,,0,0,1,2166.666667,2166.666667,0,346.6666667,71.93333333,0,,,324.9430622,2166.666667,2080,86.66666667,2166.666667,0,1,0,0,0.156806973,114.7867815,0.96,762.5270828,732.0259995,30.50108331,1,0,0,0.156001181,109.3086334,0.96,729.8865255,700.6910644,29.19546102,1,0,0,0.155801492,100.8476473,0.96,674.2530584,647.2829361,26.97012234,,,,651.1078834,2080,1900,180,2080,0,1,0,0,0.34268836,162.7769709,0.913461538,520,475,45,1,0,0,0.34268836,162.7769709,0.913461538,520,475,45,1,0,0,0.34268836,162.7769709,0.913461538,520,475,45,1,0,0,0.34268836,162.7769709,0.913461538,520,475,45,1,,,0.101,191.9,1900,1900,0,58.9,0,,,266.6666667,0,114.6666667,4,1167.950946,0,0,0,129.4440033
77,1,78,0.11083,0,0,1167.950946,,,,0,0,1,2166.666667,2166.666667,0,346.6666667,71.93333333,0,,,324.9430622,2166.666667,2080,86.66666667,2166.666667,0,1,0,0,0.156806973,114.7867815,0.96,762.5270828,732.0259995,30.50108331,1,0,0,0.156001181,109.3086334,0.96,729.8865255,700.6910644,29.19546102,1,0,0,0.155801492,100.8476473,0.96,674.2530584,647.2829361,26.97012234,,,,651.1078834,2080,1900,180,2080,0,1,0,0,0.34268836,162.7769709,0.913461538,520,475,45,1,0,0,0.34268836,162.7769709,0.913461538,520,475,45,1,0,0,0.34268836,162.7769709,0.913461538,520,475,45,1,0,0,0.34268836,162.7769709,0.913461538,520,475,45,1,,,0.101,191.9,1900,1900,0,58.9,0,,,266.6666667,0,114.6666667,4,1167.950946,0,0,0,129.4440033
78,1,79,0.11083,0,0,1167.950946,,,,0,0,1,2166.666667,2166.666667,0,346.6666667,71.93333333,0,,,324.9430622,2166.666667,2080,86.66666667,2166.666667,0,1,0,0,0.156806973,114.7867815,0.96,762.5270828,732.0259995,30.50108331,1,0,0,0.156001181,109.3086334,0.96,729.8865255,700.6910644,29.19546102,1,0,0,0.155801492,100.8476473,0.96,674.2530584,647.2829361,26.97012234,,,,651.1078834,2080,1900,180,2080,0,1,0,0,0.34268836,162.7769709,0.913461538,520,475,45,1,0,0,0.34268836,162.7769709,0.913461538,520,475,45,1,0,0,0.34268836,162.7769709,0.913461538,520,475,45,1,0,0,0.34268836,162.7769709,0.913461538,520,475,45,1,,,0.101,191.9,1900,1900,0,58.9,0,,,266.6666667,0,114.6666667,4,1167.950946,0,0,0,129.4440033
79,1,80,0.11083,0,0,1167.950946,,,,0,0,1,2166.666667,2166.666667,0,346.6666667,71.93333333,0,,,324.9430622,2166.666667,2080,86.66666667,2166.666667,0,1,0,0,0.156806973,114.7867815,0.96,762.5270828,732.0259995,30.50108331,1,0,0,0.156001181,109.3086334,0.96,729.8865255,700.6910644,29.19546102,1,0,0,0.155801492,100.8476473,0.96,674.2530584,647.2829361,26.97012234,,,,651.1078834,2080,1900,180,2080,0,1,0,0,0.34268836,162.7769709,0.913461538,520,475,45,1,0,0,0.34268836,162.7769709,0.913461538,520,475,45,1,0,0,0.34268836,162.7769709,0.913461538,520,475,45,1,0,0,0.34268836,162.7769709,0.913461538,520,475,45,1,,,0.101,191.9,1900,1900,0,58.9,0,,,266.6666667,0,114.6666667,4,1167.950946,0,0,0,129.4440033
80,1,81,0.11083,0,0,1167.950946,,,,0,0,1,2166.666667,2166.666667,0,346.6666667,71.93333333,0,,,324.9430622,2166.666667,2080,86.66666667,2166.666667,0,1,0,0,0.156806973,114.7867815,0.96,762.5270828,732.0259995,30.50108331,1,0,0,0.156001181,109.3086334,0.96,729.8865255,700.6910644,29.19546102,1,0,0,0.155801492,100.8476473,0.96,674.2530584,647.2829361,26.97012234,,,,651.1078834,2080,1900,180,2080,0,1,0,0,0.34268836,162.7769709,0.913461538,520,475,45,1,0,0,0.34268836,162.7769709,0.913461538,520,475,45,1,0,0,0.34268836,162.7769709,0.913461538,520,475,45,1,0,0,0.34268836,162.7769709,0.913461538,520,475,45,1,,,0.101,191.9,1900,1900,0,58.9,0,,,266.6666667,0,114.6666667,4,1167.950946,0,0,0,129.4440033
81,1,82,0.11083,0,0,1167.950946,,,,0,0,1,2166.666667,2166.666667,0,346.6666667,71.93333333,0,,,324.9430622,2166.666667,2080,86.66666667,2166.666667,0,1,0,0,0.156806973,114.7867815,0.96,762.5270828,732.0259995,30.50108331,1,0,0,0.156001181,109.3086334,0.96,729.8865255,700.6910644,29.19546102,1,0,0,0.155801492,100.8476473,0.96,674.2530584,647.2829361,26.97012234,,,,651.1078834,2080,1900,180,2080,0,1,0,0,0.34268836,162.7769709,0.913461538,520,475,45,1,0,0,0.34268836,162.7769709,0.913461538,520,475,45,1,0,0,0.34268836,162.7769709,0.913461538,520,475,45,1,0,0,0.34268836,162.7769709,0.913461538,520,475,45,1,,,0.101,191.9,1900,1900,0,58.9,0,,,266.6666667,0,114.6666667,4,1167.950946,0,0,0,129.4440033
82,1,83,0.11083,0,0,1167.950946,,,,0,0,1,2166.666667,2166.666667,0,346.6666667,71.93333333,0,,,324.9430622,2166.666667,2080,86.66666667,2166.666667,0,1,0,0,0.156806973,114.7867815,0.96,762.5270828,732.0259995,30.50108331,1,0,0,0.156001181,109.3086334,0.96,729.8865255,700.6910644,29.19546102,1,0,0,0.155801492,100.8476473,0.96,674.2530584,647.2829361,26.97012234,,,,651.1078834,2080,1900,180,2080,0,1,0,0,0.34268836,162.7769709,0.913461538,520,475,45,1,0,0,0.34268836,162.7769709,0.913461538,520,475,45,1,0,0,0.34268836,162.7769709,0.913461538,520,475,45,1,0,0,0.34268836,162.7769709,0.913461538,520,475,45,1,,,0.101,191.9,1900,1900,0,58.9,0,,,266.6666667,0,114.6666667,4,1167.950946,0,0,0,129.4440033
83,1,84,0.11083,0,0,1167.950946,,,,0,0,1,2166.666667,2166.666667,0,346.6666667,71.93333333,0,,,324.9430622,2166.666667,2080,86.66666667,2166.666667,0,1,0,0,0.156806973,114.7867815,0.96,762.5270828,732.0259995,30.50108331,1,0,0,0.156001181,109.3086334,0.96,729.8865255,700.6910644,29.19546102,1,0,0,0.155801492,100.8476473,0.96,674.2530584,647.2829361,26.97012234,,,,651.1078834,2080,1900,180,2080,0,1,0,0,0.34268836,162.7769709,0.913461538,520,475,45,1,0,0,0.34268836,162.7769709,0.913461538,520,475,45,1,0,0,0.34268836,162.7769709,0.913461538,520,475,45,1,0,0,0.34268836,162.7769709,0.913461538,520,475,45,1,,,0.101,191.9,1900,1900,0,58.9,0,,,266.6666667,0,114.6666667,4,1167.950946,0,0,0,129.4440033
84,1,85,0.11083,0,0,1167.950946,,,,0,0,1,2166.666667,2166.666667,0,346.6666667,71.93333333,0,,,324.9430622,2166.666667,2080,86.66666667,2166.666667,0,1,0,0,0.156806973,114.7867815,0.96,762.5270828,732.0259995,30.50108331,1,0,0,0.156001181,109.3086334,0.96,729.8865255,700.6910644,29.19546102,1,0,0,0.155801492,100.8476473,0.96,674.2530584,647.2829361,26.97012234,,,,651.1078834,2080,1900,180,2080,0,1,0,0,0.34268836,162.7769709,0.913461538,520,475,45,1,0,0,0.34268836,162.7769709,0.913461538,520,475,45,1,0,0,0.34268836,162.7769709,0.913461538,520,475,45,1,0,0,0.34268836,162.7769709,0.913461538,520,475,45,1,,,0.101,191.9,1900,1900,0,58.9,0,,,266.6666667,0,114.6666667,4,1167.950946,0,0,0,129.4440033
85,1,86,0.11083,0,0,1167.950946,,,,0,0,1,2166.666667,2166.666667,0,346.6666667,71.93333333,0,,,324.9430622,2166.666667,2080,86.66666667,2166.666667,0,1,0,0,0.156806973,114.7867815,0.96,762.5270828,732.0259995,30.50108331,1,0,0,0.156001181,109.3086334,0.96,729.8865255,700.6910644,29.19546102,1,0,0,0.155801492,100.8476473,0.96,674.2530584,647.2829361,26.97012234,,,,651.1078834,2080,1900,180,2080,0,1,0,0,0.34268836,162.7769709,0.913461538,520,475,45,1,0,0,0.34268836,162.7769709,0.913461538,520,475,45,1,0,0,0.34268836,162.7769709,0.913461538,520,475,45,1,0,0,0.34268836,162.7769709,0.913461538,520,475,45,1,,,0.101,191.9,1900,1900,0,58.9,0,,,266.6666667,0,114.6666667,4,1167.950946,0,0,0,129.4440033
86,1,87,0.11083,0,0,1167.950946,,,,0,0,1,2166.666667,2166.666667,0,346.6666667,71.93333333,0,,,324.9430622,2166.666667,2080,86.66666667,2166.666667,0,1,0,0,0.156806973,114.7867815,0.96,762.5270828,732.0259995,30.50108331,1,0,0,0.156001181,109.3086334,0.96,729.8865255,700.6910644,29.19546102,1,0,0,0.155801492,100.8476473,0.96,674.2530584,647.2829361,26.97012234,,,,651.1078834,2080,1900,180,2080,0,1,0,0,0.34268836,162.7769709,0.913461538,520,475,45,1,0,0,0.34268836,162.7769709,0.913461538,520,475,45,1,0,0,0.34268836,162.7769709,0.913461538,520,475,45,1,0,0,0.34268836,162.7769709,0.913461538,520,475,45,1,,,0.101,191.9,1900,1900,0,58.9,0,,,266.6666667,0,114.6666667,4,1167.950946,0,0,0,129.4440033
87,1,88,0.11083,0,0,1167.950946,,,,0,0,1,2166.666667,2166.666667,0,346.6666667,71.93333333,0,,,324.9430622,2166.666667,2080,86.66666667,2166.666667,0,1,0,0,0.156806973,114.7867815,0.96,762.5270828,732.0259995,30.50108331,1,0,0,0.156001181,109.3086334,0.96,729.8865255,700.6910644,29.19546102,1,0,0,0.155801492,100.8476473,0.96,674.2530584,647.2829361,26.97012234,,,,651.1078834,2080,1900,180,2080,0,1,0,0,0.34268836,162.7769709,0.913461538,520,475,45,1,0,0,0.34268836,162.7769709,0.913461538,520,475,45,1,0,0,0.34268836,162.7769709,0.913461538,520,475,45,1,0,0,0.34268836,162.7769709,0.913461538,520,475,45,1,,,0.101,191.9,1900,1900,0,58.9,0,,,266.6666667,0,114.6666667,4,1167.950946,0,0,0,129.4440033
88,1,89,0.11083,0,0,1167.950946,,,,0,0,1,2166.666667,2166.666667,0,346.6666667,71.93333333,0,,,324.9430622,2166.666667,2080,86.66666667,2166.666667,0,1,0,0,0.156806973,114.7867815,0.96,762.5270828,732.0259995,30.50108331,1,0,0,0.156001181,109.3086334,0.96,729.8865255,700.6910644,29.19546102,1,0,0,0.155801492,100.8476473,0.96,674.2530584,647.2829361,26.97012234,,,,651.1078834,2080,1900,180,2080,0,1,0,0,0.34268836,162.7769709,0.913461538,520,475,45,1,0,0,0.34268836,162.7769709,0.913461538,520,475,45,1,0,0,0.34268836,162.7769709,0.913461538,520,475,45,1,0,0,0.34268836,162.7769709,0.913461538,520,475,45,1,,,0.101,191.9,1900,1900,0,58.9,0,,,266.6666667,0,114.6666667,4,1167.950946,0,0,0,129.4440033
89,1,90,0.16021,1,0,590.6832663,,,,0,0,1,1083.333333,1083.333333,0,173.3333333,35.96666667,0,,,169.1793245,1083.333333,1040,43.33333333,1083.333333,0,1,0,0,0.156041542,98.40659185,0.96,656.9203622,630.6435477,26.27681449,1,0,0,0.172887791,70.7727327,0.96,426.4129711,409.3564523,17.05651884,0,0,1,0.271,0,0.96,0,0,0,,,,325.5539417,1040,950,90,1040,0,1,0,0,0.34268836,162.7769709,0.913461538,520,475,45,1,0,0,0.34268836,162.7769709,0.913461538,520,475,45,0,0,1,0.087248178,0,0.88,0,0,0,0,0,1,0.087248178,0,0.88,0,0,0,1,,,0.101,95.95,950,950,0,29.45,0,,,133.3333333,0,57.33333333,2,590.6832663,0,0,0,94.63336609
90,1,91,0.16021,1,0,590.6832663,,,,0,0,1,1083.333333,1083.333333,0,173.3333333,35.96666667,0,,,169.1793245,1083.333333,1040,43.33333333,1083.333333,0,1,0,0,0.156041542,98.40659185,0.96,656.9203622,630.6435477,26.27681449,1,0,0,0.172887791,70.7727327,0.96,426.4129711,409.3564523,17.05651884,0,0,0,0.271,0,0.96,0,0,0,,,,325.5539417,1040,950,90,1040,0,1,0,0,0.34268836,162.7769709,0.913461538,520,475,45,1,0,0,0.34268836,162.7769709,0.913461538,520,475,45,0,0,0,0.087248178,0,0.88,0,0,0,0,0,0,0.087248178,0,0.88,0,0,0,1,,,0.101,95.95,950,950,0,29.45,0,,,133.3333333,0,57.33333333,2,590.6832663,0,0,0,94.63336609
91,1,92,0.16021,1,0,590.6832663,,,,0,0,1,1083.333333,1083.333333,0,173.3333333,35.96666667,0,,,169.1793245,1083.333333,1040,43.33333333,1083.333333,0,1,0,0,0.156041542,98.40659185,0.96,656.9203622,630.6435477,26.27681449,1,0,0,0.172887791,70.7727327,0.96,426.4129711,409.3564523,17.05651884,0,0,0,0.271,0,0.96,0,0,0,,,,325.5539417,1040,950,90,1040,0,1,0,0,0.34268836,162.7769709,0.913461538,520,475,45,1,0,0,0.34268836,162.7769709,0.913461538,520,475,45,0,0,0,0.087248178,0,0.88,0,0,0,0,0,0,0.087248178,0,0.88,0,0,0,1,,,0.101,95.95,950,950,0,29.45,0,,,133.3333333,0,57.33333333,2,590.6832663,0,0,0,94.63336609
92,1,93,0.16021,1,0,590.6832663,,,,0,0,1,1083.333333,1083.333333,0,173.3333333,35.96666667,0,,,169.1793245,1083.333333,1040,43.33333333,1083.333333,0,1,0,0,0.156041542,98.40659185,0.96,656.9203622,630.6435477,26.27681449,1,0,0,0.172887791,70.7727327,0.96,426.4129711,409.3564523,17.05651884,0,0,0,0.271,0,0.96,0,0,0,,,,325.5539417,1040,950,90,1040,0,1,0,0,0.34268836,162.7769709,0.913461538,520,475,45,1,0,0,0.34268836,162.7769709,0.913461538,520,475,45,0,0,0,0.087248178,0,0.88,0,0,0,0,0,0,0.087248178,0,0.88,0,0,0,1,,,0.101,95.95,950,950,0,29.45,0,,,133.3333333,0,57.33333333,2,590.6832663,0,0,0,94.63336609
93,1,94,0.16021,1,0,590.6832663,,,,0,0,1,1083.333333,1083.333333,0,173.3333333,35.96666667,0,,,169.1793245,1083.333333,1040,43.33333333,1083.333333,0,1,0,0,0.156041542,98.40659185,0.96,656.9203622,630.6435477,26.27681449,1,0,0,0.172887791,70.7727327,0.96,426.4129711,409.3564523,17.05651884,0,0,0,0.271,0,0.96,0,0,0,,,,325.5539417,1040,950,90,1040,0,1,0,0,0.34268836,162.7769709,0.913461538,520,475,45,1,0,0,0.34268836,162.7769709,0.913461538,520,475,45,0,0,0,0.087248178,0,0.88,0,0,0,0,0,0,0.087248178,0,0.88,0,0,0,1,,,0.101,95.95,950,950,0,29.45,0,,,133.3333333,0,57.33333333,2,590.6832663,0,0,0,94.63336609
94,1,95,0.11083,0,0,1167.999227,,,,0,0,1,1970.761087,1970.761087,0,315.3217739,65.42926808,0,,,295.2197755,1970.761087,1891.930643,78.83044347,1970.761087,0,1,0,0,0.156041542,98.40659185,0.96,656.9203622,630.6435477,26.27681449,1,0,0,0.156041542,98.40659185,0.96,656.9203622,630.6435477,26.27681449,1,1,0,0.156041542,98.40659185,0.96,656.9203622,630.6435477,26.27681449,,,,696.0258312,1891.930643,1750.035845,141.8947982,1891.930643,0,1,0,0,0.3977209,232.0086104,0.925,630.6435477,583.3452816,47.29826608,1,0,0,0.3977209,232.0086104,0.925,630.6435477,583.3452816,47.29826608,1,1,0,0.3977209,232.0086104,0.925,630.6435477,583.3452816,47.29826608,0,0,0,0.087248178,0,0.88,0,0,0,1,,,0.101,176.7536203,1750.035845,1750.035845,0,54.25111119,0,,,220.7252417,0,94.91185393,3,1167.999227,0,0,0,129.4493543
95,1,96,0.11083,0,0,1167.999227,,,,0,0,1,1970.761087,1970.761087,0,315.3217739,65.42926808,0,,,295.2197755,1970.761087,1891.930643,78.83044347,1970.761087,0,1,0,0,0.156041542,98.40659185,0.96,656.9203622,630.6435477,26.27681449,1,0,0,0.156041542,98.40659185,0.96,656.9203622,630.6435477,26.27681449,1,0,0,0.156041542,98.40659185,0.96,656.9203622,630.6435477,26.27681449,,,,696.0258312,1891.930643,1750.035845,141.8947982,1891.930643,0,1,0,0,0.3977209,232.0086104,0.925,630.6435477,583.3452816,47.29826608,1,0,0,0.3977209,232.0086104,0.925,630.6435477,583.3452816,47.29826608,1,0,0,0.3977209,232.0086104,0.925,630.6435477,583.3452816,47.29826608,0,0,0,0.087248178,0,0.88,0,0,0,1,,,0.101,176.7536203,1750.035845,1750.035845,0,54.25111119,0,,,220.7252417,0,94.91185393,3,1167.999227,0,0,0,129.4493543
96,1,97,0.11083,0,0,1167.999227,,,,0,0,1,1970.761087,1970.761087,0,315.3217739,65.42926808,0,,,295.2197755,1970.761087,1891.930643,78.83044347,1970.761087,0,1,0,0,0.156041542,98.40659185,0.96,656.9203622,630.6435477,26.27681449,1,0,0,0.156041542,98.40659185,0.96,656.9203622,630.6435477,26.27681449,1,0,0,0.156041542,98.40659185,0.96,656.9203622,630.6435477,26.27681449,,,,696.0258312,1891.930643,1750.035845,141.8947982,1891.930643,0,1,0,0,0.3977209,232.0086104,0.925,630.6435477,583.3452816,47.29826608,1,0,0,0.3977209,232.0086104,0.925,630.6435477,583.3452816,47.29826608,1,0,0,0.3977209,232.0086104,0.925,630.6435477,583.3452816,47.29826608,0,0,0,0.087248178,0,0.88,0,0,0,1,,,0.101,176.7536203,1750.035845,1750.035845,0,54.25111119,0,,,220.7252417,0,94.91185393,3,1167.999227,0,0,0,129.4493543
97,1,98,0.11083,0,0,1167.999227,,,,0,0,1,1970.761087,1970.761087,0,315.3217739,65.42926808,0,,,295.2197755,1970.761087,1891.930643,78.83044347,1970.761087,0,1,0,0,0.156041542,98.40659185,0.96,656.9203622,630.6435477,26.27681449,1,0,0,0.156041542,98.40659185,0.96,656.9203622,630.6435477,26.27681449,1,0,0,0.156041542,98.40659185,0.96,656.9203622,630.6435477,26.27681449,,,,696.0258312,1891.930643,1750.035845,141.8947982,1891.930643,0,1,0,0,0.3977209,232.0086104,0.925,630.6435477,583.3452816,47.29826608,1,0,0,0.3977209,232.0086104,0.925,630.6435477,583.3452816,47.29826608,1,0,0,0.3977209,232.0086104,0.925,630.6435477,583.3452816,47.29826608,0,0,0,0.087248178,0,0.88,0,0,0,1,,,0.101,176.7536203,1750.035845,1750.035845,0,54.25111119,0,,,220.7252417,0,94.91185393,3,1167.999227,0,0,0,129.4493543
98,1,99,0.11083,0,0,1167.999227,,,,0,0,1,1970.761087,1970.761087,0,315.3217739,65.42926808,0,,,295.2197755,1970.761087,1891.930643,78.83044347,1970.761087,0,1,0,0,0.156041542,98.40659185,0.96,656.9203622,630.6435477,26.27681449,1,0,0,0.156041542,98.40659185,0.96,656.9203622,630.6435477,26.27681449,1,0,0,0.156041542,98.40659185,0.96,656.9203622,630.6435477,26.27681449,,,,696.0258312,1891.930643,1750.035845,141.8947982,1891.930643,0,1,0,0,0.3977209,232.0086104,0.925,630.6435477,583.3452816,47.29826608,1,0,0,0.3977209,232.0086104,0.925,630.6435477,583.3452816,47.29826608,1,0,0,0.3977209,232.0086104,0.925,630.6435477,583.3452816,47.29826608,0,0,0,0.087248178,0,0.88,0,0,0,1,,,0.101,176.7536203,1750.035845,1750.035845,0,54.25111119,0,,,220.7252417,0,94.91185393,3,1167.999227,0,0,0,129.4493543
99,1,100,0.11083,0,0,1167.999227,,,,0,0,1,1970.761087,1970.761087,0,315.3217739,65.42926808,0,,,295.2197755,1970.761087,1891.930643,78.83044347,1970.761087,0,1,0,0,0.156041542,98.40659185,0.96,656.9203622,630.6435477,26.27681449,1,0,0,0.156041542,98.40659185,0.96,656.9203622,630.6435477,26.27681449,1,0,0,0.156041542,98.40659185,0.96,656.9203622,630.6435477,26.27681449,,,,696.0258312,1891.930643,1750.035845,141.8947982,1891.930643,0,1,0,0,0.3977209,232.0086104,0.925,630.6435477,583.3452816,47.29826608,1,0,0,0.3977209,232.0086104,0.925,630.6435477,583.3452816,47.29826608,1,0,0,0.3977209,232.0086104,0.925,630.6435477,583.3452816,47.29826608,0,0,0,0.087248178,0,0.88,0,0,0,1,,,0.101,176.7536203,1750.035845,1750.035845,0,54.25111119,0,,,220.7252417,0,94.91185393,3,1167.999227,0,0,0,129.4493543
100,1,101,0.11083,0,0,1167.999227,,,,0,0,1,1970.761087,1970.761087,0,315.3217739,65.42926808,0,,,295.2197755,1970.761087,1891.930643,78.83044347,1970.761087,0,1,0,0,0.156041542,98.40659185,0.96,656.9203622,630.6435477,26.27681449,1,0,0,0.156041542,98.40659185,0.96,656.9203622,630.6435477,26.27681449,1,0,0,0.156041542,98.40659185,0.96,656.9203622,630.6435477,26.27681449,,,,696.0258312,1891.930643,1750.035845,141.8947982,1891.930643,0,1,0,0,0.3977209,232.0086104,0.925,630.6435477,583.3452816,47.29826608,1,0,0,0.3977209,232.0086104,0.925,630.6435477,583.3452816,47.29826608,1,0,0,0.3977209,232.0086104,0.925,630.6435477,583.3452816,47.29826608,0,0,0,0.087248178,0,0.88,0,0,0,1,,,0.101,176.7536203,1750.035845,1750.035845,0,54.25111119,0,,,220.7252417,0,94.91185393,3,1167.999227,0,0,0,129.4493543
101,1,102,0.11083,0,0,1167.999227,,,,0,0,1,1970.761087,1970.761087,0,315.3217739,65.42926808,0,,,295.2197755,1970.761087,1891.930643,78.83044347,1970.761087,0,1,0,0,0.156041542,98.40659185,0.96,656.9203622,630.6435477,26.27681449,1,0,0,0.156041542,98.40659185,0.96,656.9203622,630.6435477,26.27681449,1,0,0,0.156041542,98.40659185,0.96,656.9203622,630.6435477,26.27681449,,,,696.0258312,1891.930643,1750.035845,141.8947982,1891.930643,0,1,0,0,0.3977209,232.0086104,0.925,630.6435477,583.3452816,47.29826608,1,0,0,0.3977209,232.0086104,0.925,630.6435477,583.3452816,47.29826608,1,0,0,0.3977209,232.0086104,0.925,630.6435477,583.3452816,47.29826608,0,0,0,0.087248178,0,0.88,0,0,0,1,,,0.101,176.7536203,1750.035845,1750.035845,0,54.25111119,0,,,220.7252417,0,94.91185393,3,1167.999227,0,0,0,129.4493543
102,1,103,0.11083,0,0,1167.999227,,,,0,0,1,1970.761087,1970.761087,0,315.3217739,65.42926808,0,,,295.2197755,1970.761087,1891.930643,78.83044347,1970.761087,0,1,0,0,0.156041542,98.40659185,0.96,656.9203622,630.6435477,26.27681449,1,0,0,0.156041542,98.40659185,0.96,656.9203622,630.6435477,26.27681449,1,0,0,0.156041542,98.40659185,0.96,656.9203622,630.6435477,26.27681449,,,,696.0258312,1891.930643,1750.035845,141.8947982,1891.930643,0,1,0,0,0.3977209,232.0086104,0.925,630.6435477,583.3452816,47.29826608,1,0,0,0.3977209,232.0086104,0.925,630.6435477,583.3452816,47.29826608,1,0,0,0.3977209,232.0086104,0.925,630.6435477,583.3452816,47.29826608,0,0,0,0.087248178,0,0.88,0,0,0,1,,,0.101,176.7536203,1750.035845,1750.035845,0,54.25111119,0,,,220.7252417,0,94.91185393,3,1167.999227,0,0,0,129.4493543
103,1,104,0.11083,0,0,1167.999227,,,,0,0,1,1970.761087,1970.761087,0,315.3217739,65.42926808,0,,,295.2197755,1970.761087,1891.930643,78.83044347,1970.761087,0,1,0,0,0.156041542,98.40659185,0.96,656.9203622,630.6435477,26.27681449,1,0,0,0.156041542,98.40659185,0.96,656.9203622,630.6435477,26.27681449,1,0,0,0.156041542,98.40659185,0.96,656.9203622,630.6435477,26.27681449,,,,696.0258312,1891.930643,1750.035845,141.8947982,1891.930643,0,1,0,0,0.3977209,232.0086104,0.925,630.6435477,583.3452816,47.29826608,1,0,0,0.3977209,232.0086104,0.925,630.6435477,583.3452816,47.29826608,1,0,0,0.3977209,232.0086104,0.925,630.6435477,583.3452816,47.29826608,0,0,0,0.087248178,0,0.88,0,0,0,1,,,0.101,176.7536203,1750.035845,1750.035845,0,54.25111119,0,,,220.7252417,0,94.91185393,3,1167.999227,0,0,0,129.4493543
104,1,105,0.11083,0,0,1167.999227,,,,0,0,1,1970.761087,1970.761087,0,315.3217739,65.42926808,0,,,295.2197755,1970.761087,1891.930643,78.83044347,1970.761087,0,1,0,0,0.156041542,98.40659185,0.96,656.9203622,630.6435477,26.27681449,1,0,0,0.156041542,98.40659185,0.96,656.9203622,630.6435477,26.27681449,1,0,0,0.156041542,98.40659185,0.96,656.9203622,630.6435477,26.27681449,,,,696.0258312,1891.930643,1750.035845,141.8947982,1891.930643,0,1,0,0,0.3977209,232.0086104,0.925,630.6435477,583.3452816,47.29826608,1,0,0,0.3977209,232.0086104,0.925,630.6435477,583.3452816,47.29826608,1,0,0,0.3977209,232.0086104,0.925,630.6435477,583.3452816,47.29826608,0,0,0,0.087248178,0,0.88,0,0,0,1,,,0.101,176.7536203,1750.035845,1750.035845,0,54.25111119,0,,,220.7252417,0,94.91185393,3,1167.999227,0,0,0,129.4493543
105,1,106,0.11083,0,0,1167.999227,,,,0,0,1,1970.761087,1970.761087,0,315.3217739,65.42926808,0,,,295.2197755,1970.761087,1891.930643,78.83044347,1970.761087,0,1,0,0,0.156041542,98.40659185,0.96,656.9203622,630.6435477,26.27681449,1,0,0,0.156041542,98.40659185,0.96,656.9203622,630.6435477,26.27681449,1,0,0,0.156041542,98.40659185,0.96,656.9203622,630.6435477,26.27681449,,,,696.0258312,1891.930643,1750.035845,141.8947982,1891.930643,0,1,0,0,0.3977209,232.0086104,0.925,630.6435477,583.3452816,47.29826608,1,0,0,0.3977209,232.0086104,0.925,630.6435477,583.3452816,47.29826608,1,0,0,0.3977209,232.0086104,0.925,630.6435477,583.3452816,47.29826608,0,0,0,0.087248178,0,0.88,0,0,0,1,,,0.101,176.7536203,1750.035845,1750.035845,0,54.25111119,0,,,220.7252417,0,94.91185393,3,1167.999227,0,0,0,129.4493543
106,1,107,0.11083,0,0,1167.999227,,,,0,0,1,1970.761087,1970.761087,0,315.3217739,65.42926808,0,,,295.2197755,1970.761087,1891.930643,78.83044347,1970.761087,0,1,0,0,0.156041542,98.40659185,0.96,656.9203622,630.6435477,26.27681449,1,0,0,0.156041542,98.40659185,0.96,656.9203622,630.6435477,26.27681449,1,0,0,0.156041542,98.40659185,0.96,656.9203622,630.6435477,26.27681449,,,,696.0258312,1891.930643,1750.035845,141.8947982,1891.930643,0,1,0,0,0.3977209,232.0086104,0.925,630.6435477,583.3452816,47.29826608,1,0,0,0.3977209,232.0086104,0.925,630.6435477,583.3452816,47.29826608,1,0,0,0.3977209,232.0086104,0.925,630.6435477,583.3452816,47.29826608,0,0,0,0.087248178,0,0.88,0,0,0,1,,,0.101,176.7536203,1750.035845,1750.035845,0,54.25111119,0,,,220.7252417,0,94.91185393,3,1167.999227,0,0,0,129.4493543
107,1,108,0.11083,0,0,1167.999227,,,,0,0,1,1970.761087,1970.761087,0,315.3217739,65.42926808,0,,,295.2197755,1970.761087,1891.930643,78.83044347,1970.761087,0,1,0,0,0.156041542,98.40659185,0.96,656.9203622,630.6435477,26.27681449,1,0,0,0.156041542,98.40659185,0.96,656.9203622,630.6435477,26.27681449,1,0,0,0.156041542,98.40659185,0.96,656.9203622,630.6435477,26.27681449,,,,696.0258312,1891.930643,1750.035845,141.8947982,1891.930643,0,1,0,0,0.3977209,232.0086104,0.925,630.6435477,583.3452816,47.29826608,1,0,0,0.3977209,232.0086104,0.925,630.6435477,583.3452816,47.29826608,1,0,0,0.3977209,232.0086104,0.925,630.6435477,583.3452816,47.29826608,0,0,0,0.087248178,0,0.88,0,0,0,1,,,0.101,176.7536203,1750.035845,1750.035845,0,54.25111119,0,,,220.7252417,0,94.91185393,3,1167.999227,0,0,0,129.4493543
108,1,109,0.11083,0,0,1167.999227,,,,0,0,1,1970.761087,1970.761087,0,315.3217739,65.42926808,0,,,295.2197755,1970.761087,1891.930643,78.83044347,1970.761087,0,1,0,0,0.156041542,98.40659185,0.96,656.9203622,630.6435477,26.27681449,1,0,0,0.156041542,98.40659185,0.96,656.9203622,630.6435477,26.27681449,1,0,0,0.156041542,98.40659185,0.96,656.9203622,630.6435477,26.27681449,,,,696.0258312,1891.930643,1750.035845,141.8947982,1891.930643,0,1,0,0,0.3977209,232.0086104,0.925,630.6435477,583.3452816,47.29826608,1,0,0,0.3977209,232.0086104,0.925,630.6435477,583.3452816,47.29826608,1,0,0,0.3977209,232.0086104,0.925,630.6435477,583.3452816,47.29826608,0,0,0,0.087248178,0,0.88,0,0,0,1,,,0.101,176.7536203,1750.035845,1750.035845,0,54.25111119,0,,,220.7252417,0,94.91185393,3,1167.999227,0,0,0,129.4493543
109,1,110,0.11083,0,0,1167.999227,,,,0,0,1,1970.761087,1970.761087,0,315.3217739,65.42926808,0,,,295.2197755,1970.761087,1891.930643,78.83044347,1970.761087,0,1,0,0,0.156041542,98.40659185,0.96,656.9203622,630.6435477,26.27681449,1,0,0,0.156041542,98.40659185,0.96,656.9203622,630.6435477,26.27681449,1,0,0,0.156041542,98.40659185,0.96,656.9203622,630.6435477,26.27681449,,,,696.0258312,1891.930643,1750.035845,141.8947982,1891.930643,0,1,0,0,0.3977209,232.0086104,0.925,630.6435477,583.3452816,47.29826608,1,0,0,0.3977209,232.0086104,0.925,630.6435477,583.3452816,47.29826608,1,0,0,0.3977209,232.0086104,0.925,630.6435477,583.3452816,47.29826608,0,0,0,0.087248178,0,0.88,0,0,0,1,,,0.101,176.7536203,1750.035845,1750.035845,0,54.25111119,0,,,220.7252417,0,94.91185393,3,1167.999227,0,0,0,129.4493543
110,1,111,0.11083,0,0,1167.999227,,,,0,0,1,1970.761087,1970.761087,0,315.3217739,65.42926808,0,,,295.2197755,1970.761087,1891.930643,78.83044347,1970.761087,0,1,0,0,0.156041542,98.40659185,0.96,656.9203622,630.6435477,26.27681449,1,0,0,0.156041542,98.40659185,0.96,656.9203622,630.6435477,26.27681449,1,0,0,0.156041542,98.40659185,0.96,656.9203622,630.6435477,26.27681449,,,,696.0258312,1891.930643,1750.035845,141.8947982,1891.930643,0,1,0,0,0.3977209,232.0086104,0.925,630.6435477,583.3452816,47.29826608,1,0,0,0.3977209,232.0086104,0.925,630.6435477,583.3452816,47.29826608,1,0,0,0.3977209,232.0086104,0.925,630.6435477,583.3452816,47.29826608,0,0,0,0.087248178,0,0.88,0,0,0,1,,,0.101,176.7536203,1750.035845,1750.035845,0,54.25111119,0,,,220.7252417,0,94.91185393,3,1167.999227,0,0,0,129.4493543
111,1,112,0.11083,0,0,1167.999227,,,,0,0,1,1970.761087,1970.761087,0,315.3217739,65.42926808,0,,,295.2197755,1970.761087,1891.930643,78.83044347,1970.761087,0,1,0,0,0.156041542,98.40659185,0.96,656.9203622,630.6435477,26.27681449,1,0,0,0.156041542,98.40659185,0.96,656.9203622,630.6435477,26.27681449,1,0,0,0.156041542,98.40659185,0.96,656.9203622,630.6435477,26.27681449,,,,696.0258312,1891.930643,1750.035845,141.8947982,1891.930643,0,1,0,0,0.3977209,232.0086104,0.925,630.6435477,583.3452816,47.29826608,1,0,0,0.3977209,232.0086104,0.925,630.6435477,583.3452816,47.29826608,1,0,0,0.3977209,232.0086104,0.925,630.6435477,583.3452816,47.29826608,0,0,0,0.087248178,0,0.88,0,0,0,1,,,0.101,176.7536203,1750.035845,1750.035845,0,54.25111119,0,,,220.7252417,0,94.91185393,3,1167.999227,0,0,0,129.4493543
112,1,113,0.11083,0,0,1167.999227,,,,0,0,1,1970.761087,1970.761087,0,315.3217739,65.42926808,0,,,295.2197755,1970.761087,1891.930643,78.83044347,1970.761087,0,1,0,0,0.156041542,98.40659185,0.96,656.9203622,630.6435477,26.27681449,1,0,0,0.156041542,98.40659185,0.96,656.9203622,630.6435477,26.27681449,1,0,0,0.156041542,98.40659185,0.96,656.9203622,630.6435477,26.27681449,,,,696.0258312,1891.930643,1750.035845,141.8947982,1891.930643,0,1,0,0,0.3977209,232.0086104,0.925,630.6435477,583.3452816,47.29826608,1,0,0,0.3977209,232.0086104,0.925,630.6435477,583.3452816,47.29826608,1,0,0,0.3977209,232.0086104,0.925,630.6435477,583.3452816,47.29826608,0,0,0,0.087248178,0,0.88,0,0,0,1,,,0.101,176.7536203,1750.035845,1750.035845,0,54.25111119,0,,,220.7252417,0,94.91185393,3,1167.999227,0,0,0,129.4493543
113,1,114,0.16021,1,0,590.6832663,,,,0,0,1,1083.333333,1083.333333,0,173.3333333,35.96666667,0,,,169.1793245,1083.333333,1040,43.33333333,1083.333333,0,1,0,0,0.156041542,98.40659185,0.96,656.9203622,630.6435477,26.27681449,1,0,0,0.172887791,70.7727327,0.96,426.4129711,409.3564523,17.05651884,0,0,1,0.271,0,0.96,0,0,0,,,,325.5539417,1040,950,90,1040,0,1,0,0,0.34268836,162.7769709,0.913461538,520,475,45,1,0,0,0.34268836,162.7769709,0.913461538,520,475,45,0,0,1,0.087248178,0,0.88,0,0,0,0,0,0,0.087248178,0,0.88,0,0,0,1,,,0.101,95.95,950,950,0,29.45,0,,,133.3333333,0,57.33333333,2,590.6832663,0,0,0,94.63336609
114,1,115,0.16021,1,0,590.6832663,,,,0,0,1,1083.333333,1083.333333,0,173.3333333,35.96666667,0,,,169.1793245,1083.333333,1040,43.33333333,1083.333333,0,1,0,0,0.156041542,98.40659185,0.96,656.9203622,630.6435477,26.27681449,1,0,0,0.172887791,70.7727327,0.96,426.4129711,409.3564523,17.05651884,0,0,0,0.271,0,0.96,0,0,0,,,,325.5539417,1040,950,90,1040,0,1,0,0,0.34268836,162.7769709,0.913461538,520,475,45,1,0,0,0.34268836,162.7769709,0.913461538,520,475,45,0,0,0,0.087248178,0,0.88,0,0,0,0,0,0,0.087248178,0,0.88,0,0,0,1,,,0.101,95.95,950,950,0,29.45,0,,,133.3333333,0,57.33333333,2,590.6832663,0,0,0,94.63336609
115,1,116,0.16021,1,0,590.6832663,,,,0,0,1,1083.333333,1083.333333,0,173.3333333,35.96666667,0,,,169.1793245,1083.333333,1040,43.33333333,1083.333333,0,1,0,0,0.156041542,98.40659185,0.96,656.9203622,630.6435477,26.27681449,1,0,0,0.172887791,70.7727327,0.96,426.4129711,409.3564523,17.05651884,0,0,0,0.271,0,0.96,0,0,0,,,,325.5539417,1040,950,90,1040,0,1,0,0,0.34268836,162.7769709,0.913461538,520,475,45,1,0,0,0.34268836,162.7769709,0.913461538,520,475,45,0,0,0,0.087248178,0,0.88,0,0,0,0,0,0,0.087248178,0,0.88,0,0,0,1,,,0.101,95.95,950,950,0,29.45,0,,,133.3333333,0,57.33333333,2,590.6832663,0,0,0,94.63336609
116,1,117,0.16021,1,0,590.6832663,,,,0,0,1,1083.333333,1083.333333,0,173.3333333,35.96666667,0,,,169.1793245,1083.333333,1040,43.33333333,1083.333333,0,1,0,0,0.156041542,98.40659185,0.96,656.9203622,630.6435477,26.27681449,1,0,0,0.172887791,70.7727327,0.96,426.4129711,409.3564523,17.05651884,0,0,0,0.271,0,0.96,0,0,0,,,,325.5539417,1040,950,90,1040,0,1,0,0,0.34268836,162.7769709,0.913461538,520,475,45,1,0,0,0.34268836,162.7769709,0.913461538,520,475,45,0,0,0,0.087248178,0,0.88,0,0,0,0,0,0,0.087248178,0,0.88,0,0,0,1,,,0.101,95.95,950,950,0,29.45,0,,,133.3333333,0,57.33333333,2,590.6832663,0,0,0,94.63336609
117,1,118,0.16021,1,0,590.6832663,,,,0,0,1,1083.333333,1083.333333,0,173.3333333,35.96666667,0,,,169.1793245,1083.333333,1040,43.33333333,1083.333333,0,1,0,0,0.156041542,98.40659185,0.96,656.9203622,630.6435477,26.27681449,1,0,0,0.172887791,70.7727327,0.96,426.4129711,409.3564523,17.05651884,0,0,0,0.271,0,0.96,0,0,0,,,,325.5539417,1040,950,90,1040,0,1,0,0,0.34268836,162.7769709,0.913461538,520,475,45,1,0,0,0.34268836,162.7769709,0.913461538,520,475,45,0,0,0,0.087248178,0,0.88,0,0,0,0,0,0,0.087248178,0,0.88,0,0,0,1,,,0.101,95.95,950,950,0,29.45,0,,,133.3333333,0,57.33333333,2,590.6832663,0,0,0,94.63336609
118,1,119,0.11083,0,0,1162.987113,,,,0,0,1,1964.860806,1964.860806,0,314.377729,65.23337877,0,,,294.4059618,1964.860806,1886.266374,78.59443225,1964.860806,0,1,0,0,0.156041542,98.40659185,0.96,656.9203622,630.6435477,26.27681449,1,0,0,0.156063816,98.23812011,0.96,655.702122,629.4740371,26.22808488,1,1,0,0.156131021,97.76124985,0.96,652.2383221,626.1487892,26.08953288,,,,692.3567151,1886.266374,1744.796396,141.4699781,1886.266374,0,1,0,0,0.396981325,231.0129404,0.925,629.1069722,581.9239493,47.18302292,1,0,0,0.396981325,231.0129404,0.925,629.1069722,581.9239493,47.18302292,1,1,0,0.396473759,230.3308344,0.925,628.0524295,580.9484973,47.10393222,0,0,0,0.087248178,0,0.88,0,0,0,1,,,0.101,176.224436,1744.796396,1744.796396,0,54.08868827,0,,,220.0644103,0,94.62769643,3,1162.987113,0,0,0,128.8938617
119,1,120,0.11083,0,0,1162.987113,,,,0,0,1,1964.860806,1964.860806,0,314.377729,65.23337877,0,,,294.4059618,1964.860806,1886.266374,78.59443225,1964.860806,0,1,0,0,0.156041542,98.40659185,0.96,656.9203622,630.6435477,26.27681449,1,0,0,0.156063816,98.23812011,0.96,655.702122,629.4740371,26.22808488,1,0,0,0.156131021,97.76124985,0.96,652.2383221,626.1487892,26.08953288,,,,692.3567151,1886.266374,1744.796396,141.4699781,1886.266374,0,1,0,0,0.396981325,231.0129404,0.925,629.1069722,581.9239493,47.18302292,1,0,0,0.396981325,231.0129404,0.925,629.1069722,581.9239493,47.18302292,1,0,0,0.396473759,230.3308344,0.925,628.0524295,580.9484973,47.10393222,0,0,0,0.087248178,0,0.88,0,0,0,1,,,0.101,176.224436,1744.796396,1744.796396,0,54.08868827,0,,,220.0644103,0,94.62769643,3,1162.987113,0,0,0,128.8938617
120,1,121,0.11083,0,0,1162.987113,,,,0,0,1,1964.860806,1964.860806,0,314.377729,65.23337877,0,,,294.4059618,1964.860806,1886.266374,78.59443225,1964.860806,0,1,0,0,0.156041542,98.40659185,0.96,656.9203622,630.6435477,26.27681449,1,0,0,0.156063816,98.23812011,0.96,655.702122,629.4740371,26.22808488,1,0,0,0.156131021,97.76124985,0.96,652.2383221,626.1487892,26.08953288,,,,692.3567151,1886.266374,1744.796396,141.4699781,1886.266374,0,1,0,0,0.396981325,231.0129404,0.925,629.1069722,581.9239493,47.18302292,1,0,0,0.396981325,231.0129404,0.925,629.1069722,581.9239493,47.18302292,1,0,0,0.396473759,230.3308344,0.925,628.0524295,580.9484973,47.10393222,0,0,0,0.087248178,0,0.88,0,0,0,1,,,0.101,176.224436,1744.796396,1744.796396,0,54.08868827,0,,,220.0644103,0,94.62769643,3,1162.987113,0,0,0,128.8938617
121,1,122,0.11083,0,0,1162.987113,,,,0,0,1,1964.860806,1964.860806,0,314.377729,65.23337877,0,,,294.4059618,1964.860806,1886.266374,78.59443225,1964.860806,0,1,0,0,0.156041542,98.40659185,0.96,656.9203622,630.6435477,26.27681449,1,0,0,0.156063816,98.23812011,0.96,655.702122,629.4740371,26.22808488,1,0,0,0.156131021,97.76124985,0.96,652.2383221,626.1487892,26.08953288,,,,692.3567151,1886.266374,1744.796396,141.4699781,1886.266374,0,1,0,0,0.396981325,231.0129404,0.925,629.1069722,581.9239493,47.18302292,1,0,0,0.396981325,231.0129404,0.925,629.1069722,581.9239493,47.18302292,1,0,0,0.396473759,230.3308344,0.925,628.0524295,580.9484973,47.10393222,0,0,0,0.087248178,0,0.88,0,0,0,1,,,0.101,176.224436,1744.796396,1744.796396,0,54.08868827,0,,,220.0644103,0,94.62769643,3,1162.987113,0,0,0,128.8938617
122,1,123,0.11083,0,0,1162.987113,,,,0,0,1,1964.860806,1964.860806,0,314.377729,65.23337877,0,,,294.4059618,1964.860806,1886.266374,78.59443225,1964.860806,0,1,0,0,0.156041542,98.40659185,0.96,656.9203622,630.6435477,26.27681449,1,0,0,0.156063816,98.23812011,0.96,655.702122,629.4740371,26.22808488,1,0,0,0.156131021,97.76124985,0.96,652.2383221,626.1487892,26.08953288,,,,692.3567151,1886.266374,1744.796396,141.4699781,1886.266374,0,1,0,0,0.396981325,231.0129404,0.925,629.1069722,581.9239493,47.18302292,1,0,0,0.396981325,231.0129404,0.925,629.1069722,581.9239493,47.18302292,1,0,0,0.396473759,230.3308344,0.925,628.0524295,580.9484973,47.10393222,0,0,0,0.087248178,0,0.88,0,0,0,1,,,0.101,176.224436,1744.796396,1744.796396,0,54.08868827,0,,,220.0644103,0,94.62769643,3,1162.987113,0,0,0,128.8938617
123,1,124,0.11083,0,0,1162.987113,,,,0,0,1,1964.860806,1964.860806,0,314.377729,65.23337877,0,,,294.4059618,1964.860806,1886.266374,78.59443225,1964.860806,0,1,0,0,0.156041542,98.40659185,0.96,656.9203622,630.6435477,26.27681449,1,0,0,0.156063816,98.23812011,0.96,655.702122,629.4740371,26.22808488,1,0,0,0.156131021,97.76124985,0.96,652.2383221,626.1487892,26.08953288,,,,692.3567151,1886.266374,1744.796396,141.4699781,1886.266374,0,1,0,0,0.396981325,231.0129404,0.925,629.1069722,581.9239493,47.18302292,1,0,0,0.396981325,231.0129404,0.925,629.1069722,581.9239493,47.18302292,1,0,0,0.396473759,230.3308344,0.925,628.0524295,580.9484973,47.10393222,0,0,0,0.087248178,0,0.88,0,0,0,1,,,0.101,176.224436,1744.796396,1744.796396,0,54.08868827,0,,,220.0644103,0,94.62769643,3,1162.987113,0,0,0,128.8938617
124,1,125,0.11083,0,0,1162.987113,,,,0,0,1,1964.860806,1964.860806,0,314.377729,65.23337877,0,,,294.4059618,1964.860806,1886.266374,78.59443225,1964.860806,0,1,0,0,0.156041542,98.40659185,0.96,656.9203622,630.6435477,26.27681449,1,0,0,0.156063816,98.23812011,0.96,655.702122,629.4740371,26.22808488,1,0,0,0.156131021,97.76124985,0.96,652.2383221,626.1487892,26.08953288,,,,692.3567151,1886.266374,1744.796396,141.4699781,1886.266374,0,1,0,0,0.396981325,231.0129404,0.925,629.1069722,581.9239493,47.18302292,1,0,0,0.396981325,231.0129404,0.925,629.1069722,581.9239493,47.18302292,1,0,0,0.396473759,230.3308344,0.925,628.0524295,580.9484973,47.10393222,0,0,0,0.087248178,0,0.88,0,0,0,1,,,0.101,176.224436,1744.796396,1744.796396,0,54.08868827,0,,,220.0644103,0,94.62769643,3,1162.987113,0,0,0,128.8938617
125,1,126,0.11083,0,0,1162.987113,,,,0,0,1,1964.860806,1964.860806,0,314.377729,65.23337877,0,,,294.4059618,1964.860806,1886.266374,78.59443225,1964.860806,0,1,0,0,0.156041542,98.40659185,0.96,656.9203622,630.6435477,26.27681449,1,0,0,0.156063816,98.23812011,0.96,655.702122,629.4740371,26.22808488,1,0,0,0.156131021,97.76124985,0.96,652.2383221,626.1487892,26.08953288,,,,692.3567151,1886.266374,1744.796396,141.4699781,1886.266374,0,1,0,0,0.396981325,231.0129404,0.925,629.1069722,581.9239493,47.18302292,1,0,0,0.396981325,231.0129404,0.925,629.1069722,581.9239493,47.18302292,1,0,0,0.396473759,230.3308344,0.925,628.0524295,580.9484973,47.10393222,0,0,0,0.087248178,0,0.88,0,0,0,1,,,0.101,176.224436,1744.796396,1744.796396,0,54.08868827,0,,,220.0644103,0,94.62769643,3,1162.987113,0,0,0,128.8938617
126,1,127,0.11083,0,0,1162.987113,,,,0,0,1,1964.860806,1964.860806,0,314.377729,65.23337877,0,,,294.4059618,1964.860806,1886.266374,78.59443225,1964.860806,0,1,0,0,0.156041542,98.40659185,0.96,656.9203622,630.6435477,26.27681449,1,0,0,0.156063816,98.23812011,0.96,655.702122,629.4740371,26.22808488,1,0,0,0.156131021,97.76124985,0.96,652.2383221,626.1487892,26.08953288,,,,692.3567151,1886.266374,1744.796396,141.4699781,1886.266374,0,1,0,0,0.396981325,231.0129404,0.925,629.1069722,581.9239493,47.18302292,1,0,0,0.396981325,231.0129404,0.925,629.1069722,581.9239493,47.18302292,1,0,0,0.396473759,230.3308344,0.925,628.0524295,580.9484973,47.10393222,0,0,0,0.087248178,0,0.88,0,0,0,1,,,0.101,176.224436,1744.796396,1744.796396,0,54.08868827,0,,,220.0644103,0,94.62769643,3,1162.987113,0,0,0,128.8938617
127,1,128,0.11083,0,0,1162.987113,,,,0,0,1,1964.860806,1964.860806,0,314.377729,65.23337877,0,,,294.4059618,1964.860806,1886.266374,78.59443225,1964.860806,0,1,0,0,0.156041542,98.40659185,0.96,656.9203622,630.6435477,26.27681449,1,0,0,0.156063816,98.23812011,0.96,655.702122,629.4740371,26.22808488,1,0,0,0.156131021,97.76124985,0.96,652.2383221,626.1487892,26.08953288,,,,692.3567151,1886.266374,1744.796396,141.4699781,1886.266374,0,1,0,0,0.396981325,231.0129404,0.925,629.1069722,581.9239493,47.18302292,1,0,0,0.396981325,231.0129404,0.925,629.1069722,581.9239493,47.18302292,1,0,0,0.396473759,230.3308344,0.925,628.0524295,580.9484973,47.10393222,0,0,0,0.087248178,0,0.88,0,0,0,1,,,0.101,176.224436,1744.796396,1744.796396,0,54.08868827,0,,,220.0644103,0,94.62769643,3,1162.987113,0,0,0,128.8938617
128,1,129,0.11083,0,0,1162.987113,,,,0,0,1,1964.860806,1964.860806,0,314.377729,65.23337877,0,,,294.4059618,1964.860806,1886.266374,78.59443225,1964.860806,0,1,0,0,0.156041542,98.40659185,0.96,656.9203622,630.6435477,26.27681449,1,0,0,0.156063816,98.23812011,0.96,655.702122,629.4740371,26.22808488,1,0,0,0.156131021,97.76124985,0.96,652.2383221,626.1487892,26.08953288,,,,692.3567151,1886.266374,1744.796396,141.4699781,1886.266374,0,1,0,0,0.396981325,231.0129404,0.925,629.1069722,581.9239493,47.18302292,1,0,0,0.396981325,231.0129404,0.925,629.1069722,581.9239493,47.18302292,1,0,0,0.396473759,230.3308344,0.925,628.0524295,580.9484973,47.10393222,0,0,0,0.087248178,0,0.88,0,0,0,1,,,0.101,176.224436,1744.796396,1744.796396,0,54.08868827,0,,,220.0644103,0,94.62769643,3,1162.987113,0,0,0,128.8938617
129,1,130,0.11083,0,0,1162.987113,,,,0,0,1,1964.860806,1964.860806,0,314.377729,65.23337877,0,,,294.4059618,1964.860806,1886.266374,78.59443225,1964.860806,0,1,0,0,0.156041542,98.40659185,0.96,656.9203622,630.6435477,26.27681449,1,0,0,0.156063816,98.23812011,0.96,655.702122,629.4740371,26.22808488,1,0,0,0.156131021,97.76124985,0.96,652.2383221,626.1487892,26.08953288,,,,692.3567151,1886.266374,1744.796396,141.4699781,1886.266374,0,1,0,0,0.396981325,231.0129404,0.925,629.1069722,581.9239493,47.18302292,1,0,0,0.396981325,231.0129404,0.925,629.1069722,581.9239493,47.18302292,1,0,0,0.396473759,230.3308344,0.925,628.0524295,580.9484973,47.10393222,0,0,0,0.087248178,0,0.88,0,0,0,1,,,0.101,176.224436,1744.796396,1744.796396,0,54.08868827,0,,,220.0644103,0,94.62769643,3,1162.987113,0,0,0,128.8938617
130,1,131,0.11083,0,0,1162.987113,,,,0,0,1,1964.860806,1964.860806,0,314.377729,65.23337877,0,,,294.4059618,1964.860806,1886.266374,78.59443225,1964.860806,0,1,0,0,0.156041542,98.40659185,0.96,656.9203622,630.6435477,26.27681449,1,0,0,0.156063816,98.23812011,0.96,655.702122,629.4740371,26.22808488,1,0,0,0.156131021,97.76124985,0.96,652.2383221,626.1487892,26.08953288,,,,692.3567151,1886.266374,1744.796396,141.4699781,1886.266374,0,1,0,0,0.396981325,231.0129404,0.925,629.1069722,581.9239493,47.18302292,1,0,0,0.396981325,231.0129404,0.925,629.1069722,581.9239493,47.18302292,1,0,0,0.396473759,230.3308344,0.925,628.0524295,580.9484973,47.10393222,0,0,0,0.087248178,0,0.88,0,0,0,1,,,0.101,176.224436,1744.796396,1744.796396,0,54.08868827,0,,,220.0644103,0,94.62769643,3,1162.987113,0,0,0,128.8938617
131,1,132,0.11083,0,0,1162.987113,,,,0,0,1,1964.860806,1964.860806,0,314.377729,65.23337877,0,,,294.4059618,1964.860806,1886.266374,78.59443225,1964.860806,0,1,0,0,0.156041542,98.40659185,0.96,656.9203622,630.6435477,26.27681449,1,0,0,0.156063816,98.23812011,0.96,655.702122,629.4740371,26.22808488,1,0,0,0.156131021,97.76124985,0.96,652.2383221,626.1487892,26.08953288,,,,692.3567151,1886.266374,1744.796396,141.4699781,1886.266374,0,1,0,0,0.396981325,231.0129404,0.925,629.1069722,581.9239493,47.18302292,1,0,0,0.396981325,231.0129404,0.925,629.1069722,581.9239493,47.18302292,1,0,0,0.396473759,230.3308344,0.925,628.0524295,580.9484973,47.10393222,0,0,0,0.087248178,0,0.88,0,0,0,1,,,0.101,176.224436,1744.796396,1744.796396,0,54.08868827,0,,,220.0644103,0,94.62769643,3,1162.987113,0,0,0,128.8938617
132,1,133,0.11083,0,0,1162.987113,,,,0,0,1,1964.860806,1964.860806,0,314.377729,65.23337877,0,,,294.4059618,1964.860806,1886.266374,78.59443225,1964.860806,0,1,0,0,0.156041542,98.40659185,0.96,656.9203622,630.6435477,26.27681449,1,0,0,0.156063816,98.23812011,0.96,655.702122,629.4740371,26.22808488,1,0,0,0.156131021,97.76124985,0.96,652.2383221,626.1487892,26.08953288,,,,692.3567151,1886.266374,1744.796396,141.4699781,1886.266374,0,1,0,0,0.396981325,231.0129404,0.925,629.1069722,581.9239493,47.18302292,1,0,0,0.396981325,231.0129404,0.925,629.1069722,581.9239493,47.18302292,1,0,0,0.396473759,230.3308344,0.925,628.0524295,580.9484973,47.10393222,0,0,0,0.087248178,0,0.88,0,0,0,1,,,0.101,176.224436,1744.796396,1744.796396,0,54.08868827,0,,,220.0644103,0,94.62769643,3,1162.987113,0,0,0,128.8938617
133,1,134,0.11083,0,0,1162.987113,,,,0,0,1,1964.860806,1964.860806,0,314.377729,65.23337877,0,,,294.4059618,1964.860806,1886.266374,78.59443225,1964.860806,0,1,0,0,0.156041542,98.40659185,0.96,656.9203622,630.6435477,26.27681449,1,0,0,0.156063816,98.23812011,0.96,655.702122,629.4740371,26.22808488,1,0,0,0.156131021,97.76124985,0.96,652.2383221,626.1487892,26.08953288,,,,692.3567151,1886.266374,1744.796396,141.4699781,1886.266374,0,1,0,0,0.396981325,231.0129404,0.925,629.1069722,581.9239493,47.18302292,1,0,0,0.396981325,231.0129404,0.925,629.1069722,581.9239493,47.18302292,1,0,0,0.396473759,230.3308344,0.925,628.0524295,580.9484973,47.10393222,0,0,0,0.087248178,0,0.88,0,0,0,1,,,0.101,176.224436,1744.796396,1744.796396,0,54.08868827,0,,,220.0644103,0,94.62769643,3,1162.987113,0,0,0,128.8938617
134,1,135,0.11083,0,0,1162.987113,,,,0,0,1,1964.860806,1964.860806,0,314.377729,65.23337877,0,,,294.4059618,1964.860806,1886.266374,78.59443225,1964.860806,0,1,0,0,0.156041542,98.40659185,0.96,656.9203622,630.6435477,26.27681449,1,0,0,0.156063816,98.23812011,0.96,655.702122,629.4740371,26.22808488,1,0,0,0.156131021,97.76124985,0.96,652.2383221,626.1487892,26.08953288,,,,692.3567151,1886.266374,1744.796396,141.4699781,1886.266374,0,1,0,0,0.396981325,231.0129404,0.925,629.1069722,581.9239493,47.18302292,1,0,0,0.396981325,231.0129404,0.925,629.1069722,581.9239493,47.18302292,1,0,0,0.396473759,230.3308344,0.925,628.0524295,580.9484973,47.10393222,0,0,0,0.087248178,0,0.88,0,0,0,1,,,0.101,176.224436,1744.796396,1744.796396,0,54.08868827,0,,,220.0644103,0,94.62769643,3,1162.987113,0,0,0,128.8938617
135,1,136,0.11083,0,0,1162.987113,,,,0,0,1,1964.860806,1964.860806,0,314.377729,65.23337877,0,,,294.4059618,1964.860806,1886.266374,78.59443225,1964.860806,0,1,0,0,0.156041542,98.40659185,0.96,656.9203622,630.6435477,26.27681449,1,0,0,0.156063816,98.23812011,0.96,655.702122,629.4740371,26.22808488,1,0,0,0.156131021,97.76124985,0.96,652.2383221,626.1487892,26.08953288,,,,692.3567151,1886.266374,1744.796396,141.4699781,1886.266374,0,1,0,0,0.396981325,231.0129404,0.925,629.1069722,581.9239493,47.18302292,1,0,0,0.396981325,231.0129404,0.925,629.1069722,581.9239493,47.18302292,1,0,0,0.396473759,230.3308344,0.925,628.0524295,580.9484973,47.10393222,0,0,0,0.087248178,0,0.88,0,0,0,1,,,0.101,176.224436,1744.796396,1744.796396,0,54.08868827,0,,,220.0644103,0,94.62769643,3,1162.987113,0,0,0,128.8938617
136,1,137,0.11083,0,0,1162.987113,,,,0,0,1,1964.860806,1964.860806,0,314.377729,65.23337877,0,,,294.4059618,1964.860806,1886.266374,78.59443225,1964.860806,0,1,0,0,0.156041542,98.40659185,0.96,656.9203622,630.6435477,26.27681449,1,0,0,0.156063816,98.23812011,0.96,655.702122,629.4740371,26.22808488,1,0,0,0.156131021,97.76124985,0.96,652.2383221,626.1487892,26.08953288,,,,692.3567151,1886.266374,1744.796396,141.4699781,1886.266374,0,1,0,0,0.396981325,231.0129404,0.925,629.1069722,581.9239493,47.18302292,1,0,0,0.396981325,231.0129404,0.925,629.1069722,581.9239493,47.18302292,1,0,0,0.396473759,230.3308344,0.925,628.0524295,580.9484973,47.10393222,0,0,0,0.087248178,0,0.88,0,0,0,1,,,0.101,176.224436,1744.796396,1744.796396,0,54.08868827,0,,,220.0644103,0,94.62769643,3,1162.987113,0,0,0,128.8938617
137,1,138,0.14749,0,0,1162.987113,,,,0,0,1,1964.860806,1964.860806,0,314.377729,65.23337877,0,,,294.4059618,1964.860806,1886.266374,78.59443225,1964.860806,0,1,0,0,0.156041542,98.40659185,0.96,656.9203622,630.6435477,26.27681449,1,0,0,0.156063816,98.23812011,0.96,655.702122,629.4740371,26.22808488,1,0,0,0.156131021,97.76124985,0.96,652.2383221,626.1487892,26.08953288,,,,692.3567151,1886.266374,1744.796396,141.4699781,1886.266374,0,1,0,0,0.396981325,231.0129404,0.925,629.1069722,581.9239493,47.18302292,1,0,0,0.396981325,231.0129404,0.925,629.1069722,581.9239493,47.18302292,1,0,0,0.396473759,230.3308344,0.925,628.0524295,580.9484973,47.10393222,0,0,0,0.087248178,0,0.88,0,0,0,1,,,0.101,176.224436,1744.796396,1744.796396,0,54.08868827,0,,,220.0644103,0,94.62769643,3,1162.987113,0,0,0,171.5289693
138,1,139,0.14749,0,0,1162.987113,,,,0,0,1,1964.860806,1964.860806,0,314.377729,65.23337877,0,,,294.4059618,1964.860806,1886.266374,78.59443225,1964.860806,0,1,0,0,0.156041542,98.40659185,0.96,656.9203622,630.6435477,26.27681449,1,0,0,0.156063816,98.23812011,0.96,655.702122,629.4740371,26.22808488,1,0,0,0.156131021,97.76124985,0.96,652.2383221,626.1487892,26.08953288,,,,692.3567151,1886.266374,1744.796396,141.4699781,1886.266374,0,1,0,0,0.396981325,231.0129404,0.925,629.1069722,581.9239493,47.18302292,1,0,0,0.396981325,231.0129404,0.925,629.1069722,581.9239493,47.18302292,1,0,0,0.396473759,230.3308344,0.925,628.0524295,580.9484973,47.10393222,0,0,0,0.087248178,0,0.88,0,0,0,1,,,0.101,176.224436,1744.796396,1744.796396,0,54.08868827,0,,,220.0644103,0,94.62769643,3,1162.987113,0,0,0,171.5289693
139,1,140,0.14749,0,0,1162.987113,,,,0,0,1,1964.860806,1964.860806,0,314.377729,65.23337877,0,,,294.4059618,1964.860806,1886.266374,78.59443225,1964.860806,0,1,0,0,0.156041542,98.40659185,0.96,656.9203622,630.6435477,26.27681449,1,0,0,0.156063816,98.23812011,0.96,655.702122,629.4740371,26.22808488,1,0,0,0.156131021,97.76124985,0.96,652.2383221,626.1487892,26.08953288,,,,692.3567151,1886.266374,1744.796396,141.4699781,1886.266374,0,1,0,0,0.396981325,231.0129404,0.925,629.1069722,581.9239493,47.18302292,1,0,0,0.396981325,231.0129404,0.925,629.1069722,581.9239493,47.18302292,1,0,0,0.396473759,230.3308344,0.925,628.0524295,580.9484973,47.10393222,0,0,0,0.087248178,0,0.88,0,0,0,1,,,0.101,176.224436,1744.796396,1744.796396,0,54.08868827,0,,,220.0644103,0,94.62769643,3,1162.987113,0,0,0,171.5289693
140,1,141,0.14749,0,0,1162.987113,,,,0,0,1,1964.860806,1964.860806,0,314.377729,65.23337877,0,,,294.4059618,1964.860806,1886.266374,78.59443225,1964.860806,0,1,0,0,0.156041542,98.40659185,0.96,656.9203622,630.6435477,26.27681449,1,0,0,0.156063816,98.23812011,0.96,655.702122,629.4740371,26.22808488,1,0,0,0.156131021,97.76124985,0.96,652.2383221,626.1487892,26.08953288,,,,692.3567151,1886.266374,1744.796396,141.4699781,1886.266374,0,1,0,0,0.396981325,231.0129404,0.925,629.1069722,581.9239493,47.18302292,1,0,0,0.396981325,231.0129404,0.925,629.1069722,581.9239493,47.18302292,1,0,0,0.396473759,230.3308344,0.925,628.0524295,580.9484973,47.10393222,0,0,0,0.087248178,0,0.88,0,0,0,1,,,0.101,176.224436,1744.796396,1744.796396,0,54.08868827,0,,,220.0644103,0,94.62769643,3,1162.987113,0,0,0,171.5289693
141,1,142,0.14749,0,0,1162.987113,,,,0,0,1,1964.860806,1964.860806,0,314.377729,65.23337877,0,,,294.4059618,1964.860806,1886.266374,78.59443225,1964.860806,0,1,0,0,0.156041542,98.40659185,0.96,656.9203622,630.6435477,26.27681449,1,0,0,0.156063816,98.23812011,0.96,655.702122,629.4740371,26.22808488,1,0,0,0.156131021,97.76124985,0.96,652.2383221,626.1487892,26.08953288,,,,692.3567151,1886.266374,1744.796396,141.4699781,1886.266374,0,1,0,0,0.396981325,231.0129404,0.925,629.1069722,581.9239493,47.18302292,1,0,0,0.396981325,231.0129404,0.925,629.1069722,581.9239493,47.18302292,1,0,0,0.396473759,230.3308344,0.925,628.0524295,580.9484973,47.10393222,0,0,0,0.087248178,0,0.88,0,0,0,1,,,0.101,176.224436,1744.796396,1744.796396,0,54.08868827,0,,,220.0644103,0,94.62769643,3,1162.987113,0,0,0,171.5289693
142,1,143,0.11083,0,0,1162.987113,,,,0,0,1,1964.860806,1964.860806,0,314.377729,65.23337877,0,,,294.4059618,1964.860806,1886.266374,78.59443225,1964.860806,0,1,0,0,0.156041542,98.40659185,0.96,656.9203622,630.6435477,26.27681449,1,0,0,0.156063816,98.23812011,0.96,655.702122,629.4740371,26.22808488,1,0,0,0.156131021,97.76124985,0.96,652.2383221,626.1487892,26.08953288,,,,692.3567151,1886.266374,1744.796396,141.4699781,1886.266374,0,1,0,0,0.396981325,231.0129404,0.925,629.1069722,581.9239493,47.18302292,1,0,0,0.396981325,231.0129404,0.925,629.1069722,581.9239493,47.18302292,1,0,0,0.396473759,230.3308344,0.925,628.0524295,580.9484973,47.10393222,0,0,0,0.087248178,0,0.88,0,0,0,1,,,0.101,176.224436,1744.796396,1744.796396,0,54.08868827,0,,,220.0644103,0,94.62769643,3,1162.987113,0,0,0,128.8938617
143,1,144,0.11083,0,0,1162.987113,,,,0,0,1,1964.860806,1964.860806,0,314.377729,65.23337877,0,,,294.4059618,1964.860806,1886.266374,78.59443225,1964.860806,0,1,0,0,0.156041542,98.40659185,0.96,656.9203622,630.6435477,26.27681449,1,0,0,0.156063816,98.23812011,0.96,655.702122,629.4740371,26.22808488,1,0,0,0.156131021,97.76124985,0.96,652.2383221,626.1487892,26.08953288,,,,692.3567151,1886.266374,1744.796396,141.4699781,1886.266374,0,1,0,0,0.396981325,231.0129404,0.925,629.1069722,581.9239493,47.18302292,1,0,0,0.396981325,231.0129404,0.925,629.1069722,581.9239493,47.18302292,1,0,0,0.396473759,230.3308344,0.925,628.0524295,580.9484973,47.10393222,0,0,0,0.087248178,0,0.88,0,0,0,1,,,0.101,176.224436,1744.796396,1744.796396,0,54.08868827,0,,,220.0644103,0,94.62769643,3,1162.987113,0,0,0,128.8938617
144,1,145,0.11083,0,0,1162.987113,,,,0,0,1,1964.860806,1964.860806,0,314.377729,65.23337877,0,,,294.4059618,1964.860806,1886.266374,78.59443225,1964.860806,0,1,0,0,0.156041542,98.40659185,0.96,656.9203622,630.6435477,26.27681449,1,0,0,0.156063816,98.23812011,0.96,655.702122,629.4740371,26.22808488,1,0,0,0.156131021,97.76124985,0.96,652.2383221,626.1487892,26.08953288,,,,692.3567151,1886.266374,1744.796396,141.4699781,1886.266374,0,1,0,0,0.396981325,231.0129404,0.925,629.1069722,581.9239493,47.18302292,1,0,0,0.396981325,231.0129404,0.925,629.1069722,581.9239493,47.18302292,1,0,0,0.396473759,230.3308344,0.925,628.0524295,580.9484973,47.10393222,0,0,0,0.087248178,0,0.88,0,0,0,1,,,0.101,176.224436,1744.796396,1744.796396,0,54.08868827,0,,,220.0644103,0,94.62769643,3,1162.987113,0,0,0,128.8938617
145,1,146,0.11083,0,0,1162.987113,,,,0,0,1,1964.860806,1964.860806,0,314.377729,65.23337877,0,,,294.4059618,1964.860806,1886.266374,78.59443225,1964.860806,0,1,0,0,0.156041542,98.40659185,0.96,656.9203622,630.6435477,26.27681449,1,0,0,0.156063816,98.23812011,0.96,655.702122,629.4740371,26.22808488,1,0,0,0.156131021,97.76124985,0.96,652.2383221,626.1487892,26.08953288,,,,692.3567151,1886.266374,1744.796396,141.4699781,1886.266374,0,1,0,0,0.396981325,231.0129404,0.925,629.1069722,581.9239493,47.18302292,1,0,0,0.396981325,231.0129404,0.925,629.1069722,581.9239493,47.18302292,1,0,0,0.396473759,230.3308344,0.925,628.0524295,580.9484973,47.10393222,0,0,0,0.087248178,0,0.88,0,0,0,1,,,0.101,176.224436,1744.796396,1744.796396,0,54.08868827,0,,,220.0644103,0,94.62769643,3,1162.987113,0,0,0,128.8938617
146,1,147,0.11083,0,0,1162.987113,,,,0,0,1,1964.860806,1964.860806,0,314.377729,65.23337877,0,,,294.4059618,1964.860806,1886.266374,78.59443225,1964.860806,0,1,0,0,0.156041542,98.40659185,0.96,656.9203622,630.6435477,26.27681449,1,0,0,0.156063816,98.23812011,0.96,655.702122,629.4740371,26.22808488,1,0,0,0.156131021,97.76124985,0.96,652.2383221,626.1487892,26.08953288,,,,692.3567151,1886.266374,1744.796396,141.4699781,1886.266374,0,1,0,0,0.396981325,231.0129404,0.925,629.1069722,581.9239493,47.18302292,1,0,0,0.396981325,231.0129404,0.925,629.1069722,581.9239493,47.18302292,1,0,0,0.396473759,230.3308344,0.925,628.0524295,580.9484973,47.10393222,0,0,0,0.087248178,0,0.88,0,0,0,1,,,0.101,176.224436,1744.796396,1744.796396,0,54.08868827,0,,,220.0644103,0,94.62769643,3,1162.987113,0,0,0,128.8938617
147,1,148,0.11083,0,0,1162.987113,,,,0,0,1,1964.860806,1964.860806,0,314.377729,65.23337877,0,,,294.4059618,1964.860806,1886.266374,78.59443225,1964.860806,0,1,0,0,0.156041542,98.40659185,0.96,656.9203622,630.6435477,26.27681449,1,0,0,0.156063816,98.23812011,0.96,655.702122,629.4740371,26.22808488,1,0,0,0.156131021,97.76124985,0.96,652.2383221,626.1487892,26.08953288,,,,692.3567151,1886.266374,1744.796396,141.4699781,1886.266374,0,1,0,0,0.396981325,231.0129404,0.925,629.1069722,581.9239493,47.18302292,1,0,0,0.396981325,231.0129404,0.925,629.1069722,581.9239493,47.18302292,1,0,0,0.396473759,230.3308344,0.925,628.0524295,580.9484973,47.10393222,0,0,0,0.087248178,0,0.88,0,0,0,1,,,0.101,176.224436,1744.796396,1744.796396,0,54.08868827,0,,,220.0644103,0,94.62769643,3,1162.987113,0,0,0,128.8938617
148,1,149,0.11083,0,0,1162.987113,,,,0,0,1,1964.860806,1964.860806,0,314.377729,65.23337877,0,,,294.4059618,1964.860806,1886.266374,78.59443225,1964.860806,0,1,0,0,0.156041542,98.40659185,0.96,656.9203622,630.6435477,26.27681449,1,0,0,0.156063816,98.23812011,0.96,655.702122,629.4740371,26.22808488,1,0,0,0.156131021,97.76124985,0.96,652.2383221,626.1487892,26.08953288,,,,692.3567151,1886.266374,1744.796396,141.4699781,1886.266374,0,1,0,0,0.396981325,231.0129404,0.925,629.1069722,581.9239493,47.18302292,1,0,0,0.396981325,231.0129404,0.925,629.1069722,581.9239493,47.18302292,1,0,0,0.396473759,230.3308344,0.925,628.0524295,580.9484973,47.10393222,0,0,0,0.087248178,0,0.88,0,0,0,1,,,0.101,176.224436,1744.796396,1744.796396,0,54.08868827,0,,,220.0644103,0,94.62769643,3,1162.987113,0,0,0,128.8938617
149,1,150,0.11083,0,0,1162.987113,,,,0,0,1,1964.860806,1964.860806,0,314.377729,65.23337877,0,,,294.4059618,1964.860806,1886.266374,78.59443225,1964.860806,0,1,0,0,0.156041542,98.40659185,0.96,656.9203622,630.6435477,26.27681449,1,0,0,0.156063816,98.23812011,0.96,655.702122,629.4740371,26.22808488,1,0,0,0.156131021,97.76124985,0.96,652.2383221,626.1487892,26.08953288,,,,692.3567151,1886.266374,1744.796396,141.4699781,1886.266374,0,1,0,0,0.396981325,231.0129404,0.925,629.1069722,581.9239493,47.18302292,1,0,0,0.396981325,231.0129404,0.925,629.1069722,581.9239493,47.18302292,1,0,0,0.396473759,230.3308344,0.925,628.0524295,580.9484973,47.10393222,0,0,0,0.087248178,0,0.88,0,0,0,1,,,0.101,176.224436,1744.796396,1744.796396,0,54.08868827,0,,,220.0644103,0,94.62769643,3,1162.987113,0,0,0,128.8938617
150,1,151,0.11083,0,0,1162.987113,,,,0,0,1,1964.860806,1964.860806,0,314.377729,65.23337877,0,,,294.4059618,1964.860806,1886.266374,78.59443225,1964.860806,0,1,0,0,0.156041542,98.40659185,0.96,656.9203622,630.6435477,26.27681449,1,0,0,0.156063816,98.23812011,0.96,655.702122,629.4740371,26.22808488,1,0,0,0.156131021,97.76124985,0.96,652.2383221,626.1487892,26.08953288,,,,692.3567151,1886.266374,1744.796396,141.4699781,1886.266374,0,1,0,0,0.396981325,231.0129404,0.925,629.1069722,581.9239493,47.18302292,1,0,0,0.396981325,231.0129404,0.925,629.1069722,581.9239493,47.18302292,1,0,0,0.396473759,230.3308344,0.925,628.0524295,580.9484973,47.10393222,0,0,0,0.087248178,0,0.88,0,0,0,1,,,0.101,176.224436,1744.796396,1744.796396,0,54.08868827,0,,,220.0644103,0,94.62769643,3,1162.987113,0,0,0,128.8938617
151,1,152,0.11083,0,0,1162.987113,,,,0,0,1,1964.860806,1964.860806,0,314.377729,65.23337877,0,,,294.4059618,1964.860806,1886.266374,78.59443225,1964.860806,0,1,0,0,0.156041542,98.40659185,0.96,656.9203622,630.6435477,26.27681449,1,0,0,0.156063816,98.23812011,0.96,655.702122,629.4740371,26.22808488,1,0,0,0.156131021,97.76124985,0.96,652.2383221,626.1487892,26.08953288,,,,692.3567151,1886.266374,1744.796396,141.4699781,1886.266374,0,1,0,0,0.396981325,231.0129404,0.925,629.1069722,581.9239493,47.18302292,1,0,0,0.396981325,231.0129404,0.925,629.1069722,581.9239493,47.18302292,1,0,0,0.396473759,230.3308344,0.925,628.0524295,580.9484973,47.10393222,0,0,0,0.087248178,0,0.88,0,0,0,1,,,0.101,176.224436,1744.796396,1744.796396,0,54.08868827,0,,,220.0644103,0,94.62769643,3,1162.987113,0,0,0,128.8938617
152,1,153,0.11083,0,0,1162.987113,,,,0,0,1,1964.860806,1964.860806,0,314.377729,65.23337877,0,,,294.4059618,1964.860806,1886.266374,78.59443225,1964.860806,0,1,0,0,0.156041542,98.40659185,0.96,656.9203622,630.6435477,26.27681449,1,0,0,0.156063816,98.23812011,0.96,655.702122,629.4740371,26.22808488,1,0,0,0.156131021,97.76124985,0.96,652.2383221,626.1487892,26.08953288,,,,692.3567151,1886.266374,1744.796396,141.4699781,1886.266374,0,1,0,0,0.396981325,231.0129404,0.925,629.1069722,581.9239493,47.18302292,1,0,0,0.396981325,231.0129404,0.925,629.1069722,581.9239493,47.18302292,1,0,0,0.396473759,230.3308344,0.925,628.0524295,580.9484973,47.10393222,0,0,0,0.087248178,0,0.88,0,0,0,1,,,0.101,176.224436,1744.796396,1744.796396,0,54.08868827,0,,,220.0644103,0,94.62769643,3,1162.987113,0,0,0,128.8938617
153,1,154,0.11083,0,0,1162.987113,,,,0,0,1,1964.860806,1964.860806,0,314.377729,65.23337877,0,,,294.4059618,1964.860806,1886.266374,78.59443225,1964.860806,0,1,0,0,0.156041542,98.40659185,0.96,656.9203622,630.6435477,26.27681449,1,0,0,0.156063816,98.23812011,0.96,655.702122,629.4740371,26.22808488,1,0,0,0.156131021,97.76124985,0.96,652.2383221,626.1487892,26.08953288,,,,692.3567151,1886.266374,1744.796396,141.4699781,1886.266374,0,1,0,0,0.396981325,231.0129404,0.925,629.1069722,581.9239493,47.18302292,1,0,0,0.396981325,231.0129404,0.925,629.1069722,581.9239493,47.18302292,1,0,0,0.396473759,230.3308344,0.925,628.0524295,580.9484973,47.10393222,0,0,0,0.087248178,0,0.88,0,0,0,1,,,0.101,176.224436,1744.796396,1744.796396,0,54.08868827,0,,,220.0644103,0,94.62769643,3,1162.987113,0,0,0,128.8938617
154,1,155,0.11083,0,0,1162.987113,,,,0,0,1,1964.860806,1964.860806,0,314.377729,65.23337877,0,,,294.4059618,1964.860806,1886.266374,78.59443225,1964.860806,0,1,0,0,0.156041542,98.40659185,0.96,656.9203622,630.6435477,26.27681449,1,0,0,0.156063816,98.23812011,0.96,655.702122,629.4740371,26.22808488,1,0,0,0.156131021,97.76124985,0.96,652.2383221,626.1487892,26.08953288,,,,692.3567151,1886.266374,1744.796396,141.4699781,1886.266374,0,1,0,0,0.396981325,231.0129404,0.925,629.1069722,581.9239493,47.18302292,1,0,0,0.396981325,231.0129404,0.925,629.1069722,581.9239493,47.18302292,1,0,0,0.396473759,230.3308344,0.925,628.0524295,580.9484973,47.10393222,0,0,0,0.087248178,0,0.88,0,0,0,1,,,0.101,176.224436,1744.796396,1744.796396,0,54.08868827,0,,,220.0644103,0,94.62769643,3,1162.987113,0,0,0,128.8938617
155,1,156,0.11083,0,0,1162.987113,,,,0,0,1,1964.860806,1964.860806,0,314.377729,65.23337877,0,,,294.4059618,1964.860806,1886.266374,78.59443225,1964.860806,0,1,0,0,0.156041542,98.40659185,0.96,656.9203622,630.6435477,26.27681449,1,0,0,0.156063816,98.23812011,0.96,655.702122,629.4740371,26.22808488,1,0,0,0.156131021,97.76124985,0.96,652.2383221,626.1487892,26.08953288,,,,692.3567151,1886.266374,1744.796396,141.4699781,1886.266374,0,1,0,0,0.396981325,231.0129404,0.925,629.1069722,581.9239493,47.18302292,1,0,0,0.396981325,231.0129404,0.925,629.1069722,581.9239493,47.18302292,1,0,0,0.396473759,230.3308344,0.925,628.0524295,580.9484973,47.10393222,0,0,0,0.087248178,0,0.88,0,0,0,1,,,0.101,176.224436,1744.796396,1744.796396,0,54.08868827,0,,,220.0644103,0,94.62769643,3,1162.987113,0,0,0,128.8938617
156,1,157,0.11083,0,0,1162.987113,,,,0,0,1,1964.860806,1964.860806,0,314.377729,65.23337877,0,,,294.4059618,1964.860806,1886.266374,78.59443225,1964.860806,0,1,0,0,0.156041542,98.40659185,0.96,656.9203622,630.6435477,26.27681449,1,0,0,0.156063816,98.23812011,0.96,655.702122,629.4740371,26.22808488,1,0,0,0.156131021,97.76124985,0.96,652.2383221,626.1487892,26.08953288,,,,692.3567151,1886.266374,1744.796396,141.4699781,1886.266374,0,1,0,0,0.396981325,231.0129404,0.925,629.1069722,581.9239493,47.18302292,1,0,0,0.396981325,231.0129404,0.925,629.1069722,581.9239493,47.18302292,1,0,0,0.396473759,230.3308344,0.925,628.0524295,580.9484973,47.10393222,0,0,0,0.087248178,0,0.88,0,0,0,1,,,0.101,176.224436,1744.796396,1744.796396,0,54.08868827,0,,,220.0644103,0,94.62769643,3,1162.987113,0,0,0,128.8938617
157,1,158,0.11083,0,0,1162.987113,,,,0,0,1,1964.860806,1964.860806,0,314.377729,65.23337877,0,,,294.4059618,1964.860806,1886.266374,78.59443225,1964.860806,0,1,0,0,0.156041542,98.40659185,0.96,656.9203622,630.6435477,26.27681449,1,0,0,0.156063816,98.23812011,0.96,655.702122,629.4740371,26.22808488,1,0,0,0.156131021,97.76124985,0.96,652.2383221,626.1487892,26.08953288,,,,692.3567151,1886.266374,1744.796396,141.4699781,1886.266374,0,1,0,0,0.396981325,231.0129404,0.925,629.1069722,581.9239493,47.18302292,1,0,0,0.396981325,231.0129404,0.925,629.1069722,581.9239493,47.18302292,1,0,0,0.396473759,230.3308344,0.925,628.0524295,580.9484973,47.10393222,0,0,0,0.087248178,0,0.88,0,0,0,1,,,0.101,176.224436,1744.796396,1744.796396,0,54.08868827,0,,,220.0644103,0,94.62769643,3,1162.987113,0,0,0,128.8938617
158,1,159,0.11083,0,0,1162.987113,,,,0,0,1,1964.860806,1964.860806,0,314.377729,65.23337877,0,,,294.4059618,1964.860806,1886.266374,78.59443225,1964.860806,0,1,0,0,0.156041542,98.40659185,0.96,656.9203622,630.6435477,26.27681449,1,0,0,0.156063816,98.23812011,0.96,655.702122,629.4740371,26.22808488,1,0,0,0.156131021,97.76124985,0.96,652.2383221,626.1487892,26.08953288,,,,692.3567151,1886.266374,1744.796396,141.4699781,1886.266374,0,1,0,0,0.396981325,231.0129404,0.925,629.1069722,581.9239493,47.18302292,1,0,0,0.396981325,231.0129404,0.925,629.1069722,581.9239493,47.18302292,1,0,0,0.396473759,230.3308344,0.925,628.0524295,580.9484973,47.10393222,0,0,0,0.087248178,0,0.88,0,0,0,1,,,0.101,176.224436,1744.796396,1744.796396,0,54.08868827,0,,,220.0644103,0,94.62769643,3,1162.987113,0,0,0,128.8938617
159,1,160,0.11083,0,0,1162.987113,,,,0,0,1,1964.860806,1964.860806,0,314.377729,65.23337877,0,,,294.4059618,1964.860806,1886.266374,78.59443225,1964.860806,0,1,0,0,0.156041542,98.40659185,0.96,656.9203622,630.6435477,26.27681449,1,0,0,0.156063816,98.23812011,0.96,655.702122,629.4740371,26.22808488,1,0,0,0.156131021,97.76124985,0.96,652.2383221,626.1487892,26.08953288,,,,692.3567151,1886.266374,1744.796396,141.4699781,1886.266374,0,1,0,0,0.396981325,231.0129404,0.925,629.1069722,581.9239493,47.18302292,1,0,0,0.396981325,231.0129404,0.925,629.1069722,581.9239493,47.18302292,1,0,0,0.396473759,230.3308344,0.925,628.0524295,580.9484973,47.10393222,0,0,0,0.087248178,0,0.88,0,0,0,1,,,0.101,176.224436,1744.796396,1744.796396,0,54.08868827,0,,,220.0644103,0,94.62769643,3,1162.987113,0,0,0,128.8938617
160,1,161,0.11083,0,0,1162.987113,,,,0,0,1,1964.860806,1964.860806,0,314.377729,65.23337877,0,,,294.4059618,1964.860806,1886.266374,78.59443225,1964.860806,0,1,0,0,0.156041542,98.40659185,0.96,656.9203622,630.6435477,26.27681449,1,0,0,0.156063816,98.23812011,0.96,655.702122,629.4740371,26.22808488,1,0,0,0.156131021,97.76124985,0.96,652.2383221,626.1487892,26.08953288,,,,692.3567151,1886.266374,1744.796396,141.4699781,1886.266374,0,1,0,0,0.396981325,231.0129404,0.925,629.1069722,581.9239493,47.18302292,1,0,0,0.396981325,231.0129404,0.925,629.1069722,581.9239493,47.18302292,1,0,0,0.396473759,230.3308344,0.925,628.0524295,580.9484973,47.10393222,0,0,0,0.087248178,0,0.88,0,0,0,1,,,0.101,176.224436,1744.796396,1744.796396,0,54.08868827,0,,,220.0644103,0,94.62769643,3,1162.987113,0,0,0,128.8938617
161,1,162,0.14749,0,0,1162.987113,,,,0,0,1,1964.860806,1964.860806,0,314.377729,65.23337877,0,,,294.4059618,1964.860806,1886.266374,78.59443225,1964.860806,0,1,0,0,0.156041542,98.40659185,0.96,656.9203622,630.6435477,26.27681449,1,0,0,0.156063816,98.23812011,0.96,655.702122,629.4740371,26.22808488,1,0,0,0.156131021,97.76124985,0.96,652.2383221,626.1487892,26.08953288,,,,692.3567151,1886.266374,1744.796396,141.4699781,1886.266374,0,1,0,0,0.396981325,231.0129404,0.925,629.1069722,581.9239493,47.18302292,1,0,0,0.396981325,231.0129404,0.925,629.1069722,581.9239493,47.18302292,1,0,0,0.396473759,230.3308344,0.925,628.0524295,580.9484973,47.10393222,0,0,0,0.087248178,0,0.88,0,0,0,1,,,0.101,176.224436,1744.796396,1744.796396,0,54.08868827,0,,,220.0644103,0,94.62769643,3,1162.987113,0,0,0,171.5289693
162,1,163,0.14749,0,0,1162.987113,,,,0,0,1,1964.860806,1964.860806,0,314.377729,65.23337877,0,,,294.4059618,1964.860806,1886.266374,78.59443225,1964.860806,0,1,0,0,0.156041542,98.40659185,0.96,656.9203622,630.6435477,26.27681449,1,0,0,0.156063816,98.23812011,0.96,655.702122,629.4740371,26.22808488,1,0,0,0.156131021,97.76124985,0.96,652.2383221,626.1487892,26.08953288,,,,692.3567151,1886.266374,1744.796396,141.4699781,1886.266374,0,1,0,0,0.396981325,231.0129404,0.925,629.1069722,581.9239493,47.18302292,1,0,0,0.396981325,231.0129404,0.925,629.1069722,581.9239493,47.18302292,1,0,0,0.396473759,230.3308344,0.925,628.0524295,580.9484973,47.10393222,0,0,0,0.087248178,0,0.88,0,0,0,1,,,0.101,176.224436,1744.796396,1744.796396,0,54.08868827,0,,,220.0644103,0,94.62769643,3,1162.987113,0,0,0,171.5289693
163,1,164,0.14749,0,0,1162.987113,,,,0,0,1,1964.860806,1964.860806,0,314.377729,65.23337877,0,,,294.4059618,1964.860806,1886.266374,78.59443225,1964.860806,0,1,0,0,0.156041542,98.40659185,0.96,656.9203622,630.6435477,26.27681449,1,0,0,0.156063816,98.23812011,0.96,655.702122,629.4740371,26.22808488,1,0,0,0.156131021,97.76124985,0.96,652.2383221,626.1487892,26.08953288,,,,692.3567151,1886.266374,1744.796396,141.4699781,1886.266374,0,1,0,0,0.396981325,231.0129404,0.925,629.1069722,581.9239493,47.18302292,1,0,0,0.396981325,231.0129404,0.925,629.1069722,581.9239493,47.18302292,1,0,0,0.396473759,230.3308344,0.925,628.0524295,580.9484973,47.10393222,0,0,0,0.087248178,0,0.88,0,0,0,1,,,0.101,176.224436,1744.796396,1744.796396,0,54.08868827,0,,,220.0644103,0,94.62769643,3,1162.987113,0,0,0,171.5289693
164,1,165,0.14749,0,0,1162.987113,,,,0,0,1,1964.860806,1964.860806,0,314.377729,65.23337877,0,,,294.4059618,1964.860806,1886.266374,78.59443225,1964.860806,0,1,0,0,0.156041542,98.40659185,0.96,656.9203622,630.6435477,26.27681449,1,0,0,0.156063816,98.23812011,0.96,655.702122,629.4740371,26.22808488,1,0,0,0.156131021,97.76124985,0.96,652.2383221,626.1487892,26.08953288,,,,692.3567151,1886.266374,1744.796396,141.4699781,1886.266374,0,1,0,0,0.396981325,231.0129404,0.925,629.1069722,581.9239493,47.18302292,1,0,0,0.396981325,231.0129404,0.925,629.1069722,581.9239493,47.18302292,1,0,0,0.396473759,230.3308344,0.925,628.0524295,580.9484973,47.10393222,0,0,0,0.087248178,0,0.88,0,0,0,1,,,0.101,176.224436,1744.796396,1744.796396,0,54.08868827,0,,,220.0644103,0,94.62769643,3,1162.987113,0,0,0,171.5289693
165,1,166,0.14749,0,0,1162.987113,,,,0,0,1,1964.860806,1964.860806,0,314.377729,65.23337877,0,,,294.4059618,1964.860806,1886.266374,78.59443225,1964.860806,0,1,0,0,0.156041542,98.40659185,0.96,656.9203622,630.6435477,26.27681449,1,0,0,0.156063816,98.23812011,0.96,655.702122,629.4740371,26.22808488,1,0,0,0.156131021,97.76124985,0.96,652.2383221,626.1487892,26.08953288,,,,692.3567151,1886.266374,1744.796396,141.4699781,1886.266374,0,1,0,0,0.396981325,231.0129404,0.925,629.1069722,581.9239493,47.18302292,1,0,0,0.396981325,231.0129404,0.925,629.1069722,581.9239493,47.18302292,1,0,0,0.396473759,230.3308344,0.925,628.0524295,580.9484973,47.10393222,0,0,0,0.087248178,0,0.88,0,0,0,1,,,0.101,176.224436,1744.796396,1744.796396,0,54.08868827,0,,,220.0644103,0,94.62769643,3,1162.987113,0,0,0,171.5289693
166,1,167,0.11083,0,0,1162.987113,,,,0,0,1,1964.860806,1964.860806,0,314.377729,65.23337877,0,,,294.4059618,1964.860806,1886.266374,78.59443225,1964.860806,0,1,0,0,0.156041542,98.40659185,0.96,656.9203622,630.6435477,26.27681449,1,0,0,0.156063816,98.23812011,0.96,655.702122,629.4740371,26.22808488,1,0,0,0.156131021,97.76124985,0.96,652.2383221,626.1487892,26.08953288,,,,692.3567151,1886.266374,1744.796396,141.4699781,1886.266374,0,1,0,0,0.396981325,231.0129404,0.925,629.1069722,581.9239493,47.18302292,1,0,0,0.396981325,231.0129404,0.925,629.1069722,581.9239493,47.18302292,1,0,0,0.396473759,230.3308344,0.925,628.0524295,580.9484973,47.10393222,0,0,0,0.094183419,0,0.925,0,0,0,1,,,0.101,176.224436,1744.796396,1744.796396,0,54.08868827,0,,,220.0644103,0,94.62769643,3,1162.987113,0,0,0,128.8938617
167,1,168,0.11083,0,0,1162.987113,,,,0,0,1,1964.860806,1964.860806,0,314.377729,65.23337877,0,,,294.4059618,1964.860806,1886.266374,78.59443225,1964.860806,0,1,0,0,0.156041542,98.40659185,0.96,656.9203622,630.6435477,26.27681449,1,0,0,0.156063816,98.23812011,0.96,655.702122,629.4740371,26.22808488,1,0,0,0.156131021,97.76124985,0.96,652.2383221,626.1487892,26.08953288,,,,692.3567151,1886.266374,1744.796396,141.4699781,1886.266374,0,1,0,0,0.396981325,231.0129404,0.925,629.1069722,581.9239493,47.18302292,1,0,0,0.396981325,231.0129404,0.925,629.1069722,581.9239493,47.18302292,1,0,0,0.396473759,230.3308344,0.925,628.0524295,580.9484973,47.10393222,0,0,0,0.094183419,0,0.925,0,0,0,1,,,0.101,176.224436,1744.796396,1744.796396,0,54.08868827,0,,,220.0644103,0,94.62769643,3,1162.987113,0,0,0,128.8938617
