,Day,Time,LMP,peak_hour,bypass_pretreatment_flow,power_from_grid,intake.op_mode,intake.startup,intake.shutdown,intake.energy_intensity,intake.power_consumption,intake.recovery,intake.feed_flowrate,intake.product_flowrate,intake.reject_flowrate,intake.feed_cost,intake.chemical_cost,pretreatment.op_mode,pretreatment.startup,pretreatment.shutdown,pretreatment.power_consumption,pretreatment.feed_flowrate,pretreatment.product_flowrate,pretreatment.reject_flowrate,pretreatment.inlet_flowrate,pretreatment.leftover_flow,pretreatment.uf_pumps[1].op_mode,pretreatment.uf_pumps[1].startup,pretreatment.uf_pumps[1].shutdown,pretreatment.uf_pumps[1].energy_intensity,pretreatment.uf_pumps[1].power_consumption,pretreatment.uf_pumps[1].recovery,pretreatment.uf_pumps[1].feed_flowrate,pretreatment.uf_pumps[1].product_flowrate,pretreatment.uf_pumps[1].reject_flowrate,pretreatment.uf_pumps[2].op_mode,pretreatment.uf_pumps[2].startup,pretreatment.uf_pumps[2].shutdown,pretreatment.uf_pumps[2].energy_intensity,pretreatment.uf_pumps[2].power_consumption,pretreatment.uf_pumps[2].recovery,pretreatment.uf_pumps[2].feed_flowrate,pretreatment.uf_pumps[2].product_flowrate,pretreatment.uf_pumps[2].reject_flowrate,pretreatment.uf_pumps[3].op_mode,pretreatment.uf_pumps[3].startup,pretreatment.uf_pumps[3].shutdown,pretreatment.uf_pumps[3].energy_intensity,pretreatment.uf_pumps[3].power_consumption,pretreatment.uf_pumps[3].recovery,pretreatment.uf_pumps[3].feed_flowrate,pretreatment.uf_pumps[3].product_flowrate,pretreatment.uf_pumps[3].reject_flowrate,reverse_osmosis.op_mode,reverse_osmosis.startup,reverse_osmosis.shutdown,reverse_osmosis.power_consumption,reverse_osmosis.feed_flowrate,reverse_osmosis.product_flowrate,reverse_osmosis.reject_flowrate,reverse_osmosis.inlet_flowrate,reverse_osmosis.leftover_flow,reverse_osmosis.ro_skid[1].op_mode,reverse_osmosis.ro_skid[1].startup,reverse_osmosis.ro_skid[1].shutdown,reverse_osmosis.ro_skid[1].energy_intensity,reverse_osmosis.ro_skid[1].power_consumption,reverse_osmosis.ro_skid[1].recovery,reverse_osmosis.ro_skid[1].feed_flowrate,reverse_osmosis.ro_skid[1].product_flowrate,reverse_osmosis.ro_skid[1].reject_flowrate,reverse_osmosis.ro_skid[2].op_mode,reverse_osmosis.ro_skid[2].startup,reverse_osmosis.ro_skid[2].shutdown,reverse_osmosis.ro_skid[2].energy_intensity,reverse_osmosis.ro_skid[2].power_consumption,reverse_osmosis.ro_skid[2].recovery,reverse_osmosis.ro_skid[2].feed_flowrate,reverse_osmosis.ro_skid[2].product_flowrate,reverse_osmosis.ro_skid[2].reject_flowrate,reverse_osmosis.ro_skid[3].op_mode,reverse_osmosis.ro_skid[3].startup,reverse_osmosis.ro_skid[3].shutdown,reverse_osmosis.ro_skid[3].energy_intensity,reverse_osmosis.ro_skid[3].power_consumption,reverse_osmosis.ro_skid[3].recovery,reverse_osmosis.ro_skid[3].feed_flowrate,reverse_osmosis.ro_skid[3].product_flowrate,reverse_osmosis.ro_skid[3].reject_flowrate,reverse_osmosis.ro_skid[4].op_mode,reverse_osmosis.ro_skid[4].startup,reverse_osmosis.ro_skid[4].shutdown,reverse_osmosis.ro_skid[4].energy_intensity,reverse_osmosis.ro_skid[4].power_consumption,reverse_osmosis.ro_skid[4].recovery,reverse_osmosis.ro_skid[4].feed_flowrate,reverse_osmosis.ro_skid[4].product_flowrate,reverse_osmosis.ro_skid[4].reject_flowrate,posttreatment.op_mode,posttreatment.startup,posttreatment.shutdown,posttreatment.energy_intensity,posttreatment.power_consumption,posttreatment.feed_flowrate,posttreatment.product_flowrate,posttreatment.reject_flowrate,posttreatment.chemical_cost,brine_discharge.op_mode,brine_discharge.startup,brine_discharge.shutdown,brine_discharge.feed_flowrate,brine_discharge.power_consumption,brine_discharge.brine_cost,num_skids_online,net_power_consumption,water_revenue,demand_response_revenue,emissions_cost,energy_cost
0,1,1,0.1016,0,0,1352.890227,,,,0,0,1,2382.241477,2382.241477,0,381.1586363,79.09041704,0,,,361.4985459,2382.241477,2286.951818,95.28965908,2382.241477,0,1,0,0,0.158070032,120.4995153,0.96,794.0804923,762.3172726,31.76321969,1,0,0,0.158070032,120.4995153,0.96,794.0804923,762.3172726,31.76321969,1,0,0,0.158070032,120.4995153,0.96,794.0804923,762.3172726,31.76321969,,,,778.5895478,2286.951818,2106.951818,180,2286.951818,-1.14E-11,1,0,0,0.382971736,212.5493133,0.925,600,555,45,1,0,0,0.382971736,212.5493133,0.925,600,555,45,1,0,0,0.356011381,178.4843077,0.917634369,546.3443878,501.3443878,45,1,0,0,0.353115395,175.0066135,0.916760301,540.6074302,495.6074302,45,1,,,0.101,212.8021336,2106.951818,2106.951818,0,65.31550636,0,,,275.2896591,1.14E-13,118.3745534,4,1352.890227,0,0,0,137.4536471
1,1,2,0.1016,0,0,1352.890227,,,,0,0,1,2382.241477,2382.241477,0,381.1586363,79.09041704,0,,,361.4985459,2382.241477,2286.951818,95.28965908,2382.241477,0,1,0,0,0.158070032,120.4995153,0.96,794.0804923,762.3172726,31.76321969,1,0,0,0.158070032,120.4995153,0.96,794.0804923,762.3172726,31.76321969,1,0,0,0.158070032,120.4995153,0.96,794.0804923,762.3172726,31.76321969,,,,778.5895478,2286.951818,2106.951818,180,2286.951818,-5.00E-12,1,0,0,0.382971736,212.5493133,0.925,600,555,45,1,0,0,0.382971736,212.5493133,0.925,600,555,45,1,0,0,0.356011381,178.4843077,0.917634369,546.3443878,501.3443878,45,1,0,0,0.353115395,175.0066135,0.916760301,540.6074302,495.6074302,45,1,,,0.101,212.8021336,2106.951818,2106.951818,0,65.31550636,0,,,275.2896591,-5.68E-14,118.3745534,4,1352.890227,0,0,0,137.4536471
2,1,3,0.1016,0,0,1352.890227,,,,0,0,1,2382.241477,2382.241477,0,381.1586363,79.09041704,0,,,361.4985459,2382.241477,2286.951818,95.28965908,2382.241477,0,1,0,0,0.158070032,120.4995153,0.96,794.0804923,762.3172726,31.76321969,1,0,0,0.158070032,120.4995153,0.96,794.0804923,762.3172726,31.76321969,1,0,0,0.158070032,120.4995153,0.96,794.0804923,762.3172726,31.76321969,,,,778.5895478,2286.951818,2106.951818,180,2286.951818,-1.73E-11,1,0,0,0.382971736,212.5493133,0.925,600,555,45,1,0,0,0.382971736,212.5493133,0.925,600,555,45,1,0,0,0.356011381,178.4843077,0.917634369,546.3443878,501.3443878,45,1,0,0,0.353115395,175.0066135,0.916760301,540.6074302,495.6074302,45,1,,,0.101,212.8021336,2106.951818,2106.951818,0,65.31550636,0,,,275.2896591,1.14E-13,118.3745534,4,1352.890227,0,0,0,137.4536471
3,1,4,0.1016,0,0,1352.890227,,,,0,0,1,2382.241477,2382.241477,0,381.1586363,79.09041704,0,,,361.4985459,2382.241477,2286.951818,95.28965908,2382.241477,0,1,0,0,0.158070032,120.4995153,0.96,794.0804923,762.3172726,31.76321969,1,0,0,0.158070032,120.4995153,0.96,794.0804923,762.3172726,31.76321969,1,0,0,0.158070032,120.4995153,0.96,794.0804923,762.3172726,31.76321969,,,,778.5895478,2286.951818,2106.951818,180,2286.951818,-1.14E-11,1,0,0,0.382971736,212.5493133,0.925,600,555,45,1,0,0,0.382971736,212.5493133,0.925,600,555,45,1,0,0,0.356011381,178.4843077,0.917634369,546.3443878,501.3443878,45,1,0,0,0.353115395,175.0066135,0.916760301,540.6074302,495.6074302,45,1,,,0.101,212.8021336,2106.951818,2106.951818,0,65.31550636,0,,,275.2896591,5.68E-14,118.3745534,4,1352.890227,0,0,0,137.4536471
4,1,5,0.1016,0,0,1352.890227,,,,0,0,1,2382.241477,2382.241477,0,381.1586363,79.09041704,0,,,361.4985459,2382.241477,2286.951818,95.28965908,2382.241477,0,1,0,0,0.158070032,120.4995153,0.96,794.0804923,762.3172726,31.76321969,1,0,0,0.158070032,120.4995153,0.96,794.0804923,762.3172726,31.76321969,1,0,0,0.158070032,120.4995153,0.96,794.0804923,762.3172726,31.76321969,,,,778.5895478,2286.951818,2106.951818,180,2286.951818,-1.82E-11,1,0,0,0.382971736,212.5493133,0.925,600,555,45,1,0,0,0.382971736,212.5493133,0.925,600,555,45,1,0,0,0.356011381,178.4843077,0.917634369,546.3443878,501.3443878,45,1,0,0,0.353115395,175.0066135,0.916760301,540.6074302,495.6074302,45,1,,,0.101,212.8021336,2106.951818,2106.951818,0,65.31550636,0,,,275.2896591,5.68E-14,118.3745534,4,1352.890227,0,0,0,137.4536471
5,1,6,0.1016,0,0,1352.890227,,,,0,0,1,2382.241477,2382.241477,0,381.1586363,79.09041704,0,,,361.4985459,2382.241477,2286.951818,95.28965908,2382.241477,0,1,0,0,0.158070032,120.4995153,0.96,794.0804923,762.3172726,31.76321969,1,0,0,0.158070032,120.4995153,0.96,794.0804923,762.3172726,31.76321969,1,0,0,0.158070032,120.4995153,0.96,794.0804923,762.3172726,31.76321969,,,,778.5895478,2286.951818,2106.951818,180,2286.951818,-1.86E-11,1,0,0,0.382971736,212.5493133,0.925,600,555,45,1,0,0,0.382971736,212.5493133,0.925,600,555,45,1,0,0,0.356011381,178.4843077,0.917634369,546.3443878,501.3443878,45,1,0,0,0.353115395,175.0066135,0.916760301,540.6074302,495.6074302,45,1,,,0.101,212.8021336,2106.951818,2106.951818,0,65.31550636,0,,,275.2896591,5.68E-14,118.3745534,4,1352.890227,0,0,0,137.4536471
6,1,7,0.1016,0,0,1352.890227,,,,0,0,1,2382.241477,2382.241477,0,381.1586363,79.09041704,0,,,361.4985459,2382.241477,2286.951818,95.28965908,2382.241477,0,1,0,0,0.158070032,120.4995153,0.96,794.0804923,762.3172726,31.76321969,1,0,0,0.158070032,120.4995153,0.96,794.0804923,762.3172726,31.76321969,1,0,0,0.158070032,120.4995153,0.96,794.0804923,762.3172726,31.76321969,,,,778.5895478,2286.951818,2106.951818,180,2286.951818,-1.86E-11,1,0,0,0.382971736,212.5493133,0.925,600,555,45,1,0,0,0.382971736,212.5493133,0.925,600,555,45,1,0,0,0.356011381,178.4843077,0.917634369,546.3443878,501.3443878,45,1,0,0,0.353115395,175.0066135,0.916760301,540.6074302,495.6074302,45,1,,,0.101,212.8021336,2106.951818,2106.951818,0,65.31550636,0,,,275.2896591,-5.68E-14,118.3745534,4,1352.890227,0,0,0,137.4536471
7,1,8,0.1016,0,0,1352.890227,,,,0,0,1,2382.241477,2382.241477,0,381.1586363,79.09041704,0,,,361.4985459,2382.241477,2286.951818,95.28965908,2382.241477,0,1,0,0,0.158070032,120.4995153,0.96,794.0804923,762.3172726,31.76321969,1,0,0,0.158070032,120.4995153,0.96,794.0804923,762.3172726,31.76321969,1,0,0,0.158070032,120.4995153,0.96,794.0804923,762.3172726,31.76321969,,,,778.5895478,2286.951818,2106.951818,180,2286.951818,-1.82E-11,1,0,0,0.382971736,212.5493133,0.925,600,555,45,1,0,0,0.382971736,212.5493133,0.925,600,555,45,1,0,0,0.356011381,178.4843077,0.917634369,546.3443878,501.3443878,45,1,0,0,0.353115395,175.0066135,0.916760301,540.6074302,495.6074302,45,1,,,0.101,212.8021336,2106.951818,2106.951818,0,65.31550636,0,,,275.2896591,-5.68E-14,118.3745534,4,1352.890227,0,0,0,137.4536471
8,1,9,0.1016,0,0,1352.890227,,,,0,0,1,2382.241477,2382.241477,0,381.1586363,79.09041704,0,,,361.4985459,2382.241477,2286.951818,95.28965908,2382.241477,0,1,0,0,0.158070032,120.4995153,0.96,794.0804923,762.3172726,31.76321969,1,0,0,0.158070032,120.4995153,0.96,794.0804923,762.3172726,31.76321969,1,0,0,0.158070032,120.4995153,0.96,794.0804923,762.3172726,31.76321969,,,,778.5895478,2286.951818,2106.951818,180,2286.951818,-1.68E-11,1,0,0,0.382971736,212.5493133,0.925,600,555,45,1,0,0,0.382971736,212.5493133,0.925,600,555,45,1,0,0,0.356011381,178.4843077,0.917634369,546.3443878,501.3443877,45.00000002,1,0,0,0.353115395,175.0066135,0.916760301,540.6074302,495.6074302,45,1,,,0.101,212.8021336,2106.951818,2106.951818,0,65.31550635,0,,,275.2896591,-1.42E-13,118.3745534,4,1352.890227,0,0,0,137.4536471
9,1,10,0.1016,0,0,1093.772121,,,,0,0,1,1875,1875,0,300,62.25,0,,,287.9591806,1875,1800,75,1875,0,1,0,0,0.158070032,120.4995153,0.96,794.0804923,762.3172726,31.76321969,1,0,0,0.161378484,83.72983266,0.96,540.4597538,518.8413637,21.61839015,1,0,0,0.161378484,83.72983266,0.96,540.4597538,518.8413637,21.61839015,,,,637.6479399,1800,1665,135,1800,2.27E-12,1,0,0,0.382971736,212.5493133,0.925,600,555,45,1,0,0,0.382971736,212.5493133,0.925,600,555,45,1,0,0,0.382971736,212.5493133,0.925,600,555,45,0,0,1,0.087248178,0,0.88,0,0,0,1,,,0.101,168.165,1665,1665,0,51.615,0,,,210,-5.68E-14,90.3,3,1093.772121,0,0,0,111.1272474
10,1,11,0.1016,0,0,1093.772121,,,,0,0,1,1875,1875,0,300,62.25,0,,,287.9591806,1875,1800,75,1875,0,1,0,0,0.158070032,120.4995153,0.96,794.0804923,762.3172726,31.76321969,1,0,0,0.161378484,83.72983266,0.96,540.4597538,518.8413637,21.61839015,1,0,0,0.161378484,83.72983266,0.96,540.4597538,518.8413637,21.61839015,,,,637.6479399,1800,1665,135,1800,2.27E-12,1,0,0,0.382971736,212.5493133,0.925,600,555,45,1,0,0,0.382971736,212.5493133,0.925,600,555,45,1,0,0,0.382971736,212.5493133,0.925,600,555,45,0,0,0,0.087248178,0,0.88,0,0,0,1,,,0.101,168.165,1665,1665,0,51.615,0,,,210,-5.68E-14,90.3,3,1093.772121,0,0,0,111.1272474
11,1,12,0.1016,0,0,1093.772121,,,,0,0,1,1875,1875,0,300,62.25,0,,,287.9591806,1875,1800,75,1875,0,1,0,0,0.158070032,120.4995153,0.96,794.0804923,762.3172726,31.76321969,1,0,0,0.161378484,83.72983266,0.96,540.4597538,518.8413637,21.61839015,1,0,0,0.161378484,83.72983266,0.96,540.4597538,518.8413637,21.61839015,,,,637.6479399,1800,1665,135,1800,2.27E-12,1,0,0,0.382971736,212.5493133,0.925,600,555,45,1,0,0,0.382971736,212.5493133,0.925,600,555,45,1,0,0,0.382971736,212.5493133,0.925,600,555,45,0,0,0,0.087248178,0,0.88,0,0,0,1,,,0.101,168.165,1665,1665,0,51.615,0,,,210,-5.68E-14,90.3,3,1093.772121,0,0,0,111.1272474
12,1,13,0.1016,0,0,1093.772121,,,,0,0,1,1875,1875,0,300,62.25,0,,,287.9591806,1875,1800,75,1875,0,1,0,0,0.158070032,120.4995153,0.96,794.0804923,762.3172726,31.76321969,1,0,0,0.161378484,83.72983266,0.96,540.4597538,518.8413637,21.61839015,1,0,0,0.161378484,83.72983266,0.96,540.4597538,518.8413637,21.61839015,,,,637.6479399,1800,1665,135,1800,2.27E-12,1,0,0,0.382971736,212.5493133,0.925,600,555,45,1,0,0,0.382971736,212.5493133,0.925,600,555,45,1,0,0,0.382971736,212.5493133,0.925,600,555,45,0,0,0,0.087248178,0,0.88,0,0,0,1,,,0.101,168.165,1665,1665,0,51.615,0,,,210,-5.68E-14,90.3,3,1093.772121,0,0,0,111.1272474
13,1,14,0.1016,0,0,1093.772121,,,,0,0,1,1875,1875,0,300,62.25,0,,,287.9591806,1875,1800,75,1875,0,1,0,0,0.158070032,120.4995153,0.96,794.0804923,762.3172726,31.76321969,1,0,0,0.161378484,83.72983266,0.96,540.4597538,518.8413637,21.61839015,1,0,0,0.161378484,83.72983266,0.96,540.4597538,518.8413637,21.61839015,,,,637.6479399,1800,1665,135,1800,2.27E-12,1,0,0,0.382971736,212.5493133,0.925,600,555,45,1,0,0,0.382971736,212.5493133,0.925,600,555,45,1,0,0,0.382971736,212.5493133,0.925,600,555,45,0,0,0,0.087248178,0,0.88,0,0,0,1,,,0.101,168.165,1665,1665,0,51.615,0,,,210,-5.68E-14,90.3,3,1093.772121,0,0,0,111.1272474
14,1,15,0.1016,0,0,1093.772121,,,,0,0,1,1875,1875,0,300,62.25,0,,,287.9591806,1875,1800,75,1875,0,1,0,0,0.158070032,120.4995153,0.96,794.0804923,762.3172726,31.76321969,1,0,0,0.161378484,83.72983266,0.96,540.4597538,518.8413637,21.61839015,1,0,0,0.161378484,83.72983266,0.96,540.4597538,518.8413637,21.61839015,,,,637.6479399,1800,1665,135,1800,2.27E-12,1,0,0,0.382971736,212.5493133,0.925,600,555,45,1,0,0,0.382971736,212.5493133,0.925,600,555,45,1,0,0,0.382971736,212.5493133,0.925,600,555,45,0,0,0,0.087248178,0,0.88,0,0,0,1,,,0.101,168.165,1665,1665,0,51.615,0,,,210,-5.68E-14,90.3,3,1093.772121,0,0,0,111.1272474
15,1,16,0.1016,0,0,1093.772121,,,,0,0,1,1875,1875,0,300,62.25,0,,,287.9591806,1875,1800,75,1875,0,1,0,0,0.158070032,120.4995153,0.96,794.0804923,762.3172726,31.76321969,1,0,0,0.161378484,83.72983266,0.96,540.4597538,518.8413637,21.61839015,1,0,0,0.161378484,83.72983266,0.96,540.4597538,518.8413637,21.61839015,,,,637.6479399,1800,1665,135,1800,2.27E-12,1,0,0,0.382971736,212.5493133,0.925,600,555,45,1,0,0,0.382971736,212.5493133,0.925,600,555,45,1,0,0,0.382971736,212.5493133,0.925,600,555,45,0,0,0,0.087248178,0,0.88,0,0,0,1,,,0.101,168.165,1665,1665,0,51.615,0,,,210,-5.68E-14,90.3,3,1093.772121,0,0,0,111.1272474
16,1,17,0.1016,0,0,1093.772121,,,,0,0,1,1875,1875,0,300,62.25,0,,,287.9591806,1875,1800,75,1875,0,1,0,0,0.158070032,120.4995153,0.96,794.0804923,762.3172726,31.76321969,1,0,0,0.161378484,83.72983266,0.96,540.4597538,518.8413637,21.61839015,1,0,0,0.161378484,83.72983266,0.96,540.4597538,518.8413637,21.61839015,,,,637.6479399,1800,1665,135,1800,2.27E-12,1,0,0,0.382971736,212.5493133,0.925,600,555,45,1,0,0,0.382971736,212.5493133,0.925,600,555,45,1,0,0,0.382971736,212.5493133,0.925,600,555,45,0,0,0,0.087248178,0,0.88,0,0,0,1,,,0.101,168.165,1665,1665,0,51.615,0,,,210,-5.68E-14,90.3,3,1093.772121,0,0,0,111.1272474
17,1,18,0.15246,1,0,589.6069885,,,,0,0,1,1083.800018,1083.800018,0,173.4080029,35.9821606,0,,,167.796284,1083.800018,1040.448017,43.35200072,1083.800018,0,1,0,0,0.161168288,84.06645132,0.96,543.3402642,521.6066536,21.73361057,1,0,0,0.161378484,83.72983266,0.96,540.4597538,518.8413637,21.61839015,0,0,1,0.271,0,0.96,0,0,0,,,,325.8154547,1040.448017,950.4480173,90,1040.448017,2.05E-12,1,0,0,0.342915478,163.0384839,0.913536033,520.4480173,475.4480173,45,1,0,0,0.34268836,162.7769709,0.913461538,520,475,45,0,0,1,0.087248178,0,0.88,0,0,0,0,0,0,0.087248178,0,0.88,0,0,0,1,,,0.101,95.99524975,950.4480173,950.4480173,0,29.46388854,0,,,133.3520007,2.84E-14,57.34136031,2,589.6069885,0,0,0,89.89148146
18,1,19,0.15246,1,0,589.6069885,,,,0,0,1,1083.800018,1083.800018,0,173.4080029,35.9821606,0,,,167.796284,1083.800018,1040.448017,43.35200072,1083.800018,0,1,0,0,0.161168288,84.06645132,0.96,543.3402642,521.6066536,21.73361057,1,0,0,0.161378484,83.72983266,0.96,540.4597538,518.8413637,21.61839015,0,0,0,0.271,0,0.96,0,0,0,,,,325.8154547,1040.448017,950.4480173,90,1040.448017,2.05E-12,1,0,0,0.342915478,163.0384839,0.913536033,520.4480173,475.4480173,45,1,0,0,0.34268836,162.7769709,0.913461538,520,475,45,0,0,0,0.087248178,0,0.88,0,0,0,0,0,0,0.087248178,0,0.88,0,0,0,1,,,0.101,95.99524975,950.4480173,950.4480173,0,29.46388854,0,,,133.3520007,-1.42E-14,57.34136031,2,589.6069885,0,0,0,89.89148146
19,1,20,0.15246,1,0,589.6069885,,,,0,0,1,1083.800018,1083.800018,0,173.4080029,35.9821606,0,,,167.796284,1083.800018,1040.448017,43.35200072,1083.800018,0,1,0,0,0.161168288,84.06645132,0.96,543.3402642,521.6066536,21.73361057,1,0,0,0.161378484,83.72983266,0.96,540.4597538,518.8413637,21.61839015,0,0,0,0.271,0,0.96,0,0,0,,,,325.8154547,1040.448017,950.4480173,90,1040.448017,2.50E-12,1,0,0,0.342915478,163.0384839,0.913536033,520.4480173,475.4480173,45,1,0,0,0.34268836,162.7769709,0.913461538,520,475,45,0,0,0,0.087248178,0,0.88,0,0,0,0,0,0,0.087248178,0,0.88,0,0,0,1,,,0.101,95.99524975,950.4480173,950.4480173,0,29.46388854,0,,,133.3520007,-1.42E-14,57.34136031,2,589.6069885,0,0,0,89.89148146
20,1,21,0.15246,1,0,589.6069885,,,,0,0,1,1083.800018,1083.800018,0,173.4080029,35.9821606,0,,,167.796284,1083.800018,1040.448017,43.35200072,1083.800018,0,1,0,0,0.161168288,84.06645132,0.96,543.3402642,521.6066536,21.73361057,1,0,0,0.161378484,83.72983266,0.96,540.4597538,518.8413637,21.61839015,0,0,0,0.271,0,0.96,0,0,0,,,,325.8154548,1040.448017,950.4480173,89.99999998,1040.448017,0,1,0,0,0.342915478,163.0384839,0.913536033,520.4480173,475.4480173,44.99999998,1,0,0,0.34268836,162.7769709,0.913461538,520,475,45,0,0,0,0.087248178,0,0.88,0,0,0,0,0,0,0.087248178,0,0.88,0,0,0,1,,,0.101,95.99524975,950.4480173,950.4480173,0,29.46388854,0,,,133.3520007,-2.84E-14,57.3413603,2,589.6069885,0,0,0,89.89148146
21,1,22,0.15246,1,0,589.6069885,,,,0,0,1,1083.800018,1083.800018,0,173.4080029,35.9821606,0,,,167.796284,1083.800018,1040.448017,43.35200072,1083.800018,0,1,0,0,0.161168288,84.06645132,0.96,543.3402642,521.6066536,21.73361057,1,0,0,0.161378484,83.72983266,0.96,540.4597538,518.8413637,21.61839015,0,0,0,0.271,0,0.96,0,0,0,,,,325.8154547,1040.448017,950.4480173,90,1040.448017,2.50E-12,1,0,0,0.342915478,163.0384839,0.913536033,520.4480173,475.4480173,45,1,0,0,0.34268836,162.7769709,0.913461538,520,475,45,0,0,0,0.087248178,0,0.88,0,0,0,0,0,0,0.087248178,0,0.88,0,0,0,1,,,0.101,95.99524975,950.4480173,950.4480173,0,29.46388854,0,,,133.3520007,-1.42E-14,57.34136031,2,589.6069885,0,0,0,89.89148146
22,1,23,0.1016,0,0,1352.913996,,,,0,0,1,2383.780703,2383.780703,0,381.4049125,79.14151934,0,,,361.9877991,2383.780703,2288.429475,95.35122812,2383.780703,0,1,0,0,0.158710766,122.9173953,0.96,806.7439697,774.4742109,32.26975879,1,0,0,0.158710766,122.9173953,0.96,806.7439697,774.4742109,32.26975879,1,1,0,0.157073678,116.1530085,0.96,770.2927636,739.4810531,30.81171054,,,,777.9748202,2288.429475,2108.429475,180,2288.429475,0,1,0,0,0.368983089,194.493705,0.921343436,572.1073687,527.1073687,45,1,0,0,0.368983089,194.493705,0.921343436,572.1073687,527.1073687,45,1,1,0,0.368983089,194.493705,0.921343436,572.1073687,527.1073687,45,1,1,0,0.368983089,194.493705,0.921343436,572.1073687,527.1073687,45,1,,,0.101,212.951377,2108.429475,2108.429475,0,65.36131372,0,,,275.3512281,0,118.4010281,4,1352.913996,0,0,0,137.456062
23,1,24,0.1016,0,0,1352.913996,,,,0,0,1,2383.780703,2383.780703,0,381.4049125,79.14151934,0,,,361.9877991,2383.780703,2288.429475,95.35122812,2383.780703,0,1,0,0,0.158710766,122.9173953,0.96,806.7439697,774.4742109,32.26975879,1,0,0,0.158710766,122.9173953,0.96,806.7439697,774.4742109,32.26975879,1,0,0,0.157073678,116.1530085,0.96,770.2927636,739.4810531,30.81171054,,,,777.9748202,2288.429475,2108.429475,180,2288.429475,0,1,0,0,0.368983089,194.493705,0.921343436,572.1073687,527.1073687,45,1,0,0,0.368983089,194.493705,0.921343436,572.1073687,527.1073687,45,1,0,0,0.368983089,194.493705,0.921343436,572.1073687,527.1073687,45,1,0,0,0.368983089,194.493705,0.921343436,572.1073687,527.1073687,45,1,,,0.101,212.951377,2108.429475,2108.429475,0,65.36131372,0,,,275.3512281,0,118.4010281,4,1352.913996,0,0,0,137.456062
24,1,25,0.1016,0,0,1352.913996,,,,0,0,1,2383.780703,2383.780703,0,381.4049125,79.14151934,0,,,361.9877991,2383.780703,2288.429475,95.35122812,2383.780703,0,1,0,0,0.158710766,122.9173953,0.96,806.7439697,774.4742109,32.26975879,1,0,0,0.158710766,122.9173953,0.96,806.7439697,774.4742109,32.26975879,1,0,0,0.157073678,116.1530085,0.96,770.2927636,739.4810531,30.81171054,,,,777.9748202,2288.429475,2108.429475,180,2288.429475,0,1,0,0,0.368983089,194.493705,0.921343436,572.1073687,527.1073687,45,1,0,0,0.368983089,194.493705,0.921343436,572.1073687,527.1073687,45,1,0,0,0.368983089,194.493705,0.921343436,572.1073687,527.1073687,45,1,0,0,0.368983089,194.493705,0.921343436,572.1073687,527.1073687,45,1,,,0.101,212.951377,2108.429475,2108.429475,0,65.36131372,0,,,275.3512281,0,118.4010281,4,1352.913996,0,0,0,137.456062
25,1,26,0.1016,0,0,1352.913996,,,,0,0,1,2383.780703,2383.780703,0,381.4049125,79.14151934,0,,,361.9877991,2383.780703,2288.429475,95.35122812,2383.780703,0,1,0,0,0.158710766,122.9173953,0.96,806.7439697,774.4742109,32.26975879,1,0,0,0.158710766,122.9173953,0.96,806.7439697,774.4742109,32.26975879,1,0,0,0.157073678,116.1530085,0.96,770.2927636,739.4810531,30.81171054,,,,777.9748202,2288.429475,2108.429475,180,2288.429475,0,1,0,0,0.368983089,194.493705,0.921343436,572.1073687,527.1073687,45,1,0,0,0.368983089,194.493705,0.921343436,572.1073687,527.1073687,45,1,0,0,0.368983089,194.493705,0.921343436,572.1073687,527.1073687,45,1,0,0,0.368983089,194.493705,0.921343436,572.1073687,527.1073687,45,1,,,0.101,212.951377,2108.429475,2108.429475,0,65.36131372,0,,,275.3512281,0,118.4010281,4,1352.913996,0,0,0,137.456062
26,1,27,0.1016,0,0,1352.913996,,,,0,0,1,2383.780703,2383.780703,0,381.4049125,79.14151934,0,,,361.9877991,2383.780703,2288.429475,95.35122812,2383.780703,0,1,0,0,0.158710766,122.9173953,0.96,806.7439697,774.4742109,32.26975879,1,0,0,0.158710766,122.9173953,0.96,806.7439697,774.4742109,32.26975879,1,0,0,0.157073678,116.1530085,0.96,770.2927636,739.4810531,30.81171054,,,,777.9748202,2288.429475,2108.429475,180,2288.429475,0,1,0,0,0.368983089,194.493705,0.921343436,572.1073687,527.1073687,45,1,0,0,0.368983089,194.493705,0.921343436,572.1073687,527.1073687,45,1,0,0,0.368983089,194.493705,0.921343436,572.1073687,527.1073687,45,1,0,0,0.368983089,194.493705,0.921343436,572.1073687,527.1073687,45,1,,,0.101,212.951377,2108.429475,2108.429475,0,65.36131372,0,,,275.3512281,0,118.4010281,4,1352.913996,0,0,0,137.456062
27,1,28,0.1016,0,0,1352.913996,,,,0,0,1,2383.780703,2383.780703,0,381.4049125,79.14151934,0,,,361.9877991,2383.780703,2288.429475,95.35122812,2383.780703,0,1,0,0,0.158710766,122.9173953,0.96,806.7439697,774.4742109,32.26975879,1,0,0,0.158710766,122.9173953,0.96,806.7439697,774.4742109,32.26975879,1,0,0,0.157073678,116.1530085,0.96,770.2927636,739.4810531,30.81171054,,,,777.9748202,2288.429475,2108.429475,180,2288.429475,-7.28E-11,1,0,0,0.368983089,194.493705,0.921343436,572.1073687,527.1073687,45,1,0,0,0.368983089,194.493705,0.921343436,572.1073687,527.1073687,45,1,0,0,0.368983089,194.493705,0.921343436,572.1073687,527.1073687,45,1,0,0,0.368983089,194.493705,0.921343436,572.1073687,527.1073687,45,1,,,0.101,212.951377,2108.429475,2108.429475,0,65.36131372,0,,,275.3512281,-1.42E-13,118.4010281,4,1352.913996,0,0,0,137.456062
28,1,29,0.1016,0,0,1352.913996,,,,0,0,1,2383.780703,2383.780703,0,381.4049125,79.14151934,0,,,361.9877991,2383.780703,2288.429475,95.35122812,2383.780703,0,1,0,0,0.158710766,122.9173953,0.96,806.7439697,774.4742109,32.26975879,1,0,0,0.158710766,122.9173953,0.96,806.7439697,774.4742109,32.26975879,1,0,0,0.157073678,116.1530085,0.96,770.2927636,739.4810531,30.81171054,,,,777.9748202,2288.429475,2108.429475,180,2288.429475,0,1,0,0,0.368983089,194.493705,0.921343436,572.1073687,527.1073687,45,1,0,0,0.368983089,194.493705,0.921343436,572.1073687,527.1073687,45,1,0,0,0.368983089,194.493705,0.921343436,572.1073687,527.1073687,45,1,0,0,0.368983089,194.493705,0.921343436,572.1073687,527.1073687,45,1,,,0.101,212.951377,2108.429475,2108.429475,0,65.36131372,0,,,275.3512281,-1.14E-13,118.4010281,4,1352.913996,0,0,0,137.456062
29,1,30,0.1016,0,0,1352.913996,,,,0,0,1,2383.780703,2383.780703,0,381.4049125,79.14151934,0,,,361.9877991,2383.780703,2288.429475,95.35122812,2383.780703,0,1,0,0,0.158710766,122.9173953,0.96,806.7439697,774.4742109,32.26975879,1,0,0,0.158710766,122.9173953,0.96,806.7439697,774.4742109,32.26975879,1,0,0,0.157073678,116.1530085,0.96,770.2927636,739.4810531,30.81171054,,,,777.9748202,2288.429475,2108.429475,180,2288.429475,0,1,0,0,0.368983089,194.493705,0.921343436,572.1073687,527.1073687,45,1,0,0,0.368983089,194.493705,0.921343436,572.1073687,527.1073687,45,1,0,0,0.368983089,194.493705,0.921343436,572.1073687,527.1073687,45,1,0,0,0.368983089,194.493705,0.921343436,572.1073687,527.1073687,45,1,,,0.101,212.951377,2108.429475,2108.429475,0,65.36131372,0,,,275.3512281,0,118.4010281,4,1352.913996,0,0,0,137.456062
30,1,31,0.1016,0,0,1352.913996,,,,0,0,1,2383.780703,2383.780703,0,381.4049125,79.14151934,0,,,361.9877991,2383.780703,2288.429475,95.35122812,2383.780703,0,1,0,0,0.158710766,122.9173953,0.96,806.7439697,774.4742109,32.26975879,1,0,0,0.158710766,122.9173953,0.96,806.7439697,774.4742109,32.26975879,1,0,0,0.157073678,116.1530085,0.96,770.2927636,739.4810531,30.81171054,,,,777.9748202,2288.429475,2108.429475,180,2288.429475,0,1,0,0,0.368983089,194.493705,0.921343436,572.1073687,527.1073687,45,1,0,0,0.368983089,194.493705,0.921343436,572.1073687,527.1073687,45,1,0,0,0.368983089,194.493705,0.921343436,572.1073687,527.1073687,45,1,0,0,0.368983089,194.493705,0.921343436,572.1073687,527.1073687,45,1,,,0.101,212.951377,2108.429475,2108.429475,0,65.36131372,0,,,275.3512281,0,118.4010281,4,1352.913996,0,0,0,137.456062
31,1,32,0.1016,0,0,1352.913996,,,,0,0,1,2383.780703,2383.780703,0,381.4049125,79.14151934,0,,,361.9877991,2383.780703,2288.429475,95.35122812,2383.780703,0,1,0,0,0.158710766,122.9173953,0.96,806.7439697,774.4742109,32.26975879,1,0,0,0.158710766,122.9173953,0.96,806.7439697,774.4742109,32.26975879,1,0,0,0.157073678,116.1530085,0.96,770.2927636,739.4810531,30.81171054,,,,777.9748202,2288.429475,2108.429475,180,2288.429475,0,1,0,0,0.368983089,194.493705,0.921343436,572.1073687,527.1073687,45,1,0,0,0.368983089,194.493705,0.921343436,572.1073687,527.1073687,45,1,0,0,0.368983089,194.493705,0.921343436,572.1073687,527.1073687,45,1,0,0,0.368983089,194.493705,0.921343436,572.1073687,527.1073687,45,1,,,0.101,212.951377,2108.429475,2108.429475,0,65.36131372,0,,,275.3512281,-1.14E-13,118.4010281,4,1352.913996,0,0,0,137.456062
32,1,33,0.1016,0,0,1352.913996,,,,0,0,1,2383.780703,2383.780703,0,381.4049125,79.14151934,0,,,361.9877991,2383.780703,2288.429475,95.35122812,2383.780703,0,1,0,0,0.158710766,122.9173953,0.96,806.7439697,774.4742109,32.26975879,1,0,0,0.158710766,122.9173953,0.96,806.7439697,774.4742109,32.26975879,1,0,0,0.157073678,116.1530085,0.96,770.2927636,739.4810531,30.81171054,,,,777.9748202,2288.429475,2108.429475,180,2288.429475,0,1,0,0,0.368983089,194.493705,0.921343436,572.1073687,527.1073687,45,1,0,0,0.368983089,194.493705,0.921343436,572.1073687,527.1073687,45,1,0,0,0.368983089,194.493705,0.921343436,572.1073687,527.1073687,45,1,0,0,0.368983089,194.493705,0.921343436,572.1073687,527.1073687,45,1,,,0.101,212.951377,2108.429475,2108.429475,0,65.36131372,0,,,275.3512281,0,118.4010281,4,1352.913996,0,0,0,137.456062
33,1,34,0.1016,0,0,1352.913996,,,,0,0,1,2383.780703,2383.780703,0,381.4049125,79.14151934,0,,,361.9877991,2383.780703,2288.429475,95.35122812,2383.780703,0,1,0,0,0.158710766,122.9173953,0.96,806.7439697,774.4742109,32.26975879,1,0,0,0.158710766,122.9173953,0.96,806.7439697,774.4742109,32.26975879,1,0,0,0.157073678,116.1530085,0.96,770.2927636,739.4810531,30.81171054,,,,777.9748202,2288.429475,2108.429475,180,2288.429475,0,1,0,0,0.368983089,194.493705,0.921343436,572.1073687,527.1073687,45,1,0,0,0.368983089,194.493705,0.921343436,572.1073687,527.1073687,45,1,0,0,0.368983089,194.493705,0.921343436,572.1073687,527.1073687,45,1,0,0,0.368983089,194.493705,0.921343436,572.1073687,527.1073687,45,1,,,0.101,212.951377,2108.429475,2108.429475,0,65.36131372,0,,,275.3512281,0,118.4010281,4,1352.913996,0,0,0,137.456062
34,1,35,0.1016,0,0,1352.913996,,,,0,0,1,2383.780703,2383.780703,0,381.4049125,79.14151934,0,,,361.9877991,2383.780703,2288.429475,95.35122812,2383.780703,0,1,0,0,0.158710766,122.9173953,0.96,806.7439697,774.4742109,32.26975879,1,0,0,0.158710766,122.9173953,0.96,806.7439697,774.4742109,32.26975879,1,0,0,0.157073678,116.1530085,0.96,770.2927636,739.4810531,30.81171054,,,,777.9748202,2288.429475,2108.429475,180,2288.429475,0,1,0,0,0.368983089,194.493705,0.921343436,572.1073687,527.1073687,45,1,0,0,0.368983089,194.493705,0.921343436,572.1073687,527.1073687,45,1,0,0,0.368983089,194.493705,0.921343436,572.1073687,527.1073687,45,1,0,0,0.368983089,194.493705,0.921343436,572.1073687,527.1073687,45,1,,,0.101,212.951377,2108.429475,2108.429475,0,65.36131372,0,,,275.3512281,0,118.4010281,4,1352.913996,0,0,0,137.456062
35,1,36,0.1016,0,0,1352.913996,,,,0,0,1,2383.780703,2383.780703,0,381.4049125,79.14151934,0,,,361.9877991,2383.780703,2288.429475,95.35122812,2383.780703,0,1,0,0,0.158710766,122.9173953,0.96,806.7439697,774.4742109,32.26975879,1,0,0,0.158710766,122.9173953,0.96,806.7439697,774.4742109,32.26975879,1,0,0,0.157073678,116.1530085,0.96,770.2927636,739.4810531,30.81171054,,,,777.9748202,2288.429475,2108.429475,180,2288.429475,0,1,0,0,0.368983089,194.493705,0.921343436,572.1073687,527.1073687,45,1,0,0,0.368983089,194.493705,0.921343436,572.1073687,527.1073687,45,1,0,0,0.368983089,194.493705,0.921343436,572.1073687,527.1073687,45,1,0,0,0.368983089,194.493705,0.921343436,572.1073687,527.1073687,45,1,,,0.101,212.951377,2108.429475,2108.429475,0,65.36131372,0,,,275.3512281,5.68E-14,118.4010281,4,1352.913996,0,0,0,137.456062
36,1,37,0.1016,0,0,1352.913996,,,,0,0,1,2383.780703,2383.780703,0,381.4049125,79.14151934,0,,,361.9877991,2383.780703,2288.429475,95.35122812,2383.780703,0,1,0,0,0.158710766,122.9173953,0.96,806.7439697,774.4742109,32.26975879,1,0,0,0.158710766,122.9173953,0.96,806.7439697,774.4742109,32.26975879,1,0,0,0.157073678,116.1530085,0.96,770.2927636,739.4810531,30.81171054,,,,777.9748202,2288.429475,2108.429475,180,2288.429475,0,1,0,0,0.368983089,194.493705,0.921343436,572.1073687,527.1073687,45,1,0,0,0.368983089,194.493705,0.921343436,572.1073687,527.1073687,45,1,0,0,0.368983089,194.493705,0.921343436,572.1073687,527.1073687,45,1,0,0,0.368983089,194.493705,0.921343436,572.1073687,527.1073687,45,1,,,0.101,212.951377,2108.429475,2108.429475,0,65.36131372,0,,,275.3512281,-1.14E-13,118.4010281,4,1352.913996,0,0,0,137.456062
37,1,38,0.1016,0,0,1352.913996,,,,0,0,1,2383.780703,2383.780703,0,381.4049125,79.14151934,0,,,361.9877991,2383.780703,2288.429475,95.35122812,2383.780703,0,1,0,0,0.158710766,122.9173953,0.96,806.7439697,774.4742109,32.26975879,1,0,0,0.158710766,122.9173953,0.96,806.7439697,774.4742109,32.26975879,1,0,0,0.157073678,116.1530085,0.96,770.2927636,739.4810531,30.81171054,,,,777.9748202,2288.429475,2108.429475,180,2288.429475,0,1,0,0,0.368983089,194.493705,0.921343436,572.1073687,527.1073687,45,1,0,0,0.368983089,194.493705,0.921343436,572.1073687,527.1073687,45,1,0,0,0.368983089,194.493705,0.921343436,572.1073687,527.1073687,45,1,0,0,0.368983089,194.493705,0.921343436,572.1073687,527.1073687,45,1,,,0.101,212.951377,2108.429475,2108.429475,0,65.36131372,0,,,275.3512281,-1.14E-13,118.4010281,4,1352.913996,0,0,0,137.456062
38,1,39,0.1016,0,0,1352.913996,,,,0,0,1,2383.780703,2383.780703,0,381.4049125,79.14151934,0,,,361.9877991,2383.780703,2288.429475,95.35122812,2383.780703,0,1,0,0,0.158710766,122.9173953,0.96,806.7439697,774.4742109,32.26975879,1,0,0,0.158710766,122.9173953,0.96,806.7439697,774.4742109,32.26975879,1,0,0,0.157073678,116.1530085,0.96,770.2927636,739.4810531,30.81171054,,,,777.9748202,2288.429475,2108.429475,180,2288.429475,0,1,0,0,0.368983089,194.493705,0.921343436,572.1073687,527.1073687,45,1,0,0,0.368983089,194.493705,0.921343436,572.1073687,527.1073687,45,1,0,0,0.368983089,194.493705,0.921343436,572.1073687,527.1073687,45,1,0,0,0.368983089,194.493705,0.921343436,572.1073687,527.1073687,45,1,,,0.101,212.951377,2108.429475,2108.429475,0,65.36131372,0,,,275.3512281,-1.14E-13,118.4010281,4,1352.913996,0,0,0,137.456062
39,1,40,0.1016,0,0,1352.913996,,,,0,0,1,2383.780703,2383.780703,0,381.4049125,79.14151934,0,,,361.9877991,2383.780703,2288.429475,95.35122812,2383.780703,0,1,0,0,0.158710766,122.9173953,0.96,806.7439697,774.4742109,32.26975879,1,0,0,0.158710766,122.9173953,0.96,806.7439697,774.4742109,32.26975879,1,0,0,0.157073678,116.1530085,0.96,770.2927636,739.4810531,30.81171054,,,,777.9748202,2288.429475,2108.429475,180,2288.429475,0,1,0,0,0.368983089,194.493705,0.921343436,572.1073687,527.1073687,45,1,0,0,0.368983089,194.493705,0.921343436,572.1073687,527.1073687,45,1,0,0,0.368983089,194.493705,0.921343436,572.1073687,527.1073687,45,1,0,0,0.368983089,194.493705,0.921343436,572.1073687,527.1073687,45,1,,,0.101,212.951377,2108.429475,2108.429475,0,65.36131372,0,,,275.3512281,-1.14E-13,118.4010281,4,1352.913996,0,0,0,137.456062
40,1,41,0.1016,0,0,1352.913996,,,,0,0,1,2383.780703,2383.780703,0,381.4049125,79.14151934,0,,,361.9877991,2383.780703,2288.429475,95.35122812,2383.780703,0,1,0,0,0.158710766,122.9173953,0.96,806.7439697,774.4742109,32.26975879,1,0,0,0.158710766,122.9173953,0.96,806.7439697,774.4742109,32.26975879,1,0,0,0.157073678,116.1530085,0.96,770.2927636,739.4810531,30.81171054,,,,777.9748202,2288.429475,2108.429475,180,2288.429475,0,1,0,0,0.368983089,194.493705,0.921343436,572.1073687,527.1073687,45,1,0,0,0.368983089,194.493705,0.921343436,572.1073687,527.1073687,45,1,0,0,0.368983089,194.493705,0.921343436,572.1073687,527.1073687,45,1,0,0,0.368983089,194.493705,0.921343436,572.1073687,527.1073687,45,1,,,0.101,212.951377,2108.429475,2108.429475,0,65.36131372,0,,,275.3512281,0,118.4010281,4,1352.913996,0,0,0,137.456062
41,1,42,0.15246,1,0,0,,,,0,0,1,0,0,0,0,0,0,,,0,0,0,0,0,0,0,0,1,0.271,0,0.96,0,0,0,0,0,1,0.271,0,0.96,0,0,0,0,0,1,0.271,0,0.96,0,0,0,,,,0,0,0,0,0,0,0,0,1,0.087248178,0,0.88,0,0,0,0,0,1,0.087248178,0,0.88,0,0,0,0,0,1,0.087248178,0,0.88,0,0,0,0,0,1,0.087248178,0,0.88,0,0,0,1,,,0.101,0,0,0,0,0,0,,,0,0,0,0,0,0,2204,0,0
42,1,43,0.15246,1,0,0,,,,0,0,1,0,0,0,0,0,0,,,0,0,0,0,0,0,0,0,0,0.271,0,0.96,0,0,0,0,0,0,0.271,0,0.96,0,0,0,0,0,0,0.271,0,0.96,0,0,0,,,,0,0,0,0,0,0,0,0,0,0.087248178,0,0.88,0,0,0,0,0,0,0.087248178,0,0.88,0,0,0,0,0,0,0.087248178,0,0.88,0,0,0,0,0,0,0.087248178,0,0.88,0,0,0,1,,,0.101,0,0,0,0,0,0,,,0,0,0,0,0,0,2204,0,0
43,1,44,0.15246,1,0,0,,,,0,0,1,0,0,0,0,0,0,,,0,0,0,0,0,0,0,0,0,0.271,0,0.96,0,0,0,0,0,0,0.271,0,0.96,0,0,0,0,0,0,0.271,0,0.96,0,0,0,,,,0,0,0,0,0,0,0,0,0,0.087248178,0,0.88,0,0,0,0,0,0,0.087248178,0,0.88,0,0,0,0,0,0,0.087248178,0,0.88,0,0,0,0,0,0,0.087248178,0,0.88,0,0,0,1,,,0.101,0,0,0,0,0,0,,,0,0,0,0,0,0,2204,0,0
44,1,45,0.15246,1,0,0,,,,0,0,1,0,0,0,0,0,0,,,0,0,0,0,0,0,0,0,0,0.271,0,0.96,0,0,0,0,0,0,0.271,0,0.96,0,0,0,0,0,0,0.271,0,0.96,0,0,0,,,,0,0,0,0,0,0,0,0,0,0.087248178,0,0.88,0,0,0,0,0,0,0.087248178,0,0.88,0,0,0,0,0,0,0.087248178,0,0.88,0,0,0,0,0,0,0.087248178,0,0.88,0,0,0,1,,,0.101,0,0,0,0,0,0,,,0,0,0,0,0,0,2204,0,0
45,1,46,0.15246,1,0,0,,,,0,0,1,0,0,0,0,0,0,,,0,0,0,0,0,0,0,0,0,0.271,0,0.96,0,0,0,0,0,0,0.271,0,0.96,0,0,0,0,0,0,0.271,0,0.96,0,0,0,,,,0,0,0,0,0,0,0,0,0,0.087248178,0,0.88,0,0,0,0,0,0,0.087248178,0,0.88,0,0,0,0,0,0,0.087248178,0,0.88,0,0,0,0,0,0,0.087248178,0,0.88,0,0,0,1,,,0.101,0,0,0,0,0,0,,,0,0,0,0,0,0,2204,0,0
46,1,47,0.1016,0,0,569.0854513,,,,0,0,1,1083.333333,1083.333333,0,173.3333333,35.96666667,0,,,167.7415278,1083.333333,1040,43.33333333,1083.333333,0,1,1,0,0.161289931,83.87076389,0.96,541.6666667,520,21.66666667,1,1,0,0.161289931,83.87076389,0.96,541.6666667,520,21.66666667,0,0,0,0.271,0,0.96,0,0,0,,,,308.9087236,1040,915.2,124.8,1040,0,1,1,0,0.337531385,154.4543618,0.88,520,457.6,62.4,1,1,0,0.337531385,154.4543618,0.88,520,457.6,62.4,0,0,0,0.087248178,0,0.88,0,0,0,0,0,0,0.087248178,0,0.88,0,0,0,0,,,0.101,92.4352,915.2,0,915.2,28.3712,1,,,1083.333333,0,465.8333333,2,569.0854513,0,0,0,57.81908186
47,1,48,0.1016,0,0,569.0854513,,,,0,0,1,1083.333333,1083.333333,0,173.3333333,35.96666667,0,,,167.7415278,1083.333333,1040,43.33333333,1083.333333,0,1,0,0,0.161289931,83.87076389,0.96,541.6666667,520,21.66666667,1,0,0,0.161289931,83.87076389,0.96,541.6666667,520,21.66666667,0,0,0,0.271,0,0.96,0,0,0,,,,308.9087236,1040,915.2,124.8,1040,0,1,0,0,0.337531385,154.4543618,0.88,520,457.6,62.4,1,0,0,0.337531385,154.4543618,0.88,520,457.6,62.4,0,0,0,0.087248178,0,0.88,0,0,0,0,0,0,0.087248178,0,0.88,0,0,0,0,,,0.101,92.4352,915.2,0,915.2,28.3712,1,,,1083.333333,0,465.8333333,2,569.0854513,0,0,0,57.81908186
48,1,49,0.1016,0,0,569.0854513,,,,0,0,1,1083.333333,1083.333333,0,173.3333333,35.96666667,0,,,167.7415278,1083.333333,1040,43.33333333,1083.333333,0,1,0,0,0.161289931,83.87076389,0.96,541.6666667,520,21.66666667,1,0,0,0.161289931,83.87076389,0.96,541.6666667,520,21.66666667,0,0,0,0.271,0,0.96,0,0,0,,,,308.9087236,1040,915.2,124.8,1040,0,1,0,0,0.337531385,154.4543618,0.88,520,457.6,62.4,1,0,0,0.337531385,154.4543618,0.88,520,457.6,62.4,0,0,0,0.087248178,0,0.88,0,0,0,0,0,0,0.087248178,0,0.88,0,0,0,0,,,0.101,92.4352,915.2,0,915.2,28.3712,1,,,1083.333333,0,465.8333333,2,569.0854513,0,0,0,57.81908186
49,1,50,0.1016,0,0,1151.446461,,,,0,0,1,1939.453125,1939.453125,0,310.3125,64.38984375,0,,,300.8369117,1939.453125,1861.875,77.578125,1939.453125,0,1,0,0,0.161941152,133.0953839,0.96,856.1197917,821.875,34.24479167,1,0,0,0.161289931,83.87076389,0.96,541.6666667,520,21.66666667,1,1,0,0.161289931,83.87076389,0.96,541.6666667,520,21.66666667,,,,676.6638779,1861.875,1722.234375,139.640625,1861.875,-3.18E-11,1,0,0,0.392898834,225.554626,0.925,620.625,574.078125,46.546875,1,0,0,0.392898834,225.554626,0.925,620.625,574.078125,46.546875,1,1,0,0.392898834,225.554626,0.925,620.625,574.078125,46.546875,0,0,0,0.087248178,0,0.88,0,0,0,1,,,0.101,173.9456719,1722.234375,1722.234375,0,53.38926563,0,,,217.21875,-1.14E-13,93.4040625,3,1151.446461,0,0,0,116.9869605
50,1,51,0.1016,0,0,1151.446461,,,,0,0,1,1939.453125,1939.453125,0,310.3125,64.38984375,0,,,300.8369117,1939.453125,1861.875,77.578125,1939.453125,0,1,0,0,0.161941152,133.0953839,0.96,856.1197917,821.875,34.24479167,1,0,0,0.161289931,83.87076389,0.96,541.6666667,520,21.66666667,1,0,0,0.161289931,83.87076389,0.96,541.6666667,520,21.66666667,,,,676.6638779,1861.875,1722.234375,139.640625,1861.875,-3.18E-11,1,0,0,0.392898834,225.554626,0.925,620.625,574.078125,46.546875,1,0,0,0.392898834,225.554626,0.925,620.625,574.078125,46.546875,1,0,0,0.392898834,225.554626,0.925,620.625,574.078125,46.546875,0,0,0,0.087248178,0,0.88,0,0,0,1,,,0.101,173.9456719,1722.234375,1722.234375,0,53.38926563,0,,,217.21875,1.14E-13,93.4040625,3,1151.446461,0,0,0,116.9869605
51,1,52,0.1016,0,0,1151.446461,,,,0,0,1,1939.453125,1939.453125,0,310.3125,64.38984375,0,,,300.8369117,1939.453125,1861.875,77.578125,1939.453125,0,1,0,0,0.161941152,133.0953839,0.96,856.1197917,821.875,34.24479167,1,0,0,0.161289931,83.87076389,0.96,541.6666667,520,21.66666667,1,0,0,0.161289931,83.87076389,0.96,541.6666667,520,21.66666667,,,,676.6638779,1861.875,1722.234375,139.640625,1861.875,-3.18E-11,1,0,0,0.392898834,225.554626,0.925,620.625,574.078125,46.546875,1,0,0,0.392898834,225.554626,0.925,620.625,574.078125,46.546875,1,0,0,0.392898834,225.554626,0.925,620.625,574.078125,46.546875,0,0,0,0.087248178,0,0.88,0,0,0,1,,,0.101,173.9456719,1722.234375,1722.234375,0,53.38926563,0,,,217.21875,-1.14E-13,93.4040625,3,1151.446461,0,0,0,116.9869605
52,1,53,0.1016,0,0,1151.446461,,,,0,0,1,1939.453125,1939.453125,0,310.3125,64.38984375,0,,,300.8369117,1939.453125,1861.875,77.578125,1939.453125,0,1,0,0,0.161941152,133.0953839,0.96,856.1197917,821.875,34.24479167,1,0,0,0.161289931,83.87076389,0.96,541.6666667,520,21.66666667,1,0,0,0.161289931,83.87076389,0.96,541.6666667,520,21.66666667,,,,676.6638779,1861.875,1722.234375,139.640625,1861.875,-3.18E-11,1,0,0,0.392898834,225.554626,0.925,620.625,574.078125,46.546875,1,0,0,0.392898834,225.554626,0.925,620.625,574.078125,46.546875,1,0,0,0.392898834,225.554626,0.925,620.625,574.078125,46.546875,0,0,0,0.087248178,0,0.88,0,0,0,1,,,0.101,173.9456719,1722.234375,1722.234375,0,53.38926563,0,,,217.21875,1.14E-13,93.4040625,3,1151.446461,0,0,0,116.9869605
53,1,54,0.1016,0,0,1151.446461,,,,0,0,1,1939.453125,1939.453125,0,310.3125,64.38984375,0,,,300.8369117,1939.453125,1861.875,77.578125,1939.453125,0,1,0,0,0.161941152,133.0953839,0.96,856.1197917,821.875,34.24479167,1,0,0,0.161289931,83.87076389,0.96,541.6666667,520,21.66666667,1,0,0,0.161289931,83.87076389,0.96,541.6666667,520,21.66666667,,,,676.6638779,1861.875,1722.234375,139.640625,1861.875,-3.18E-11,1,0,0,0.392898834,225.554626,0.925,620.625,574.078125,46.546875,1,0,0,0.392898834,225.554626,0.925,620.625,574.078125,46.546875,1,0,0,0.392898834,225.554626,0.925,620.625,574.078125,46.546875,0,0,0,0.087248178,0,0.88,0,0,0,1,,,0.101,173.9456719,1722.234375,1722.234375,0,53.38926563,0,,,217.21875,1.14E-13,93.4040625,3,1151.446461,0,0,0,116.9869605
54,1,55,0.1016,0,0,1151.446461,,,,0,0,1,1939.453125,1939.453125,0,310.3125,64.38984375,0,,,300.8369117,1939.453125,1861.875,77.578125,1939.453125,0,1,0,0,0.161941152,133.0953839,0.96,856.1197917,821.875,34.24479167,1,0,0,0.161289931,83.87076389,0.96,541.6666667,520,21.66666667,1,0,0,0.161289931,83.87076389,0.96,541.6666667,520,21.66666667,,,,676.6638779,1861.875,1722.234375,139.640625,1861.875,-3.18E-11,1,0,0,0.392898834,225.554626,0.925,620.625,574.078125,46.546875,1,0,0,0.392898834,225.554626,0.925,620.625,574.078125,46.546875,1,0,0,0.392898834,225.554626,0.925,620.625,574.078125,46.546875,0,0,0,0.087248178,0,0.88,0,0,0,1,,,0.101,173.9456719,1722.234375,1722.234375,0,53.38926563,0,,,217.21875,1.14E-13,93.4040625,3,1151.446461,0,0,0,116.9869605
55,1,56,0.1016,0,0,1151.446461,,,,0,0,1,1939.453125,1939.453125,0,310.3125,64.38984375,0,,,300.8369117,1939.453125,1861.875,77.578125,1939.453125,0,1,0,0,0.161941152,133.0953839,0.96,856.1197917,821.875,34.24479167,1,0,0,0.161289931,83.87076389,0.96,541.6666667,520,21.66666667,1,0,0,0.161289931,83.87076389,0.96,541.6666667,520,21.66666667,,,,676.6638779,1861.875,1722.234375,139.640625,1861.875,-3.18E-11,1,0,0,0.392898834,225.554626,0.925,620.625,574.078125,46.546875,1,0,0,0.392898834,225.554626,0.925,620.625,574.078125,46.546875,1,0,0,0.392898834,225.554626,0.925,620.625,574.078125,46.546875,0,0,0,0.087248178,0,0.88,0,0,0,1,,,0.101,173.9456719,1722.234375,1722.234375,0,53.38926563,0,,,217.21875,1.14E-13,93.4040625,3,1151.446461,0,0,0,116.9869605
56,1,57,0.1016,0,0,1151.446461,,,,0,0,1,1939.453125,1939.453125,0,310.3125,64.38984375,0,,,300.8369117,1939.453125,1861.875,77.578125,1939.453125,0,1,0,0,0.161941152,133.0953839,0.96,856.1197917,821.875,34.24479167,1,0,0,0.161289931,83.87076389,0.96,541.6666667,520,21.66666667,1,0,0,0.161289931,83.87076389,0.96,541.6666667,520,21.66666667,,,,676.6638779,1861.875,1722.234375,139.640625,1861.875,-3.18E-11,1,0,0,0.392898834,225.554626,0.925,620.625,574.078125,46.546875,1,0,0,0.392898834,225.554626,0.925,620.625,574.078125,46.546875,1,0,0,0.392898834,225.554626,0.925,620.625,574.078125,46.546875,0,0,0,0.087248178,0,0.88,0,0,0,1,,,0.101,173.9456719,1722.234375,1722.234375,0,53.38926563,0,,,217.21875,1.14E-13,93.4040625,3,1151.446461,0,0,0,116.9869605
57,1,58,0.1016,0,0,1151.446461,,,,0,0,1,1939.453125,1939.453125,0,310.3125,64.38984375,0,,,300.8369117,1939.453125,1861.875,77.578125,1939.453125,0,1,0,0,0.161941152,133.0953839,0.96,856.1197917,821.875,34.24479167,1,0,0,0.161289931,83.87076389,0.96,541.6666667,520,21.66666667,1,0,0,0.161289931,83.87076389,0.96,541.6666667,520,21.66666667,,,,676.6638779,1861.875,1722.234375,139.640625,1861.875,-3.18E-11,1,0,0,0.392898834,225.554626,0.925,620.625,574.078125,46.546875,1,0,0,0.392898834,225.554626,0.925,620.625,574.078125,46.546875,1,0,0,0.392898834,225.554626,0.925,620.625,574.078125,46.546875,0,0,0,0.087248178,0,0.88,0,0,0,1,,,0.101,173.9456719,1722.234375,1722.234375,0,53.38926563,0,,,217.21875,-1.14E-13,93.4040625,3,1151.446461,0,0,0,116.9869605
58,1,59,0.1016,0,0,1151.446461,,,,0,0,1,1939.453125,1939.453125,0,310.3125,64.38984375,0,,,300.8369117,1939.453125,1861.875,77.578125,1939.453125,0,1,0,0,0.161941152,133.0953839,0.96,856.1197917,821.875,34.24479167,1,0,0,0.161289931,83.87076389,0.96,541.6666667,520,21.66666667,1,0,0,0.161289931,83.87076389,0.96,541.6666667,520,21.66666667,,,,676.6638779,1861.875,1722.234375,139.640625,1861.875,-3.18E-11,1,0,0,0.392898834,225.554626,0.925,620.625,574.078125,46.546875,1,0,0,0.392898834,225.554626,0.925,620.625,574.078125,46.546875,1,0,0,0.392898834,225.554626,0.925,620.625,574.078125,46.546875,0,0,0,0.087248178,0,0.88,0,0,0,1,,,0.101,173.9456719,1722.234375,1722.234375,0,53.38926563,0,,,217.21875,1.14E-13,93.4040625,3,1151.446461,0,0,0,116.9869605
59,1,60,0.1016,0,0,1151.446461,,,,0,0,1,1939.453125,1939.453125,0,310.3125,64.38984375,0,,,300.8369117,1939.453125,1861.875,77.578125,1939.453125,0,1,0,0,0.161941152,133.0953839,0.96,856.1197917,821.875,34.24479167,1,0,0,0.161289931,83.87076389,0.96,541.6666667,520,21.66666667,1,0,0,0.161289931,83.87076389,0.96,541.6666667,520,21.66666667,,,,676.6638779,1861.875,1722.234375,139.640625,1861.875,-3.18E-11,1,0,0,0.392898834,225.554626,0.925,620.625,574.078125,46.546875,1,0,0,0.392898834,225.554626,0.925,620.625,574.078125,46.546875,1,0,0,0.392898834,225.554626,0.925,620.625,574.078125,46.546875,0,0,0,0.087248178,0,0.88,0,0,0,1,,,0.101,173.9456719,1722.234375,1722.234375,0,53.38926563,0,,,217.21875,1.14E-13,93.4040625,3,1151.446461,0,0,0,116.9869605
60,1,61,0.1016,0,0,1151.446461,,,,0,0,1,1939.453125,1939.453125,0,310.3125,64.38984375,0,,,300.8369117,1939.453125,1861.875,77.578125,1939.453125,0,1,0,0,0.161941152,133.0953839,0.96,856.1197917,821.875,34.24479167,1,0,0,0.161289931,83.87076389,0.96,541.6666667,520,21.66666667,1,0,0,0.161289931,83.87076389,0.96,541.6666667,520,21.66666667,,,,676.6638779,1861.875,1722.234375,139.640625,1861.875,-3.18E-11,1,0,0,0.392898834,225.554626,0.925,620.625,574.078125,46.546875,1,0,0,0.392898834,225.554626,0.925,620.625,574.078125,46.546875,1,0,0,0.392898834,225.554626,0.925,620.625,574.078125,46.546875,0,0,0,0.087248178,0,0.88,0,0,0,1,,,0.101,173.9456719,1722.234375,1722.234375,0,53.38926563,0,,,217.21875,1.14E-13,93.4040625,3,1151.446461,0,0,0,116.9869605
61,1,62,0.1016,0,0,1151.446461,,,,0,0,1,1939.453125,1939.453125,0,310.3125,64.38984375,0,,,300.8369117,1939.453125,1861.875,77.578125,1939.453125,0,1,0,0,0.161941152,133.0953839,0.96,856.1197917,821.875,34.24479167,1,0,0,0.161289931,83.87076389,0.96,541.6666667,520,21.66666667,1,0,0,0.161289931,83.87076389,0.96,541.6666667,520,21.66666667,,,,676.6638779,1861.875,1722.234375,139.640625,1861.875,-3.18E-11,1,0,0,0.392898834,225.554626,0.925,620.625,574.078125,46.546875,1,0,0,0.392898834,225.554626,0.925,620.625,574.078125,46.546875,1,0,0,0.392898834,225.554626,0.925,620.625,574.078125,46.546875,0,0,0,0.087248178,0,0.88,0,0,0,1,,,0.101,173.9456719,1722.234375,1722.234375,0,53.38926563,0,,,217.21875,-1.14E-13,93.4040625,3,1151.446461,0,0,0,116.9869605
62,1,63,0.1016,0,0,1151.446461,,,,0,0,1,1939.453125,1939.453125,0,310.3125,64.38984375,0,,,300.8369117,1939.453125,1861.875,77.578125,1939.453125,0,1,0,0,0.161941152,133.0953839,0.96,856.1197917,821.875,34.24479167,1,0,0,0.161289931,83.87076389,0.96,541.6666667,520,21.66666667,1,0,0,0.161289931,83.87076389,0.96,541.6666667,520,21.66666667,,,,676.6638779,1861.875,1722.234375,139.640625,1861.875,-3.18E-11,1,0,0,0.392898834,225.554626,0.925,620.625,574.078125,46.546875,1,0,0,0.392898834,225.554626,0.925,620.625,574.078125,46.546875,1,0,0,0.392898834,225.554626,0.925,620.625,574.078125,46.546875,0,0,0,0.087248178,0,0.88,0,0,0,1,,,0.101,173.9456719,1722.234375,1722.234375,0,53.38926563,0,,,217.21875,-1.14E-13,93.4040625,3,1151.446461,0,0,0,116.9869605
63,1,64,0.1016,0,0,1151.446461,,,,0,0,1,1939.453125,1939.453125,0,310.3125,64.38984375,0,,,300.8369117,1939.453125,1861.875,77.578125,1939.453125,0,1,0,0,0.161941152,133.0953839,0.96,856.1197917,821.875,34.24479167,1,0,0,0.161289931,83.87076389,0.96,541.6666667,520,21.66666667,1,0,0,0.161289931,83.87076389,0.96,541.6666667,520,21.66666667,,,,676.6638779,1861.875,1722.234375,139.640625,1861.875,-3.18E-11,1,0,0,0.392898834,225.554626,0.925,620.625,574.078125,46.546875,1,0,0,0.392898834,225.554626,0.925,620.625,574.078125,46.546875,1,0,0,0.392898834,225.554626,0.925,620.625,574.078125,46.546875,0,0,0,0.087248178,0,0.88,0,0,0,1,,,0.101,173.9456719,1722.234375,1722.234375,0,53.38926563,0,,,217.21875,1.14E-13,93.4040625,3,1151.446461,0,0,0,116.9869605
64,1,65,0.1016,0,0,1151.446461,,,,0,0,1,1939.453125,1939.453125,0,310.3125,64.38984375,0,,,300.8369117,1939.453125,1861.875,77.578125,1939.453125,0,1,0,0,0.161941152,133.0953839,0.96,856.1197917,821.875,34.24479167,1,0,0,0.161289931,83.87076389,0.96,541.6666667,520,21.66666667,1,0,0,0.161289931,83.87076389,0.96,541.6666667,520,21.66666667,,,,676.6638779,1861.875,1722.234375,139.640625,1861.875,-3.18E-11,1,0,0,0.392898834,225.554626,0.925,620.625,574.078125,46.546875,1,0,0,0.392898834,225.554626,0.925,620.625,574.078125,46.546875,1,0,0,0.392898834,225.554626,0.925,620.625,574.078125,46.546875,0,0,0,0.087248178,0,0.88,0,0,0,1,,,0.101,173.9456719,1722.234375,1722.234375,0,53.38926563,0,,,217.21875,1.14E-13,93.4040625,3,1151.446461,0,0,0,116.9869605
65,1,66,0.15246,1,0,589.2454695,,,,0,0,1,1083.333333,1083.333333,0,173.3333333,35.96666667,0,,,167.7415278,1083.333333,1040,43.33333333,1083.333333,0,1,0,0,0.161289931,83.87076389,0.96,541.6666667,520,21.66666667,1,0,0,0.161289931,83.87076389,0.96,541.6666667,520,21.66666667,0,0,1,0.271,0,0.96,0,0,0,,,,325.5539417,1040,950,90,1040,1.11E-11,1,0,0,0.34268836,162.7769709,0.913461538,520,475,45,1,0,0,0.34268836,162.7769709,0.913461538,520,475,45,0,0,1,0.087248178,0,0.88,0,0,0,0,0,0,0.087248178,0,0.88,0,0,0,1,,,0.101,95.95,950,950,0,29.45,0,,,133.3333333,-1.42E-14,57.33333333,2,589.2454695,0,0,0,89.83636428
66,1,67,0.15246,1,0,589.2454695,,,,0,0,1,1083.333333,1083.333333,0,173.3333333,35.96666667,0,,,167.7415278,1083.333333,1040,43.33333333,1083.333333,0,1,0,0,0.161289931,83.87076389,0.96,541.6666667,520,21.66666667,1,0,0,0.161289931,83.87076389,0.96,541.6666667,520,21.66666667,0,0,0,0.271,0,0.96,0,0,0,,,,325.5539417,1040,950,90,1040,1.11E-11,1,0,0,0.34268836,162.7769709,0.913461538,520,475,45,1,0,0,0.34268836,162.7769709,0.913461538,520,475,45,0,0,0,0.087248178,0,0.88,0,0,0,0,0,0,0.087248178,0,0.88,0,0,0,1,,,0.101,95.95,950,950,0,29.45,0,,,133.3333333,-1.42E-14,57.33333333,2,589.2454695,0,0,0,89.83636428
67,1,68,0.15246,1,0,589.2454695,,,,0,0,1,1083.333333,1083.333333,0,173.3333333,35.96666667,0,,,167.7415278,1083.333333,1040,43.33333333,1083.333333,0,1,0,0,0.161289931,83.87076389,0.96,541.6666667,520,21.66666667,1,0,0,0.161289931,83.87076389,0.96,541.6666667,520,21.66666667,0,0,0,0.271,0,0.96,0,0,0,,,,325.5539417,1040,950,90,1040,1.11E-11,1,0,0,0.34268836,162.7769709,0.913461538,520,475,45,1,0,0,0.34268836,162.7769709,0.913461538,520,475,45,0,0,0,0.087248178,0,0.88,0,0,0,0,0,0,0.087248178,0,0.88,0,0,0,1,,,0.101,95.95,950,950,0,29.45,0,,,133.3333333,-1.42E-14,57.33333333,2,589.2454695,0,0,0,89.83636428
68,1,69,0.15246,1,0,589.2454695,,,,0,0,1,1083.333333,1083.333333,0,173.3333333,35.96666667,0,,,167.7415278,1083.333333,1040,43.33333333,1083.333333,0,1,0,0,0.161289931,83.87076389,0.96,541.6666667,520,21.66666667,1,0,0,0.161289931,83.87076389,0.96,541.6666667,520,21.66666667,0,0,0,0.271,0,0.96,0,0,0,,,,325.5539417,1040,950,90,1040,1.11E-11,1,0,0,0.34268836,162.7769709,0.913461538,520,475,45,1,0,0,0.34268836,162.7769709,0.913461538,520,475,45,0,0,0,0.087248178,0,0.88,0,0,0,0,0,0,0.087248178,0,0.88,0,0,0,1,,,0.101,95.95,950,950,0,29.45,0,,,133.3333333,-1.42E-14,57.33333333,2,589.2454695,0,0,0,89.83636428
69,1,70,0.15246,1,0,589.2454695,,,,0,0,1,1083.333333,1083.333333,0,173.3333333,35.96666667,0,,,167.7415278,1083.333333,1040,43.33333333,1083.333333,0,1,0,0,0.161289931,83.87076389,0.96,541.6666667,520,21.66666667,1,0,0,0.161289931,83.87076389,0.96,541.6666667,520,21.66666667,0,0,0,0.271,0,0.96,0,0,0,,,,325.5539417,1040,950,90,1040,1.09E-11,1,0,0,0.34268836,162.7769709,0.913461538,520,475,45,1,0,0,0.34268836,162.7769709,0.913461538,520,475,45,0,0,0,0.087248178,0,0.88,0,0,0,0,0,0,0.087248178,0,0.88,0,0,0,1,,,0.101,95.95,950,950,0,29.45,0,,,133.3333333,-1.42E-14,57.33333333,2,589.2454695,0,0,0,89.83636428
70,1,71,0.1016,0,0,1350.599528,,,,0,0,1,2381.169987,2381.169987,0,380.987198,79.05484358,0,,,361.4981081,2381.169987,2285.923188,95.24679949,2381.169987,0,1,0,0,0.158667176,122.7593658,0.96,805.928121,773.6909962,32.23712484,1,0,0,0.158667176,122.7593658,0.96,805.928121,773.6909962,32.23712484,1,1,0,0.157038466,115.9793766,0.96,769.3137453,738.5411954,30.77254981,,,,776.403178,2285.923188,2105.923188,180.0000001,2285.923188,0,1,0,0,0.371189786,197.2874427,0.921942784,576.5001932,531.5001931,45.00000005,1,0,0,0.367827285,193.0385784,0.921025983,569.8076649,524.8076649,45,1,1,0,0.367827285,193.0385784,0.921025983,569.8076649,524.8076649,45,1,1,0,0.367827285,193.0385784,0.921025983,569.8076649,524.8076649,45,1,,,0.101,212.698242,2105.923188,2105.923188,0,65.28361882,0,,,275.2467995,2.84E-14,118.3561238,4,1350.599528,0,0,0,137.2209121
71,1,72,0.1016,0,0,1350.599528,,,,0,0,1,2381.169987,2381.169987,0,380.987198,79.05484358,0,,,361.4981081,2381.169987,2285.923188,95.24679949,2381.169987,0,1,0,0,0.158667176,122.7593658,0.96,805.928121,773.6909962,32.23712484,1,0,0,0.158667176,122.7593658,0.96,805.928121,773.6909962,32.23712484,1,0,0,0.157038466,115.9793766,0.96,769.3137453,738.5411954,30.77254981,,,,776.403178,2285.923188,2105.923188,180,2285.923188,0,1,0,0,0.371189786,197.2874427,0.921942784,576.5001932,531.5001932,45,1,0,0,0.367827285,193.0385784,0.921025983,569.8076649,524.8076649,45,1,0,0,0.367827285,193.0385784,0.921025983,569.8076649,524.8076649,45,1,0,0,0.367827285,193.0385784,0.921025983,569.8076649,524.8076649,45,1,,,0.101,212.698242,2105.923188,2105.923188,0,65.28361882,0,,,275.2467995,-8.53E-14,118.3561238,4,1350.599528,0,0,0,137.2209121
72,1,73,0.1016,0,0,1350.599528,,,,0,0,1,2381.169987,2381.169987,0,380.987198,79.05484358,0,,,361.4981081,2381.169987,2285.923188,95.24679949,2381.169987,0,1,0,0,0.158667176,122.7593658,0.96,805.928121,773.6909962,32.23712484,1,0,0,0.158667176,122.7593658,0.96,805.928121,773.6909962,32.23712484,1,0,0,0.157038466,115.9793766,0.96,769.3137453,738.5411954,30.77254981,,,,776.403178,2285.923188,2105.923188,180,2285.923188,0,1,0,0,0.371189786,197.2874427,0.921942784,576.5001932,531.5001932,45,1,0,0,0.367827285,193.0385784,0.921025983,569.8076649,524.8076649,45,1,0,0,0.367827285,193.0385784,0.921025983,569.8076649,524.8076649,45,1,0,0,0.367827285,193.0385784,0.921025983,569.8076649,524.8076649,45,1,,,0.101,212.698242,2105.923188,2105.923188,0,65.28361882,0,,,275.2467995,-8.53E-14,118.3561238,4,1350.599528,0,0,0,137.2209121
73,1,74,0.1016,0,0,1350.599528,,,,0,0,1,2381.169987,2381.169987,0,380.987198,79.05484358,0,,,361.4981081,2381.169987,2285.923188,95.24679949,2381.169987,0,1,0,0,0.158667176,122.7593658,0.96,805.928121,773.6909962,32.23712484,1,0,0,0.158667176,122.7593658,0.96,805.928121,773.6909962,32.23712484,1,0,0,0.157038466,115.9793766,0.96,769.3137453,738.5411954,30.77254981,,,,776.403178,2285.923188,2105.923188,180,2285.923188,0,1,0,0,0.371189786,197.2874427,0.921942784,576.5001932,531.5001932,45,1,0,0,0.367827285,193.0385784,0.921025983,569.8076649,524.8076649,45,1,0,0,0.367827285,193.0385784,0.921025983,569.8076649,524.8076649,45,1,0,0,0.367827285,193.0385784,0.921025983,569.8076649,524.8076649,45,1,,,0.101,212.698242,2105.923188,2105.923188,0,65.28361882,0,,,275.2467995,-8.53E-14,118.3561238,4,1350.599528,0,0,0,137.2209121
74,1,75,0.1016,0,0,1350.599528,,,,0,0,1,2381.169987,2381.169987,0,380.987198,79.05484358,0,,,361.4981081,2381.169987,2285.923188,95.24679949,2381.169987,0,1,0,0,0.158667176,122.7593658,0.96,805.928121,773.6909962,32.23712484,1,0,0,0.158667176,122.7593658,0.96,805.928121,773.6909962,32.23712484,1,0,0,0.157038466,115.9793766,0.96,769.3137453,738.5411954,30.77254981,,,,776.403178,2285.923188,2105.923188,180,2285.923188,0,1,0,0,0.371189786,197.2874427,0.921942784,576.5001932,531.5001932,45,1,0,0,0.367827285,193.0385784,0.921025983,569.8076649,524.8076649,45,1,0,0,0.367827285,193.0385784,0.921025983,569.8076649,524.8076649,45,1,0,0,0.367827285,193.0385784,0.921025983,569.8076649,524.8076649,45,1,,,0.101,212.698242,2105.923188,2105.923188,0,65.28361882,0,,,275.2467995,-8.53E-14,118.3561238,4,1350.599528,0,0,0,137.2209121
75,1,76,0.1016,0,0,1350.599528,,,,0,0,1,2381.169987,2381.169987,0,380.987198,79.05484358,0,,,361.4981081,2381.169987,2285.923188,95.24679949,2381.169987,0,1,0,0,0.158667176,122.7593658,0.96,805.928121,773.6909962,32.23712484,1,0,0,0.158667176,122.7593658,0.96,805.928121,773.6909962,32.23712484,1,0,0,0.157038466,115.9793766,0.96,769.3137453,738.5411954,30.77254981,,,,776.403178,2285.923188,2105.923188,180,2285.923188,0,1,0,0,0.371189786,197.2874427,0.921942784,576.5001932,531.5001932,45,1,0,0,0.367827285,193.0385784,0.921025983,569.8076649,524.8076649,45,1,0,0,0.367827285,193.0385784,0.921025983,569.8076649,524.8076649,45,1,0,0,0.367827285,193.0385784,0.921025983,569.8076649,524.8076649,45,1,,,0.101,212.698242,2105.923188,2105.923188,0,65.28361882,0,,,275.2467995,-8.53E-14,118.3561238,4,1350.599528,0,0,0,137.2209121
76,1,77,0.1016,0,0,1350.599528,,,,0,0,1,2381.169987,2381.169987,0,380.987198,79.05484358,0,,,361.4981081,2381.169987,2285.923188,95.24679949,2381.169987,0,1,0,0,0.158667176,122.7593658,0.96,805.928121,773.6909962,32.23712484,1,0,0,0.158667176,122.7593658,0.96,805.928121,773.6909962,32.23712484,1,0,0,0.157038466,115.9793766,0.96,769.3137453,738.5411954,30.77254981,,,,776.403178,2285.923188,2105.923188,180,2285.923188,0,1,0,0,0.371189786,197.2874427,0.921942784,576.5001932,531.5001932,45,1,0,0,0.367827285,193.0385784,0.921025983,569.8076649,524.8076649,45,1,0,0,0.367827285,193.0385784,0.921025983,569.8076649,524.8076649,45,1,0,0,0.367827285,193.0385784,0.921025983,569.8076649,524.8076649,45,1,,,0.101,212.698242,2105.923188,2105.923188,0,65.28361882,0,,,275.2467995,-8.53E-14,118.3561238,4,1350.599528,0,0,0,137.2209121
77,1,78,0.1016,0,0,1350.599528,,,,0,0,1,2381.169987,2381.169987,0,380.987198,79.05484358,0,,,361.4981081,2381.169987,2285.923188,95.24679949,2381.169987,0,1,0,0,0.158667176,122.7593658,0.96,805.928121,773.6909962,32.23712484,1,0,0,0.158667176,122.7593658,0.96,805.928121,773.6909962,32.23712484,1,0,0,0.157038466,115.9793766,0.96,769.3137453,738.5411954,30.77254981,,,,776.403178,2285.923188,2105.923188,180,2285.923188,0,1,0,0,0.371189786,197.2874427,0.921942784,576.5001932,531.5001932,45,1,0,0,0.367827285,193.0385784,0.921025983,569.8076649,524.8076649,45,1,0,0,0.367827285,193.0385784,0.921025983,569.8076649,524.8076649,45,1,0,0,0.367827285,193.0385784,0.921025983,569.8076649,524.8076649,45,1,,,0.101,212.698242,2105.923188,2105.923188,0,65.28361882,0,,,275.2467995,-8.53E-14,118.3561238,4,1350.599528,0,0,0,137.2209121
78,1,79,0.1016,0,0,1350.599528,,,,0,0,1,2381.169987,2381.169987,0,380.987198,79.05484358,0,,,361.4981081,2381.169987,2285.923188,95.24679949,2381.169987,0,1,0,0,0.158667176,122.7593658,0.96,805.928121,773.6909962,32.23712484,1,0,0,0.158667176,122.7593658,0.96,805.928121,773.6909962,32.23712484,1,0,0,0.157038466,115.9793766,0.96,769.3137453,738.5411954,30.77254981,,,,776.403178,2285.923188,2105.923188,180,2285.923188,0,1,0,0,0.371189786,197.2874427,0.921942784,576.5001932,531.5001932,45,1,0,0,0.367827285,193.0385784,0.921025983,569.8076649,524.8076649,45,1,0,0,0.367827285,193.0385784,0.921025983,569.8076649,524.8076649,45,1,0,0,0.367827285,193.0385784,0.921025983,569.8076649,524.8076649,45,1,,,0.101,212.698242,2105.923188,2105.923188,0,65.28361882,0,,,275.2467995,2.84E-14,118.3561238,4,1350.599528,0,0,0,137.2209121
79,1,80,0.1016,0,0,1350.599528,,,,0,0,1,2381.169987,2381.169987,0,380.987198,79.05484358,0,,,361.4981081,2381.169987,2285.923188,95.24679949,2381.169987,0,1,0,0,0.158667176,122.7593658,0.96,805.928121,773.6909962,32.23712484,1,0,0,0.158667176,122.7593658,0.96,805.928121,773.6909962,32.23712484,1,0,0,0.157038466,115.9793766,0.96,769.3137453,738.5411954,30.77254981,,,,776.403178,2285.923188,2105.923188,180,2285.923188,0,1,0,0,0.371189786,197.2874427,0.921942784,576.5001932,531.5001932,45,1,0,0,0.367827285,193.0385784,0.921025983,569.8076649,524.8076649,45,1,0,0,0.367827285,193.0385784,0.921025983,569.8076649,524.8076649,45,1,0,0,0.367827285,193.0385784,0.921025983,569.8076649,524.8076649,45,1,,,0.101,212.698242,2105.923188,2105.923188,0,65.28361882,0,,,275.2467995,2.84E-14,118.3561238,4,1350.599528,0,0,0,137.2209121
80,1,81,0.1016,0,0,1350.599528,,,,0,0,1,2381.169987,2381.169987,0,380.987198,79.05484358,0,,,361.4981081,2381.169987,2285.923188,95.24679949,2381.169987,0,1,0,0,0.158667176,122.7593658,0.96,805.928121,773.6909962,32.23712484,1,0,0,0.158667176,122.7593658,0.96,805.928121,773.6909962,32.23712484,1,0,0,0.157038466,115.9793766,0.96,769.3137453,738.5411954,30.77254981,,,,776.403178,2285.923188,2105.923188,180,2285.923188,0,1,0,0,0.371189786,197.2874427,0.921942784,576.5001932,531.5001932,45,1,0,0,0.367827285,193.0385784,0.921025983,569.8076649,524.8076649,45,1,0,0,0.367827285,193.0385784,0.921025983,569.8076649,524.8076649,45,1,0,0,0.367827285,193.0385784,0.921025983,569.8076649,524.8076649,45,1,,,0.101,212.698242,2105.923188,2105.923188,0,65.28361882,0,,,275.2467995,-8.53E-14,118.3561238,4,1350.599528,0,0,0,137.2209121
81,1,82,0.1016,0,0,1350.599528,,,,0,0,1,2381.169987,2381.169987,0,380.987198,79.05484358,0,,,361.4981081,2381.169987,2285.923188,95.24679949,2381.169987,0,1,0,0,0.158667176,122.7593658,0.96,805.928121,773.6909962,32.23712484,1,0,0,0.158667176,122.7593658,0.96,805.928121,773.6909962,32.23712484,1,0,0,0.157038466,115.9793766,0.96,769.3137453,738.5411954,30.77254981,,,,776.403178,2285.923188,2105.923188,180,2285.923188,0,1,0,0,0.371189786,197.2874427,0.921942784,576.5001932,531.5001932,45,1,0,0,0.367827285,193.0385784,0.921025983,569.8076649,524.8076649,45,1,0,0,0.367827285,193.0385784,0.921025983,569.8076649,524.8076649,45,1,0,0,0.367827285,193.0385784,0.921025983,569.8076649,524.8076649,45,1,,,0.101,212.698242,2105.923188,2105.923188,0,65.28361882,0,,,275.2467995,-8.53E-14,118.3561238,4,1350.599528,0,0,0,137.2209121
82,1,83,0.1016,0,0,1350.599528,,,,0,0,1,2381.169987,2381.169987,0,380.987198,79.05484358,0,,,361.4981081,2381.169987,2285.923188,95.24679949,2381.169987,0,1,0,0,0.158667176,122.7593658,0.96,805.928121,773.6909962,32.23712484,1,0,0,0.158667176,122.7593658,0.96,805.928121,773.6909962,32.23712484,1,0,0,0.157038466,115.9793766,0.96,769.3137453,738.5411954,30.77254981,,,,776.403178,2285.923188,2105.923188,180,2285.923188,0,1,0,0,0.371189786,197.2874427,0.921942784,576.5001932,531.5001932,45,1,0,0,0.367827285,193.0385784,0.921025983,569.8076649,524.8076649,45,1,0,0,0.367827285,193.0385784,0.921025983,569.8076649,524.8076649,45,1,0,0,0.367827285,193.0385784,0.921025983,569.8076649,524.8076649,45,1,,,0.101,212.698242,2105.923188,2105.923188,0,65.28361882,0,,,275.2467995,-8.53E-14,118.3561238,4,1350.599528,0,0,0,137.2209121
83,1,84,0.1016,0,0,1350.599528,,,,0,0,1,2381.169987,2381.169987,0,380.987198,79.05484358,0,,,361.4981081,2381.169987,2285.923188,95.24679949,2381.169987,0,1,0,0,0.158667176,122.7593658,0.96,805.928121,773.6909962,32.23712484,1,0,0,0.158667176,122.7593658,0.96,805.928121,773.6909962,32.23712484,1,0,0,0.157038466,115.9793766,0.96,769.3137453,738.5411954,30.77254981,,,,776.403178,2285.923188,2105.923188,180,2285.923188,0,1,0,0,0.371189786,197.2874427,0.921942784,576.5001932,531.5001932,45,1,0,0,0.367827285,193.0385784,0.921025983,569.8076649,524.8076649,45,1,0,0,0.367827285,193.0385784,0.921025983,569.8076649,524.8076649,45,1,0,0,0.367827285,193.0385784,0.921025983,569.8076649,524.8076649,45,1,,,0.101,212.698242,2105.923188,2105.923188,0,65.28361882,0,,,275.2467995,2.84E-14,118.3561238,4,1350.599528,0,0,0,137.2209121
84,1,85,0.1016,0,0,1350.599528,,,,0,0,1,2381.169987,2381.169987,0,380.987198,79.05484358,0,,,361.4981081,2381.169987,2285.923188,95.24679949,2381.169987,0,1,0,0,0.158667176,122.7593658,0.96,805.928121,773.6909962,32.23712484,1,0,0,0.158667176,122.7593658,0.96,805.928121,773.6909962,32.23712484,1,0,0,0.157038466,115.9793766,0.96,769.3137453,738.5411954,30.77254981,,,,776.403178,2285.923188,2105.923188,180,2285.923188,0,1,0,0,0.371189786,197.2874427,0.921942784,576.5001932,531.5001932,45,1,0,0,0.367827285,193.0385784,0.921025983,569.8076649,524.8076649,45,1,0,0,0.367827285,193.0385784,0.921025983,569.8076649,524.8076649,45,1,0,0,0.367827285,193.0385784,0.921025983,569.8076649,524.8076649,45,1,,,0.101,212.698242,2105.923188,2105.923188,0,65.28361882,0,,,275.2467995,-8.53E-14,118.3561238,4,1350.599528,0,0,0,137.2209121
85,1,86,0.1016,0,0,1350.599528,,,,0,0,1,2381.169987,2381.169987,0,380.987198,79.05484358,0,,,361.4981081,2381.169987,2285.923188,95.24679949,2381.169987,0,1,0,0,0.158667176,122.7593658,0.96,805.928121,773.6909962,32.23712484,1,0,0,0.158667176,122.7593658,0.96,805.928121,773.6909962,32.23712484,1,0,0,0.157038466,115.9793766,0.96,769.3137453,738.5411954,30.77254981,,,,776.403178,2285.923188,2105.923188,180,2285.923188,0,1,0,0,0.371189786,197.2874427,0.921942784,576.5001932,531.5001932,45,1,0,0,0.367827285,193.0385784,0.921025983,569.8076649,524.8076649,45,1,0,0,0.367827285,193.0385784,0.921025983,569.8076649,524.8076649,45,1,0,0,0.367827285,193.0385784,0.921025983,569.8076649,524.8076649,45,1,,,0.101,212.698242,2105.923188,2105.923188,0,65.28361882,0,,,275.2467995,-8.53E-14,118.3561238,4,1350.599528,0,0,0,137.2209121
86,1,87,0.1016,0,0,1350.599528,,,,0,0,1,2381.169987,2381.169987,0,380.987198,79.05484358,0,,,361.4981081,2381.169987,2285.923188,95.24679949,2381.169987,0,1,0,0,0.158667176,122.7593658,0.96,805.928121,773.6909962,32.23712484,1,0,0,0.158667176,122.7593658,0.96,805.928121,773.6909962,32.23712484,1,0,0,0.157038466,115.9793766,0.96,769.3137453,738.5411954,30.77254981,,,,776.403178,2285.923188,2105.923188,180,2285.923188,0,1,0,0,0.371189786,197.2874427,0.921942784,576.5001932,531.5001932,45,1,0,0,0.367827285,193.0385784,0.921025983,569.8076649,524.8076649,45,1,0,0,0.367827285,193.0385784,0.921025983,569.8076649,524.8076649,45,1,0,0,0.367827285,193.0385784,0.921025983,569.8076649,524.8076649,45,1,,,0.101,212.698242,2105.923188,2105.923188,0,65.28361882,0,,,275.2467995,2.84E-14,118.3561238,4,1350.599528,0,0,0,137.2209121
87,1,88,0.1016,0,0,1350.599528,,,,0,0,1,2381.169987,2381.169987,0,380.987198,79.05484358,0,,,361.4981081,2381.169987,2285.923188,95.24679949,2381.169987,0,1,0,0,0.158667176,122.7593658,0.96,805.928121,773.6909962,32.23712484,1,0,0,0.158667176,122.7593658,0.96,805.928121,773.6909962,32.23712484,1,0,0,0.157038466,115.9793766,0.96,769.3137453,738.5411954,30.77254981,,,,776.403178,2285.923188,2105.923188,180,2285.923188,0,1,0,0,0.371189786,197.2874427,0.921942784,576.5001932,531.5001932,45,1,0,0,0.367827285,193.0385784,0.921025983,569.8076649,524.8076649,45,1,0,0,0.367827285,193.0385784,0.921025983,569.8076649,524.8076649,45,1,0,0,0.367827285,193.0385784,0.921025983,569.8076649,524.8076649,45,1,,,0.101,212.698242,2105.923188,2105.923188,0,65.28361882,0,,,275.2467995,2.84E-14,118.3561238,4,1350.599528,0,0,0,137.2209121
88,1,89,0.1016,0,0,1350.599528,,,,0,0,1,2381.169987,2381.169987,0,380.987198,79.05484358,0,,,361.4981081,2381.169987,2285.923188,95.24679949,2381.169987,0,1,0,0,0.158667176,122.7593658,0.96,805.928121,773.6909962,32.23712484,1,0,0,0.158667176,122.7593658,0.96,805.928121,773.6909962,32.23712484,1,0,0,0.157038466,115.9793766,0.96,769.3137453,738.5411954,30.77254981,,,,776.403178,2285.923188,2105.923188,180,2285.923188,0,1,0,0,0.371189786,197.2874427,0.921942784,576.5001932,531.5001932,45,1,0,0,0.367827285,193.0385784,0.921025983,569.8076649,524.8076649,45,1,0,0,0.367827285,193.0385784,0.921025983,569.8076649,524.8076649,45,1,0,0,0.367827285,193.0385784,0.921025983,569.8076649,524.8076649,45,1,,,0.101,212.698242,2105.923188,2105.923188,0,65.28361882,0,,,275.2467995,2.84E-14,118.3561238,4,1350.599528,0,0,0,137.2209121
89,1,90,0.15246,1,0,589.2530754,,,,0,0,1,1083.333333,1083.333333,0,173.3333333,35.96666667,0,,,167.7491337,1083.333333,1040,43.33333333,1083.333333,0,1,0,0,0.160694091,84.85409187,0.96,550.0493419,528.0473682,22.00197368,1,0,0,0.161919359,82.89504185,0.96,533.2839914,511.9526318,21.33135966,0,0,1,0.271,0,0.96,0,0,0,,,,325.5539417,1040,950,90,1040,1.05E-11,1,0,0,0.34268836,162.7769709,0.913461538,520,475,45,1,0,0,0.34268836,162.7769709,0.913461538,520,475,45,0,0,1,0.087248178,0,0.88,0,0,0,0,0,1,0.087248178,0,0.88,0,0,0,1,,,0.101,95.95,950,950,0,29.45,0,,,133.3333333,-1.42E-14,57.33333333,2,589.2530754,0,0,0,89.83752388
90,1,91,0.15246,1,0,589.2530754,,,,0,0,1,1083.333333,1083.333333,0,173.3333333,35.96666667,0,,,167.7491337,1083.333333,1040,43.33333333,1083.333333,0,1,0,0,0.160694091,84.85409187,0.96,550.0493419,528.0473682,22.00197368,1,0,0,0.161919359,82.89504185,0.96,533.2839914,511.9526318,21.33135966,0,0,0,0.271,0,0.96,0,0,0,,,,325.5539417,1040,950,90,1040,1.07E-11,1,0,0,0.34268836,162.7769709,0.913461538,520,475,45,1,0,0,0.34268836,162.7769709,0.913461538,520,475,45,0,0,0,0.087248178,0,0.88,0,0,0,0,0,0,0.087248178,0,0.88,0,0,0,1,,,0.101,95.95,950,950,0,29.45,0,,,133.3333333,-1.42E-14,57.33333333,2,589.2530754,0,0,0,89.83752388
91,1,92,0.15246,1,0,589.2530754,,,,0,0,1,1083.333333,1083.333333,0,173.3333333,35.96666667,0,,,167.7491337,1083.333333,1040,43.33333333,1083.333333,0,1,0,0,0.160694091,84.85409187,0.96,550.0493419,528.0473682,22.00197368,1,0,0,0.161919359,82.89504185,0.96,533.2839914,511.9526318,21.33135966,0,0,0,0.271,0,0.96,0,0,0,,,,325.5539417,1040,950,90,1040,1.07E-11,1,0,0,0.34268836,162.7769709,0.913461538,520,475,45,1,0,0,0.34268836,162.7769709,0.913461538,520,475,45,0,0,0,0.087248178,0,0.88,0,0,0,0,0,0,0.087248178,0,0.88,0,0,0,1,,,0.101,95.95,950,950,0,29.45,0,,,133.3333333,-1.42E-14,57.33333333,2,589.2530754,0,0,0,89.83752388
92,1,93,0.15246,1,0,589.2530754,,,,0,0,1,1083.333333,1083.333333,0,173.3333333,35.96666667,0,,,167.7491337,1083.333333,1040,43.33333333,1083.333333,0,1,0,0,0.160694091,84.85409187,0.96,550.0493419,528.0473682,22.00197368,1,0,0,0.161919359,82.89504185,0.96,533.2839914,511.9526318,21.33135966,0,0,0,0.271,0,0.96,0,0,0,,,,325.5539417,1040,950,90,1040,1.07E-11,1,0,0,0.34268836,162.7769709,0.913461538,520,475,45,1,0,0,0.34268836,162.7769709,0.913461538,520,475,45,0,0,0,0.087248178,0,0.88,0,0,0,0,0,0,0.087248178,0,0.88,0,0,0,1,,,0.101,95.95,950,950,0,29.45,0,,,133.3333333,-1.42E-14,57.33333333,2,589.2530754,0,0,0,89.83752388
93,1,94,0.15246,1,0,589.2530754,,,,0,0,1,1083.333333,1083.333333,0,173.3333333,35.96666667,0,,,167.7491337,1083.333333,1040,43.33333333,1083.333333,0,1,0,0,0.160694091,84.85409187,0.96,550.0493419,528.0473682,22.00197368,1,0,0,0.161919359,82.89504185,0.96,533.2839914,511.9526318,21.33135966,0,0,0,0.271,0,0.96,0,0,0,,,,325.5539417,1040,950,90,1040,1.05E-11,1,0,0,0.34268836,162.7769709,0.913461538,520,475,45,1,0,0,0.34268836,162.7769709,0.913461538,520,475,45,0,0,0,0.087248178,0,0.88,0,0,0,0,0,0,0.087248178,0,0.88,0,0,0,1,,,0.101,95.95,950,950,0,29.45,0,,,133.3333333,-1.42E-14,57.33333333,2,589.2530754,0,0,0,89.83752388
94,1,95,0.1016,0,0,1350.584247,,,,0,0,1,2381.171045,2381.171045,0,380.9873672,79.05487869,0,,,361.4983062,2381.171045,2285.924203,95.24684179,2381.171045,0,1,0,0,0.158667194,122.7594297,0.96,805.9284515,773.6913134,32.23713806,1,0,0,0.158667194,122.7594297,0.96,805.9284515,773.6913134,32.23713806,1,1,0,0.15703848,115.9794468,0.96,769.3141418,738.5415761,30.77256567,,,,776.3875965,2285.924203,2105.924203,180,2285.924203,-1.91E-11,1,0,0,0.368668348,194.0968991,0.921257232,571.4810508,526.4810508,45,1,0,0,0.368668348,194.0968991,0.921257232,571.4810508,526.4810508,45,1,1,0,0.368668348,194.0968991,0.921257232,571.4810508,526.4810508,45,1,1,0,0.368668348,194.0968991,0.921257232,571.4810508,526.4810508,45,1,,,0.101,212.6983445,2105.924203,2105.924203,0,65.28365029,0,,,275.2468418,-8.53E-14,118.356142,4,1350.584247,0,0,0,137.2193595
95,1,96,0.1016,0,0,1350.584247,,,,0,0,1,2381.171045,2381.171045,0,380.9873672,79.05487869,0,,,361.4983062,2381.171045,2285.924203,95.24684179,2381.171045,0,1,0,0,0.158667194,122.7594297,0.96,805.9284515,773.6913134,32.23713806,1,0,0,0.158667194,122.7594297,0.96,805.9284515,773.6913134,32.23713806,1,0,0,0.15703848,115.9794468,0.96,769.3141418,738.5415761,30.77256567,,,,776.3875965,2285.924203,2105.924203,180,2285.924203,-5.37E-11,1,0,0,0.368668348,194.0968991,0.921257232,571.4810508,526.4810508,45,1,0,0,0.368668348,194.0968991,0.921257232,571.4810508,526.4810508,45,1,0,0,0.368668348,194.0968991,0.921257232,571.4810508,526.4810508,45,1,0,0,0.368668348,194.0968991,0.921257232,571.4810508,526.4810508,45,1,,,0.101,212.6983445,2105.924203,2105.924203,0,65.28365029,0,,,275.2468418,1.14E-13,118.356142,4,1350.584247,0,0,0,137.2193595
96,1,97,0.1016,0,0,1350.584247,,,,0,0,1,2381.171045,2381.171045,0,380.9873672,79.05487869,0,,,361.4983062,2381.171045,2285.924203,95.24684179,2381.171045,0,1,0,0,0.158667194,122.7594297,0.96,805.9284515,773.6913134,32.23713806,1,0,0,0.158667194,122.7594297,0.96,805.9284515,773.6913134,32.23713806,1,0,0,0.15703848,115.9794468,0.96,769.3141418,738.5415761,30.77256567,,,,776.3875965,2285.924203,2105.924203,180,2285.924203,-5.28E-11,1,0,0,0.368668348,194.0968991,0.921257232,571.4810508,526.4810508,45,1,0,0,0.368668348,194.0968991,0.921257232,571.4810508,526.4810508,45,1,0,0,0.368668348,194.0968991,0.921257232,571.4810508,526.4810508,45,1,0,0,0.368668348,194.0968991,0.921257232,571.4810508,526.4810508,45,1,,,0.101,212.6983445,2105.924203,2105.924203,0,65.28365029,0,,,275.2468418,5.68E-14,118.356142,4,1350.584247,0,0,0,137.2193595
97,1,98,0.1016,0,0,1350.584247,,,,0,0,1,2381.171045,2381.171045,0,380.9873672,79.05487869,0,,,361.4983062,2381.171045,2285.924203,95.24684179,2381.171045,0,1,0,0,0.158667194,122.7594297,0.96,805.9284515,773.6913134,32.23713806,1,0,0,0.158667194,122.7594297,0.96,805.9284515,773.6913134,32.23713806,1,0,0,0.15703848,115.9794468,0.96,769.3141418,738.5415761,30.77256567,,,,776.3875965,2285.924203,2105.924203,180,2285.924203,-5.68E-11,1,0,0,0.368668348,194.0968991,0.921257232,571.4810508,526.4810508,45,1,0,0,0.368668348,194.0968991,0.921257232,571.4810508,526.4810508,45,1,0,0,0.368668348,194.0968991,0.921257232,571.4810508,526.4810508,45,1,0,0,0.368668348,194.0968991,0.921257232,571.4810508,526.4810508,45,1,,,0.101,212.6983445,2105.924203,2105.924203,0,65.28365029,0,,,275.2468418,1.71E-13,118.356142,4,1350.584247,0,0,0,137.2193595
98,1,99,0.1016,0,0,1350.584247,,,,0,0,1,2381.171045,2381.171045,0,380.9873672,79.05487869,0,,,361.4983062,2381.171045,2285.924203,95.24684179,2381.171045,0,1,0,0,0.158667194,122.7594297,0.96,805.9284515,773.6913134,32.23713806,1,0,0,0.158667194,122.7594297,0.96,805.9284515,773.6913134,32.23713806,1,0,0,0.15703848,115.9794468,0.96,769.3141418,738.5415761,30.77256567,,,,776.3875965,2285.924203,2105.924203,180,2285.924203,-5.68E-11,1,0,0,0.368668348,194.0968991,0.921257232,571.4810508,526.4810508,45,1,0,0,0.368668348,194.0968991,0.921257232,571.4810508,526.4810508,45,1,0,0,0.368668348,194.0968991,0.921257232,571.4810508,526.4810508,45,1,0,0,0.368668348,194.0968991,0.921257232,571.4810508,526.4810508,45,1,,,0.101,212.6983445,2105.924203,2105.924203,0,65.28365029,0,,,275.2468418,5.68E-14,118.356142,4,1350.584247,0,0,0,137.2193595
99,1,100,0.1016,0,0,1350.584247,,,,0,0,1,2381.171045,2381.171045,0,380.9873672,79.05487869,0,,,361.4983062,2381.171045,2285.924203,95.24684179,2381.171045,0,1,0,0,0.158667194,122.7594297,0.96,805.9284515,773.6913134,32.23713806,1,0,0,0.158667194,122.7594297,0.96,805.9284515,773.6913134,32.23713806,1,0,0,0.15703848,115.9794468,0.96,769.3141418,738.5415761,30.77256567,,,,776.3875965,2285.924203,2105.924203,180,2285.924203,-5.73E-11,1,0,0,0.368668348,194.0968991,0.921257232,571.4810508,526.4810508,45,1,0,0,0.368668348,194.0968991,0.921257232,571.4810508,526.4810508,45,1,0,0,0.368668348,194.0968991,0.921257232,571.4810508,526.4810508,45,1,0,0,0.368668348,194.0968991,0.921257232,571.4810508,526.4810508,45,1,,,0.101,212.6983445,2105.924203,2105.924203,0,65.28365029,0,,,275.2468418,5.68E-14,118.356142,4,1350.584247,0,0,0,137.2193595
100,1,101,0.1016,0,0,1350.584247,,,,0,0,1,2381.171045,2381.171045,0,380.9873672,79.05487869,0,,,361.4983062,2381.171045,2285.924203,95.24684179,2381.171045,0,1,0,0,0.158667194,122.7594297,0.96,805.9284515,773.6913134,32.23713806,1,0,0,0.158667194,122.7594297,0.96,805.9284515,773.6913134,32.23713806,1,0,0,0.15703848,115.9794468,0.96,769.3141418,738.5415761,30.77256567,,,,776.3875965,2285.924203,2105.924203,180,2285.924203,-5.32E-11,1,0,0,0.368668348,194.0968991,0.921257232,571.4810508,526.4810508,45,1,0,0,0.368668348,194.0968991,0.921257232,571.4810508,526.4810508,45,1,0,0,0.368668348,194.0968991,0.921257232,571.4810508,526.4810508,45,1,0,0,0.368668348,194.0968991,0.921257232,571.4810508,526.4810508,45,1,,,0.101,212.6983445,2105.924203,2105.924203,0,65.28365029,0,,,275.2468418,-5.68E-14,118.356142,4,1350.584247,0,0,0,137.2193595
101,1,102,0.1016,0,0,1350.584247,,,,0,0,1,2381.171045,2381.171045,0,380.9873672,79.05487869,0,,,361.4983062,2381.171045,2285.924203,95.24684179,2381.171045,0,1,0,0,0.158667194,122.7594297,0.96,805.9284515,773.6913134,32.23713806,1,0,0,0.158667194,122.7594297,0.96,805.9284515,773.6913134,32.23713806,1,0,0,0.15703848,115.9794468,0.96,769.3141418,738.5415761,30.77256567,,,,776.3875965,2285.924203,2105.924203,180,2285.924203,-5.68E-11,1,0,0,0.368668348,194.0968991,0.921257232,571.4810508,526.4810508,45,1,0,0,0.368668348,194.0968991,0.921257232,571.4810508,526.4810508,45,1,0,0,0.368668348,194.0968991,0.921257232,571.4810508,526.4810508,45,1,0,0,0.368668348,194.0968991,0.921257232,571.4810508,526.4810508,45,1,,,0.101,212.6983445,2105.924203,2105.924203,0,65.28365029,0,,,275.2468418,5.68E-14,118.356142,4,1350.584247,0,0,0,137.2193595
102,1,103,0.1016,0,0,1350.584247,,,,0,0,1,2381.171045,2381.171045,0,380.9873672,79.05487869,0,,,361.4983062,2381.171045,2285.924203,95.24684179,2381.171045,0,1,0,0,0.158667194,122.7594297,0.96,805.9284515,773.6913134,32.23713806,1,0,0,0.158667194,122.7594297,0.96,805.9284515,773.6913134,32.23713806,1,0,0,0.15703848,115.9794468,0.96,769.3141418,738.5415761,30.77256567,,,,776.3875965,2285.924203,2105.924203,180,2285.924203,-5.73E-11,1,0,0,0.368668348,194.0968991,0.921257232,571.4810508,526.4810508,45,1,0,0,0.368668348,194.0968991,0.921257232,571.4810508,526.4810508,45,1,0,0,0.368668348,194.0968991,0.921257232,571.4810508,526.4810508,45,1,0,0,0.368668348,194.0968991,0.921257232,571.4810508,526.4810508,45,1,,,0.101,212.6983445,2105.924203,2105.924203,0,65.28365029,0,,,275.2468418,2.84E-14,118.356142,4,1350.584247,0,0,0,137.2193595
103,1,104,0.1016,0,0,1350.584247,,,,0,0,1,2381.171045,2381.171045,0,380.9873672,79.05487869,0,,,361.4983062,2381.171045,2285.924203,95.24684179,2381.171045,0,1,0,0,0.158667194,122.7594297,0.96,805.9284515,773.6913134,32.23713806,1,0,0,0.158667194,122.7594297,0.96,805.9284515,773.6913134,32.23713806,1,0,0,0.15703848,115.9794468,0.96,769.3141418,738.5415761,30.77256567,,,,776.3875965,2285.924203,2105.924203,180,2285.924203,-5.68E-11,1,0,0,0.368668348,194.0968991,0.921257232,571.4810508,526.4810508,45,1,0,0,0.368668348,194.0968991,0.921257232,571.4810508,526.4810508,45,1,0,0,0.368668348,194.0968991,0.921257232,571.4810508,526.4810508,45,1,0,0,0.368668348,194.0968991,0.921257232,571.4810508,526.4810508,45,1,,,0.101,212.6983445,2105.924203,2105.924203,0,65.28365029,0,,,275.2468418,-5.68E-14,118.356142,4,1350.584247,0,0,0,137.2193595
104,1,105,0.1016,0,0,1350.584247,,,,0,0,1,2381.171045,2381.171045,0,380.9873672,79.05487869,0,,,361.4983062,2381.171045,2285.924203,95.24684179,2381.171045,0,1,0,0,0.158667194,122.7594297,0.96,805.9284515,773.6913134,32.23713806,1,0,0,0.158667194,122.7594297,0.96,805.9284515,773.6913134,32.23713806,1,0,0,0.15703848,115.9794468,0.96,769.3141418,738.5415761,30.77256567,,,,776.3875965,2285.924203,2105.924203,180,2285.924203,-5.73E-11,1,0,0,0.368668348,194.0968991,0.921257232,571.4810508,526.4810508,45,1,0,0,0.368668348,194.0968991,0.921257232,571.4810508,526.4810508,45,1,0,0,0.368668348,194.0968991,0.921257232,571.4810508,526.4810508,45,1,0,0,0.368668348,194.0968991,0.921257232,571.4810508,526.4810508,45,1,,,0.101,212.6983445,2105.924203,2105.924203,0,65.28365029,0,,,275.2468418,-5.68E-14,118.356142,4,1350.584247,0,0,0,137.2193595
105,1,106,0.1016,0,0,1350.584247,,,,0,0,1,2381.171045,2381.171045,0,380.9873672,79.05487869,0,,,361.4983062,2381.171045,2285.924203,95.24684179,2381.171045,0,1,0,0,0.158667194,122.7594297,0.96,805.9284515,773.6913134,32.23713806,1,0,0,0.158667194,122.7594297,0.96,805.9284515,773.6913134,32.23713806,1,0,0,0.15703848,115.9794468,0.96,769.3141418,738.5415761,30.77256567,,,,776.3875965,2285.924203,2105.924203,180,2285.924203,-5.68E-11,1,0,0,0.368668348,194.0968991,0.921257232,571.4810508,526.4810508,45,1,0,0,0.368668348,194.0968991,0.921257232,571.4810508,526.4810508,45,1,0,0,0.368668348,194.0968991,0.921257232,571.4810508,526.4810508,45,1,0,0,0.368668348,194.0968991,0.921257232,571.4810508,526.4810508,45,1,,,0.101,212.6983445,2105.924203,2105.924203,0,65.28365029,0,,,275.2468418,-5.68E-14,118.356142,4,1350.584247,0,0,0,137.2193595
106,1,107,0.1016,0,0,1350.584247,,,,0,0,1,2381.171045,2381.171045,0,380.9873672,79.05487869,0,,,361.4983062,2381.171045,2285.924203,95.24684179,2381.171045,0,1,0,0,0.158667194,122.7594297,0.96,805.9284515,773.6913134,32.23713806,1,0,0,0.158667194,122.7594297,0.96,805.9284515,773.6913134,32.23713806,1,0,0,0.15703848,115.9794468,0.96,769.3141418,738.5415761,30.77256567,,,,776.3875965,2285.924203,2105.924203,180,2285.924203,-5.68E-11,1,0,0,0.368668348,194.0968991,0.921257232,571.4810508,526.4810508,45,1,0,0,0.368668348,194.0968991,0.921257232,571.4810508,526.4810508,45,1,0,0,0.368668348,194.0968991,0.921257232,571.4810508,526.4810508,45,1,0,0,0.368668348,194.0968991,0.921257232,571.4810508,526.4810508,45,1,,,0.101,212.6983445,2105.924203,2105.924203,0,65.28365029,0,,,275.2468418,1.71E-13,118.356142,4,1350.584247,0,0,0,137.2193595
107,1,108,0.1016,0,0,1350.584247,,,,0,0,1,2381.171045,2381.171045,0,380.9873672,79.05487869,0,,,361.4983062,2381.171045,2285.924203,95.24684179,2381.171045,0,1,0,0,0.158667194,122.7594297,0.96,805.9284515,773.6913134,32.23713806,1,0,0,0.158667194,122.7594297,0.96,805.9284515,773.6913134,32.23713806,1,0,0,0.15703848,115.9794468,0.96,769.3141418,738.5415761,30.77256567,,,,776.3875965,2285.924203,2105.924203,180,2285.924203,-5.68E-11,1,0,0,0.368668348,194.0968991,0.921257232,571.4810508,526.4810508,45,1,0,0,0.368668348,194.0968991,0.921257232,571.4810508,526.4810508,45,1,0,0,0.368668348,194.0968991,0.921257232,571.4810508,526.4810508,45,1,0,0,0.368668348,194.0968991,0.921257232,571.4810508,526.4810508,45,1,,,0.101,212.6983445,2105.924203,2105.924203,0,65.28365029,0,,,275.2468418,-5.68E-14,118.356142,4,1350.584247,0,0,0,137.2193595
108,1,109,0.1016,0,0,1350.584247,,,,0,0,1,2381.171045,2381.171045,0,380.9873672,79.05487869,0,,,361.4983062,2381.171045,2285.924203,95.24684179,2381.171045,0,1,0,0,0.158667194,122.7594297,0.96,805.9284515,773.6913134,32.23713806,1,0,0,0.158667194,122.7594297,0.96,805.9284515,773.6913134,32.23713806,1,0,0,0.15703848,115.9794468,0.96,769.3141418,738.5415761,30.77256567,,,,776.3875965,2285.924203,2105.924203,180,2285.924203,-5.73E-11,1,0,0,0.368668348,194.0968991,0.921257232,571.4810508,526.4810508,45,1,0,0,0.368668348,194.0968991,0.921257232,571.4810508,526.4810508,45,1,0,0,0.368668348,194.0968991,0.921257232,571.4810508,526.4810508,45,1,0,0,0.368668348,194.0968991,0.921257232,571.4810508,526.4810508,45,1,,,0.101,212.6983445,2105.924203,2105.924203,0,65.28365029,0,,,275.2468418,1.71E-13,118.356142,4,1350.584247,0,0,0,137.2193595
109,1,110,0.1016,0,0,1350.584247,,,,0,0,1,2381.171045,2381.171045,0,380.9873672,79.05487869,0,,,361.4983062,2381.171045,2285.924203,95.24684179,2381.171045,0,1,0,0,0.158667194,122.7594297,0.96,805.9284515,773.6913134,32.23713806,1,0,0,0.158667194,122.7594297,0.96,805.9284515,773.6913134,32.23713806,1,0,0,0.15703848,115.9794468,0.96,769.3141418,738.5415761,30.77256567,,,,776.3875965,2285.924203,2105.924203,180,2285.924203,-5.73E-11,1,0,0,0.368668348,194.0968991,0.921257232,571.4810508,526.4810508,45,1,0,0,0.368668348,194.0968991,0.921257232,571.4810508,526.4810508,45,1,0,0,0.368668348,194.0968991,0.921257232,571.4810508,526.4810508,45,1,0,0,0.368668348,194.0968991,0.921257232,571.4810508,526.4810508,45,1,,,0.101,212.6983445,2105.924203,2105.924203,0,65.28365029,0,,,275.2468418,-5.68E-14,118.356142,4,1350.584247,0,0,0,137.2193595
110,1,111,0.1016,0,0,1350.584247,,,,0,0,1,2381.171045,2381.171045,0,380.9873672,79.05487869,0,,,361.4983062,2381.171045,2285.924203,95.24684179,2381.171045,0,1,0,0,0.158667194,122.7594297,0.96,805.9284515,773.6913134,32.23713806,1,0,0,0.158667194,122.7594297,0.96,805.9284515,773.6913134,32.23713806,1,0,0,0.15703848,115.9794468,0.96,769.3141418,738.5415761,30.77256567,,,,776.3875965,2285.924203,2105.924203,180,2285.924203,-5.68E-11,1,0,0,0.368668348,194.0968991,0.921257232,571.4810508,526.4810508,45,1,0,0,0.368668348,194.0968991,0.921257232,571.4810508,526.4810508,45,1,0,0,0.368668348,194.0968991,0.921257232,571.4810508,526.4810508,45,1,0,0,0.368668348,194.0968991,0.921257232,571.4810508,526.4810508,45,1,,,0.101,212.6983445,2105.924203,2105.924203,0,65.28365029,0,,,275.2468418,5.68E-14,118.356142,4,1350.584247,0,0,0,137.2193595
111,1,112,0.1016,0,0,1350.584247,,,,0,0,1,2381.171045,2381.171045,0,380.9873672,79.05487869,0,,,361.4983062,2381.171045,2285.924203,95.24684179,2381.171045,0,1,0,0,0.158667194,122.7594297,0.96,805.9284515,773.6913134,32.23713806,1,0,0,0.158667194,122.7594297,0.96,805.9284515,773.6913134,32.23713806,1,0,0,0.15703848,115.9794468,0.96,769.3141418,738.5415761,30.77256567,,,,776.3875965,2285.924203,2105.924203,180,2285.924203,-5.73E-11,1,0,0,0.368668348,194.0968991,0.921257232,571.4810508,526.4810508,45,1,0,0,0.368668348,194.0968991,0.921257232,571.4810508,526.4810508,45,1,0,0,0.368668348,194.0968991,0.921257232,571.4810508,526.4810508,45,1,0,0,0.368668348,194.0968991,0.921257232,571.4810508,526.4810508,45,1,,,0.101,212.6983445,2105.924203,2105.924203,0,65.28365029,0,,,275.2468418,-5.68E-14,118.356142,4,1350.584247,0,0,0,137.2193595
112,1,113,0.1016,0,0,1350.584247,,,,0,0,1,2381.171045,2381.171045,0,380.9873672,79.05487869,0,,,361.4983062,2381.171045,2285.924203,95.24684179,2381.171045,0,1,0,0,0.158667194,122.7594297,0.96,805.9284515,773.6913134,32.23713806,1,0,0,0.158667194,122.7594297,0.96,805.9284515,773.6913134,32.23713806,1,0,0,0.15703848,115.9794468,0.96,769.3141418,738.5415761,30.77256567,,,,776.3875965,2285.924203,2105.924203,180,2285.924203,-5.68E-11,1,0,0,0.368668348,194.0968991,0.921257232,571.4810508,526.4810508,45,1,0,0,0.368668348,194.0968991,0.921257232,571.4810508,526.4810508,45,1,0,0,0.368668348,194.0968991,0.921257232,571.4810508,526.4810508,45,1,0,0,0.368668348,194.0968991,0.921257232,571.4810508,526.4810508,45,1,,,0.101,212.6983445,2105.924203,2105.924203,0,65.28365029,0,,,275.2468418,5.68E-14,118.356142,4,1350.584247,0,0,0,137.2193595
113,1,114,0.15246,1,0,589.8672463,,,,0,0,1,1084.13632,1084.13632,0,173.4618112,35.99332583,0,,,167.8353622,1084.13632,1040.770867,43.3654528,1084.13632,0,1,0,0,0.161260627,83.91768111,0.96,542.06816,520.3854336,21.6827264,1,0,0,0.161260627,83.91768111,0.96,542.06816,520.3854336,21.6827264,0,0,1,0.271,0,0.96,0,0,0,,,,326.0040265,1040.770867,950.7708673,90,1040.770867,1.36E-12,1,0,0,0.343079131,163.2270556,0.913589636,520.7708673,475.7708673,45,1,0,0,0.34268836,162.7769709,0.913461538,520,475,45,0,0,1,0.087248178,0,0.88,0,0,0,0,0,1,0.087248178,0,0.88,0,0,0,1,,,0.101,96.0278576,950.7708673,950.7708673,0,29.47389689,0,,,133.3654528,2.84E-14,57.34714471,2,589.8672463,0,0,0,89.93116037
114,1,115,0.15246,1,0,589.8672463,,,,0,0,1,1084.13632,1084.13632,0,173.4618112,35.99332583,0,,,167.8353622,1084.13632,1040.770867,43.3654528,1084.13632,0,1,0,0,0.161260627,83.91768111,0.96,542.06816,520.3854336,21.6827264,1,0,0,0.161260627,83.91768111,0.96,542.06816,520.3854336,21.6827264,0,0,0,0.271,0,0.96,0,0,0,,,,326.0040265,1040.770867,950.7708673,90,1040.770867,1.36E-12,1,0,0,0.343079131,163.2270556,0.913589636,520.7708673,475.7708673,45,1,0,0,0.34268836,162.7769709,0.913461538,520,475,45,0,0,0,0.087248178,0,0.88,0,0,0,0,0,0,0.087248178,0,0.88,0,0,0,1,,,0.101,96.0278576,950.7708673,950.7708673,0,29.47389689,0,,,133.3654528,0,57.34714471,2,589.8672463,0,0,0,89.93116037
115,1,116,0.15246,1,0,589.8672463,,,,0,0,1,1084.13632,1084.13632,0,173.4618112,35.99332583,0,,,167.8353622,1084.13632,1040.770867,43.3654528,1084.13632,0,1,0,0,0.161260627,83.91768111,0.96,542.06816,520.3854336,21.6827264,1,0,0,0.161260627,83.91768111,0.96,542.06816,520.3854336,21.6827264,0,0,0,0.271,0,0.96,0,0,0,,,,326.0040265,1040.770867,950.7708673,90,1040.770867,0,1,0,0,0.343079131,163.2270556,0.913589636,520.7708673,475.7708673,45,1,0,0,0.34268836,162.7769709,0.913461538,520,475,45,0,0,0,0.087248178,0,0.88,0,0,0,0,0,0,0.087248178,0,0.88,0,0,0,1,,,0.101,96.0278576,950.7708673,950.7708673,0,29.47389689,0,,,133.3654528,-1.42E-14,57.34714471,2,589.8672463,0,0,0,89.93116037
116,1,117,0.15246,1,0,589.8672463,,,,0,0,1,1084.13632,1084.13632,0,173.4618112,35.99332583,0,,,167.8353622,1084.13632,1040.770867,43.3654528,1084.13632,0,1,0,0,0.161260627,83.91768111,0.96,542.06816,520.3854336,21.6827264,1,0,0,0.161260627,83.91768111,0.96,542.06816,520.3854336,21.6827264,0,0,0,0.271,0,0.96,0,0,0,,,,326.0040265,1040.770867,950.7708673,90,1040.770867,1.82E-12,1,0,0,0.343079131,163.2270556,0.913589636,520.7708673,475.7708673,45,1,0,0,0.34268836,162.7769709,0.913461538,520,475,45,0,0,0,0.087248178,0,0.88,0,0,0,0,0,0,0.087248178,0,0.88,0,0,0,1,,,0.101,96.0278576,950.7708673,950.7708673,0,29.47389689,0,,,133.3654528,-1.42E-14,57.34714471,2,589.8672463,0,0,0,89.93116037
117,1,118,0.15246,1,0,589.8672463,,,,0,0,1,1084.13632,1084.13632,0,173.4618112,35.99332583,0,,,167.8353622,1084.13632,1040.770867,43.3654528,1084.13632,0,1,0,0,0.161260627,83.91768111,0.96,542.06816,520.3854336,21.6827264,1,0,0,0.161260627,83.91768111,0.96,542.06816,520.3854336,21.6827264,0,0,0,0.271,0,0.96,0,0,0,,,,326.0040265,1040.770867,950.7708673,90,1040.770867,1.82E-12,1,0,0,0.343079131,163.2270556,0.913589636,520.7708673,475.7708673,45,1,0,0,0.34268836,162.7769709,0.913461538,520,475,45,0,0,0,0.087248178,0,0.88,0,0,0,0,0,0,0.087248178,0,0.88,0,0,0,1,,,0.101,96.0278576,950.7708673,950.7708673,0,29.47389689,0,,,133.3654528,-2.84E-14,57.34714471,2,589.8672463,0,0,0,89.93116037
118,1,119,0.1016,0,0,1093.545371,,,,0,0,1,1875,1875,0,300,62.25,0,,,287.7324316,1875,1800,75,1875,0,1,0,0,0.157919479,119.8970694,0.96,790.8636799,759.2291327,31.6345472,1,0,0,0.161260627,83.91768111,0.96,542.06816,520.3854336,21.6827264,1,1,0,0.161260627,83.91768111,0.96,542.06816,520.3854336,21.6827264,,,,637.6479399,1800,1665,135,1800,3.18E-12,1,0,0,0.382971736,212.5493133,0.925,600,555,45,1,0,0,0.382971736,212.5493133,0.925,600,555,45,1,1,0,0.382971736,212.5493133,0.925,600,555,45,0,0,0,0.087248178,0,0.88,0,0,0,1,,,0.101,168.165,1665,1665,0,51.615,0,,,210,-5.68E-14,90.3,3,1093.545371,0,0,0,111.1042097
119,1,120,0.1016,0,0,1093.545371,,,,0,0,1,1875,1875,0,300,62.25,0,,,287.7324316,1875,1800,75,1875,0,1,0,0,0.157919479,119.8970694,0.96,790.8636799,759.2291327,31.6345472,1,0,0,0.161260627,83.91768111,0.96,542.06816,520.3854336,21.6827264,1,0,0,0.161260627,83.91768111,0.96,542.06816,520.3854336,21.6827264,,,,637.6479399,1800,1665,135,1800,3.18E-12,1,0,0,0.382971736,212.5493133,0.925,600,555,45,1,0,0,0.382971736,212.5493133,0.925,600,555,45,1,0,0,0.382971736,212.5493133,0.925,600,555,45,0,0,0,0.087248178,0,0.88,0,0,0,1,,,0.101,168.165,1665,1665,0,51.615,0,,,210,-5.68E-14,90.3,3,1093.545371,0,0,0,111.1042097
120,1,121,0.1016,0,0,1093.545371,,,,0,0,1,1875,1875,0,300,62.25,0,,,287.7324316,1875,1800,75,1875,0,1,0,0,0.157919479,119.8970694,0.96,790.8636799,759.2291327,31.6345472,1,0,0,0.161260627,83.91768111,0.96,542.06816,520.3854336,21.6827264,1,0,0,0.161260627,83.91768111,0.96,542.06816,520.3854336,21.6827264,,,,637.6479399,1800,1665,135,1800,3.18E-12,1,0,0,0.382971736,212.5493133,0.925,600,555,45,1,0,0,0.382971736,212.5493133,0.925,600,555,45,1,0,0,0.382971736,212.5493133,0.925,600,555,45,0,0,0,0.087248178,0,0.88,0,0,0,1,,,0.101,168.165,1665,1665,0,51.615,0,,,210,-5.68E-14,90.3,3,1093.545371,0,0,0,111.1042097
121,1,122,0.1016,0,0,1093.545371,,,,0,0,1,1875,1875,0,300,62.25,0,,,287.7324316,1875,1800,75,1875,0,1,0,0,0.157919479,119.8970694,0.96,790.8636799,759.2291327,31.6345472,1,0,0,0.161260627,83.91768111,0.96,542.06816,520.3854336,21.6827264,1,0,0,0.161260627,83.91768111,0.96,542.06816,520.3854336,21.6827264,,,,637.6479399,1800,1665,135,1800,3.18E-12,1,0,0,0.382971736,212.5493133,0.925,600,555,45,1,0,0,0.382971736,212.5493133,0.925,600,555,45,1,0,0,0.382971736,212.5493133,0.925,600,555,45,0,0,0,0.087248178,0,0.88,0,0,0,1,,,0.101,168.165,1665,1665,0,51.615,0,,,210,-5.68E-14,90.3,3,1093.545371,0,0,0,111.1042097
122,1,123,0.1016,0,0,1093.545371,,,,0,0,1,1875,1875,0,300,62.25,0,,,287.7324316,1875,1800,75,1875,0,1,0,0,0.157919479,119.8970694,0.96,790.8636799,759.2291327,31.6345472,1,0,0,0.161260627,83.91768111,0.96,542.06816,520.3854336,21.6827264,1,0,0,0.161260627,83.91768111,0.96,542.06816,520.3854336,21.6827264,,,,637.6479399,1800,1665,135,1800,3.18E-12,1,0,0,0.382971736,212.5493133,0.925,600,555,45,1,0,0,0.382971736,212.5493133,0.925,600,555,45,1,0,0,0.382971736,212.5493133,0.925,600,555,45,0,0,0,0.087248178,0,0.88,0,0,0,1,,,0.101,168.165,1665,1665,0,51.615,0,,,210,-5.68E-14,90.3,3,1093.545371,0,0,0,111.1042097
123,1,124,0.1016,0,0,1093.545371,,,,0,0,1,1875,1875,0,300,62.25,0,,,287.7324316,1875,1800,75,1875,0,1,0,0,0.157919479,119.8970694,0.96,790.8636799,759.2291327,31.6345472,1,0,0,0.161260627,83.91768111,0.96,542.06816,520.3854336,21.6827264,1,0,0,0.161260627,83.91768111,0.96,542.06816,520.3854336,21.6827264,,,,637.6479399,1800,1665,135,1800,3.18E-12,1,0,0,0.382971736,212.5493133,0.925,600,555,45,1,0,0,0.382971736,212.5493133,0.925,600,555,45,1,0,0,0.382971736,212.5493133,0.925,600,555,45,0,0,0,0.087248178,0,0.88,0,0,0,1,,,0.101,168.165,1665,1665,0,51.615,0,,,210,-5.68E-14,90.3,3,1093.545371,0,0,0,111.1042097
124,1,125,0.1016,0,0,1093.545371,,,,0,0,1,1875,1875,0,300,62.25,0,,,287.7324316,1875,1800,75,1875,0,1,0,0,0.157919479,119.8970694,0.96,790.8636799,759.2291327,31.6345472,1,0,0,0.161260627,83.91768111,0.96,542.06816,520.3854336,21.6827264,1,0,0,0.161260627,83.91768111,0.96,542.06816,520.3854336,21.6827264,,,,637.6479399,1800,1665,135,1800,3.18E-12,1,0,0,0.382971736,212.5493133,0.925,600,555,45,1,0,0,0.382971736,212.5493133,0.925,600,555,45,1,0,0,0.382971736,212.5493133,0.925,600,555,45,0,0,0,0.087248178,0,0.88,0,0,0,1,,,0.101,168.165,1665,1665,0,51.615,0,,,210,-5.68E-14,90.3,3,1093.545371,0,0,0,111.1042097
125,1,126,0.1016,0,0,1093.545371,,,,0,0,1,1875,1875,0,300,62.25,0,,,287.7324316,1875,1800,75,1875,0,1,0,0,0.157919479,119.8970694,0.96,790.8636799,759.2291327,31.6345472,1,0,0,0.161260627,83.91768111,0.96,542.06816,520.3854336,21.6827264,1,0,0,0.161260627,83.91768111,0.96,542.06816,520.3854336,21.6827264,,,,637.6479399,1800,1665,135,1800,3.18E-12,1,0,0,0.382971736,212.5493133,0.925,600,555,45,1,0,0,0.382971736,212.5493133,0.925,600,555,45,1,0,0,0.382971736,212.5493133,0.925,600,555,45,0,0,0,0.087248178,0,0.88,0,0,0,1,,,0.101,168.165,1665,1665,0,51.615,0,,,210,-5.68E-14,90.3,3,1093.545371,0,0,0,111.1042097
126,1,127,0.1016,0,0,1093.545371,,,,0,0,1,1875,1875,0,300,62.25,0,,,287.7324316,1875,1800,75,1875,0,1,0,0,0.157919479,119.8970694,0.96,790.8636799,759.2291327,31.6345472,1,0,0,0.161260627,83.91768111,0.96,542.06816,520.3854336,21.6827264,1,0,0,0.161260627,83.91768111,0.96,542.06816,520.3854336,21.6827264,,,,637.6479399,1800,1665,135,1800,3.18E-12,1,0,0,0.382971736,212.5493133,0.925,600,555,45,1,0,0,0.382971736,212.5493133,0.925,600,555,45,1,0,0,0.382971736,212.5493133,0.925,600,555,45,0,0,0,0.087248178,0,0.88,0,0,0,1,,,0.101,168.165,1665,1665,0,51.615,0,,,210,-5.68E-14,90.3,3,1093.545371,0,0,0,111.1042097
127,1,128,0.1016,0,0,1093.545371,,,,0,0,1,1875,1875,0,300,62.25,0,,,287.7324316,1875,1800,75,1875,0,1,0,0,0.157919479,119.8970694,0.96,790.8636799,759.2291327,31.6345472,1,0,0,0.161260627,83.91768111,0.96,542.06816,520.3854336,21.6827264,1,0,0,0.161260627,83.91768111,0.96,542.06816,520.3854336,21.6827264,,,,637.6479399,1800,1665,135,1800,3.18E-12,1,0,0,0.382971736,212.5493133,0.925,600,555,45,1,0,0,0.382971736,212.5493133,0.925,600,555,45,1,0,0,0.382971736,212.5493133,0.925,600,555,45,0,0,0,0.087248178,0,0.88,0,0,0,1,,,0.101,168.165,1665,1665,0,51.615,0,,,210,-5.68E-14,90.3,3,1093.545371,0,0,0,111.1042097
128,1,129,0.1016,0,0,1093.545371,,,,0,0,1,1875,1875,0,300,62.25,0,,,287.7324316,1875,1800,75,1875,0,1,0,0,0.157919479,119.8970694,0.96,790.8636799,759.2291327,31.6345472,1,0,0,0.161260627,83.91768111,0.96,542.06816,520.3854336,21.6827264,1,0,0,0.161260627,83.91768111,0.96,542.06816,520.3854336,21.6827264,,,,637.6479399,1800,1665,135,1800,3.18E-12,1,0,0,0.382971736,212.5493133,0.925,600,555,45,1,0,0,0.382971736,212.5493133,0.925,600,555,45,1,0,0,0.382971736,212.5493133,0.925,600,555,45,0,0,0,0.087248178,0,0.88,0,0,0,1,,,0.101,168.165,1665,1665,0,51.615,0,,,210,-5.68E-14,90.3,3,1093.545371,0,0,0,111.1042097
129,1,130,0.1016,0,0,1093.545371,,,,0,0,1,1875,1875,0,300,62.25,0,,,287.7324316,1875,1800,75,1875,0,1,0,0,0.157919479,119.8970694,0.96,790.8636799,759.2291327,31.6345472,1,0,0,0.161260627,83.91768111,0.96,542.06816,520.3854336,21.6827264,1,0,0,0.161260627,83.91768111,0.96,542.06816,520.3854336,21.6827264,,,,637.6479399,1800,1665,135,1800,3.18E-12,1,0,0,0.382971736,212.5493133,0.925,600,555,45,1,0,0,0.382971736,212.5493133,0.925,600,555,45,1,0,0,0.382971736,212.5493133,0.925,600,555,45,0,0,0,0.087248178,0,0.88,0,0,0,1,,,0.101,168.165,1665,1665,0,51.615,0,,,210,-5.68E-14,90.3,3,1093.545371,0,0,0,111.1042097
130,1,131,0.1016,0,0,1093.545371,,,,0,0,1,1875,1875,0,300,62.25,0,,,287.7324316,1875,1800,75,1875,0,1,0,0,0.157919479,119.8970694,0.96,790.8636799,759.2291327,31.6345472,1,0,0,0.161260627,83.91768111,0.96,542.06816,520.3854336,21.6827264,1,0,0,0.161260627,83.91768111,0.96,542.06816,520.3854336,21.6827264,,,,637.6479399,1800,1665,135,1800,3.18E-12,1,0,0,0.382971736,212.5493133,0.925,600,555,45,1,0,0,0.382971736,212.5493133,0.925,600,555,45,1,0,0,0.382971736,212.5493133,0.925,600,555,45,0,0,0,0.087248178,0,0.88,0,0,0,1,,,0.101,168.165,1665,1665,0,51.615,0,,,210,-5.68E-14,90.3,3,1093.545371,0,0,0,111.1042097
131,1,132,0.1016,0,0,1093.545371,,,,0,0,1,1875,1875,0,300,62.25,0,,,287.7324316,1875,1800,75,1875,0,1,0,0,0.157919479,119.8970694,0.96,790.8636799,759.2291327,31.6345472,1,0,0,0.161260627,83.91768111,0.96,542.06816,520.3854336,21.6827264,1,0,0,0.161260627,83.91768111,0.96,542.06816,520.3854336,21.6827264,,,,637.6479399,1800,1665,135,1800,3.18E-12,1,0,0,0.382971736,212.5493133,0.925,600,555,45,1,0,0,0.382971736,212.5493133,0.925,600,555,45,1,0,0,0.382971736,212.5493133,0.925,600,555,45,0,0,0,0.087248178,0,0.88,0,0,0,1,,,0.101,168.165,1665,1665,0,51.615,0,,,210,-5.68E-14,90.3,3,1093.545371,0,0,0,111.1042097
132,1,133,0.1016,0,0,1093.545371,,,,0,0,1,1875,1875,0,300,62.25,0,,,287.7324316,1875,1800,75,1875,0,1,0,0,0.157919479,119.8970694,0.96,790.8636799,759.2291327,31.6345472,1,0,0,0.161260627,83.91768111,0.96,542.06816,520.3854336,21.6827264,1,0,0,0.161260627,83.91768111,0.96,542.06816,520.3854336,21.6827264,,,,637.6479399,1800,1665,135,1800,3.18E-12,1,0,0,0.382971736,212.5493133,0.925,600,555,45,1,0,0,0.382971736,212.5493133,0.925,600,555,45,1,0,0,0.382971736,212.5493133,0.925,600,555,45,0,0,0,0.087248178,0,0.88,0,0,0,1,,,0.101,168.165,1665,1665,0,51.615,0,,,210,-5.68E-14,90.3,3,1093.545371,0,0,0,111.1042097
133,1,134,0.1016,0,0,1093.545371,,,,0,0,1,1875,1875,0,300,62.25,0,,,287.7324316,1875,1800,75,1875,0,1,0,0,0.157919479,119.8970694,0.96,790.8636799,759.2291327,31.6345472,1,0,0,0.161260627,83.91768111,0.96,542.06816,520.3854336,21.6827264,1,0,0,0.161260627,83.91768111,0.96,542.06816,520.3854336,21.6827264,,,,637.6479399,1800,1665,135,1800,3.18E-12,1,0,0,0.382971736,212.5493133,0.925,600,555,45,1,0,0,0.382971736,212.5493133,0.925,600,555,45,1,0,0,0.382971736,212.5493133,0.925,600,555,45,0,0,0,0.087248178,0,0.88,0,0,0,1,,,0.101,168.165,1665,1665,0,51.615,0,,,210,-5.68E-14,90.3,3,1093.545371,0,0,0,111.1042097
134,1,135,0.1016,0,0,1093.545371,,,,0,0,1,1875,1875,0,300,62.25,0,,,287.7324316,1875,1800,75,1875,0,1,0,0,0.157919479,119.8970694,0.96,790.8636799,759.2291327,31.6345472,1,0,0,0.161260627,83.91768111,0.96,542.06816,520.3854336,21.6827264,1,0,0,0.161260627,83.91768111,0.96,542.06816,520.3854336,21.6827264,,,,637.6479399,1800,1665,135,1800,3.18E-12,1,0,0,0.382971736,212.5493133,0.925,600,555,45,1,0,0,0.382971736,212.5493133,0.925,600,555,45,1,0,0,0.382971736,212.5493133,0.925,600,555,45,0,0,0,0.087248178,0,0.88,0,0,0,1,,,0.101,168.165,1665,1665,0,51.615,0,,,210,-5.68E-14,90.3,3,1093.545371,0,0,0,111.1042097
135,1,136,0.1016,0,0,1093.545371,,,,0,0,1,1875,1875,0,300,62.25,0,,,287.7324316,1875,1800,75,1875,0,1,0,0,0.157919479,119.8970694,0.96,790.8636799,759.2291327,31.6345472,1,0,0,0.161260627,83.91768111,0.96,542.06816,520.3854336,21.6827264,1,0,0,0.161260627,83.91768111,0.96,542.06816,520.3854336,21.6827264,,,,637.6479399,1800,1665,135,1800,3.18E-12,1,0,0,0.382971736,212.5493133,0.925,600,555,45,1,0,0,0.382971736,212.5493133,0.925,600,555,45,1,0,0,0.382971736,212.5493133,0.925,600,555,45,0,0,0,0.087248178,0,0.88,0,0,0,1,,,0.101,168.165,1665,1665,0,51.615,0,,,210,-5.68E-14,90.3,3,1093.545371,0,0,0,111.1042097
136,1,137,0.1016,0,0,1093.545371,,,,0,0,1,1875,1875,0,300,62.25,0,,,287.7324316,1875,1800,75,1875,0,1,0,0,0.157919479,119.8970694,0.96,790.8636799,759.2291327,31.6345472,1,0,0,0.161260627,83.91768111,0.96,542.06816,520.3854336,21.6827264,1,0,0,0.161260627,83.91768111,0.96,542.06816,520.3854336,21.6827264,,,,637.6479399,1800,1665,135,1800,3.41E-12,1,0,0,0.382971736,212.5493133,0.925,600,555,45,1,0,0,0.382971736,212.5493133,0.925,600,555,45,1,0,0,0.382971736,212.5493133,0.925,600,555,45,0,0,0,0.087248178,0,0.88,0,0,0,1,,,0.101,168.165,1665,1665,0,51.615,0,,,210,-5.68E-14,90.3,3,1093.545371,0,0,0,111.1042097
137,1,138,0.13994,0,0,1093.545371,,,,0,0,1,1875,1875,0,300,62.25,0,,,287.7324316,1875,1800,75,1875,0,1,0,0,0.157919479,119.8970694,0.96,790.8636799,759.2291327,31.6345472,1,0,0,0.161260627,83.91768111,0.96,542.06816,520.3854336,21.6827264,1,0,0,0.161260627,83.91768111,0.96,542.06816,520.3854336,21.6827264,,,,637.6479399,1800,1665,135,1800,3.41E-12,1,0,0,0.382971736,212.5493133,0.925,600,555,45,1,0,0,0.382971736,212.5493133,0.925,600,555,45,1,0,0,0.382971736,212.5493133,0.925,600,555,45,0,0,0,0.087248178,0,0.88,0,0,0,1,,,0.101,168.165,1665,1665,0,51.615,0,,,210,-5.68E-14,90.3,3,1093.545371,0,0,0,153.0307393
138,1,139,0.13994,0,0,1093.545371,,,,0,0,1,1875,1875,0,300,62.25,0,,,287.7324316,1875,1800,75,1875,0,1,0,0,0.157919479,119.8970694,0.96,790.8636799,759.2291327,31.6345472,1,0,0,0.161260627,83.91768111,0.96,542.06816,520.3854336,21.6827264,1,0,0,0.161260627,83.91768111,0.96,542.06816,520.3854336,21.6827264,,,,637.6479399,1800,1665,135,1800,3.41E-12,1,0,0,0.382971736,212.5493133,0.925,600,555,45,1,0,0,0.382971736,212.5493133,0.925,600,555,45,1,0,0,0.382971736,212.5493133,0.925,600,555,45,0,0,0,0.087248178,0,0.88,0,0,0,1,,,0.101,168.165,1665,1665,0,51.615,0,,,210,-5.68E-14,90.3,3,1093.545371,0,0,0,153.0307393
139,1,140,0.13994,0,0,1093.545371,,,,0,0,1,1875,1875,0,300,62.25,0,,,287.7324316,1875,1800,75,1875,0,1,0,0,0.157919479,119.8970694,0.96,790.8636799,759.2291327,31.6345472,1,0,0,0.161260627,83.91768111,0.96,542.06816,520.3854336,21.6827264,1,0,0,0.161260627,83.91768111,0.96,542.06816,520.3854336,21.6827264,,,,637.6479399,1800,1665,135,1800,3.41E-12,1,0,0,0.382971736,212.5493133,0.925,600,555,45,1,0,0,0.382971736,212.5493133,0.925,600,555,45,1,0,0,0.382971736,212.5493133,0.925,600,555,45,0,0,0,0.087248178,0,0.88,0,0,0,1,,,0.101,168.165,1665,1665,0,51.615,0,,,210,-5.68E-14,90.3,3,1093.545371,0,0,0,153.0307393
140,1,141,0.13994,0,0,1093.545371,,,,0,0,1,1875,1875,0,300,62.25,0,,,287.7324316,1875,1800,75,1875,0,1,0,0,0.157919479,119.8970694,0.96,790.8636799,759.2291327,31.6345472,1,0,0,0.161260627,83.91768111,0.96,542.06816,520.3854336,21.6827264,1,0,0,0.161260627,83.91768111,0.96,542.06816,520.3854336,21.6827264,,,,637.6479399,1800,1665,135,1800,3.41E-12,1,0,0,0.382971736,212.5493133,0.925,600,555,45,1,0,0,0.382971736,212.5493133,0.925,600,555,45,1,0,0,0.382971736,212.5493133,0.925,600,555,45,0,0,0,0.087248178,0,0.88,0,0,0,1,,,0.101,168.165,1665,1665,0,51.615,0,,,210,-5.68E-14,90.3,3,1093.545371,0,0,0,153.0307393
141,1,142,0.13994,0,0,1093.545371,,,,0,0,1,1875,1875,0,300,62.25,0,,,287.7324316,1875,1800,75,1875,0,1,0,0,0.157919479,119.8970694,0.96,790.8636799,759.2291327,31.6345472,1,0,0,0.161260627,83.91768111,0.96,542.06816,520.3854336,21.6827264,1,0,0,0.161260627,83.91768111,0.96,542.06816,520.3854336,21.6827264,,,,637.6479399,1800,1665,135,1800,3.18E-12,1,0,0,0.382971736,212.5493133,0.925,600,555,45,1,0,0,0.382971736,212.5493133,0.925,600,555,45,1,0,0,0.382971736,212.5493133,0.925,600,555,45,0,0,0,0.087248178,0,0.88,0,0,0,1,,,0.101,168.165,1665,1665,0,51.615,0,,,210,-5.68E-14,90.3,3,1093.545371,0,0,0,153.0307393
142,1,143,0.1016,0,0,1093.545371,,,,0,0,1,1875,1875,0,300,62.25,0,,,287.7324316,1875,1800,75,1875,0,1,0,0,0.157919479,119.8970694,0.96,790.8636799,759.2291327,31.6345472,1,0,0,0.161260627,83.91768111,0.96,542.06816,520.3854336,21.6827264,1,0,0,0.161260627,83.91768111,0.96,542.06816,520.3854336,21.6827264,,,,637.6479399,1800,1665,135,1800,3.18E-12,1,0,0,0.382971736,212.5493133,0.925,600,555,45,1,0,0,0.382971736,212.5493133,0.925,600,555,45,1,0,0,0.382971736,212.5493133,0.925,600,555,45,0,0,0,0.087248178,0,0.88,0,0,0,1,,,0.101,168.165,1665,1665,0,51.615,0,,,210,-5.68E-14,90.3,3,1093.545371,0,0,0,111.1042097
143,1,144,0.1016,0,0,1093.545371,,,,0,0,1,1875,1875,0,300,62.25,0,,,287.7324316,1875,1800,75,1875,0,1,0,0,0.157919479,119.8970694,0.96,790.8636799,759.2291327,31.6345472,1,0,0,0.161260627,83.91768111,0.96,542.06816,520.3854336,21.6827264,1,0,0,0.161260627,83.91768111,0.96,542.06816,520.3854336,21.6827264,,,,637.6479399,1800,1665,135,1800,3.18E-12,1,0,0,0.382971736,212.5493133,0.925,600,555,45,1,0,0,0.382971736,212.5493133,0.925,600,555,45,1,0,0,0.382971736,212.5493133,0.925,600,555,45,0,0,0,0.087248178,0,0.88,0,0,0,1,,,0.101,168.165,1665,1665,0,51.615,0,,,210,-5.68E-14,90.3,3,1093.545371,0,0,0,111.1042097
144,1,145,0.1016,0,0,1093.545371,,,,0,0,1,1875,1875,0,300,62.25,0,,,287.7324316,1875,1800,75,1875,0,1,0,0,0.157919479,119.8970694,0.96,790.8636799,759.2291327,31.6345472,1,0,0,0.161260627,83.91768111,0.96,542.06816,520.3854336,21.6827264,1,0,0,0.161260627,83.91768111,0.96,542.06816,520.3854336,21.6827264,,,,637.6479399,1800,1665,135,1800,3.18E-12,1,0,0,0.382971736,212.5493133,0.925,600,555,45,1,0,0,0.382971736,212.5493133,0.925,600,555,45,1,0,0,0.382971736,212.5493133,0.925,600,555,45,0,0,0,0.087248178,0,0.88,0,0,0,1,,,0.101,168.165,1665,1665,0,51.615,0,,,210,-5.68E-14,90.3,3,1093.545371,0,0,0,111.1042097
145,1,146,0.1016,0,0,1093.545371,,,,0,0,1,1875,1875,0,300,62.25,0,,,287.7324316,1875,1800,75,1875,0,1,0,0,0.157919479,119.8970694,0.96,790.8636799,759.2291327,31.6345472,1,0,0,0.161260627,83.91768111,0.96,542.06816,520.3854336,21.6827264,1,0,0,0.161260627,83.91768111,0.96,542.06816,520.3854336,21.6827264,,,,637.6479399,1800,1665,135,1800,3.18E-12,1,0,0,0.382971736,212.5493133,0.925,600,555,45,1,0,0,0.382971736,212.5493133,0.925,600,555,45,1,0,0,0.382971736,212.5493133,0.925,600,555,45,0,0,0,0.087248178,0,0.88,0,0,0,1,,,0.101,168.165,1665,1665,0,51.615,0,,,210,-5.68E-14,90.3,3,1093.545371,0,0,0,111.1042097
146,1,147,0.1016,0,0,1093.545371,,,,0,0,1,1875,1875,0,300,62.25,0,,,287.7324316,1875,1800,75,1875,0,1,0,0,0.157919479,119.8970694,0.96,790.8636799,759.2291327,31.6345472,1,0,0,0.161260627,83.91768111,0.96,542.06816,520.3854336,21.6827264,1,0,0,0.161260627,83.91768111,0.96,542.06816,520.3854336,21.6827264,,,,637.6479399,1800,1665,135,1800,3.18E-12,1,0,0,0.382971736,212.5493133,0.925,600,555,45,1,0,0,0.382971736,212.5493133,0.925,600,555,45,1,0,0,0.382971736,212.5493133,0.925,600,555,45,0,0,0,0.087248178,0,0.88,0,0,0,1,,,0.101,168.165,1665,1665,0,51.615,0,,,210,-5.68E-14,90.3,3,1093.545371,0,0,0,111.1042097
147,1,148,0.1016,0,0,1093.545371,,,,0,0,1,1875,1875,0,300,62.25,0,,,287.7324316,1875,1800,75,1875,0,1,0,0,0.157919479,119.8970694,0.96,790.8636799,759.2291327,31.6345472,1,0,0,0.161260627,83.91768111,0.96,542.06816,520.3854336,21.6827264,1,0,0,0.161260627,83.91768111,0.96,542.06816,520.3854336,21.6827264,,,,637.6479399,1800,1665,135,1800,3.18E-12,1,0,0,0.382971736,212.5493133,0.925,600,555,45,1,0,0,0.382971736,212.5493133,0.925,600,555,45,1,0,0,0.382971736,212.5493133,0.925,600,555,45,0,0,0,0.087248178,0,0.88,0,0,0,1,,,0.101,168.165,1665,1665,0,51.615,0,,,210,-5.68E-14,90.3,3,1093.545371,0,0,0,111.1042097
148,1,149,0.1016,0,0,1093.545371,,,,0,0,1,1875,1875,0,300,62.25,0,,,287.7324316,1875,1800,75,1875,0,1,0,0,0.157919479,119.8970694,0.96,790.8636799,759.2291327,31.6345472,1,0,0,0.161260627,83.91768111,0.96,542.06816,520.3854336,21.6827264,1,0,0,0.161260627,83.91768111,0.96,542.06816,520.3854336,21.6827264,,,,637.6479399,1800,1665,135,1800,3.18E-12,1,0,0,0.382971736,212.5493133,0.925,600,555,45,1,0,0,0.382971736,212.5493133,0.925,600,555,45,1,0,0,0.382971736,212.5493133,0.925,600,555,45,0,0,0,0.087248178,0,0.88,0,0,0,1,,,0.101,168.165,1665,1665,0,51.615,0,,,210,-5.68E-14,90.3,3,1093.545371,0,0,0,111.1042097
149,1,150,0.1016,0,0,1093.545371,,,,0,0,1,1875,1875,0,300,62.25,0,,,287.7324316,1875,1800,75,1875,0,1,0,0,0.157919479,119.8970694,0.96,790.8636799,759.2291327,31.6345472,1,0,0,0.161260627,83.91768111,0.96,542.06816,520.3854336,21.6827264,1,0,0,0.161260627,83.91768111,0.96,542.06816,520.3854336,21.6827264,,,,637.6479399,1800,1665,135,1800,3.18E-12,1,0,0,0.382971736,212.5493133,0.925,600,555,45,1,0,0,0.382971736,212.5493133,0.925,600,555,45,1,0,0,0.382971736,212.5493133,0.925,600,555,45,0,0,0,0.087248178,0,0.88,0,0,0,1,,,0.101,168.165,1665,1665,0,51.615,0,,,210,-5.68E-14,90.3,3,1093.545371,0,0,0,111.1042097
150,1,151,0.1016,0,0,1093.545371,,,,0,0,1,1875,1875,0,300,62.25,0,,,287.7324316,1875,1800,75,1875,0,1,0,0,0.157919479,119.8970694,0.96,790.8636799,759.2291327,31.6345472,1,0,0,0.161260627,83.91768111,0.96,542.06816,520.3854336,21.6827264,1,0,0,0.161260627,83.91768111,0.96,542.06816,520.3854336,21.6827264,,,,637.6479399,1800,1665,135,1800,3.18E-12,1,0,0,0.382971736,212.5493133,0.925,600,555,45,1,0,0,0.382971736,212.5493133,0.925,600,555,45,1,0,0,0.382971736,212.5493133,0.925,600,555,45,0,0,0,0.087248178,0,0.88,0,0,0,1,,,0.101,168.165,1665,1665,0,51.615,0,,,210,-5.68E-14,90.3,3,1093.545371,0,0,0,111.1042097
151,1,152,0.1016,0,0,1093.545371,,,,0,0,1,1875,1875,0,300,62.25,0,,,287.7324316,1875,1800,75,1875,0,1,0,0,0.157919479,119.8970694,0.96,790.8636799,759.2291327,31.6345472,1,0,0,0.161260627,83.91768111,0.96,542.06816,520.3854336,21.6827264,1,0,0,0.161260627,83.91768111,0.96,542.06816,520.3854336,21.6827264,,,,637.6479399,1800,1665,135,1800,3.18E-12,1,0,0,0.382971736,212.5493133,0.925,600,555,45,1,0,0,0.382971736,212.5493133,0.925,600,555,45,1,0,0,0.382971736,212.5493133,0.925,600,555,45,0,0,0,0.087248178,0,0.88,0,0,0,1,,,0.101,168.165,1665,1665,0,51.615,0,,,210,-5.68E-14,90.3,3,1093.545371,0,0,0,111.1042097
152,1,153,0.1016,0,0,1093.545371,,,,0,0,1,1875,1875,0,300,62.25,0,,,287.7324316,1875,1800,75,1875,0,1,0,0,0.157919479,119.8970694,0.96,790.8636799,759.2291327,31.6345472,1,0,0,0.161260627,83.91768111,0.96,542.06816,520.3854336,21.6827264,1,0,0,0.161260627,83.91768111,0.96,542.06816,520.3854336,21.6827264,,,,637.6479399,1800,1665,135,1800,3.18E-12,1,0,0,0.382971736,212.5493133,0.925,600,555,45,1,0,0,0.382971736,212.5493133,0.925,600,555,45,1,0,0,0.382971736,212.5493133,0.925,600,555,45,0,0,0,0.087248178,0,0.88,0,0,0,1,,,0.101,168.165,1665,1665,0,51.615,0,,,210,-5.68E-14,90.3,3,1093.545371,0,0,0,111.1042097
153,1,154,0.1016,0,0,1093.545371,,,,0,0,1,1875,1875,0,300,62.25,0,,,287.7324316,1875,1800,75,1875,0,1,0,0,0.157919479,119.8970694,0.96,790.8636799,759.2291327,31.6345472,1,0,0,0.161260627,83.91768111,0.96,542.06816,520.3854336,21.6827264,1,0,0,0.161260627,83.91768111,0.96,542.06816,520.3854336,21.6827264,,,,637.6479399,1800,1665,135,1800,3.18E-12,1,0,0,0.382971736,212.5493133,0.925,600,555,45,1,0,0,0.382971736,212.5493133,0.925,600,555,45,1,0,0,0.382971736,212.5493133,0.925,600,555,45,0,0,0,0.087248178,0,0.88,0,0,0,1,,,0.101,168.165,1665,1665,0,51.615,0,,,210,-5.68E-14,90.3,3,1093.545371,0,0,0,111.1042097
154,1,155,0.1016,0,0,1093.545371,,,,0,0,1,1875,1875,0,300,62.25,0,,,287.7324316,1875,1800,75,1875,0,1,0,0,0.157919479,119.8970694,0.96,790.8636799,759.2291327,31.6345472,1,0,0,0.161260627,83.91768111,0.96,542.06816,520.3854336,21.6827264,1,0,0,0.161260627,83.91768111,0.96,542.06816,520.3854336,21.6827264,,,,637.6479399,1800,1665,135,1800,3.18E-12,1,0,0,0.382971736,212.5493133,0.925,600,555,45,1,0,0,0.382971736,212.5493133,0.925,600,555,45,1,0,0,0.382971736,212.5493133,0.925,600,555,45,0,0,0,0.087248178,0,0.88,0,0,0,1,,,0.101,168.165,1665,1665,0,51.615,0,,,210,-5.68E-14,90.3,3,1093.545371,0,0,0,111.1042097
155,1,156,0.1016,0,0,1093.545371,,,,0,0,1,1875,1875,0,300,62.25,0,,,287.7324316,1875,1800,75,1875,0,1,0,0,0.157919479,119.8970694,0.96,790.8636799,759.2291327,31.6345472,1,0,0,0.161260627,83.91768111,0.96,542.06816,520.3854336,21.6827264,1,0,0,0.161260627,83.91768111,0.96,542.06816,520.3854336,21.6827264,,,,637.6479399,1800,1665,135,1800,3.18E-12,1,0,0,0.382971736,212.5493133,0.925,600,555,45,1,0,0,0.382971736,212.5493133,0.925,600,555,45,1,0,0,0.382971736,212.5493133,0.925,600,555,45,0,0,0,0.087248178,0,0.88,0,0,0,1,,,0.101,168.165,1665,1665,0,51.615,0,,,210,-5.68E-14,90.3,3,1093.545371,0,0,0,111.1042097
156,1,157,0.1016,0,0,1093.545371,,,,0,0,1,1875,1875,0,300,62.25,0,,,287.7324316,1875,1800,75,1875,0,1,0,0,0.157919479,119.8970694,0.96,790.8636799,759.2291327,31.6345472,1,0,0,0.161260627,83.91768111,0.96,542.06816,520.3854336,21.6827264,1,0,0,0.161260627,83.91768111,0.96,542.06816,520.3854336,21.6827264,,,,637.6479399,1800,1665,135,1800,3.18E-12,1,0,0,0.382971736,212.5493133,0.925,600,555,45,1,0,0,0.382971736,212.5493133,0.925,600,555,45,1,0,0,0.382971736,212.5493133,0.925,600,555,45,0,0,0,0.087248178,0,0.88,0,0,0,1,,,0.101,168.165,1665,1665,0,51.615,0,,,210,-5.68E-14,90.3,3,1093.545371,0,0,0,111.1042097
157,1,158,0.1016,0,0,1093.545371,,,,0,0,1,1875,1875,0,300,62.25,0,,,287.7324316,1875,1800,75,1875,0,1,0,0,0.157919479,119.8970694,0.96,790.8636799,759.2291327,31.6345472,1,0,0,0.161260627,83.91768111,0.96,542.06816,520.3854336,21.6827264,1,0,0,0.161260627,83.91768111,0.96,542.06816,520.3854336,21.6827264,,,,637.6479399,1800,1665,135,1800,3.18E-12,1,0,0,0.382971736,212.5493133,0.925,600,555,45,1,0,0,0.382971736,212.5493133,0.925,600,555,45,1,0,0,0.382971736,212.5493133,0.925,600,555,45,0,0,0,0.087248178,0,0.88,0,0,0,1,,,0.101,168.165,1665,1665,0,51.615,0,,,210,-5.68E-14,90.3,3,1093.545371,0,0,0,111.1042097
158,1,159,0.1016,0,0,1093.545371,,,,0,0,1,1875,1875,0,300,62.25,0,,,287.7324316,1875,1800,75,1875,0,1,0,0,0.157919479,119.8970694,0.96,790.8636799,759.2291327,31.6345472,1,0,0,0.161260627,83.91768111,0.96,542.06816,520.3854336,21.6827264,1,0,0,0.161260627,83.91768111,0.96,542.06816,520.3854336,21.6827264,,,,637.6479399,1800,1665,135,1800,3.18E-12,1,0,0,0.382971736,212.5493133,0.925,600,555,45,1,0,0,0.382971736,212.5493133,0.925,600,555,45,1,0,0,0.382971736,212.5493133,0.925,600,555,45,0,0,0,0.087248178,0,0.88,0,0,0,1,,,0.101,168.165,1665,1665,0,51.615,0,,,210,-5.68E-14,90.3,3,1093.545371,0,0,0,111.1042097
159,1,160,0.1016,0,0,1093.545371,,,,0,0,1,1875,1875,0,300,62.25,0,,,287.7324316,1875,1800,75,1875,0,1,0,0,0.157919479,119.8970694,0.96,790.8636799,759.2291327,31.6345472,1,0,0,0.161260627,83.91768111,0.96,542.06816,520.3854336,21.6827264,1,0,0,0.161260627,83.91768111,0.96,542.06816,520.3854336,21.6827264,,,,637.6479399,1800,1665,135,1800,3.18E-12,1,0,0,0.382971736,212.5493133,0.925,600,555,45,1,0,0,0.382971736,212.5493133,0.925,600,555,45,1,0,0,0.382971736,212.5493133,0.925,600,555,45,0,0,0,0.087248178,0,0.88,0,0,0,1,,,0.101,168.165,1665,1665,0,51.615,0,,,210,-5.68E-14,90.3,3,1093.545371,0,0,0,111.1042097
160,1,161,0.1016,0,0,1093.545371,,,,0,0,1,1875,1875,0,300,62.25,0,,,287.7324316,1875,1800,75,1875,0,1,0,0,0.157919479,119.8970694,0.96,790.8636799,759.2291327,31.6345472,1,0,0,0.161260627,83.91768111,0.96,542.06816,520.3854336,21.6827264,1,0,0,0.161260627,83.91768111,0.96,542.06816,520.3854336,21.6827264,,,,637.6479399,1800,1665,135,1800,3.18E-12,1,0,0,0.382971736,212.5493133,0.925,600,555,45,1,0,0,0.382971736,212.5493133,0.925,600,555,45,1,0,0,0.382971736,212.5493133,0.925,600,555,45,0,0,0,0.087248178,0,0.88,0,0,0,1,,,0.101,168.165,1665,1665,0,51.615,0,,,210,-5.68E-14,90.3,3,1093.545371,0,0,0,111.1042097
161,1,162,0.13994,0,0,1093.545371,,,,0,0,1,1875,1875,0,300,62.25,0,,,287.7324316,1875,1800,75,1875,0,1,0,0,0.157919479,119.8970694,0.96,790.8636799,759.2291327,31.6345472,1,0,0,0.161260627,83.91768111,0.96,542.06816,520.3854336,21.6827264,1,0,0,0.161260627,83.91768111,0.96,542.06816,520.3854336,21.6827264,,,,637.6479399,1800,1665,135,1800,3.18E-12,1,0,0,0.382971736,212.5493133,0.925,600,555,45,1,0,0,0.382971736,212.5493133,0.925,600,555,45,1,0,0,0.382971736,212.5493133,0.925,600,555,45,0,0,0,0.087248178,0,0.88,0,0,0,1,,,0.101,168.165,1665,1665,0,51.615,0,,,210,-5.68E-14,90.3,3,1093.545371,0,0,0,153.0307393
162,1,163,0.13994,0,0,1093.545371,,,,0,0,1,1875,1875,0,300,62.25,0,,,287.7324316,1875,1800,75,1875,0,1,0,0,0.157919479,119.8970694,0.96,790.8636799,759.2291327,31.6345472,1,0,0,0.161260627,83.91768111,0.96,542.06816,520.3854336,21.6827264,1,0,0,0.161260627,83.91768111,0.96,542.06816,520.3854336,21.6827264,,,,637.6479399,1800,1665,135,1800,3.18E-12,1,0,0,0.382971736,212.5493133,0.925,600,555,45,1,0,0,0.382971736,212.5493133,0.925,600,555,45,1,0,0,0.382971736,212.5493133,0.925,600,555,45,0,0,0,0.087248178,0,0.88,0,0,0,1,,,0.101,168.165,1665,1665,0,51.615,0,,,210,-5.68E-14,90.3,3,1093.545371,0,0,0,153.0307393
163,1,164,0.13994,0,0,1093.545371,,,,0,0,1,1875,1875,0,300,62.25,0,,,287.7324316,1875,1800,75,1875,0,1,0,0,0.157919479,119.8970694,0.96,790.8636799,759.2291327,31.6345472,1,0,0,0.161260627,83.91768111,0.96,542.06816,520.3854336,21.6827264,1,0,0,0.161260627,83.91768111,0.96,542.06816,520.3854336,21.6827264,,,,637.6479399,1800,1665,135,1800,3.18E-12,1,0,0,0.382971736,212.5493133,0.925,600,555,45,1,0,0,0.382971736,212.5493133,0.925,600,555,45,1,0,0,0.382971736,212.5493133,0.925,600,555,45,0,0,0,0.087248178,0,0.88,0,0,0,1,,,0.101,168.165,1665,1665,0,51.615,0,,,210,-5.68E-14,90.3,3,1093.545371,0,0,0,153.0307393
164,1,165,0.13994,0,0,1093.545371,,,,0,0,1,1875,1875,0,300,62.25,0,,,287.7324316,1875,1800,75,1875,0,1,0,0,0.157919479,119.8970694,0.96,790.8636799,759.2291327,31.6345472,1,0,0,0.161260627,83.91768111,0.96,542.06816,520.3854336,21.6827264,1,0,0,0.161260627,83.91768111,0.96,542.06816,520.3854336,21.6827264,,,,637.6479399,1800,1665,135,1800,3.18E-12,1,0,0,0.382971736,212.5493133,0.925,600,555,45,1,0,0,0.382971736,212.5493133,0.925,600,555,45,1,0,0,0.382971736,212.5493133,0.925,600,555,45,0,0,0,0.087248178,0,0.88,0,0,0,1,,,0.101,168.165,1665,1665,0,51.615,0,,,210,-5.68E-14,90.3,3,1093.545371,0,0,0,153.0307393
165,1,166,0.13994,0,0,1093.545371,,,,0,0,1,1875,1875,0,300,62.25,0,,,287.7324316,1875,1800,75,1875,0,1,0,0,0.157919479,119.8970694,0.96,790.8636799,759.2291327,31.6345472,1,0,0,0.161260627,83.91768111,0.96,542.06816,520.3854336,21.6827264,1,0,0,0.161260627,83.91768111,0.96,542.06816,520.3854336,21.6827264,,,,637.6479399,1800,1665,135,1800,3.18E-12,1,0,0,0.382971736,212.5493133,0.925,600,555,45,1,0,0,0.382971736,212.5493133,0.925,600,555,45,1,0,0,0.382971736,212.5493133,0.925,600,555,45,0,0,0,0.087248178,0,0.88,0,0,0,1,,,0.101,168.165,1665,1665,0,51.615,0,,,210,-5.68E-14,90.3,3,1093.545371,0,0,0,153.0307393
166,1,167,0.1016,0,0,1093.545371,,,,0,0,1,1875,1875,0,300,62.25,0,,,287.7324316,1875,1800,75,1875,0,1,0,0,0.157919479,119.8970694,0.96,790.8636799,759.2291327,31.6345472,1,0,0,0.161260627,83.91768111,0.96,542.06816,520.3854336,21.6827264,1,0,0,0.161260627,83.91768111,0.96,542.06816,520.3854336,21.6827264,,,,637.6479399,1800,1665,135,1800,3.18E-12,1,0,0,0.382971736,212.5493133,0.925,600,555,45,1,0,0,0.382971736,212.5493133,0.925,600,555,45,1,0,0,0.382971736,212.5493133,0.925,600,555,45,0,0,0,0.087248178,0,0.88,0,0,0,1,,,0.101,168.165,1665,1665,0,51.615,0,,,210,-5.68E-14,90.3,3,1093.545371,0,0,0,111.1042097
167,1,168,0.1016,0,0,1093.545371,,,,0,0,1,1875,1875,0,300,62.25,0,,,287.7324316,1875,1800,75,1875,0,1,0,0,0.157919479,119.8970694,0.96,790.8636799,759.2291327,31.6345472,1,0,0,0.161260627,83.91768111,0.96,542.06816,520.3854336,21.6827264,1,0,0,0.161260627,83.91768111,0.96,542.06816,520.3854336,21.6827264,,,,637.6479399,1800,1665,135,1800,3.18E-12,1,0,0,0.382971736,212.5493133,0.925,600,555,45,1,0,0,0.382971736,212.5493133,0.925,600,555,45,1,0,0,0.382971736,212.5493133,0.925,600,555,45,0,0,0,0.087248178,0,0.88,0,0,0,1,,,0.101,168.165,1665,1665,0,51.615,0,,,210,-5.68E-14,90.3,3,1093.545371,0,0,0,111.1042097
