,Day,Time,LMP,peak_hour,working_hour,bypass_pretreatment_flow,power_from_grid,intake.op_mode,intake.startup,intake.shutdown,intake.energy_intensity,intake.power_consumption,intake.recovery,intake.feed_flowrate,intake.product_flowrate,intake.reject_flowrate,intake.feed_cost,intake.chemical_cost,pretreatment.op_mode,pretreatment.startup,pretreatment.shutdown,pretreatment.power_consumption,pretreatment.feed_flowrate,pretreatment.product_flowrate,pretreatment.reject_flowrate,pretreatment.inlet_flowrate,pretreatment.leftover_flow,pretreatment.uf_pumps[1].op_mode,pretreatment.uf_pumps[1].startup,pretreatment.uf_pumps[1].shutdown,pretreatment.uf_pumps[1].energy_intensity,pretreatment.uf_pumps[1].power_consumption,pretreatment.uf_pumps[1].recovery,pretreatment.uf_pumps[1].feed_flowrate,pretreatment.uf_pumps[1].product_flowrate,pretreatment.uf_pumps[1].reject_flowrate,pretreatment.uf_pumps[2].op_mode,pretreatment.uf_pumps[2].startup,pretreatment.uf_pumps[2].shutdown,pretreatment.uf_pumps[2].energy_intensity,pretreatment.uf_pumps[2].power_consumption,pretreatment.uf_pumps[2].recovery,pretreatment.uf_pumps[2].feed_flowrate,pretreatment.uf_pumps[2].product_flowrate,pretreatment.uf_pumps[2].reject_flowrate,pretreatment.uf_pumps[3].op_mode,pretreatment.uf_pumps[3].startup,pretreatment.uf_pumps[3].shutdown,pretreatment.uf_pumps[3].energy_intensity,pretreatment.uf_pumps[3].power_consumption,pretreatment.uf_pumps[3].recovery,pretreatment.uf_pumps[3].feed_flowrate,pretreatment.uf_pumps[3].product_flowrate,pretreatment.uf_pumps[3].reject_flowrate,reverse_osmosis.op_mode,reverse_osmosis.startup,reverse_osmosis.shutdown,reverse_osmosis.power_consumption,reverse_osmosis.feed_flowrate,reverse_osmosis.product_flowrate,reverse_osmosis.reject_flowrate,reverse_osmosis.inlet_flowrate,reverse_osmosis.leftover_flow,reverse_osmosis.ro_skid[1].op_mode,reverse_osmosis.ro_skid[1].startup,reverse_osmosis.ro_skid[1].shutdown,reverse_osmosis.ro_skid[1].energy_intensity,reverse_osmosis.ro_skid[1].power_consumption,reverse_osmosis.ro_skid[1].recovery,reverse_osmosis.ro_skid[1].feed_flowrate,reverse_osmosis.ro_skid[1].product_flowrate,reverse_osmosis.ro_skid[1].reject_flowrate,reverse_osmosis.ro_skid[2].op_mode,reverse_osmosis.ro_skid[2].startup,reverse_osmosis.ro_skid[2].shutdown,reverse_osmosis.ro_skid[2].energy_intensity,reverse_osmosis.ro_skid[2].power_consumption,reverse_osmosis.ro_skid[2].recovery,reverse_osmosis.ro_skid[2].feed_flowrate,reverse_osmosis.ro_skid[2].product_flowrate,reverse_osmosis.ro_skid[2].reject_flowrate,reverse_osmosis.ro_skid[3].op_mode,reverse_osmosis.ro_skid[3].startup,reverse_osmosis.ro_skid[3].shutdown,reverse_osmosis.ro_skid[3].energy_intensity,reverse_osmosis.ro_skid[3].power_consumption,reverse_osmosis.ro_skid[3].recovery,reverse_osmosis.ro_skid[3].feed_flowrate,reverse_osmosis.ro_skid[3].product_flowrate,reverse_osmosis.ro_skid[3].reject_flowrate,reverse_osmosis.ro_skid[4].op_mode,reverse_osmosis.ro_skid[4].startup,reverse_osmosis.ro_skid[4].shutdown,reverse_osmosis.ro_skid[4].energy_intensity,reverse_osmosis.ro_skid[4].power_consumption,reverse_osmosis.ro_skid[4].recovery,reverse_osmosis.ro_skid[4].feed_flowrate,reverse_osmosis.ro_skid[4].product_flowrate,reverse_osmosis.ro_skid[4].reject_flowrate,posttreatment.op_mode,posttreatment.startup,posttreatment.shutdown,posttreatment.energy_intensity,posttreatment.power_consumption,posttreatment.feed_flowrate,posttreatment.product_flowrate,posttreatment.reject_flowrate,posttreatment.chemical_cost,brine_discharge.op_mode,brine_discharge.startup,brine_discharge.shutdown,brine_discharge.feed_flowrate,brine_discharge.power_consumption,brine_discharge.brine_cost,num_skids_online,net_power_consumption,water_revenue,demand_response_revenue,emissions_cost,energy_cost
0,1,1,0.1016,0,0,0,1460.439565,,,,0,0,1,2501.386829,2501.386829,0,400.2218927,83.04604273,0,,,385.0703913,2501.386829,2401.331356,100.0554732,2501.386829,0,1,0,0,0.160724924,129.5341574,0.96,839.5176709,805.9369641,33.58070684,1,0,0,0.160724924,129.5341574,0.96,839.5176709,805.9369641,33.58070684,1,0,0,0.159605917,126.0020765,0.96,822.3514875,789.457428,32.8940595,,,,851.0247917,2401.331356,2221.231504,180.0998517,2401.331356,0,1,0,0,0.383185336,212.8251595,0.925,600.4437854,555.4105015,45.0332839,1,0,0,0.383185336,212.8251595,0.925,600.4437854,555.4105015,45.0332839,1,0,0,0.383185336,212.8251595,0.925,600.4437854,555.4105015,45.0332839,1,0,0,0.382971736,212.5493133,0.925,600,555,45,1,,,0.101,224.3443819,2221.231504,2221.231504,0,68.85817664,0,,,280.1553249,0,120.4667897,4,1460.439565,0,0,0,148.3806598
1,1,2,0.1016,0,0,0,1460.439565,,,,0,0,1,2501.386829,2501.386829,0,400.2218927,83.04604273,0,,,385.0703913,2501.386829,2401.331356,100.0554732,2501.386829,0,1,0,0,0.160724924,129.5341574,0.96,839.5176709,805.9369641,33.58070684,1,0,0,0.160724924,129.5341574,0.96,839.5176709,805.9369641,33.58070684,1,0,0,0.159605917,126.0020765,0.96,822.3514875,789.457428,32.8940595,,,,851.0247917,2401.331356,2221.231504,180.0998517,2401.331356,0,1,0,0,0.383185336,212.8251595,0.925,600.4437854,555.4105015,45.0332839,1,0,0,0.383185336,212.8251595,0.925,600.4437854,555.4105015,45.0332839,1,0,0,0.383185336,212.8251595,0.925,600.4437854,555.4105015,45.0332839,1,0,0,0.382971736,212.5493133,0.925,600,555,45,1,,,0.101,224.3443819,2221.231504,2221.231504,0,68.85817664,0,,,280.1553249,0,120.4667897,4,1460.439565,0,0,0,148.3806598
2,1,3,0.1016,0,0,0,1460.439565,,,,0,0,1,2501.386829,2501.386829,0,400.2218927,83.04604273,0,,,385.0703913,2501.386829,2401.331356,100.0554732,2501.386829,0,1,0,0,0.160724924,129.5341574,0.96,839.5176709,805.9369641,33.58070684,1,0,0,0.160724924,129.5341574,0.96,839.5176709,805.9369641,33.58070684,1,0,0,0.159605917,126.0020765,0.96,822.3514875,789.457428,32.8940595,,,,851.0247917,2401.331356,2221.231504,180.0998517,2401.331356,0,1,0,0,0.383185336,212.8251595,0.925,600.4437854,555.4105015,45.0332839,1,0,0,0.383185336,212.8251595,0.925,600.4437854,555.4105015,45.0332839,1,0,0,0.383185336,212.8251595,0.925,600.4437854,555.4105015,45.0332839,1,0,0,0.382971736,212.5493133,0.925,600,555,45,1,,,0.101,224.3443819,2221.231504,2221.231504,0,68.85817664,0,,,280.1553249,0,120.4667897,4,1460.439565,0,0,0,148.3806598
3,1,4,0.1016,0,0,0,1460.439565,,,,0,0,1,2501.386829,2501.386829,0,400.2218927,83.04604273,0,,,385.0703913,2501.386829,2401.331356,100.0554732,2501.386829,0,1,0,0,0.160724924,129.5341574,0.96,839.5176709,805.9369641,33.58070684,1,0,0,0.160724924,129.5341574,0.96,839.5176709,805.9369641,33.58070684,1,0,0,0.159605917,126.0020765,0.96,822.3514875,789.457428,32.8940595,,,,851.0247917,2401.331356,2221.231504,180.0998517,2401.331356,0,1,0,0,0.383185336,212.8251595,0.925,600.4437854,555.4105015,45.0332839,1,0,0,0.383185336,212.8251595,0.925,600.4437854,555.4105015,45.0332839,1,0,0,0.383185336,212.8251595,0.925,600.4437854,555.4105015,45.0332839,1,0,0,0.382971736,212.5493133,0.925,600,555,45,1,,,0.101,224.3443819,2221.231504,2221.231504,0,68.85817664,0,,,280.1553249,0,120.4667897,4,1460.439565,0,0,0,148.3806598
4,1,5,0.1016,0,0,0,1460.439565,,,,0,0,1,2501.386829,2501.386829,0,400.2218927,83.04604273,0,,,385.0703913,2501.386829,2401.331356,100.0554732,2501.386829,0,1,0,0,0.160724924,129.5341574,0.96,839.5176709,805.9369641,33.58070684,1,0,0,0.160724924,129.5341574,0.96,839.5176709,805.9369641,33.58070684,1,0,0,0.159605917,126.0020765,0.96,822.3514875,789.457428,32.8940595,,,,851.0247917,2401.331356,2221.231504,180.0998517,2401.331356,0,1,0,0,0.383185336,212.8251595,0.925,600.4437854,555.4105015,45.0332839,1,0,0,0.383185336,212.8251595,0.925,600.4437854,555.4105015,45.0332839,1,0,0,0.383185336,212.8251595,0.925,600.4437854,555.4105015,45.0332839,1,0,0,0.382971736,212.5493133,0.925,600,555,45,1,,,0.101,224.3443819,2221.231504,2221.231504,0,68.85817664,0,,,280.1553249,0,120.4667897,4,1460.439565,0,0,0,148.3806598
5,1,6,0.1016,0,0,0,1460.439565,,,,0,0,1,2501.386829,2501.386829,0,400.2218927,83.04604273,0,,,385.0703913,2501.386829,2401.331356,100.0554732,2501.386829,0,1,0,0,0.160724924,129.5341574,0.96,839.5176709,805.9369641,33.58070684,1,0,0,0.160724924,129.5341574,0.96,839.5176709,805.9369641,33.58070684,1,0,0,0.159605917,126.0020765,0.96,822.3514875,789.457428,32.8940595,,,,851.0247917,2401.331356,2221.231504,180.0998517,2401.331356,0,1,0,0,0.383185336,212.8251595,0.925,600.4437854,555.4105015,45.0332839,1,0,0,0.383185336,212.8251595,0.925,600.4437854,555.4105015,45.0332839,1,0,0,0.383185336,212.8251595,0.925,600.4437854,555.4105015,45.0332839,1,0,0,0.382971736,212.5493133,0.925,600,555,45,1,,,0.101,224.3443819,2221.231504,2221.231504,0,68.85817664,0,,,280.1553249,0,120.4667897,4,1460.439565,0,0,0,148.3806598
6,1,7,0.1016,0,0,0,1460.439565,,,,0,0,1,2501.386829,2501.386829,0,400.2218927,83.04604273,0,,,385.0703913,2501.386829,2401.331356,100.0554732,2501.386829,0,1,0,0,0.160724924,129.5341574,0.96,839.5176709,805.9369641,33.58070684,1,0,0,0.160724924,129.5341574,0.96,839.5176709,805.9369641,33.58070684,1,0,0,0.159605917,126.0020765,0.96,822.3514875,789.457428,32.8940595,,,,851.0247917,2401.331356,2221.231504,180.0998517,2401.331356,0,1,0,0,0.383185336,212.8251595,0.925,600.4437854,555.4105015,45.0332839,1,0,0,0.383185336,212.8251595,0.925,600.4437854,555.4105015,45.0332839,1,0,0,0.383185336,212.8251595,0.925,600.4437854,555.4105015,45.0332839,1,0,0,0.382971736,212.5493133,0.925,600,555,45,1,,,0.101,224.3443819,2221.231504,2221.231504,0,68.85817664,0,,,280.1553249,0,120.4667897,4,1460.439565,0,0,0,148.3806598
7,1,8,0.1016,0,0,0,1460.439565,,,,0,0,1,2501.386829,2501.386829,0,400.2218927,83.04604273,0,,,385.0703913,2501.386829,2401.331356,100.0554732,2501.386829,0,1,0,0,0.160724924,129.5341574,0.96,839.5176709,805.9369641,33.58070684,1,0,0,0.160724924,129.5341574,0.96,839.5176709,805.9369641,33.58070684,1,0,0,0.159605917,126.0020765,0.96,822.3514875,789.457428,32.8940595,,,,851.0247917,2401.331356,2221.231504,180.0998517,2401.331356,0,1,0,0,0.383185336,212.8251595,0.925,600.4437854,555.4105015,45.0332839,1,0,0,0.383185336,212.8251595,0.925,600.4437854,555.4105015,45.0332839,1,0,0,0.383185336,212.8251595,0.925,600.4437854,555.4105015,45.0332839,1,0,0,0.382971736,212.5493133,0.925,600,555,45,1,,,0.101,224.3443819,2221.231504,2221.231504,0,68.85817664,0,,,280.1553249,0,120.4667897,4,1460.439565,0,0,0,148.3806598
8,1,9,0.1016,0,0,0,1460.439565,,,,0,0,1,2501.386829,2501.386829,0,400.2218927,83.04604273,0,,,385.0703913,2501.386829,2401.331356,100.0554732,2501.386829,0,1,0,0,0.160724924,129.5341574,0.96,839.5176709,805.9369641,33.58070684,1,0,0,0.160724924,129.5341574,0.96,839.5176709,805.9369641,33.58070684,1,0,0,0.159605917,126.0020765,0.96,822.3514875,789.457428,32.8940595,,,,851.0247917,2401.331356,2221.231504,180.0998517,2401.331356,0,1,0,0,0.383185336,212.8251595,0.925,600.4437854,555.4105015,45.0332839,1,0,0,0.383185336,212.8251595,0.925,600.4437854,555.4105015,45.0332839,1,0,0,0.383185336,212.8251595,0.925,600.4437854,555.4105015,45.0332839,1,0,0,0.382971736,212.5493133,0.925,600,555,45,1,,,0.101,224.3443819,2221.231504,2221.231504,0,68.85817664,0,,,280.1553249,0,120.4667897,4,1460.439565,0,0,0,148.3806598
9,1,10,0.1016,0,1,0,1460.439565,,,,0,0,1,2501.386829,2501.386829,0,400.2218927,83.04604273,0,,,385.0703913,2501.386829,2401.331356,100.0554732,2501.386829,0,1,0,0,0.160724924,129.5341574,0.96,839.5176709,805.9369641,33.58070684,1,0,0,0.160724924,129.5341574,0.96,839.5176709,805.9369641,33.58070684,1,0,0,0.159605917,126.0020765,0.96,822.3514875,789.457428,32.8940595,,,,851.0247917,2401.331356,2221.231504,180.0998517,2401.331356,0,1,0,0,0.383185336,212.8251595,0.925,600.4437854,555.4105015,45.0332839,1,0,0,0.383185336,212.8251595,0.925,600.4437854,555.4105015,45.0332839,1,0,0,0.383185336,212.8251595,0.925,600.4437854,555.4105015,45.0332839,1,0,0,0.382971736,212.5493133,0.925,600,555,45,1,,,0.101,224.3443819,2221.231504,2221.231504,0,68.85817664,0,,,280.1553249,0,120.4667897,4,1460.439565,0,0,0,148.3806598
10,1,11,0.1016,0,1,0,1460.439565,,,,0,0,1,2501.386829,2501.386829,0,400.2218927,83.04604273,0,,,385.0703913,2501.386829,2401.331356,100.0554732,2501.386829,0,1,0,0,0.160724924,129.5341574,0.96,839.5176709,805.9369641,33.58070684,1,0,0,0.160724924,129.5341574,0.96,839.5176709,805.9369641,33.58070684,1,0,0,0.159605917,126.0020765,0.96,822.3514875,789.457428,32.8940595,,,,851.0247917,2401.331356,2221.231504,180.0998517,2401.331356,0,1,0,0,0.383185336,212.8251595,0.925,600.4437854,555.4105015,45.0332839,1,0,0,0.383185336,212.8251595,0.925,600.4437854,555.4105015,45.0332839,1,0,0,0.383185336,212.8251595,0.925,600.4437854,555.4105015,45.0332839,1,0,0,0.382971736,212.5493133,0.925,600,555,45,1,,,0.101,224.3443819,2221.231504,2221.231504,0,68.85817664,0,,,280.1553249,0,120.4667897,4,1460.439565,0,0,0,148.3806598
11,1,12,0.1016,0,1,0,1460.439565,,,,0,0,1,2501.386829,2501.386829,0,400.2218927,83.04604273,0,,,385.0703913,2501.386829,2401.331356,100.0554732,2501.386829,0,1,0,0,0.160724924,129.5341574,0.96,839.5176709,805.9369641,33.58070684,1,0,0,0.160724924,129.5341574,0.96,839.5176709,805.9369641,33.58070684,1,0,0,0.159605917,126.0020765,0.96,822.3514875,789.457428,32.8940595,,,,851.0247917,2401.331356,2221.231504,180.0998517,2401.331356,0,1,0,0,0.383185336,212.8251595,0.925,600.4437854,555.4105015,45.0332839,1,0,0,0.383185336,212.8251595,0.925,600.4437854,555.4105015,45.0332839,1,0,0,0.383185336,212.8251595,0.925,600.4437854,555.4105015,45.0332839,1,0,0,0.382971736,212.5493133,0.925,600,555,45,1,,,0.101,224.3443819,2221.231504,2221.231504,0,68.85817664,0,,,280.1553249,0,120.4667897,4,1460.439565,0,0,0,148.3806598
12,1,13,0.1016,0,1,0,1460.439565,,,,0,0,1,2501.386829,2501.386829,0,400.2218927,83.04604273,0,,,385.0703913,2501.386829,2401.331356,100.0554732,2501.386829,0,1,0,0,0.160724924,129.5341574,0.96,839.5176709,805.9369641,33.58070684,1,0,0,0.160724924,129.5341574,0.96,839.5176709,805.9369641,33.58070684,1,0,0,0.159605917,126.0020765,0.96,822.3514875,789.457428,32.8940595,,,,851.0247917,2401.331356,2221.231504,180.0998517,2401.331356,0,1,0,0,0.383185336,212.8251595,0.925,600.4437854,555.4105015,45.0332839,1,0,0,0.383185336,212.8251595,0.925,600.4437854,555.4105015,45.0332839,1,0,0,0.383185336,212.8251595,0.925,600.4437854,555.4105015,45.0332839,1,0,0,0.382971736,212.5493133,0.925,600,555,45,1,,,0.101,224.3443819,2221.231504,2221.231504,0,68.85817664,0,,,280.1553249,0,120.4667897,4,1460.439565,0,0,0,148.3806598
13,1,14,0.1016,0,1,0,1460.439565,,,,0,0,1,2501.386829,2501.386829,0,400.2218927,83.04604273,0,,,385.0703913,2501.386829,2401.331356,100.0554732,2501.386829,0,1,0,0,0.160724924,129.5341574,0.96,839.5176709,805.9369641,33.58070684,1,0,0,0.160724924,129.5341574,0.96,839.5176709,805.9369641,33.58070684,1,0,0,0.159605917,126.0020765,0.96,822.3514875,789.457428,32.8940595,,,,851.0247917,2401.331356,2221.231504,180.0998517,2401.331356,0,1,0,0,0.383185336,212.8251595,0.925,600.4437854,555.4105015,45.0332839,1,0,0,0.383185336,212.8251595,0.925,600.4437854,555.4105015,45.0332839,1,0,0,0.383185336,212.8251595,0.925,600.4437854,555.4105015,45.0332839,1,0,0,0.382971736,212.5493133,0.925,600,555,45,1,,,0.101,224.3443819,2221.231504,2221.231504,0,68.85817664,0,,,280.1553249,0,120.4667897,4,1460.439565,0,0,0,148.3806598
14,1,15,0.1016,0,1,0,1460.439565,,,,0,0,1,2501.386829,2501.386829,0,400.2218927,83.04604273,0,,,385.0703913,2501.386829,2401.331356,100.0554732,2501.386829,0,1,0,0,0.160724924,129.5341574,0.96,839.5176709,805.9369641,33.58070684,1,0,0,0.160724924,129.5341574,0.96,839.5176709,805.9369641,33.58070684,1,0,0,0.159605917,126.0020765,0.96,822.3514875,789.457428,32.8940595,,,,851.0247917,2401.331356,2221.231504,180.0998517,2401.331356,0,1,0,0,0.383185336,212.8251595,0.925,600.4437854,555.4105015,45.0332839,1,0,0,0.383185336,212.8251595,0.925,600.4437854,555.4105015,45.0332839,1,0,0,0.383185336,212.8251595,0.925,600.4437854,555.4105015,45.0332839,1,0,0,0.382971736,212.5493133,0.925,600,555,45,1,,,0.101,224.3443819,2221.231504,2221.231504,0,68.85817664,0,,,280.1553249,0,120.4667897,4,1460.439565,0,0,0,148.3806598
15,1,16,0.1016,0,1,0,1460.439565,,,,0,0,1,2501.386829,2501.386829,0,400.2218927,83.04604273,0,,,385.0703913,2501.386829,2401.331356,100.0554732,2501.386829,0,1,0,0,0.160724924,129.5341574,0.96,839.5176709,805.9369641,33.58070684,1,0,0,0.160724924,129.5341574,0.96,839.5176709,805.9369641,33.58070684,1,0,0,0.159605917,126.0020765,0.96,822.3514875,789.457428,32.8940595,,,,851.0247917,2401.331356,2221.231504,180.0998517,2401.331356,0,1,0,0,0.383185336,212.8251595,0.925,600.4437854,555.4105015,45.0332839,1,0,0,0.383185336,212.8251595,0.925,600.4437854,555.4105015,45.0332839,1,0,0,0.383185336,212.8251595,0.925,600.4437854,555.4105015,45.0332839,1,0,0,0.382971736,212.5493133,0.925,600,555,45,1,,,0.101,224.3443819,2221.231504,2221.231504,0,68.85817664,0,,,280.1553249,0,120.4667897,4,1460.439565,0,0,0,148.3806598
16,1,17,0.1016,0,1,0,1460.439565,,,,0,0,1,2501.386829,2501.386829,0,400.2218927,83.04604273,0,,,385.0703913,2501.386829,2401.331356,100.0554732,2501.386829,0,1,0,0,0.160724924,129.5341574,0.96,839.5176709,805.9369641,33.58070684,1,0,0,0.160724924,129.5341574,0.96,839.5176709,805.9369641,33.58070684,1,0,0,0.159605917,126.0020765,0.96,822.3514875,789.457428,32.8940595,,,,851.0247917,2401.331356,2221.231504,180.0998517,2401.331356,0,1,0,0,0.383185336,212.8251595,0.925,600.4437854,555.4105015,45.0332839,1,0,0,0.383185336,212.8251595,0.925,600.4437854,555.4105015,45.0332839,1,0,0,0.383185336,212.8251595,0.925,600.4437854,555.4105015,45.0332839,1,0,0,0.382971736,212.5493133,0.925,600,555,45,1,,,0.101,224.3443819,2221.231504,2221.231504,0,68.85817664,0,,,280.1553249,0,120.4667897,4,1460.439565,0,0,0,148.3806598
17,1,18,0.15246,1,1,0,591.0136735,,,,0,0,1,1086.526477,1086.526477,0,173.8442364,36.07267905,0,,,168.1170271,1086.526477,1043.065418,43.4610591,1086.526477,0,1,0,0,0.160859373,84.57487849,0.96,547.6760848,525.7690414,21.90704339,1,0,0,0.161497649,83.54214864,0.96,538.8503927,517.2963769,21.55401571,0,0,1,0.271,0,0.96,0,0,0,,,,326.7417842,1043.065418,952.0283382,90.02306306,1042.051401,1.014017104,1,0,0,0.343721327,163.9648133,0.913757414,522.0514012,477.0283382,45.02306306,1,0,0,0.34268836,162.7769709,0.913461538,520,475,45,0,0,1,0.087248178,0,0.88,0,0,0,0,0,1,0.087248178,0,0.88,0,0,0,1,,,0.101,96.15486216,952.0283382,952.0283382,0,29.51287848,0,,,134.4981393,0,57.83419988,2,591.0136735,0,0,0,90.10594466
18,1,19,0.15246,1,0,0,591.0136735,,,,0,0,1,1086.526477,1086.526477,0,173.8442364,36.07267905,0,,,168.1170271,1086.526477,1043.065418,43.4610591,1086.526477,0,1,0,0,0.160859373,84.57487849,0.96,547.6760848,525.7690414,21.90704339,1,0,0,0.161497649,83.54214864,0.96,538.8503927,517.2963769,21.55401571,0,0,0,0.271,0,0.96,0,0,0,,,,326.7417842,1043.065418,952.0283382,90.02306306,1042.051401,1.014017104,1,0,0,0.343721327,163.9648133,0.913757414,522.0514012,477.0283382,45.02306306,1,0,0,0.34268836,162.7769709,0.913461538,520,475,45,0,0,0,0.087248178,0,0.88,0,0,0,0,0,0,0.087248178,0,0.88,0,0,0,1,,,0.101,96.15486216,952.0283382,952.0283382,0,29.51287848,0,,,134.4981393,0,57.83419988,2,591.0136735,0,0,0,90.10594466
19,1,20,0.15246,1,0,0,591.0271781,,,,0,0,1,1086.526477,1086.526477,0,173.8442364,36.07267905,0,,,168.1170271,1086.526477,1043.065418,43.4610591,1086.526477,0,1,0,0,0.160859373,84.57487849,0.96,547.6760848,525.7690414,21.90704339,1,0,0,0.161497649,83.54214864,0.96,538.8503927,517.2963769,21.55401571,0,0,0,0.271,0,0.96,0,0,0,,,,326.7529595,1043.065418,952.0514013,90,1042.051401,1.014017104,1,0,0,0.343728135,163.9759886,0.913801591,522.0514012,477.0514013,45,1,0,0,0.34268836,162.7769709,0.913461538,520,475,45,0,0,0,0.087248178,0,0.88,0,0,0,0,0,0,0.087248178,0,0.88,0,0,0,1,,,0.101,96.15719153,952.0514013,952.0514013,0,29.51359344,0,,,134.4750762,0,57.82428276,2,591.0271781,0,0,0,90.10800357
20,1,21,0.15246,1,0,0,591.020452,,,,0,0,1,1086.526477,1086.526477,0,173.8442364,36.07267905,0,,,168.1170271,1086.526477,1043.065418,43.4610591,1086.526477,0,1,0,0,0.160859373,84.57487849,0.96,547.6760848,525.7690414,21.90704339,1,0,0,0.161497649,83.54214864,0.96,538.8503927,517.2963769,21.55401571,0,0,0,0.271,0,0.96,0,0,0,,,,326.7473935,1043.065418,952.0399145,90.01148673,1042.051401,1.014017104,1,0,0,0.343724744,163.9704226,0.913779588,522.0514012,477.0399145,45.01148673,1,0,0,0.34268836,162.7769709,0.913461538,520,475,45,0,0,0,0.087248178,0,0.88,0,0,0,0,0,0,0.087248178,0,0.88,0,0,0,1,,,0.101,96.15603137,952.0399145,952.0399145,0,29.51323735,0,,,134.4865629,0,57.82922206,2,591.020452,0,0,0,90.10697811
21,1,22,0.15246,1,0,0,591.0136735,,,,0,0,1,1086.526477,1086.526477,0,173.8442364,36.07267905,0,,,168.1170271,1086.526477,1043.065418,43.4610591,1086.526477,0,1,0,0,0.160859373,84.57487849,0.96,547.6760848,525.7690414,21.90704339,1,0,0,0.161497649,83.54214864,0.96,538.8503927,517.2963769,21.55401571,0,0,0,0.271,0,0.96,0,0,0,,,,326.7417842,1043.065418,952.0283382,90.02306306,1042.051401,1.014017098,1,0,0,0.343721327,163.9648133,0.913757414,522.0514013,477.0283382,45.02306306,1,0,0,0.34268836,162.7769709,0.913461538,520,475,45,0,0,0,0.087248178,0,0.88,0,0,0,0,0,0,0.087248178,0,0.88,0,0,0,1,,,0.101,96.15486216,952.0283382,952.0283382,0,29.51287848,0,,,134.4981393,0,57.83419988,2,591.0136735,0,0,0,90.10594466
22,1,23,0.1016,0,0,0,591.66304,,,,0,0,1,1086.526477,1086.526477,0,173.8442364,36.07267905,0,,,168.1170271,1086.526477,1043.065418,43.4610591,1086.526477,0,1,0,0,0.160859373,84.57487849,0.96,547.6760848,525.7690414,21.90704339,1,0,0,0.161497649,83.54214864,0.96,538.8503927,517.2963769,21.55401571,0,0,0,0.271,0,0.96,0,0,0,,,,327.2965353,1043.065418,952.9651243,90.10029406,1043.065418,0,1,0,0,0.343698527,163.9273931,0.913609476,522.0514013,476.9511072,45.10029408,1,0,0,0.343202377,163.3691422,0.913629963,521.0140171,476.0140171,45,0,0,0,0.094183419,0,0.925,0,0,0,0,0,0,0.087248178,0,0.88,0,0,0,1,,,0.101,96.24947755,952.9651243,952.9651243,0,29.54191885,0,,,133.5613532,0,57.43138186,2,591.66304,0,0,0,60.11296486
23,1,24,0.1016,0,0,0,727.9598366,,,,0,0,1,1251.028111,1251.028111,0,200.1644977,41.53413327,0,,,190.0454924,1251.028111,1200.986986,50.04112442,1251.028111,0,1,0,0,0.155777105,106.5033438,0.96,712.1777179,683.6906091,28.48710871,1,0,0,0.161497649,83.54214864,0.96,538.8503927,517.2963769,21.55401571,0,0,0,0.271,0,0.96,0,0,0,,,,425.7121349,1200.986986,1110.912962,90.07402396,1200.986986,0,1,0,0,0.383209261,212.8560675,0.925,600.493493,555.4564811,45.03701198,1,0,0,0.383209261,212.8560675,0.925,600.493493,555.4564811,45.03701198,0,0,0,0.087248178,0,0.88,0,0,0,0,0,0,0.087248178,0,0.88,0,0,0,1,,,0.101,112.2022092,1110.912962,1110.912962,0,34.43830183,0,,,140.1151484,0,60.2495138,2,727.9598366,0,0,0,73.96071939
24,1,25,0.1016,0,0,0,727.9598366,,,,0,0,1,1251.028111,1251.028111,0,200.1644977,41.53413327,0,,,190.0454924,1251.028111,1200.986986,50.04112442,1251.028111,0,1,0,0,0.155777105,106.5033438,0.96,712.1777179,683.6906091,28.48710871,1,0,0,0.161497649,83.54214864,0.96,538.8503927,517.2963769,21.55401571,0,0,0,0.271,0,0.96,0,0,0,,,,425.7121349,1200.986986,1110.912962,90.07402396,1200.986986,0,1,0,0,0.383209261,212.8560675,0.925,600.493493,555.4564811,45.03701198,1,0,0,0.383209261,212.8560675,0.925,600.493493,555.4564811,45.03701198,0,0,0,0.094183419,0,0.925,0,0,0,0,0,0,0.087248178,0,0.88,0,0,0,1,,,0.101,112.2022092,1110.912962,1110.912962,0,34.43830183,0,,,140.1151484,0,60.2495138,2,727.9598366,0,0,0,73.96071939
25,1,26,0.1016,0,0,0,727.9598366,,,,0,0,1,1251.028111,1251.028111,0,200.1644977,41.53413327,0,,,190.0454924,1251.028111,1200.986986,50.04112442,1251.028111,0,1,0,0,0.155777105,106.5033438,0.96,712.1777179,683.6906091,28.48710871,1,0,0,0.161497649,83.54214864,0.96,538.8503927,517.2963769,21.55401571,0,0,0,0.271,0,0.96,0,0,0,,,,425.7121349,1200.986986,1110.912962,90.07402396,1200.986986,0,1,0,0,0.383209261,212.8560675,0.925,600.493493,555.4564811,45.03701198,1,0,0,0.383209261,212.8560675,0.925,600.493493,555.4564811,45.03701198,0,0,0,0.087248178,0,0.88,0,0,0,0,0,0,0.087248178,0,0.88,0,0,0,1,,,0.101,112.2022092,1110.912962,1110.912962,0,34.43830183,0,,,140.1151484,0,60.2495138,2,727.9598366,0,0,0,73.96071939
26,1,27,0.1016,0,0,0,727.9598366,,,,0,0,1,1251.028111,1251.028111,0,200.1644977,41.53413327,0,,,190.0454924,1251.028111,1200.986986,50.04112442,1251.028111,0,1,0,0,0.155777105,106.5033438,0.96,712.1777179,683.6906091,28.48710871,1,0,0,0.161497649,83.54214864,0.96,538.8503927,517.2963769,21.55401571,0,0,0,0.271,0,0.96,0,0,0,,,,425.7121349,1200.986986,1110.912962,90.07402396,1200.986986,0,1,0,0,0.383209261,212.8560675,0.925,600.493493,555.4564811,45.03701198,1,0,0,0.383209261,212.8560675,0.925,600.493493,555.4564811,45.03701198,0,0,0,0.094183419,0,0.925,0,0,0,0,0,0,0.087248178,0,0.88,0,0,0,1,,,0.101,112.2022092,1110.912962,1110.912962,0,34.43830183,0,,,140.1151484,0,60.2495138,2,727.9598366,0,0,0,73.96071939
27,1,28,0.1016,0,0,0,727.9598366,,,,0,0,1,1251.028111,1251.028111,0,200.1644977,41.53413327,0,,,190.0454924,1251.028111,1200.986986,50.04112442,1251.028111,0,1,0,0,0.155777105,106.5033438,0.96,712.1777179,683.6906091,28.48710871,1,0,0,0.161497649,83.54214864,0.96,538.8503927,517.2963769,21.55401571,0,0,0,0.271,0,0.96,0,0,0,,,,425.7121349,1200.986986,1110.912962,90.07402396,1200.986986,0,1,0,0,0.383209261,212.8560675,0.925,600.493493,555.4564811,45.03701198,1,0,0,0.383209261,212.8560675,0.925,600.493493,555.4564811,45.03701198,0,0,0,0.087248178,0,0.88,0,0,0,0,0,0,0.087248178,0,0.88,0,0,0,1,,,0.101,112.2022092,1110.912962,1110.912962,0,34.43830183,0,,,140.1151484,0,60.2495138,2,727.9598366,0,0,0,73.96071939
28,1,29,0.1016,0,0,0,727.9598366,,,,0,0,1,1251.028111,1251.028111,0,200.1644977,41.53413327,0,,,190.0454924,1251.028111,1200.986986,50.04112442,1251.028111,0,1,0,0,0.155777105,106.5033438,0.96,712.1777179,683.6906091,28.48710871,1,0,0,0.161497649,83.54214864,0.96,538.8503927,517.2963769,21.55401571,0,0,0,0.271,0,0.96,0,0,0,,,,425.7121349,1200.986986,1110.912962,90.07402396,1200.986986,0,1,0,0,0.383209261,212.8560675,0.925,600.493493,555.4564811,45.03701198,1,0,0,0.383209261,212.8560675,0.925,600.493493,555.4564811,45.03701198,0,0,0,0.087248178,0,0.88,0,0,0,0,0,0,0.087248178,0,0.88,0,0,0,1,,,0.101,112.2022092,1110.912962,1110.912962,0,34.43830183,0,,,140.1151484,0,60.2495138,2,727.9598366,0,0,0,73.96071939
29,1,30,0.1016,0,0,0,727.9598366,,,,0,0,1,1251.028111,1251.028111,0,200.1644977,41.53413327,0,,,190.0454924,1251.028111,1200.986986,50.04112442,1251.028111,0,1,0,0,0.155777105,106.5033438,0.96,712.1777179,683.6906091,28.48710871,1,0,0,0.161497649,83.54214864,0.96,538.8503927,517.2963769,21.55401571,0,0,0,0.271,0,0.96,0,0,0,,,,425.7121349,1200.986986,1110.912962,90.07402396,1200.986986,0,1,0,0,0.383209261,212.8560675,0.925,600.493493,555.4564811,45.03701198,1,0,0,0.383209261,212.8560675,0.925,600.493493,555.4564811,45.03701198,0,0,0,0.094183419,0,0.925,0,0,0,0,0,0,0.087248178,0,0.88,0,0,0,1,,,0.101,112.2022092,1110.912962,1110.912962,0,34.43830183,0,,,140.1151484,0,60.2495138,2,727.9598366,0,0,0,73.96071939
30,1,31,0.1016,0,0,0,727.9598366,,,,0,0,1,1251.028111,1251.028111,0,200.1644977,41.53413327,0,,,190.0454924,1251.028111,1200.986986,50.04112442,1251.028111,0,1,0,0,0.155777105,106.5033438,0.96,712.1777179,683.6906091,28.48710871,1,0,0,0.161497649,83.54214864,0.96,538.8503927,517.2963769,21.55401571,0,0,0,0.271,0,0.96,0,0,0,,,,425.7121349,1200.986986,1110.912962,90.07402396,1200.986986,0,1,0,0,0.383209261,212.8560675,0.925,600.493493,555.4564811,45.03701198,1,0,0,0.383209261,212.8560675,0.925,600.493493,555.4564811,45.03701198,0,0,0,0.087248178,0,0.88,0,0,0,0,0,0,0.087248178,0,0.88,0,0,0,1,,,0.101,112.2022092,1110.912962,1110.912962,0,34.43830183,0,,,140.1151484,0,60.2495138,2,727.9598366,0,0,0,73.96071939
31,1,32,0.1016,0,0,0,727.9598366,,,,0,0,1,1251.028111,1251.028111,0,200.1644977,41.53413327,0,,,190.0454924,1251.028111,1200.986986,50.04112442,1251.028111,0,1,0,0,0.155777105,106.5033438,0.96,712.1777179,683.6906091,28.48710871,1,0,0,0.161497649,83.54214864,0.96,538.8503927,517.2963769,21.55401571,0,0,0,0.271,0,0.96,0,0,0,,,,425.7121349,1200.986986,1110.912962,90.07402396,1200.986986,0,1,0,0,0.383209261,212.8560675,0.925,600.493493,555.4564811,45.03701198,1,0,0,0.383209261,212.8560675,0.925,600.493493,555.4564811,45.03701198,0,0,0,0.087248178,0,0.88,0,0,0,0,0,0,0.087248178,0,0.88,0,0,0,1,,,0.101,112.2022092,1110.912962,1110.912962,0,34.43830183,0,,,140.1151484,0,60.2495138,2,727.9598366,0,0,0,73.96071939
32,1,33,0.1016,0,0,0,1460.084071,,,,0,0,1,2501.028111,2501.028111,0,400.1644977,83.03413327,0,,,384.9611001,2501.028111,2400.986986,100.0411244,2501.028111,0,1,0,0,0.16075194,129.6160211,0.96,839.9070538,806.3107716,33.59628215,1,0,0,0.160123464,127.6725395,0.96,830.5605284,797.3381072,33.22242113,1,1,0,0.160123464,127.6725395,0.96,830.5605284,797.3381072,33.22242113,,,,850.8107615,2400.986986,2220.912962,180.074024,2400.986986,0,1,0,0,0.383209261,212.8560675,0.925,600.493493,555.4564811,45.03701198,1,0,0,0.383209261,212.8560675,0.925,600.493493,555.4564811,45.03701198,1,1,0,0.382971736,212.5493133,0.925,600,555,45,1,1,0,0.382971736,212.5493133,0.925,600,555,45,1,,,0.101,224.3122092,2220.912962,2220.912962,0,68.84830183,0,,,280.1151484,0,120.4495138,4,1460.084071,0,0,0,148.3445416
33,1,34,0.1016,0,1,0,1460.084071,,,,0,0,1,2501.028111,2501.028111,0,400.1644977,83.03413327,0,,,384.9611001,2501.028111,2400.986986,100.0411244,2501.028111,0,1,0,0,0.16075194,129.6160211,0.96,839.9070538,806.3107716,33.59628215,1,0,0,0.160123464,127.6725395,0.96,830.5605284,797.3381072,33.22242113,1,0,0,0.160123464,127.6725395,0.96,830.5605284,797.3381072,33.22242113,,,,850.8107615,2400.986986,2220.912962,180.074024,2400.986986,0,1,0,0,0.383209261,212.8560675,0.925,600.493493,555.4564811,45.03701198,1,0,0,0.383209261,212.8560675,0.925,600.493493,555.4564811,45.03701198,1,0,0,0.382971736,212.5493133,0.925,600,555,45,1,0,0,0.382971736,212.5493133,0.925,600,555,45,1,,,0.101,224.3122092,2220.912962,2220.912962,0,68.84830183,0,,,280.1151484,0,120.4495138,4,1460.084071,0,0,0,148.3445416
34,1,35,0.1016,0,1,0,1460.084071,,,,0,0,1,2501.028111,2501.028111,0,400.1644977,83.03413327,0,,,384.9611001,2501.028111,2400.986986,100.0411244,2501.028111,0,1,0,0,0.16075194,129.6160211,0.96,839.9070538,806.3107716,33.59628215,1,0,0,0.160123464,127.6725395,0.96,830.5605284,797.3381072,33.22242113,1,0,0,0.160123464,127.6725395,0.96,830.5605284,797.3381072,33.22242113,,,,850.8107615,2400.986986,2220.912962,180.074024,2400.986986,0,1,0,0,0.383209261,212.8560675,0.925,600.493493,555.4564811,45.03701198,1,0,0,0.383209261,212.8560675,0.925,600.493493,555.4564811,45.03701198,1,0,0,0.382971736,212.5493133,0.925,600,555,45,1,0,0,0.382971736,212.5493133,0.925,600,555,45,1,,,0.101,224.3122092,2220.912962,2220.912962,0,68.84830183,0,,,280.1151484,0,120.4495138,4,1460.084071,0,0,0,148.3445416
35,1,36,0.1016,0,1,0,1460.084071,,,,0,0,1,2501.028111,2501.028111,0,400.1644977,83.03413327,0,,,384.9611001,2501.028111,2400.986986,100.0411244,2501.028111,0,1,0,0,0.16075194,129.6160211,0.96,839.9070538,806.3107716,33.59628215,1,0,0,0.160123464,127.6725395,0.96,830.5605284,797.3381072,33.22242113,1,0,0,0.160123464,127.6725395,0.96,830.5605284,797.3381072,33.22242113,,,,850.8107615,2400.986986,2220.912962,180.074024,2400.986986,0,1,0,0,0.383209261,212.8560675,0.925,600.493493,555.4564811,45.03701198,1,0,0,0.383209261,212.8560675,0.925,600.493493,555.4564811,45.03701198,1,0,0,0.382971736,212.5493133,0.925,600,555,45,1,0,0,0.382971736,212.5493133,0.925,600,555,45,1,,,0.101,224.3122092,2220.912962,2220.912962,0,68.84830183,0,,,280.1151484,0,120.4495138,4,1460.084071,0,0,0,148.3445416
36,1,37,0.1016,0,1,0,1460.084071,,,,0,0,1,2501.028111,2501.028111,0,400.1644977,83.03413327,0,,,384.9611001,2501.028111,2400.986986,100.0411244,2501.028111,0,1,0,0,0.16075194,129.6160211,0.96,839.9070538,806.3107716,33.59628215,1,0,0,0.160123464,127.6725395,0.96,830.5605284,797.3381072,33.22242113,1,0,0,0.160123464,127.6725395,0.96,830.5605284,797.3381072,33.22242113,,,,850.8107615,2400.986986,2220.912962,180.074024,2400.986986,0,1,0,0,0.383209261,212.8560675,0.925,600.493493,555.4564811,45.03701198,1,0,0,0.383209261,212.8560675,0.925,600.493493,555.4564811,45.03701198,1,0,0,0.382971736,212.5493133,0.925,600,555,45,1,0,0,0.382971736,212.5493133,0.925,600,555,45,1,,,0.101,224.3122092,2220.912962,2220.912962,0,68.84830183,0,,,280.1151484,0,120.4495138,4,1460.084071,0,0,0,148.3445416
37,1,38,0.1016,0,1,0,1460.084071,,,,0,0,1,2501.028111,2501.028111,0,400.1644977,83.03413327,0,,,384.9611001,2501.028111,2400.986986,100.0411244,2501.028111,0,1,0,0,0.16075194,129.6160211,0.96,839.9070538,806.3107716,33.59628215,1,0,0,0.160123464,127.6725395,0.96,830.5605284,797.3381072,33.22242113,1,0,0,0.160123464,127.6725395,0.96,830.5605284,797.3381072,33.22242113,,,,850.8107615,2400.986986,2220.912962,180.074024,2400.986986,0,1,0,0,0.383209261,212.8560675,0.925,600.493493,555.4564811,45.03701198,1,0,0,0.383209261,212.8560675,0.925,600.493493,555.4564811,45.03701198,1,0,0,0.382971736,212.5493133,0.925,600,555,45,1,0,0,0.382971736,212.5493133,0.925,600,555,45,1,,,0.101,224.3122092,2220.912962,2220.912962,0,68.84830183,0,,,280.1151484,0,120.4495138,4,1460.084071,0,0,0,148.3445416
38,1,39,0.1016,0,1,0,1460.084071,,,,0,0,1,2501.028111,2501.028111,0,400.1644977,83.03413327,0,,,384.9611001,2501.028111,2400.986986,100.0411244,2501.028111,0,1,0,0,0.16075194,129.6160211,0.96,839.9070538,806.3107716,33.59628215,1,0,0,0.160123464,127.6725395,0.96,830.5605284,797.3381072,33.22242113,1,0,0,0.160123464,127.6725395,0.96,830.5605284,797.3381072,33.22242113,,,,850.8107615,2400.986986,2220.912962,180.074024,2400.986986,0,1,0,0,0.383209261,212.8560675,0.925,600.493493,555.4564811,45.03701198,1,0,0,0.383209261,212.8560675,0.925,600.493493,555.4564811,45.03701198,1,0,0,0.382971736,212.5493133,0.925,600,555,45,1,0,0,0.382971736,212.5493133,0.925,600,555,45,1,,,0.101,224.3122092,2220.912962,2220.912962,0,68.84830183,0,,,280.1151484,0,120.4495138,4,1460.084071,0,0,0,148.3445416
39,1,40,0.1016,0,1,0,1460.084071,,,,0,0,1,2501.028111,2501.028111,0,400.1644977,83.03413327,0,,,384.9611001,2501.028111,2400.986986,100.0411244,2501.028111,0,1,0,0,0.16075194,129.6160211,0.96,839.9070538,806.3107716,33.59628215,1,0,0,0.160123464,127.6725395,0.96,830.5605284,797.3381072,33.22242113,1,0,0,0.160123464,127.6725395,0.96,830.5605284,797.3381072,33.22242113,,,,850.8107615,2400.986986,2220.912962,180.074024,2400.986986,0,1,0,0,0.383209261,212.8560675,0.925,600.493493,555.4564811,45.03701198,1,0,0,0.383209261,212.8560675,0.925,600.493493,555.4564811,45.03701198,1,0,0,0.382971736,212.5493133,0.925,600,555,45,1,0,0,0.382971736,212.5493133,0.925,600,555,45,1,,,0.101,224.3122092,2220.912962,2220.912962,0,68.84830183,0,,,280.1151484,0,120.4495138,4,1460.084071,0,0,0,148.3445416
40,1,41,0.1016,0,1,0,1460.084071,,,,0,0,1,2501.028111,2501.028111,0,400.1644977,83.03413327,0,,,384.9611001,2501.028111,2400.986986,100.0411244,2501.028111,0,1,0,0,0.16075194,129.6160211,0.96,839.9070538,806.3107716,33.59628215,1,0,0,0.160123464,127.6725395,0.96,830.5605284,797.3381072,33.22242113,1,0,0,0.160123464,127.6725395,0.96,830.5605284,797.3381072,33.22242113,,,,850.8107615,2400.986986,2220.912962,180.074024,2400.986986,0,1,0,0,0.383209261,212.8560675,0.925,600.493493,555.4564811,45.03701198,1,0,0,0.383209261,212.8560675,0.925,600.493493,555.4564811,45.03701198,1,0,0,0.382971736,212.5493133,0.925,600,555,45,1,0,0,0.382971736,212.5493133,0.925,600,555,45,1,,,0.101,224.3122092,2220.912962,2220.912962,0,68.84830183,0,,,280.1151484,0,120.4495138,4,1460.084071,0,0,0,148.3445416
41,1,42,0.15246,1,1,0,592.3456859,,,,0,0,1,1086.348413,1086.348413,0,173.8157462,36.06676733,0,,,168.8753001,1086.348413,1042.894477,43.45393654,1086.348413,0,1,0,0,0.15678323,94.42049165,0.96,627.3290774,602.2359143,25.09316309,1,0,0,0.168962582,74.45480847,0.96,459.0193361,440.6585627,18.36077344,0,0,1,0.271,0,0.96,0,0,0,,,,327.2312947,1042.894477,952.862288,90.03218892,1042.894477,0,1,0,0,0.344145851,164.4543238,0.913879012,522.8944769,477.862288,45.03218892,1,0,0,0.34268836,162.7769709,0.913461538,520,475,45,0,0,1,0.087248178,0,0.88,0,0,0,0,0,1,0.087248178,0,0.88,0,0,0,1,,,0.101,96.23909109,952.862288,952.862288,0,29.53873093,0,,,133.4861255,0,57.39903395,2,592.3456859,0,0,0,90.30902327
42,1,43,0.15246,1,0,0,592.3456856,,,,0,0,1,1086.348413,1086.348413,0,173.8157462,36.06676733,0,,,168.8753001,1086.348413,1042.894477,43.45393654,1086.348413,0,1,0,0,0.15678323,94.42049165,0.96,627.3290774,602.2359143,25.09316309,1,0,0,0.168962582,74.45480847,0.96,459.0193361,440.6585627,18.36077344,0,0,0,0.271,0,0.96,0,0,0,,,,327.2312944,1042.894477,952.8622875,90.03218945,1042.894477,0,1,0,0,0.344145851,164.4543236,0.913879011,522.8944769,477.8622875,45.03218945,1,0,0,0.34268836,162.7769709,0.913461538,520,475,45,0,0,0,0.087248178,0,0.88,0,0,0,0,0,0,0.087248178,0,0.88,0,0,0,1,,,0.101,96.23909103,952.8622875,952.8622875,0,29.53873091,0,,,133.486126,0,57.39903417,2,592.3456856,0,0,0,90.30902323
43,1,44,0.15246,1,0,0,592.3456859,,,,0,0,1,1086.348413,1086.348413,0,173.8157462,36.06676733,0,,,168.8753001,1086.348413,1042.894477,43.45393654,1086.348413,0,1,0,0,0.15678323,94.42049165,0.96,627.3290774,602.2359143,25.09316309,1,0,0,0.168962582,74.45480847,0.96,459.0193361,440.6585627,18.36077344,0,0,0,0.271,0,0.96,0,0,0,,,,327.2312947,1042.894477,952.862288,90.03218892,1042.894477,0,1,0,0,0.344145851,164.4543238,0.913879012,522.8944769,477.862288,45.03218892,1,0,0,0.34268836,162.7769709,0.913461538,520,475,45,0,0,0,0.087248178,0,0.88,0,0,0,0,0,0,0.087248178,0,0.88,0,0,0,1,,,0.101,96.23909109,952.862288,952.862288,0,29.53873093,0,,,133.4861255,0,57.39903395,2,592.3456859,0,0,0,90.30902327
44,1,45,0.15246,1,0,0,592.3456859,,,,0,0,1,1086.348413,1086.348413,0,173.8157462,36.06676733,0,,,168.8753001,1086.348413,1042.894477,43.45393654,1086.348413,0,1,0,0,0.15678323,94.42049165,0.96,627.3290774,602.2359143,25.09316309,1,0,0,0.168962582,74.45480847,0.96,459.0193361,440.6585627,18.36077344,0,0,0,0.271,0,0.96,0,0,0,,,,327.2312947,1042.894477,952.862288,90.03218892,1042.894477,0,1,0,0,0.344145851,164.4543238,0.913879012,522.8944769,477.862288,45.03218892,1,0,0,0.34268836,162.7769709,0.913461538,520,475,45,0,0,0,0.087248178,0,0.88,0,0,0,0,0,0,0.087248178,0,0.88,0,0,0,1,,,0.101,96.23909109,952.862288,952.862288,0,29.53873093,0,,,133.4861255,0,57.39903395,2,592.3456859,0,0,0,90.30902327
45,1,46,0.15246,1,0,0,592.3456862,,,,0,0,1,1086.348413,1086.348413,0,173.8157462,36.06676733,0,,,168.8753001,1086.348413,1042.894477,43.45393654,1086.348413,0,1,0,0,0.15678323,94.42049165,0.96,627.3290774,602.2359143,25.09316309,1,0,0,0.168962582,74.45480847,0.96,459.0193361,440.6585627,18.36077344,0,0,0,0.271,0,0.96,0,0,0,,,,327.2312949,1042.894477,952.8622885,90.0321884,1042.894477,0,1,0,0,0.344145851,164.4543241,0.913879013,522.8944769,477.8622885,45.0321884,1,0,0,0.34268836,162.7769709,0.913461538,520,475,45,0,0,0,0.087248178,0,0.88,0,0,0,0,0,0,0.087248178,0,0.88,0,0,0,1,,,0.101,96.23909114,952.8622885,952.8622885,0,29.53873094,0,,,133.4861249,0,57.39903372,2,592.3456862,0,0,0,90.30902332
46,1,47,0.1016,0,0,0,729.2505381,,,,0,0,1,1254.658155,1254.658155,0,200.7453048,41.65465074,0,,,188.8409833,1254.658155,1204.471829,50.18632619,1254.658155,0,1,0,0,0.15678323,94.42049165,0.96,627.3290774,602.2359143,25.09316309,1,0,0,0.15678323,94.42049165,0.96,627.3290774,602.2359143,25.09316309,0,0,0,0.271,0,0.96,0,0,0,,,,427.8817742,1204.471829,1114.136441,90.33538714,1204.471829,0,1,0,0,0.384047912,213.9408871,0.925,602.2359143,557.0682207,45.16769357,1,0,0,0.384047912,213.9408871,0.925,602.2359143,557.0682207,45.16769357,0,0,0,0.087248178,0,0.88,0,0,0,0,0,0,0.087248178,0,0.88,0,0,0,1,,,0.101,112.5277806,1114.136441,1114.136441,0,34.53822968,0,,,140.5217133,0,60.42433673,2,729.2505381,0,0,0,74.09185467
47,1,48,0.1016,0,0,0,729.2505381,,,,0,0,1,1254.658155,1254.658155,0,200.7453048,41.65465074,0,,,188.8409833,1254.658155,1204.471829,50.18632619,1254.658155,0,1,0,0,0.15678323,94.42049165,0.96,627.3290774,602.2359143,25.09316309,1,0,0,0.15678323,94.42049165,0.96,627.3290774,602.2359143,25.09316309,0,0,0,0.271,0,0.96,0,0,0,,,,427.8817742,1204.471829,1114.136441,90.33538714,1204.471829,0,1,0,0,0.384047912,213.9408871,0.925,602.2359143,557.0682207,45.16769357,1,0,0,0.384047912,213.9408871,0.925,602.2359143,557.0682207,45.16769357,0,0,0,0.087248178,0,0.88,0,0,0,0,0,0,0.087248178,0,0.88,0,0,0,1,,,0.101,112.5277806,1114.136441,1114.136441,0,34.53822968,0,,,140.5217133,0,60.42433673,2,729.2505381,0,0,0,74.09185467
48,1,49,0.1016,0,0,0,729.2505381,,,,0,0,1,1254.658155,1254.658155,0,200.7453048,41.65465074,0,,,188.8409833,1254.658155,1204.471829,50.18632619,1254.658155,0,1,0,0,0.15678323,94.42049165,0.96,627.3290774,602.2359143,25.09316309,1,0,0,0.15678323,94.42049165,0.96,627.3290774,602.2359143,25.09316309,0,0,0,0.271,0,0.96,0,0,0,,,,427.8817742,1204.471829,1114.136441,90.33538714,1204.471829,0,1,0,0,0.384047912,213.9408871,0.925,602.2359143,557.0682207,45.16769357,1,0,0,0.384047912,213.9408871,0.925,602.2359143,557.0682207,45.16769357,0,0,0,0.087248178,0,0.88,0,0,0,0,0,0,0.087248178,0,0.88,0,0,0,1,,,0.101,112.5277806,1114.136441,1114.136441,0,34.53822968,0,,,140.5217133,0,60.42433673,2,729.2505381,0,0,0,74.09185467
49,1,50,0.1016,0,0,0,729.2505381,,,,0,0,1,1254.658155,1254.658155,0,200.7453048,41.65465074,0,,,188.8409833,1254.658155,1204.471829,50.18632619,1254.658155,0,1,0,0,0.15678323,94.42049165,0.96,627.3290774,602.2359143,25.09316309,1,0,0,0.15678323,94.42049165,0.96,627.3290774,602.2359143,25.09316309,0,0,0,0.271,0,0.96,0,0,0,,,,427.8817742,1204.471829,1114.136441,90.33538714,1204.471829,0,1,0,0,0.384047912,213.9408871,0.925,602.2359143,557.0682207,45.16769357,1,0,0,0.384047912,213.9408871,0.925,602.2359143,557.0682207,45.16769357,0,0,0,0.087248178,0,0.88,0,0,0,0,0,0,0.087248178,0,0.88,0,0,0,1,,,0.101,112.5277806,1114.136441,1114.136441,0,34.53822968,0,,,140.5217133,0,60.42433673,2,729.2505381,0,0,0,74.09185467
50,1,51,0.1016,0,0,0,729.2505381,,,,0,0,1,1254.658155,1254.658155,0,200.7453048,41.65465074,0,,,188.8409833,1254.658155,1204.471829,50.18632619,1254.658155,0,1,0,0,0.15678323,94.42049165,0.96,627.3290774,602.2359143,25.09316309,1,0,0,0.15678323,94.42049165,0.96,627.3290774,602.2359143,25.09316309,0,0,0,0.271,0,0.96,0,0,0,,,,427.8817742,1204.471829,1114.136441,90.33538714,1204.471829,0,1,0,0,0.384047912,213.9408871,0.925,602.2359143,557.0682207,45.16769357,1,0,0,0.384047912,213.9408871,0.925,602.2359143,557.0682207,45.16769357,0,0,0,0.087248178,0,0.88,0,0,0,0,0,0,0.087248178,0,0.88,0,0,0,1,,,0.101,112.5277806,1114.136441,1114.136441,0,34.53822968,0,,,140.5217133,0,60.42433673,2,729.2505381,0,0,0,74.09185467
51,1,52,0.1016,0,0,0,729.2505381,,,,0,0,1,1254.658155,1254.658155,0,200.7453048,41.65465074,0,,,188.8409833,1254.658155,1204.471829,50.18632619,1254.658155,0,1,0,0,0.15678323,94.42049165,0.96,627.3290774,602.2359143,25.09316309,1,0,0,0.15678323,94.42049165,0.96,627.3290774,602.2359143,25.09316309,0,0,0,0.271,0,0.96,0,0,0,,,,427.8817742,1204.471829,1114.136441,90.33538714,1204.471829,0,1,0,0,0.384047912,213.9408871,0.925,602.2359143,557.0682207,45.16769357,1,0,0,0.384047912,213.9408871,0.925,602.2359143,557.0682207,45.16769357,0,0,0,0.087248178,0,0.88,0,0,0,0,0,0,0.087248178,0,0.88,0,0,0,1,,,0.101,112.5277806,1114.136441,1114.136441,0,34.53822968,0,,,140.5217133,0,60.42433673,2,729.2505381,0,0,0,74.09185467
52,1,53,0.1016,0,0,0,729.2505381,,,,0,0,1,1254.658155,1254.658155,0,200.7453048,41.65465074,0,,,188.8409833,1254.658155,1204.471829,50.18632619,1254.658155,0,1,0,0,0.15678323,94.42049165,0.96,627.3290774,602.2359143,25.09316309,1,0,0,0.15678323,94.42049165,0.96,627.3290774,602.2359143,25.09316309,0,0,0,0.271,0,0.96,0,0,0,,,,427.8817742,1204.471829,1114.136441,90.33538714,1204.471829,0,1,0,0,0.384047912,213.9408871,0.925,602.2359143,557.0682207,45.16769357,1,0,0,0.384047912,213.9408871,0.925,602.2359143,557.0682207,45.16769357,0,0,0,0.087248178,0,0.88,0,0,0,0,0,0,0.087248178,0,0.88,0,0,0,1,,,0.101,112.5277806,1114.136441,1114.136441,0,34.53822968,0,,,140.5217133,0,60.42433673,2,729.2505381,0,0,0,74.09185467
53,1,54,0.1016,0,0,0,729.2505381,,,,0,0,1,1254.658155,1254.658155,0,200.7453048,41.65465074,0,,,188.8409833,1254.658155,1204.471829,50.18632619,1254.658155,0,1,0,0,0.15678323,94.42049165,0.96,627.3290774,602.2359143,25.09316309,1,0,0,0.15678323,94.42049165,0.96,627.3290774,602.2359143,25.09316309,0,0,0,0.271,0,0.96,0,0,0,,,,427.8817742,1204.471829,1114.136441,90.33538714,1204.471829,0,1,0,0,0.384047912,213.9408871,0.925,602.2359143,557.0682207,45.16769357,1,0,0,0.384047912,213.9408871,0.925,602.2359143,557.0682207,45.16769357,0,0,0,0.087248178,0,0.88,0,0,0,0,0,0,0.087248178,0,0.88,0,0,0,1,,,0.101,112.5277806,1114.136441,1114.136441,0,34.53822968,0,,,140.5217133,0,60.42433673,2,729.2505381,0,0,0,74.09185467
54,1,55,0.1016,0,0,0,729.2505381,,,,0,0,1,1254.658155,1254.658155,0,200.7453048,41.65465074,0,,,188.8409833,1254.658155,1204.471829,50.18632619,1254.658155,0,1,0,0,0.15678323,94.42049165,0.96,627.3290774,602.2359143,25.09316309,1,0,0,0.15678323,94.42049165,0.96,627.3290774,602.2359143,25.09316309,0,0,0,0.271,0,0.96,0,0,0,,,,427.8817742,1204.471829,1114.136441,90.33538714,1204.471829,0,1,0,0,0.384047912,213.9408871,0.925,602.2359143,557.0682207,45.16769357,1,0,0,0.384047912,213.9408871,0.925,602.2359143,557.0682207,45.16769357,0,0,0,0.087248178,0,0.88,0,0,0,0,0,0,0.087248178,0,0.88,0,0,0,1,,,0.101,112.5277806,1114.136441,1114.136441,0,34.53822968,0,,,140.5217133,0,60.42433673,2,729.2505381,0,0,0,74.09185467
55,1,56,0.1016,0,0,0,729.2505381,,,,0,0,1,1254.658155,1254.658155,0,200.7453048,41.65465074,0,,,188.8409833,1254.658155,1204.471829,50.18632619,1254.658155,0,1,0,0,0.15678323,94.42049165,0.96,627.3290774,602.2359143,25.09316309,1,0,0,0.15678323,94.42049165,0.96,627.3290774,602.2359143,25.09316309,0,0,0,0.271,0,0.96,0,0,0,,,,427.8817742,1204.471829,1114.136441,90.33538714,1204.471829,0,1,0,0,0.384047912,213.9408871,0.925,602.2359143,557.0682207,45.16769357,1,0,0,0.384047912,213.9408871,0.925,602.2359143,557.0682207,45.16769357,0,0,0,0.087248178,0,0.88,0,0,0,0,0,0,0.087248178,0,0.88,0,0,0,1,,,0.101,112.5277806,1114.136441,1114.136441,0,34.53822968,0,,,140.5217133,0,60.42433673,2,729.2505381,0,0,0,74.09185467
56,1,57,0.1016,0,0,0,1457.302959,,,,0,0,1,2498.179518,2498.179518,0,399.7087229,82.93956,0,,,384.3630177,2498.179518,2398.252337,99.92718072,2498.179518,0,1,0,0,0.160534536,128.9531642,0.96,836.7433971,803.2736612,33.46973588,1,0,0,0.16013371,127.7049268,0.96,830.7180604,797.489338,33.22872242,1,1,0,0.16013371,127.7049268,0.96,830.7180604,797.489338,33.22872242,,,,848.922486,2398.252337,2217.994606,180.2577309,2398.252337,0,1,0,0,0.384047912,213.9408871,0.925,602.2359143,557.0682207,45.16769357,1,0,0,0.383260644,212.9224551,0.925,600.6002487,555.5552301,45.04501865,1,1,0,0.383260644,212.9224551,0.925,600.6002487,555.5552301,45.04501865,1,1,0,0.380375829,209.1366887,0.924346343,594.8159256,549.8159256,45,1,,,0.101,224.0174552,2217.994606,2217.994606,0,68.7578328,0,,,280.1849116,0,120.479512,4,1457.302959,0,0,0,148.0619806
57,1,58,0.1016,0,1,0,1461.244142,,,,0,0,1,2502.329077,2502.329077,0,400.3726524,83.07732537,0,,,385.2264252,2502.329077,2402.235914,100.0931631,2502.329077,0,1,0,0,0.160534536,128.9531642,0.96,836.7433971,803.2736612,33.46973588,1,0,0,0.160534536,128.9531642,0.96,836.7433971,803.2736612,33.46973588,1,0,0,0.16001247,127.3200967,0.96,828.8422832,795.6885919,33.15369133,,,,851.588827,2402.235914,2222.068221,180.1676936,2402.235914,0,1,0,0,0.384047912,213.9408871,0.925,602.2359143,557.0682207,45.16769357,1,0,0,0.382971736,212.5493133,0.925,600,555,45,1,0,0,0.382971736,212.5493133,0.925,600,555,45,1,0,0,0.382971736,212.5493133,0.925,600,555,45,1,,,0.101,224.4288903,2222.068221,2222.068221,0,68.88411484,0,,,280.2608567,0,120.5121684,4,1461.244142,0,0,0,148.4624049
58,1,59,0.1016,0,1,0,1461.244142,,,,0,0,1,2502.329077,2502.329077,0,400.3726524,83.07732537,0,,,385.2264252,2502.329077,2402.235914,100.0931631,2502.329077,0,1,0,0,0.160534536,128.9531642,0.96,836.7433971,803.2736612,33.46973588,1,0,0,0.160534536,128.9531642,0.96,836.7433971,803.2736612,33.46973588,1,0,0,0.16001247,127.3200967,0.96,828.8422832,795.6885919,33.15369133,,,,851.588827,2402.235914,2222.068221,180.1676936,2402.235914,0,1,0,0,0.384047912,213.9408871,0.925,602.2359143,557.0682207,45.16769357,1,0,0,0.382971736,212.5493133,0.925,600,555,45,1,0,0,0.382971736,212.5493133,0.925,600,555,45,1,0,0,0.382971736,212.5493133,0.925,600,555,45,1,,,0.101,224.4288903,2222.068221,2222.068221,0,68.88411484,0,,,280.2608567,0,120.5121684,4,1461.244142,0,0,0,148.4624049
59,1,60,0.1016,0,1,0,1461.244142,,,,0,0,1,2502.329077,2502.329077,0,400.3726524,83.07732537,0,,,385.2264252,2502.329077,2402.235914,100.0931631,2502.329077,0,1,0,0,0.160534536,128.9531642,0.96,836.7433971,803.2736612,33.46973588,1,0,0,0.160534536,128.9531642,0.96,836.7433971,803.2736612,33.46973588,1,0,0,0.16001247,127.3200967,0.96,828.8422832,795.6885919,33.15369133,,,,851.588827,2402.235914,2222.068221,180.1676936,2402.235914,0,1,0,0,0.384047912,213.9408871,0.925,602.2359143,557.0682207,45.16769357,1,0,0,0.382971736,212.5493133,0.925,600,555,45,1,0,0,0.382971736,212.5493133,0.925,600,555,45,1,0,0,0.382971736,212.5493133,0.925,600,555,45,1,,,0.101,224.4288903,2222.068221,2222.068221,0,68.88411484,0,,,280.2608567,0,120.5121684,4,1461.244142,0,0,0,148.4624049
60,1,61,0.1016,0,1,0,1461.244142,,,,0,0,1,2502.329077,2502.329077,0,400.3726524,83.07732537,0,,,385.2264252,2502.329077,2402.235914,100.0931631,2502.329077,0,1,0,0,0.160534536,128.9531642,0.96,836.7433971,803.2736612,33.46973588,1,0,0,0.160534536,128.9531642,0.96,836.7433971,803.2736612,33.46973588,1,0,0,0.16001247,127.3200967,0.96,828.8422832,795.6885919,33.15369133,,,,851.588827,2402.235914,2222.068221,180.1676936,2402.235914,0,1,0,0,0.384047912,213.9408871,0.925,602.2359143,557.0682207,45.16769357,1,0,0,0.382971736,212.5493133,0.925,600,555,45,1,0,0,0.382971736,212.5493133,0.925,600,555,45,1,0,0,0.382971736,212.5493133,0.925,600,555,45,1,,,0.101,224.4288903,2222.068221,2222.068221,0,68.88411484,0,,,280.2608567,0,120.5121684,4,1461.244142,0,0,0,148.4624049
61,1,62,0.1016,0,1,0,1461.244142,,,,0,0,1,2502.329077,2502.329077,0,400.3726524,83.07732537,0,,,385.2264252,2502.329077,2402.235914,100.0931631,2502.329077,0,1,0,0,0.160534536,128.9531642,0.96,836.7433971,803.2736612,33.46973588,1,0,0,0.160534536,128.9531642,0.96,836.7433971,803.2736612,33.46973588,1,0,0,0.16001247,127.3200967,0.96,828.8422832,795.6885919,33.15369133,,,,851.588827,2402.235914,2222.068221,180.1676936,2402.235914,0,1,0,0,0.384047912,213.9408871,0.925,602.2359143,557.0682207,45.16769357,1,0,0,0.382971736,212.5493133,0.925,600,555,45,1,0,0,0.382971736,212.5493133,0.925,600,555,45,1,0,0,0.382971736,212.5493133,0.925,600,555,45,1,,,0.101,224.4288903,2222.068221,2222.068221,0,68.88411484,0,,,280.2608567,0,120.5121684,4,1461.244142,0,0,0,148.4624049
62,1,63,0.1016,0,1,0,1461.244142,,,,0,0,1,2502.329077,2502.329077,0,400.3726524,83.07732537,0,,,385.2264252,2502.329077,2402.235914,100.0931631,2502.329077,0,1,0,0,0.160534536,128.9531642,0.96,836.7433971,803.2736612,33.46973588,1,0,0,0.160534536,128.9531642,0.96,836.7433971,803.2736612,33.46973588,1,0,0,0.16001247,127.3200967,0.96,828.8422832,795.6885919,33.15369133,,,,851.588827,2402.235914,2222.068221,180.1676936,2402.235914,0,1,0,0,0.384047912,213.9408871,0.925,602.2359143,557.0682207,45.16769357,1,0,0,0.382971736,212.5493133,0.925,600,555,45,1,0,0,0.382971736,212.5493133,0.925,600,555,45,1,0,0,0.382971736,212.5493133,0.925,600,555,45,1,,,0.101,224.4288903,2222.068221,2222.068221,0,68.88411484,0,,,280.2608567,0,120.5121684,4,1461.244142,0,0,0,148.4624049
63,1,64,0.1016,0,1,0,1461.244142,,,,0,0,1,2502.329077,2502.329077,0,400.3726524,83.07732537,0,,,385.2264252,2502.329077,2402.235914,100.0931631,2502.329077,0,1,0,0,0.160534536,128.9531642,0.96,836.7433971,803.2736612,33.46973588,1,0,0,0.160534536,128.9531642,0.96,836.7433971,803.2736612,33.46973588,1,0,0,0.16001247,127.3200967,0.96,828.8422832,795.6885919,33.15369133,,,,851.588827,2402.235914,2222.068221,180.1676936,2402.235914,0,1,0,0,0.384047912,213.9408871,0.925,602.2359143,557.0682207,45.16769357,1,0,0,0.382971736,212.5493133,0.925,600,555,45,1,0,0,0.382971736,212.5493133,0.925,600,555,45,1,0,0,0.382971736,212.5493133,0.925,600,555,45,1,,,0.101,224.4288903,2222.068221,2222.068221,0,68.88411484,0,,,280.2608567,0,120.5121684,4,1461.244142,0,0,0,148.4624049
64,1,65,0.1016,0,1,0,1461.244142,,,,0,0,1,2502.329077,2502.329077,0,400.3726524,83.07732537,0,,,385.2264252,2502.329077,2402.235914,100.0931631,2502.329077,0,1,0,0,0.160534536,128.9531642,0.96,836.7433971,803.2736612,33.46973588,1,0,0,0.160534536,128.9531642,0.96,836.7433971,803.2736612,33.46973588,1,0,0,0.16001247,127.3200967,0.96,828.8422832,795.6885919,33.15369133,,,,851.588827,2402.235914,2222.068221,180.1676936,2402.235914,0,1,0,0,0.384047912,213.9408871,0.925,602.2359143,557.0682207,45.16769357,1,0,0,0.382971736,212.5493133,0.925,600,555,45,1,0,0,0.382971736,212.5493133,0.925,600,555,45,1,0,0,0.382971736,212.5493133,0.925,600,555,45,1,,,0.101,224.4288903,2222.068221,2222.068221,0,68.88411484,0,,,280.2608567,0,120.5121684,4,1461.244142,0,0,0,148.4624049
65,1,66,0.15246,1,1,0,589.2455252,,,,0,0,1,1083.333333,1083.333333,0,173.3333333,35.96666667,0,,,167.7415835,1083.333333,1040,43.33333333,1083.333333,0,1,0,0,0.161237607,83.95463604,0.96,542.3842957,520.6889239,21.69537183,1,0,0,0.1613425,83.78694749,0.96,540.9490376,519.3110761,21.6379615,0,0,1,0.271,0,0.96,0,0,0,,,,325.5539417,1040,950,90,1040,0,1,0,0,0.34268836,162.7769709,0.913461538,520,475,45,1,0,0,0.34268836,162.7769709,0.913461538,520,475,45,0,0,1,0.087248178,0,0.88,0,0,0,0,0,1,0.087248178,0,0.88,0,0,0,1,,,0.101,95.95,950,950,0,29.45,0,,,133.3333333,0,57.33333333,2,589.2455252,0,0,0,89.83637278
66,1,67,0.15246,1,0,0,589.2455252,,,,0,0,1,1083.333333,1083.333333,0,173.3333333,35.96666667,0,,,167.7415835,1083.333333,1040,43.33333333,1083.333333,0,1,0,0,0.161237607,83.95463604,0.96,542.3842957,520.6889239,21.69537183,1,0,0,0.1613425,83.78694749,0.96,540.9490376,519.3110761,21.6379615,0,0,0,0.271,0,0.96,0,0,0,,,,325.5539417,1040,950,90,1040,0,1,0,0,0.34268836,162.7769709,0.913461538,520,475,45,1,0,0,0.34268836,162.7769709,0.913461538,520,475,45,0,0,0,0.087248178,0,0.88,0,0,0,0,0,0,0.087248178,0,0.88,0,0,0,1,,,0.101,95.95,950,950,0,29.45,0,,,133.3333333,0,57.33333333,2,589.2455252,0,0,0,89.83637278
67,1,68,0.15246,1,0,0,589.2455252,,,,0,0,1,1083.333333,1083.333333,0,173.3333333,35.96666667,0,,,167.7415835,1083.333333,1040,43.33333333,1083.333333,0,1,0,0,0.161237607,83.95463604,0.96,542.3842957,520.6889239,21.69537183,1,0,0,0.1613425,83.78694749,0.96,540.9490376,519.3110761,21.6379615,0,0,0,0.271,0,0.96,0,0,0,,,,325.5539417,1040,950,90,1040,0,1,0,0,0.34268836,162.7769709,0.913461538,520,475,45,1,0,0,0.34268836,162.7769709,0.913461538,520,475,45,0,0,0,0.087248178,0,0.88,0,0,0,0,0,0,0.087248178,0,0.88,0,0,0,1,,,0.101,95.95,950,950,0,29.45,0,,,133.3333333,0,57.33333333,2,589.2455252,0,0,0,89.83637278
68,1,69,0.15246,1,0,0,589.2455252,,,,0,0,1,1083.333333,1083.333333,0,173.3333333,35.96666667,0,,,167.7415835,1083.333333,1040,43.33333333,1083.333333,0,1,0,0,0.161237607,83.95463604,0.96,542.3842957,520.6889239,21.69537183,1,0,0,0.1613425,83.78694749,0.96,540.9490376,519.3110761,21.6379615,0,0,0,0.271,0,0.96,0,0,0,,,,325.5539417,1040,950,90,1040,0,1,0,0,0.34268836,162.7769709,0.913461538,520,475,45,1,0,0,0.34268836,162.7769709,0.913461538,520,475,45,0,0,0,0.087248178,0,0.88,0,0,0,0,0,0,0.087248178,0,0.88,0,0,0,1,,,0.101,95.95,950,950,0,29.45,0,,,133.3333333,0,57.33333333,2,589.2455252,0,0,0,89.83637278
69,1,70,0.15246,1,0,0,589.2455252,,,,0,0,1,1083.333333,1083.333333,0,173.3333333,35.96666667,0,,,167.7415835,1083.333333,1040,43.33333333,1083.333333,0,1,0,0,0.161237607,83.95463604,0.96,542.3842957,520.6889239,21.69537183,1,0,0,0.1613425,83.78694749,0.96,540.9490376,519.3110761,21.6379615,0,0,0,0.271,0,0.96,0,0,0,,,,325.5539417,1040,950,90,1040,0,1,0,0,0.34268836,162.7769709,0.913461538,520,475,45,1,0,0,0.34268836,162.7769709,0.913461538,520,475,45,0,0,0,0.087248178,0,0.88,0,0,0,0,0,0,0.087248178,0,0.88,0,0,0,1,,,0.101,95.95,950,950,0,29.45,0,,,133.3333333,0,57.33333333,2,589.2455252,0,0,0,89.83637278
70,1,71,0.1016,0,0,0,790.3777528,,,,0,0,1,1322.916667,1322.916667,0,211.6666667,43.92083333,0,,,202.0421354,1322.916667,1270,52.91666667,1322.916667,0,1,0,0,0.157528883,118.2551879,0.96,781.9676291,750.6889239,31.27870516,1,0,0,0.1613425,83.78694749,0.96,540.9490376,519.3110761,21.6379615,0,0,0,0.271,0,0.96,0,0,0,,,,469.6858675,1270,1174.75,95.25,1270,0,1,0,0,0.399817721,234.8429337,0.925,635,587.375,47.625,1,0,0,0.399817721,234.8429337,0.925,635,587.375,47.625,0,0,0,0.087248178,0,0.88,0,0,0,0,0,0,0.087248178,0,0.88,0,0,0,1,,,0.101,118.64975,1174.75,1174.75,0,36.41725,0,,,148.1666667,0,63.71166667,2,790.3777528,0,0,0,80.30237969
71,1,72,0.1016,0,0,0,790.3777528,,,,0,0,1,1322.916667,1322.916667,0,211.6666667,43.92083333,0,,,202.0421354,1322.916667,1270,52.91666667,1322.916667,0,1,0,0,0.157528883,118.2551879,0.96,781.9676291,750.6889239,31.27870516,1,0,0,0.1613425,83.78694749,0.96,540.9490376,519.3110761,21.6379615,0,0,0,0.271,0,0.96,0,0,0,,,,469.6858675,1270,1174.75,95.25,1270,0,1,0,0,0.399817721,234.8429337,0.925,635,587.375,47.625,1,0,0,0.399817721,234.8429337,0.925,635,587.375,47.625,0,0,0,0.087248178,0,0.88,0,0,0,0,0,0,0.087248178,0,0.88,0,0,0,1,,,0.101,118.64975,1174.75,1174.75,0,36.41725,0,,,148.1666667,0,63.71166667,2,790.3777528,0,0,0,80.30237969
72,1,73,0.1016,0,0,0,790.3777528,,,,0,0,1,1322.916667,1322.916667,0,211.6666667,43.92083333,0,,,202.0421354,1322.916667,1270,52.91666667,1322.916667,0,1,0,0,0.157528883,118.2551879,0.96,781.9676291,750.6889239,31.27870516,1,0,0,0.1613425,83.78694749,0.96,540.9490376,519.3110761,21.6379615,0,0,0,0.271,0,0.96,0,0,0,,,,469.6858675,1270,1174.75,95.25,1270,0,1,0,0,0.399817721,234.8429337,0.925,635,587.375,47.625,1,0,0,0.399817721,234.8429337,0.925,635,587.375,47.625,0,0,0,0.087248178,0,0.88,0,0,0,0,0,0,0.087248178,0,0.88,0,0,0,1,,,0.101,118.64975,1174.75,1174.75,0,36.41725,0,,,148.1666667,0,63.71166667,2,790.3777528,0,0,0,80.30237969
73,1,74,0.1016,0,0,0,790.3777528,,,,0,0,1,1322.916667,1322.916667,0,211.6666667,43.92083333,0,,,202.0421354,1322.916667,1270,52.91666667,1322.916667,0,1,0,0,0.157528883,118.2551879,0.96,781.9676291,750.6889239,31.27870516,1,0,0,0.1613425,83.78694749,0.96,540.9490376,519.3110761,21.6379615,0,0,0,0.271,0,0.96,0,0,0,,,,469.6858675,1270,1174.75,95.25,1270,0,1,0,0,0.399817721,234.8429337,0.925,635,587.375,47.625,1,0,0,0.399817721,234.8429337,0.925,635,587.375,47.625,0,0,0,0.087248178,0,0.88,0,0,0,0,0,0,0.087248178,0,0.88,0,0,0,1,,,0.101,118.64975,1174.75,1174.75,0,36.41725,0,,,148.1666667,0,63.71166667,2,790.3777528,0,0,0,80.30237969
74,1,75,0.1016,0,0,0,790.3777528,,,,0,0,1,1322.916667,1322.916667,0,211.6666667,43.92083333,0,,,202.0421354,1322.916667,1270,52.91666667,1322.916667,0,1,0,0,0.157528883,118.2551879,0.96,781.9676291,750.6889239,31.27870516,1,0,0,0.1613425,83.78694749,0.96,540.9490376,519.3110761,21.6379615,0,0,0,0.271,0,0.96,0,0,0,,,,469.6858675,1270,1174.75,95.25,1270,0,1,0,0,0.399817721,234.8429337,0.925,635,587.375,47.625,1,0,0,0.399817721,234.8429337,0.925,635,587.375,47.625,0,0,0,0.087248178,0,0.88,0,0,0,0,0,0,0.087248178,0,0.88,0,0,0,1,,,0.101,118.64975,1174.75,1174.75,0,36.41725,0,,,148.1666667,0,63.71166667,2,790.3777528,0,0,0,80.30237969
75,1,76,0.1016,0,0,0,790.3777528,,,,0,0,1,1322.916667,1322.916667,0,211.6666667,43.92083333,0,,,202.0421354,1322.916667,1270,52.91666667,1322.916667,0,1,0,0,0.157528883,118.2551879,0.96,781.9676291,750.6889239,31.27870516,1,0,0,0.1613425,83.78694749,0.96,540.9490376,519.3110761,21.6379615,0,0,0,0.271,0,0.96,0,0,0,,,,469.6858675,1270,1174.75,95.25,1270,0,1,0,0,0.399817721,234.8429337,0.925,635,587.375,47.625,1,0,0,0.399817721,234.8429337,0.925,635,587.375,47.625,0,0,0,0.087248178,0,0.88,0,0,0,0,0,0,0.087248178,0,0.88,0,0,0,1,,,0.101,118.64975,1174.75,1174.75,0,36.41725,0,,,148.1666667,0,63.71166667,2,790.3777528,0,0,0,80.30237969
76,1,77,0.1016,0,0,0,790.3777528,,,,0,0,1,1322.916667,1322.916667,0,211.6666667,43.92083333,0,,,202.0421354,1322.916667,1270,52.91666667,1322.916667,0,1,0,0,0.157528883,118.2551879,0.96,781.9676291,750.6889239,31.27870516,1,0,0,0.1613425,83.78694749,0.96,540.9490376,519.3110761,21.6379615,0,0,0,0.271,0,0.96,0,0,0,,,,469.6858675,1270,1174.75,95.25,1270,0,1,0,0,0.399817721,234.8429337,0.925,635,587.375,47.625,1,0,0,0.399817721,234.8429337,0.925,635,587.375,47.625,0,0,0,0.087248178,0,0.88,0,0,0,0,0,0,0.087248178,0,0.88,0,0,0,1,,,0.101,118.64975,1174.75,1174.75,0,36.41725,0,,,148.1666667,0,63.71166667,2,790.3777528,0,0,0,80.30237969
77,1,78,0.1016,0,0,0,790.3777528,,,,0,0,1,1322.916667,1322.916667,0,211.6666667,43.92083333,0,,,202.0421354,1322.916667,1270,52.91666667,1322.916667,0,1,0,0,0.157528883,118.2551879,0.96,781.9676291,750.6889239,31.27870516,1,0,0,0.1613425,83.78694749,0.96,540.9490376,519.3110761,21.6379615,0,0,0,0.271,0,0.96,0,0,0,,,,469.6858675,1270,1174.75,95.25,1270,0,1,0,0,0.399817721,234.8429337,0.925,635,587.375,47.625,1,0,0,0.399817721,234.8429337,0.925,635,587.375,47.625,0,0,0,0.087248178,0,0.88,0,0,0,0,0,0,0.087248178,0,0.88,0,0,0,1,,,0.101,118.64975,1174.75,1174.75,0,36.41725,0,,,148.1666667,0,63.71166667,2,790.3777528,0,0,0,80.30237969
78,1,79,0.1016,0,0,0,790.3777528,,,,0,0,1,1322.916667,1322.916667,0,211.6666667,43.92083333,0,,,202.0421354,1322.916667,1270,52.91666667,1322.916667,0,1,0,0,0.157528883,118.2551879,0.96,781.9676291,750.6889239,31.27870516,1,0,0,0.1613425,83.78694749,0.96,540.9490376,519.3110761,21.6379615,0,0,0,0.271,0,0.96,0,0,0,,,,469.6858675,1270,1174.75,95.25,1270,0,1,0,0,0.399817721,234.8429337,0.925,635,587.375,47.625,1,0,0,0.399817721,234.8429337,0.925,635,587.375,47.625,0,0,0,0.087248178,0,0.88,0,0,0,0,0,0,0.087248178,0,0.88,0,0,0,1,,,0.101,118.64975,1174.75,1174.75,0,36.41725,0,,,148.1666667,0,63.71166667,2,790.3777528,0,0,0,80.30237969
79,1,80,0.1016,0,0,0,790.3777528,,,,0,0,1,1322.916667,1322.916667,0,211.6666667,43.92083333,0,,,202.0421354,1322.916667,1270,52.91666667,1322.916667,0,1,0,0,0.157528883,118.2551879,0.96,781.9676291,750.6889239,31.27870516,1,0,0,0.1613425,83.78694749,0.96,540.9490376,519.3110761,21.6379615,0,0,0,0.271,0,0.96,0,0,0,,,,469.6858675,1270,1174.75,95.25,1270,0,1,0,0,0.399817721,234.8429337,0.925,635,587.375,47.625,1,0,0,0.399817721,234.8429337,0.925,635,587.375,47.625,0,0,0,0.087248178,0,0.88,0,0,0,0,0,0,0.087248178,0,0.88,0,0,0,1,,,0.101,118.64975,1174.75,1174.75,0,36.41725,0,,,148.1666667,0,63.71166667,2,790.3777528,0,0,0,80.30237969
80,1,81,0.1016,0,0,0,1182.984297,,,,0,0,1,1984.375,1984.375,0,317.5,65.88125,0,,,300.4808704,1984.375,1905,79.375,1984.375,0,1,0,0,0.157528883,118.2551879,0.96,781.9676291,750.6889239,31.27870516,1,0,0,0.15692164,93.87458181,0.96,623.151931,598.2258538,24.92607724,1,1,0,0.158880505,88.35110072,0.96,579.2554399,556.0852223,23.1702176,,,,704.5288012,1905,1762.125,142.875,1905,0,1,0,0,0.399817721,234.8429337,0.925,635,587.375,47.625,1,0,0,0.399817721,234.8429337,0.925,635,587.375,47.625,1,1,0,0.399817721,234.8429337,0.925,635,587.375,47.625,0,0,0,0.087248178,0,0.88,0,0,0,1,,,0.101,177.974625,1762.125,1762.125,0,54.625875,0,,,222.25,0,95.5675,3,1182.984297,0,0,0,120.1912045
81,1,82,0.1016,0,1,0,1182.984297,,,,0,0,1,1984.375,1984.375,0,317.5,65.88125,0,,,300.4808704,1984.375,1905,79.375,1984.375,0,1,0,0,0.157528883,118.2551879,0.96,781.9676291,750.6889239,31.27870516,1,0,0,0.15692164,93.87458181,0.96,623.151931,598.2258538,24.92607724,1,0,0,0.158880505,88.35110072,0.96,579.2554399,556.0852223,23.1702176,,,,704.5288012,1905,1762.125,142.875,1905,0,1,0,0,0.399817721,234.8429337,0.925,635,587.375,47.625,1,0,0,0.399817721,234.8429337,0.925,635,587.375,47.625,1,0,0,0.399817721,234.8429337,0.925,635,587.375,47.625,0,0,0,0.087248178,0,0.88,0,0,0,1,,,0.101,177.974625,1762.125,1762.125,0,54.625875,0,,,222.25,0,95.5675,3,1182.984297,0,0,0,120.1912045
82,1,83,0.1016,0,1,0,1182.984297,,,,0,0,1,1984.375,1984.375,0,317.5,65.88125,0,,,300.4808704,1984.375,1905,79.375,1984.375,0,1,0,0,0.157528883,118.2551879,0.96,781.9676291,750.6889239,31.27870516,1,0,0,0.15692164,93.87458181,0.96,623.151931,598.2258538,24.92607724,1,0,0,0.158880505,88.35110072,0.96,579.2554399,556.0852223,23.1702176,,,,704.5288012,1905,1762.125,142.875,1905,0,1,0,0,0.399817721,234.8429337,0.925,635,587.375,47.625,1,0,0,0.399817721,234.8429337,0.925,635,587.375,47.625,1,0,0,0.399817721,234.8429337,0.925,635,587.375,47.625,0,0,0,0.087248178,0,0.88,0,0,0,1,,,0.101,177.974625,1762.125,1762.125,0,54.625875,0,,,222.25,0,95.5675,3,1182.984297,0,0,0,120.1912045
83,1,84,0.1016,0,1,0,1182.984297,,,,0,0,1,1984.375,1984.375,0,317.5,65.88125,0,,,300.4808704,1984.375,1905,79.375,1984.375,0,1,0,0,0.157528883,118.2551879,0.96,781.9676291,750.6889239,31.27870516,1,0,0,0.15692164,93.87458181,0.96,623.151931,598.2258538,24.92607724,1,0,0,0.158880505,88.35110072,0.96,579.2554399,556.0852223,23.1702176,,,,704.5288012,1905,1762.125,142.875,1905,0,1,0,0,0.399817721,234.8429337,0.925,635,587.375,47.625,1,0,0,0.399817721,234.8429337,0.925,635,587.375,47.625,1,0,0,0.399817721,234.8429337,0.925,635,587.375,47.625,0,0,0,0.087248178,0,0.88,0,0,0,1,,,0.101,177.974625,1762.125,1762.125,0,54.625875,0,,,222.25,0,95.5675,3,1182.984297,0,0,0,120.1912045
84,1,85,0.1016,0,1,0,1182.984297,,,,0,0,1,1984.375,1984.375,0,317.5,65.88125,0,,,300.4808704,1984.375,1905,79.375,1984.375,0,1,0,0,0.157528883,118.2551879,0.96,781.9676291,750.6889239,31.27870516,1,0,0,0.15692164,93.87458181,0.96,623.151931,598.2258538,24.92607724,1,0,0,0.158880505,88.35110072,0.96,579.2554399,556.0852223,23.1702176,,,,704.5288012,1905,1762.125,142.875,1905,0,1,0,0,0.399817721,234.8429337,0.925,635,587.375,47.625,1,0,0,0.399817721,234.8429337,0.925,635,587.375,47.625,1,0,0,0.399817721,234.8429337,0.925,635,587.375,47.625,0,0,0,0.087248178,0,0.88,0,0,0,1,,,0.101,177.974625,1762.125,1762.125,0,54.625875,0,,,222.25,0,95.5675,3,1182.984297,0,0,0,120.1912045
85,1,86,0.1016,0,1,0,1182.984297,,,,0,0,1,1984.375,1984.375,0,317.5,65.88125,0,,,300.4808704,1984.375,1905,79.375,1984.375,0,1,0,0,0.157528883,118.2551879,0.96,781.9676291,750.6889239,31.27870516,1,0,0,0.15692164,93.87458181,0.96,623.151931,598.2258538,24.92607724,1,0,0,0.158880505,88.35110072,0.96,579.2554399,556.0852223,23.1702176,,,,704.5288012,1905,1762.125,142.875,1905,0,1,0,0,0.399817721,234.8429337,0.925,635,587.375,47.625,1,0,0,0.399817721,234.8429337,0.925,635,587.375,47.625,1,0,0,0.399817721,234.8429337,0.925,635,587.375,47.625,0,0,0,0.087248178,0,0.88,0,0,0,1,,,0.101,177.974625,1762.125,1762.125,0,54.625875,0,,,222.25,0,95.5675,3,1182.984297,0,0,0,120.1912045
86,1,87,0.1016,0,1,0,1182.984297,,,,0,0,1,1984.375,1984.375,0,317.5,65.88125,0,,,300.4808704,1984.375,1905,79.375,1984.375,0,1,0,0,0.157528883,118.2551879,0.96,781.9676291,750.6889239,31.27870516,1,0,0,0.15692164,93.87458181,0.96,623.151931,598.2258538,24.92607724,1,0,0,0.158880505,88.35110072,0.96,579.2554399,556.0852223,23.1702176,,,,704.5288012,1905,1762.125,142.875,1905,0,1,0,0,0.399817721,234.8429337,0.925,635,587.375,47.625,1,0,0,0.399817721,234.8429337,0.925,635,587.375,47.625,1,0,0,0.399817721,234.8429337,0.925,635,587.375,47.625,0,0,0,0.087248178,0,0.88,0,0,0,1,,,0.101,177.974625,1762.125,1762.125,0,54.625875,0,,,222.25,0,95.5675,3,1182.984297,0,0,0,120.1912045
87,1,88,0.1016,0,1,0,1182.984297,,,,0,0,1,1984.375,1984.375,0,317.5,65.88125,0,,,300.4808704,1984.375,1905,79.375,1984.375,0,1,0,0,0.157528883,118.2551879,0.96,781.9676291,750.6889239,31.27870516,1,0,0,0.15692164,93.87458181,0.96,623.151931,598.2258538,24.92607724,1,0,0,0.158880505,88.35110072,0.96,579.2554399,556.0852223,23.1702176,,,,704.5288012,1905,1762.125,142.875,1905,0,1,0,0,0.399817721,234.8429337,0.925,635,587.375,47.625,1,0,0,0.399817721,234.8429337,0.925,635,587.375,47.625,1,0,0,0.399817721,234.8429337,0.925,635,587.375,47.625,0,0,0,0.087248178,0,0.88,0,0,0,1,,,0.101,177.974625,1762.125,1762.125,0,54.625875,0,,,222.25,0,95.5675,3,1182.984297,0,0,0,120.1912045
88,1,89,0.1016,0,1,0,1182.984297,,,,0,0,1,1984.375,1984.375,0,317.5,65.88125,0,,,300.4808704,1984.375,1905,79.375,1984.375,0,1,0,0,0.157528883,118.2551879,0.96,781.9676291,750.6889239,31.27870516,1,0,0,0.15692164,93.87458181,0.96,623.151931,598.2258538,24.92607724,1,0,0,0.158880505,88.35110072,0.96,579.2554399,556.0852223,23.1702176,,,,704.5288012,1905,1762.125,142.875,1905,0,1,0,0,0.399817721,234.8429337,0.925,635,587.375,47.625,1,0,0,0.399817721,234.8429337,0.925,635,587.375,47.625,1,0,0,0.399817721,234.8429337,0.925,635,587.375,47.625,0,0,0,0.087248178,0,0.88,0,0,0,1,,,0.101,177.974625,1762.125,1762.125,0,54.625875,0,,,222.25,0,95.5675,3,1182.984297,0,0,0,120.1912045
89,1,90,0.15246,1,1,0,589.5550621,,,,0,0,1,1083.494815,1083.494815,0,173.3591704,35.97202785,0,,,167.9455249,1083.494815,1040.155022,43.33979259,1083.494815,0,1,0,0,0.158673061,88.81874016,0.96,583.0827255,559.7594165,23.32330902,1,0,0,0.164711716,79.12678471,0.96,500.4120893,480.3956057,20.01648357,0,0,1,0.271,0,0.96,0,0,0,,,,325.6439702,1040.155022,950.1541287,90.00089349,1040.155022,0,1,0,0,0.342727655,162.8222011,0.913474436,520.0775111,475.0775111,45,1,0,0,0.34272739,162.8217691,0.913472718,520.0775111,475.0766176,45.00089349,0,0,1,0.087248178,0,0.88,0,0,0,0,0,0,0.087248178,0,0.88,0,0,0,1,,,0.101,95.965567,950.1541287,950.1541287,0,29.45477799,0,,,133.3406861,0,57.33649502,2,589.5550621,0,0,0,89.88356477
90,1,91,0.15246,1,0,0,589.5545398,,,,0,0,1,1083.494815,1083.494815,0,173.3591704,35.97202785,0,,,167.9455249,1083.494815,1040.155022,43.33979259,1083.494815,0,1,0,0,0.158673061,88.81874016,0.96,583.0827255,559.7594165,23.32330902,1,0,0,0.164711716,79.12678471,0.96,500.4120893,480.3956057,20.01648357,0,0,0,0.271,0,0.96,0,0,0,,,,325.6435382,1040.155022,950.1532352,90.00178698,1040.155022,0,1,0,0,0.34272739,162.8217691,0.913472718,520.0775111,475.0766176,45.00089349,1,0,0,0.34272739,162.8217691,0.913472718,520.0775111,475.0766176,45.00089349,0,0,0,0.087248178,0,0.88,0,0,0,0,0,0,0.087248178,0,0.88,0,0,0,1,,,0.101,95.96547675,950.1532352,950.1532352,0,29.45475029,0,,,133.3415796,0,57.33687922,2,589.5545398,0,0,0,89.88348514
91,1,92,0.15246,1,0,0,589.5550621,,,,0,0,1,1083.494815,1083.494815,0,173.3591704,35.97202785,0,,,167.9455249,1083.494815,1040.155022,43.33979259,1083.494815,0,1,0,0,0.158673061,88.81874016,0.96,583.0827255,559.7594165,23.32330902,1,0,0,0.164711716,79.12678471,0.96,500.4120893,480.3956057,20.01648357,0,0,0,0.271,0,0.96,0,0,0,,,,325.6439702,1040.155022,950.1541287,90.00089349,1040.155022,0,1,0,0,0.34272739,162.8217691,0.913472718,520.0775111,475.0766176,45.00089349,1,0,0,0.342727655,162.8222011,0.913474436,520.0775111,475.0775111,45,0,0,0,0.087248178,0,0.88,0,0,0,0,0,0,0.087248178,0,0.88,0,0,0,1,,,0.101,95.965567,950.1541287,950.1541287,0,29.45477799,0,,,133.3406861,0,57.33649502,2,589.5550621,0,0,0,89.88356477
92,1,93,0.15246,1,0,0,589.5550621,,,,0,0,1,1083.494815,1083.494815,0,173.3591704,35.97202785,0,,,167.9455249,1083.494815,1040.155022,43.33979259,1083.494815,0,1,0,0,0.158673061,88.81874016,0.96,583.0827255,559.7594165,23.32330902,1,0,0,0.164711716,79.12678471,0.96,500.4120893,480.3956057,20.01648357,0,0,0,0.271,0,0.96,0,0,0,,,,325.6439702,1040.155022,950.1541287,90.00089349,1040.155022,0,1,0,0,0.342727655,162.8222011,0.913474436,520.0775111,475.0775111,45,1,0,0,0.34272739,162.8217691,0.913472718,520.0775111,475.0766176,45.00089349,0,0,0,0.087248178,0,0.88,0,0,0,0,0,0,0.087248178,0,0.88,0,0,0,1,,,0.101,95.965567,950.1541287,950.1541287,0,29.45477799,0,,,133.3406861,0,57.33649502,2,589.5550621,0,0,0,89.88356477
93,1,94,0.15246,1,0,0,589.5550621,,,,0,0,1,1083.494815,1083.494815,0,173.3591704,35.97202785,0,,,167.9455249,1083.494815,1040.155022,43.33979259,1083.494815,0,1,0,0,0.158673061,88.81874016,0.96,583.0827255,559.7594165,23.32330902,1,0,0,0.164711716,79.12678471,0.96,500.4120893,480.3956057,20.01648357,0,0,0,0.271,0,0.96,0,0,0,,,,325.6439702,1040.155022,950.1541287,90.00089349,1040.155022,0,1,0,0,0.34272739,162.8217691,0.913472718,520.0775111,475.0766176,45.00089349,1,0,0,0.342727655,162.8222011,0.913474436,520.0775111,475.0775111,45,0,0,0,0.087248178,0,0.88,0,0,0,0,0,0,0.087248178,0,0.88,0,0,0,1,,,0.101,95.965567,950.1541287,950.1541287,0,29.45477799,0,,,133.3406861,0,57.33649502,2,589.5550621,0,0,0,89.88356477
94,1,95,0.1016,0,0,0,735.6941272,,,,0,0,1,1250.69422,1250.69422,0,200.1110752,41.5230481,0,,,198.0090205,1250.69422,1200.666451,50.02776879,1250.69422,0,1,0,0,0.160320918,128.29235,0.96,833.5647399,800.2221503,33.3425896,1,0,0,0.174098296,69.71667054,0.96,417.1294798,400.4443006,16.68517919,0,0,0,0.271,0,0.96,0,0,0,,,,425.5128435,1200.666451,1110.616467,90.04998382,1200.666451,0,1,0,0,0.383132122,212.7564217,0.925,600.3332255,555.3082336,45.02499191,1,0,0,0.383132122,212.7564217,0.925,600.3332255,555.3082336,45.02499191,0,0,0,0.087248178,0,0.88,0,0,0,0,0,0,0.087248178,0,0.88,0,0,0,1,,,0.101,112.1722632,1110.616467,1110.616467,0,34.42911048,0,,,140.0777526,0,60.23343362,2,735.6941272,0,0,0,74.74652332
95,1,96,0.1016,0,0,0,735.6941272,,,,0,0,1,1250.69422,1250.69422,0,200.1110752,41.5230481,0,,,198.0090205,1250.69422,1200.666451,50.02776879,1250.69422,0,1,0,0,0.160320918,128.29235,0.96,833.5647399,800.2221503,33.3425896,1,0,0,0.174098296,69.71667054,0.96,417.1294798,400.4443006,16.68517919,0,0,0,0.271,0,0.96,0,0,0,,,,425.5128435,1200.666451,1110.616467,90.04998382,1200.666451,0,1,0,0,0.383132122,212.7564217,0.925,600.3332255,555.3082336,45.02499191,1,0,0,0.383132122,212.7564217,0.925,600.3332255,555.3082336,45.02499191,0,0,0,0.094183419,0,0.925,0,0,0,0,0,0,0.087248178,0,0.88,0,0,0,1,,,0.101,112.1722632,1110.616467,1110.616467,0,34.42911048,0,,,140.0777526,0,60.23343362,2,735.6941272,0,0,0,74.74652332
96,1,97,0.1016,0,0,0,735.6941272,,,,0,0,1,1250.69422,1250.69422,0,200.1110752,41.5230481,0,,,198.0090205,1250.69422,1200.666451,50.02776879,1250.69422,0,1,0,0,0.160320918,128.29235,0.96,833.5647399,800.2221503,33.3425896,1,0,0,0.174098296,69.71667054,0.96,417.1294798,400.4443006,16.68517919,0,0,0,0.271,0,0.96,0,0,0,,,,425.5128435,1200.666451,1110.616467,90.04998382,1200.666451,0,1,0,0,0.383132122,212.7564217,0.925,600.3332255,555.3082336,45.02499191,1,0,0,0.383132122,212.7564217,0.925,600.3332255,555.3082336,45.02499191,0,0,0,0.087248178,0,0.88,0,0,0,0,0,0,0.087248178,0,0.88,0,0,0,1,,,0.101,112.1722632,1110.616467,1110.616467,0,34.42911048,0,,,140.0777526,0,60.23343362,2,735.6941272,0,0,0,74.74652332
97,1,98,0.1016,0,0,0,735.6941272,,,,0,0,1,1250.69422,1250.69422,0,200.1110752,41.5230481,0,,,198.0090205,1250.69422,1200.666451,50.02776879,1250.69422,0,1,0,0,0.160320918,128.29235,0.96,833.5647399,800.2221503,33.3425896,1,0,0,0.174098296,69.71667054,0.96,417.1294798,400.4443006,16.68517919,0,0,0,0.271,0,0.96,0,0,0,,,,425.5128435,1200.666451,1110.616467,90.04998382,1200.666451,0,1,0,0,0.383132122,212.7564217,0.925,600.3332255,555.3082336,45.02499191,1,0,0,0.383132122,212.7564217,0.925,600.3332255,555.3082336,45.02499191,0,0,0,0.087248178,0,0.88,0,0,0,0,0,0,0.087248178,0,0.88,0,0,0,1,,,0.101,112.1722632,1110.616467,1110.616467,0,34.42911048,0,,,140.0777526,0,60.23343362,2,735.6941272,0,0,0,74.74652332
98,1,99,0.1016,0,0,0,735.6941272,,,,0,0,1,1250.69422,1250.69422,0,200.1110752,41.5230481,0,,,198.0090205,1250.69422,1200.666451,50.02776879,1250.69422,0,1,0,0,0.160320918,128.29235,0.96,833.5647399,800.2221503,33.3425896,1,0,0,0.174098296,69.71667054,0.96,417.1294798,400.4443006,16.68517919,0,0,0,0.271,0,0.96,0,0,0,,,,425.5128435,1200.666451,1110.616467,90.04998382,1200.666451,0,1,0,0,0.383132122,212.7564217,0.925,600.3332255,555.3082336,45.02499191,1,0,0,0.383132122,212.7564217,0.925,600.3332255,555.3082336,45.02499191,0,0,0,0.087248178,0,0.88,0,0,0,0,0,0,0.087248178,0,0.88,0,0,0,1,,,0.101,112.1722632,1110.616467,1110.616467,0,34.42911048,0,,,140.0777526,0,60.23343362,2,735.6941272,0,0,0,74.74652332
99,1,100,0.1016,0,0,0,735.6941272,,,,0,0,1,1250.69422,1250.69422,0,200.1110752,41.5230481,0,,,198.0090205,1250.69422,1200.666451,50.02776879,1250.69422,0,1,0,0,0.160320918,128.29235,0.96,833.5647399,800.2221503,33.3425896,1,0,0,0.174098296,69.71667054,0.96,417.1294798,400.4443006,16.68517919,0,0,0,0.271,0,0.96,0,0,0,,,,425.5128435,1200.666451,1110.616467,90.04998382,1200.666451,0,1,0,0,0.383132122,212.7564217,0.925,600.3332255,555.3082336,45.02499191,1,0,0,0.383132122,212.7564217,0.925,600.3332255,555.3082336,45.02499191,0,0,0,0.087248178,0,0.88,0,0,0,0,0,0,0.087248178,0,0.88,0,0,0,1,,,0.101,112.1722632,1110.616467,1110.616467,0,34.42911048,0,,,140.0777526,0,60.23343362,2,735.6941272,0,0,0,74.74652332
100,1,101,0.1016,0,0,0,735.6941272,,,,0,0,1,1250.69422,1250.69422,0,200.1110752,41.5230481,0,,,198.0090205,1250.69422,1200.666451,50.02776879,1250.69422,0,1,0,0,0.160320918,128.29235,0.96,833.5647399,800.2221503,33.3425896,1,0,0,0.174098296,69.71667054,0.96,417.1294798,400.4443006,16.68517919,0,0,0,0.271,0,0.96,0,0,0,,,,425.5128435,1200.666451,1110.616467,90.04998382,1200.666451,0,1,0,0,0.383132122,212.7564217,0.925,600.3332255,555.3082336,45.02499191,1,0,0,0.383132122,212.7564217,0.925,600.3332255,555.3082336,45.02499191,0,0,0,0.087248178,0,0.88,0,0,0,0,0,0,0.087248178,0,0.88,0,0,0,1,,,0.101,112.1722632,1110.616467,1110.616467,0,34.42911048,0,,,140.0777526,0,60.23343362,2,735.6941272,0,0,0,74.74652332
101,1,102,0.1016,0,0,0,735.6941272,,,,0,0,1,1250.69422,1250.69422,0,200.1110752,41.5230481,0,,,198.0090205,1250.69422,1200.666451,50.02776879,1250.69422,0,1,0,0,0.160320918,128.29235,0.96,833.5647399,800.2221503,33.3425896,1,0,0,0.174098296,69.71667054,0.96,417.1294798,400.4443006,16.68517919,0,0,0,0.271,0,0.96,0,0,0,,,,425.5128435,1200.666451,1110.616467,90.04998382,1200.666451,0,1,0,0,0.383132122,212.7564217,0.925,600.3332255,555.3082336,45.02499191,1,0,0,0.383132122,212.7564217,0.925,600.3332255,555.3082336,45.02499191,0,0,0,0.087248178,0,0.88,0,0,0,0,0,0,0.087248178,0,0.88,0,0,0,1,,,0.101,112.1722632,1110.616467,1110.616467,0,34.42911048,0,,,140.0777526,0,60.23343362,2,735.6941272,0,0,0,74.74652332
102,1,103,0.1016,0,0,0,735.6941272,,,,0,0,1,1250.69422,1250.69422,0,200.1110752,41.5230481,0,,,198.0090205,1250.69422,1200.666451,50.02776879,1250.69422,0,1,0,0,0.160320918,128.29235,0.96,833.5647399,800.2221503,33.3425896,1,0,0,0.174098296,69.71667054,0.96,417.1294798,400.4443006,16.68517919,0,0,0,0.271,0,0.96,0,0,0,,,,425.5128435,1200.666451,1110.616467,90.04998382,1200.666451,0,1,0,0,0.383132122,212.7564217,0.925,600.3332255,555.3082336,45.02499191,1,0,0,0.383132122,212.7564217,0.925,600.3332255,555.3082336,45.02499191,0,0,0,0.087248178,0,0.88,0,0,0,0,0,0,0.087248178,0,0.88,0,0,0,1,,,0.101,112.1722632,1110.616467,1110.616467,0,34.42911048,0,,,140.0777526,0,60.23343362,2,735.6941272,0,0,0,74.74652332
103,1,104,0.1016,0,0,0,735.6941272,,,,0,0,1,1250.69422,1250.69422,0,200.1110752,41.5230481,0,,,198.0090205,1250.69422,1200.666451,50.02776879,1250.69422,0,1,0,0,0.160320918,128.29235,0.96,833.5647399,800.2221503,33.3425896,1,0,0,0.174098296,69.71667054,0.96,417.1294798,400.4443006,16.68517919,0,0,0,0.271,0,0.96,0,0,0,,,,425.5128435,1200.666451,1110.616467,90.04998382,1200.666451,0,1,0,0,0.383132122,212.7564217,0.925,600.3332255,555.3082336,45.02499191,1,0,0,0.383132122,212.7564217,0.925,600.3332255,555.3082336,45.02499191,0,0,0,0.087248178,0,0.88,0,0,0,0,0,0,0.087248178,0,0.88,0,0,0,1,,,0.101,112.1722632,1110.616467,1110.616467,0,34.42911048,0,,,140.0777526,0,60.23343362,2,735.6941272,0,0,0,74.74652332
104,1,105,0.1016,0,0,0,1459.770451,,,,0,0,1,2500.69422,2500.69422,0,400.1110752,83.0230481,0,,,384.87705,2500.69422,2400.666451,100.0277688,2500.69422,0,1,0,0,0.160320918,128.29235,0.96,833.5647399,800.2221503,33.3425896,1,0,0,0.160320918,128.29235,0.96,833.5647399,800.2221503,33.3425896,1,1,0,0.160320918,128.29235,0.96,833.5647399,800.2221503,33.3425896,,,,850.6111374,2400.666451,2220.616467,180.0499838,2400.666451,0,1,0,0,0.383132122,212.7564217,0.925,600.3332255,555.3082336,45.02499191,1,0,0,0.383132122,212.7564217,0.925,600.3332255,555.3082336,45.02499191,1,1,0,0.382971736,212.5493133,0.925,600,555,45,1,1,0,0.382971136,212.5489807,0.925,600,555,45,1,,,0.101,224.2822632,2220.616467,2220.616467,0,68.83911048,0,,,280.0777526,0,120.4334336,4,1459.770451,0,0,0,148.3126778
105,1,106,0.1016,0,1,0,1459.770451,,,,0,0,1,2500.69422,2500.69422,0,400.1110752,83.0230481,0,,,384.87705,2500.69422,2400.666451,100.0277688,2500.69422,0,1,0,0,0.160320918,128.29235,0.96,833.5647399,800.2221503,33.3425896,1,0,0,0.160320918,128.29235,0.96,833.5647399,800.2221503,33.3425896,1,0,0,0.160320918,128.29235,0.96,833.5647399,800.2221503,33.3425896,,,,850.6111374,2400.666451,2220.616467,180.0499838,2400.666451,0,1,0,0,0.383132122,212.7564217,0.925,600.3332255,555.3082336,45.02499191,1,0,0,0.383132122,212.7564217,0.925,600.3332255,555.3082336,45.02499191,1,0,0,0.382971736,212.5493133,0.925,600,555,45,1,0,0,0.382971136,212.5489807,0.925,600,555,45,1,,,0.101,224.2822632,2220.616467,2220.616467,0,68.83911048,0,,,280.0777526,0,120.4334336,4,1459.770451,0,0,0,148.3126778
106,1,107,0.1016,0,1,0,1459.770451,,,,0,0,1,2500.69422,2500.69422,0,400.1110752,83.0230481,0,,,384.87705,2500.69422,2400.666451,100.0277688,2500.69422,0,1,0,0,0.160320918,128.29235,0.96,833.5647399,800.2221503,33.3425896,1,0,0,0.160320918,128.29235,0.96,833.5647399,800.2221503,33.3425896,1,0,0,0.160320918,128.29235,0.96,833.5647399,800.2221503,33.3425896,,,,850.6111374,2400.666451,2220.616467,180.0499838,2400.666451,0,1,0,0,0.383132122,212.7564217,0.925,600.3332255,555.3082336,45.02499191,1,0,0,0.383132122,212.7564217,0.925,600.3332255,555.3082336,45.02499191,1,0,0,0.382971736,212.5493133,0.925,600,555,45,1,0,0,0.382971136,212.5489807,0.925,600,555,45,1,,,0.101,224.2822632,2220.616467,2220.616467,0,68.83911048,0,,,280.0777526,0,120.4334336,4,1459.770451,0,0,0,148.3126778
107,1,108,0.1016,0,1,0,1459.770451,,,,0,0,1,2500.69422,2500.69422,0,400.1110752,83.0230481,0,,,384.87705,2500.69422,2400.666451,100.0277688,2500.69422,0,1,0,0,0.160320918,128.29235,0.96,833.5647399,800.2221503,33.3425896,1,0,0,0.160320918,128.29235,0.96,833.5647399,800.2221503,33.3425896,1,0,0,0.160320918,128.29235,0.96,833.5647399,800.2221503,33.3425896,,,,850.6111374,2400.666451,2220.616467,180.0499838,2400.666451,0,1,0,0,0.383132122,212.7564217,0.925,600.3332255,555.3082336,45.02499191,1,0,0,0.383132122,212.7564217,0.925,600.3332255,555.3082336,45.02499191,1,0,0,0.382971736,212.5493133,0.925,600,555,45,1,0,0,0.382971136,212.5489807,0.925,600,555,45,1,,,0.101,224.2822632,2220.616467,2220.616467,0,68.83911048,0,,,280.0777526,0,120.4334336,4,1459.770451,0,0,0,148.3126778
108,1,109,0.1016,0,1,0,1459.770451,,,,0,0,1,2500.69422,2500.69422,0,400.1110752,83.0230481,0,,,384.87705,2500.69422,2400.666451,100.0277688,2500.69422,0,1,0,0,0.160320918,128.29235,0.96,833.5647399,800.2221503,33.3425896,1,0,0,0.160320918,128.29235,0.96,833.5647399,800.2221503,33.3425896,1,0,0,0.160320918,128.29235,0.96,833.5647399,800.2221503,33.3425896,,,,850.6111374,2400.666451,2220.616467,180.0499838,2400.666451,0,1,0,0,0.383132122,212.7564217,0.925,600.3332255,555.3082336,45.02499191,1,0,0,0.383132122,212.7564217,0.925,600.3332255,555.3082336,45.02499191,1,0,0,0.382971736,212.5493133,0.925,600,555,45,1,0,0,0.382971136,212.5489807,0.925,600,555,45,1,,,0.101,224.2822632,2220.616467,2220.616467,0,68.83911048,0,,,280.0777526,0,120.4334336,4,1459.770451,0,0,0,148.3126778
109,1,110,0.1016,0,1,0,1459.770451,,,,0,0,1,2500.69422,2500.69422,0,400.1110752,83.0230481,0,,,384.87705,2500.69422,2400.666451,100.0277688,2500.69422,0,1,0,0,0.160320918,128.29235,0.96,833.5647399,800.2221503,33.3425896,1,0,0,0.160320918,128.29235,0.96,833.5647399,800.2221503,33.3425896,1,0,0,0.160320918,128.29235,0.96,833.5647399,800.2221503,33.3425896,,,,850.6111374,2400.666451,2220.616467,180.0499838,2400.666451,0,1,0,0,0.383132122,212.7564217,0.925,600.3332255,555.3082336,45.02499191,1,0,0,0.383132122,212.7564217,0.925,600.3332255,555.3082336,45.02499191,1,0,0,0.382971736,212.5493133,0.925,600,555,45,1,0,0,0.382971136,212.5489807,0.925,600,555,45,1,,,0.101,224.2822632,2220.616467,2220.616467,0,68.83911048,0,,,280.0777526,0,120.4334336,4,1459.770451,0,0,0,148.3126778
110,1,111,0.1016,0,1,0,1459.770451,,,,0,0,1,2500.69422,2500.69422,0,400.1110752,83.0230481,0,,,384.87705,2500.69422,2400.666451,100.0277688,2500.69422,0,1,0,0,0.160320918,128.29235,0.96,833.5647399,800.2221503,33.3425896,1,0,0,0.160320918,128.29235,0.96,833.5647399,800.2221503,33.3425896,1,0,0,0.160320918,128.29235,0.96,833.5647399,800.2221503,33.3425896,,,,850.6111374,2400.666451,2220.616467,180.0499838,2400.666451,0,1,0,0,0.383132122,212.7564217,0.925,600.3332255,555.3082336,45.02499191,1,0,0,0.383132122,212.7564217,0.925,600.3332255,555.3082336,45.02499191,1,0,0,0.382971736,212.5493133,0.925,600,555,45,1,0,0,0.382971136,212.5489807,0.925,600,555,45,1,,,0.101,224.2822632,2220.616467,2220.616467,0,68.83911048,0,,,280.0777526,0,120.4334336,4,1459.770451,0,0,0,148.3126778
111,1,112,0.1016,0,1,0,1459.770037,,,,0,0,1,2500.69422,2500.69422,0,400.1110752,83.0230481,0,,,384.8766365,2500.69422,2400.666451,100.0277688,2500.69422,0,1,0,0,0.160320402,128.2919365,0.96,833.5647399,800.2221503,33.3425896,1,0,0,0.160320918,128.29235,0.96,833.5647399,800.2221503,33.3425896,1,0,0,0.160320918,128.29235,0.96,833.5647399,800.2221503,33.3425896,,,,850.6111374,2400.666451,2220.616467,180.0499838,2400.666451,0,1,0,0,0.383132122,212.7564217,0.925,600.3332255,555.3082336,45.02499191,1,0,0,0.383132122,212.7564217,0.925,600.3332255,555.3082336,45.02499191,1,0,0,0.382971736,212.5493133,0.925,600,555,45,1,0,0,0.382971136,212.5489807,0.925,600,555,45,1,,,0.101,224.2822632,2220.616467,2220.616467,0,68.83911048,0,,,280.0777526,0,120.4334336,4,1459.770037,0,0,0,148.3126358
112,1,113,0.1016,0,1,0,1459.770037,,,,0,0,1,2500.69422,2500.69422,0,400.1110752,83.0230481,0,,,384.8766365,2500.69422,2400.666451,100.0277688,2500.69422,0,1,0,0,0.160320402,128.2919365,0.96,833.5647399,800.2221503,33.3425896,1,0,0,0.160320918,128.29235,0.96,833.5647399,800.2221503,33.3425896,1,0,0,0.160320918,128.29235,0.96,833.5647399,800.2221503,33.3425896,,,,850.6111374,2400.666451,2220.616467,180.0499838,2400.666451,0,1,0,0,0.383132122,212.7564217,0.925,600.3332255,555.3082336,45.02499191,1,0,0,0.383132122,212.7564217,0.925,600.3332255,555.3082336,45.02499191,1,0,0,0.382971736,212.5493133,0.925,600,555,45,1,0,0,0.382971136,212.5489807,0.925,600,555,45,1,,,0.101,224.2822632,2220.616467,2220.616467,0,68.83911048,0,,,280.0777526,0,120.4334336,4,1459.770037,0,0,0,148.3126358
113,1,114,0.15246,1,1,0,586.502449,,,,0,0,1,1084.376416,1084.376416,0,173.5002265,36.00129701,0,,,168.6106371,1084.376416,1041.001359,43.37505664,1084.376416,0,1,0,0,0.156859375,94.115625,0.96,625,600,25,1,0,0,0.168922409,74.49501206,0.96,459.3764159,441.0013593,18.37505664,0,0,1,0.271,0,0.96,0,0,0,,,,322.567981,1041.001359,943.8003067,96.19969331,1040,1.001359253,1,0,0,0.34268836,162.7769709,0.913461538,520,475,45,1,0,0,0.340850908,159.7910102,0.901539051,520,468.8003067,51.19969331,0,0,1,0.087248178,0,0.88,0,0,0,0,0,1,0.087248178,0,0.88,0,0,0,1,,,0.101,95.32383098,943.8003067,943.8003067,0,29.25780951,0,,,140.5761092,0,60.44772695,2,586.502449,0,0,0,89.41816338
114,1,115,0.15246,1,0,0,586.502449,,,,0,0,1,1084.376416,1084.376416,0,173.5002265,36.00129701,0,,,168.6106371,1084.376416,1041.001359,43.37505664,1084.376416,0,1,0,0,0.156859375,94.115625,0.96,625,600,25,1,0,0,0.168922409,74.49501206,0.96,459.3764159,441.0013593,18.37505664,0,0,0,0.271,0,0.96,0,0,0,,,,322.567981,1041.001359,943.8003067,96.19969331,1040,1.001359253,1,0,0,0.34268836,162.7769709,0.913461538,520,475,45,1,0,0,0.340850908,159.7910102,0.901539051,520,468.8003067,51.19969331,0,0,0,0.087248178,0,0.88,0,0,0,0,0,0,0.087248178,0,0.88,0,0,0,1,,,0.101,95.32383098,943.8003067,943.8003067,0,29.25780951,0,,,140.5761092,0,60.44772695,2,586.502449,0,0,0,89.41816338
115,1,116,0.15246,1,0,0,590.1145788,,,,0,0,1,1084.376416,1084.376416,0,173.5002265,36.00129701,0,,,168.6106371,1084.376416,1041.001359,43.37505664,1084.376416,0,1,0,0,0.156859375,94.115625,0.96,625,600,25,1,0,0,0.168922409,74.49501206,0.96,459.3764159,441.0013593,18.37505664,0,0,0,0.271,0,0.96,0,0,0,,,,325.5539417,1041.001359,950,90,1040,1.001359253,1,0,0,0.34268836,162.7769709,0.913461538,520,475,45,1,0,0,0.34268836,162.7769709,0.913461538,520,475,45,0,0,0,0.087248178,0,0.88,0,0,0,0,0,0,0.087248178,0,0.88,0,0,0,1,,,0.101,95.95,950,950,0,29.45,0,,,134.3764159,0,57.78185883,2,590.1145788,0,0,0,89.96886868
116,1,117,0.15246,1,0,0,590.1145788,,,,0,0,1,1084.376416,1084.376416,0,173.5002265,36.00129701,0,,,168.6106371,1084.376416,1041.001359,43.37505664,1084.376416,0,1,0,0,0.156859375,94.115625,0.96,625,600,25,1,0,0,0.168922409,74.49501206,0.96,459.3764159,441.0013593,18.37505664,0,0,0,0.271,0,0.96,0,0,0,,,,325.5539417,1041.001359,950,90,1040,1.001359253,1,0,0,0.34268836,162.7769709,0.913461538,520,475,45,1,0,0,0.34268836,162.7769709,0.913461538,520,475,45,0,0,0,0.087248178,0,0.88,0,0,0,0,0,0,0.087248178,0,0.88,0,0,0,1,,,0.101,95.95,950,950,0,29.45,0,,,134.3764159,0,57.78185883,2,590.1145788,0,0,0,89.96886868
117,1,118,0.15246,1,0,0,586.502449,,,,0,0,1,1084.376416,1084.376416,0,173.5002265,36.00129701,0,,,168.6106371,1084.376416,1041.001359,43.37505664,1084.376416,0,1,0,0,0.156859375,94.115625,0.96,625,600,25,1,0,0,0.168922409,74.49501206,0.96,459.3764159,441.0013593,18.37505664,0,0,0,0.271,0,0.96,0,0,0,,,,322.567981,1041.001359,943.8003067,96.19969331,1040,1.001359253,1,0,0,0.340850908,159.7910102,0.901539051,520,468.8003067,51.19969331,1,0,0,0.34268836,162.7769709,0.913461538,520,475,45,0,0,0,0.087248178,0,0.88,0,0,0,0,0,0,0.087248178,0,0.88,0,0,0,1,,,0.101,95.32383098,943.8003067,943.8003067,0,29.25780951,0,,,140.5761092,0,60.44772695,2,586.502449,0,0,0,89.41816338
118,1,119,0.1016,0,0,0,725.4398766,,,,0,0,1,1250,1250,0,200,41.5,0,,,188.23125,1250,1200,50,1250,0,1,0,0,0.156859375,94.115625,0.96,625,600,25,1,0,0,0.156859375,94.115625,0.96,625,600,25,0,0,0,0.271,0,0.96,0,0,0,,,,425.0986266,1200,1110,90,1200,0,1,0,0,0.382971736,212.5493133,0.925,600,555,45,1,0,0,0.382971736,212.5493133,0.925,600,555,45,0,0,0,0.087248178,0,0.88,0,0,0,0,0,0,0.087248178,0,0.88,0,0,0,1,,,0.101,112.11,1110,1110,0,34.41,0,,,140,0,60.2,2,725.4398766,0,0,0,73.70469146
119,1,120,0.1016,0,0,0,725.4398766,,,,0,0,1,1250,1250,0,200,41.5,0,,,188.23125,1250,1200,50,1250,0,1,0,0,0.156859375,94.115625,0.96,625,600,25,1,0,0,0.156859375,94.115625,0.96,625,600,25,0,0,0,0.271,0,0.96,0,0,0,,,,425.0986266,1200,1110,90,1200,0,1,0,0,0.382971736,212.5493133,0.925,600,555,45,1,0,0,0.382971736,212.5493133,0.925,600,555,45,0,0,0,0.087248178,0,0.88,0,0,0,0,0,0,0.087248178,0,0.88,0,0,0,1,,,0.101,112.11,1110,1110,0,34.41,0,,,140,0,60.2,2,725.4398766,0,0,0,73.70469146
120,1,121,0.1016,0,0,0,735.2782332,,,,0,0,1,1250,1250,0,200,41.5,0,,,198.0696066,1250,1200,50,1250,0,1,0,0,0.160420948,128.603003,0.96,835.0621484,801.6596625,33.40248594,1,0,0,0.174390081,69.46660365,0.96,414.9378516,398.3403375,16.59751406,0,0,0,0.271,0,0.96,0,0,0,,,,425.0986266,1200,1110,90,1200,0,1,0,0,0.382971736,212.5493133,0.925,600,555,45,1,0,0,0.382971736,212.5493133,0.925,600,555,45,0,0,0,0.087248178,0,0.88,0,0,0,0,0,0,0.087248178,0,0.88,0,0,0,1,,,0.101,112.11,1110,1110,0,34.41,0,,,140,0,60.2,2,735.2782332,0,0,0,74.7042685
121,1,122,0.1016,0,0,0,735.2782332,,,,0,0,1,1250,1250,0,200,41.5,0,,,198.0696066,1250,1200,50,1250,0,1,0,0,0.160420948,128.603003,0.96,835.0621484,801.6596625,33.40248594,1,0,0,0.174390081,69.46660365,0.96,414.9378516,398.3403375,16.59751406,0,0,0,0.271,0,0.96,0,0,0,,,,425.0986266,1200,1110,90,1200,0,1,0,0,0.382971736,212.5493133,0.925,600,555,45,1,0,0,0.382971736,212.5493133,0.925,600,555,45,0,0,0,0.087248178,0,0.88,0,0,0,0,0,0,0.087248178,0,0.88,0,0,0,1,,,0.101,112.11,1110,1110,0,34.41,0,,,140,0,60.2,2,735.2782332,0,0,0,74.7042685
122,1,123,0.1016,0,0,0,735.2782332,,,,0,0,1,1250,1250,0,200,41.5,0,,,198.0696066,1250,1200,50,1250,0,1,0,0,0.160420948,128.603003,0.96,835.0621484,801.6596625,33.40248594,1,0,0,0.174390081,69.46660365,0.96,414.9378516,398.3403375,16.59751406,0,0,0,0.271,0,0.96,0,0,0,,,,425.0986266,1200,1110,90,1200,0,1,0,0,0.382971736,212.5493133,0.925,600,555,45,1,0,0,0.382971736,212.5493133,0.925,600,555,45,0,0,0,0.087248178,0,0.88,0,0,0,0,0,0,0.087248178,0,0.88,0,0,0,1,,,0.101,112.11,1110,1110,0,34.41,0,,,140,0,60.2,2,735.2782332,0,0,0,74.7042685
123,1,124,0.1016,0,0,0,735.2782332,,,,0,0,1,1250,1250,0,200,41.5,0,,,198.0696066,1250,1200,50,1250,0,1,0,0,0.160420948,128.603003,0.96,835.0621484,801.6596625,33.40248594,1,0,0,0.174390081,69.46660365,0.96,414.9378516,398.3403375,16.59751406,0,0,0,0.271,0,0.96,0,0,0,,,,425.0986266,1200,1110,90,1200,0,1,0,0,0.382971736,212.5493133,0.925,600,555,45,1,0,0,0.382971736,212.5493133,0.925,600,555,45,0,0,0,0.087248178,0,0.88,0,0,0,0,0,0,0.087248178,0,0.88,0,0,0,1,,,0.101,112.11,1110,1110,0,34.41,0,,,140,0,60.2,2,735.2782332,0,0,0,74.7042685
124,1,125,0.1016,0,0,0,735.2782332,,,,0,0,1,1250,1250,0,200,41.5,0,,,198.0696066,1250,1200,50,1250,0,1,0,0,0.160420948,128.603003,0.96,835.0621484,801.6596625,33.40248594,1,0,0,0.174390081,69.46660365,0.96,414.9378516,398.3403375,16.59751406,0,0,0,0.271,0,0.96,0,0,0,,,,425.0986266,1200,1110,90,1200,0,1,0,0,0.382971736,212.5493133,0.925,600,555,45,1,0,0,0.382971736,212.5493133,0.925,600,555,45,0,0,0,0.087248178,0,0.88,0,0,0,0,0,0,0.087248178,0,0.88,0,0,0,1,,,0.101,112.11,1110,1110,0,34.41,0,,,140,0,60.2,2,735.2782332,0,0,0,74.7042685
125,1,126,0.1016,0,0,0,735.2782332,,,,0,0,1,1250,1250,0,200,41.5,0,,,198.0696066,1250,1200,50,1250,0,1,0,0,0.160420948,128.603003,0.96,835.0621484,801.6596625,33.40248594,1,0,0,0.174390081,69.46660365,0.96,414.9378516,398.3403375,16.59751406,0,0,0,0.271,0,0.96,0,0,0,,,,425.0986266,1200,1110,90,1200,0,1,0,0,0.382971736,212.5493133,0.925,600,555,45,1,0,0,0.382971736,212.5493133,0.925,600,555,45,0,0,0,0.087248178,0,0.88,0,0,0,0,0,0,0.087248178,0,0.88,0,0,0,1,,,0.101,112.11,1110,1110,0,34.41,0,,,140,0,60.2,2,735.2782332,0,0,0,74.7042685
126,1,127,0.1016,0,0,0,735.2782332,,,,0,0,1,1250,1250,0,200,41.5,0,,,198.0696066,1250,1200,50,1250,0,1,0,0,0.160420948,128.603003,0.96,835.0621484,801.6596625,33.40248594,1,0,0,0.174390081,69.46660365,0.96,414.9378516,398.3403375,16.59751406,0,0,0,0.271,0,0.96,0,0,0,,,,425.0986266,1200,1110,90,1200,0,1,0,0,0.382971736,212.5493133,0.925,600,555,45,1,0,0,0.382971736,212.5493133,0.925,600,555,45,0,0,0,0.087248178,0,0.88,0,0,0,0,0,0,0.087248178,0,0.88,0,0,0,1,,,0.101,112.11,1110,1110,0,34.41,0,,,140,0,60.2,2,735.2782332,0,0,0,74.7042685
127,1,128,0.1016,0,0,0,735.2782332,,,,0,0,1,1250,1250,0,200,41.5,0,,,198.0696066,1250,1200,50,1250,0,1,0,0,0.160420948,128.603003,0.96,835.0621484,801.6596625,33.40248594,1,0,0,0.174390081,69.46660365,0.96,414.9378516,398.3403375,16.59751406,0,0,0,0.271,0,0.96,0,0,0,,,,425.0986266,1200,1110,90,1200,0,1,0,0,0.382971736,212.5493133,0.925,600,555,45,1,0,0,0.382971736,212.5493133,0.925,600,555,45,0,0,0,0.087248178,0,0.88,0,0,0,0,0,0,0.087248178,0,0.88,0,0,0,1,,,0.101,112.11,1110,1110,0,34.41,0,,,140,0,60.2,2,735.2782332,0,0,0,74.7042685
128,1,129,0.1016,0,0,0,1459.15515,,,,0,0,1,2500,2500,0,400,83,0,,,384.7378969,2500,2400,100,2500,0,1,0,0,0.160420948,128.603003,0.96,835.0621484,801.6596625,33.40248594,1,0,0,0.160420948,128.603003,0.96,835.0621484,801.6596625,33.40248594,1,1,0,0.160079057,127.531891,0.96,829.8757031,796.680675,33.19502813,,,,850.1972532,2400,2220,180,2400,0,1,0,0,0.382971736,212.5493133,0.925,600,555,45,1,0,0,0.382971736,212.5493133,0.925,600,555,45,1,1,0,0.382971736,212.5493133,0.925,600,555,45,1,1,0,0.382971736,212.5493133,0.925,600,555,45,1,,,0.101,224.22,2220,2220,0,68.82,0,,,280,0,120.4,4,1459.15515,0,0,0,148.2501633
129,1,130,0.1016,0,1,0,1459.15515,,,,0,0,1,2500,2500,0,400,83,0,,,384.7378969,2500,2400,100,2500,0,1,0,0,0.160420948,128.603003,0.96,835.0621484,801.6596625,33.40248594,1,0,0,0.160420948,128.603003,0.96,835.0621484,801.6596625,33.40248594,1,0,0,0.160079057,127.531891,0.96,829.8757031,796.680675,33.19502813,,,,850.1972532,2400,2220,180,2400,0,1,0,0,0.382971736,212.5493133,0.925,600,555,45,1,0,0,0.382971736,212.5493133,0.925,600,555,45,1,0,0,0.382971736,212.5493133,0.925,600,555,45,1,0,0,0.382971736,212.5493133,0.925,600,555,45,1,,,0.101,224.22,2220,2220,0,68.82,0,,,280,0,120.4,4,1459.15515,0,0,0,148.2501633
130,1,131,0.1016,0,1,0,1459.15515,,,,0,0,1,2500,2500,0,400,83,0,,,384.7378969,2500,2400,100,2500,0,1,0,0,0.160420948,128.603003,0.96,835.0621484,801.6596625,33.40248594,1,0,0,0.160420948,128.603003,0.96,835.0621484,801.6596625,33.40248594,1,0,0,0.160079057,127.531891,0.96,829.8757031,796.680675,33.19502813,,,,850.1972532,2400,2220,180,2400,0,1,0,0,0.382971736,212.5493133,0.925,600,555,45,1,0,0,0.382971736,212.5493133,0.925,600,555,45,1,0,0,0.382971736,212.5493133,0.925,600,555,45,1,0,0,0.382971736,212.5493133,0.925,600,555,45,1,,,0.101,224.22,2220,2220,0,68.82,0,,,280,0,120.4,4,1459.15515,0,0,0,148.2501633
131,1,132,0.1016,0,1,0,1459.15515,,,,0,0,1,2500,2500,0,400,83,0,,,384.7378969,2500,2400,100,2500,0,1,0,0,0.160420948,128.603003,0.96,835.0621484,801.6596625,33.40248594,1,0,0,0.160420948,128.603003,0.96,835.0621484,801.6596625,33.40248594,1,0,0,0.160079057,127.531891,0.96,829.8757031,796.680675,33.19502813,,,,850.1972532,2400,2220,180,2400,0,1,0,0,0.382971736,212.5493133,0.925,600,555,45,1,0,0,0.382971736,212.5493133,0.925,600,555,45,1,0,0,0.382971736,212.5493133,0.925,600,555,45,1,0,0,0.382971736,212.5493133,0.925,600,555,45,1,,,0.101,224.22,2220,2220,0,68.82,0,,,280,0,120.4,4,1459.15515,0,0,0,148.2501633
132,1,133,0.1016,0,1,0,1459.15515,,,,0,0,1,2500,2500,0,400,83,0,,,384.7378969,2500,2400,100,2500,0,1,0,0,0.160420948,128.603003,0.96,835.0621484,801.6596625,33.40248594,1,0,0,0.160420948,128.603003,0.96,835.0621484,801.6596625,33.40248594,1,0,0,0.160079057,127.531891,0.96,829.8757031,796.680675,33.19502813,,,,850.1972532,2400,2220,180,2400,0,1,0,0,0.382971736,212.5493133,0.925,600,555,45,1,0,0,0.382971736,212.5493133,0.925,600,555,45,1,0,0,0.382971736,212.5493133,0.925,600,555,45,1,0,0,0.382971736,212.5493133,0.925,600,555,45,1,,,0.101,224.22,2220,2220,0,68.82,0,,,280,0,120.4,4,1459.15515,0,0,0,148.2501633
133,1,134,0.1016,0,1,0,1459.15515,,,,0,0,1,2500,2500,0,400,83,0,,,384.7378969,2500,2400,100,2500,0,1,0,0,0.160420948,128.603003,0.96,835.0621484,801.6596625,33.40248594,1,0,0,0.160420948,128.603003,0.96,835.0621484,801.6596625,33.40248594,1,0,0,0.160079057,127.531891,0.96,829.8757031,796.680675,33.19502813,,,,850.1972532,2400,2220,180,2400,0,1,0,0,0.382971736,212.5493133,0.925,600,555,45,1,0,0,0.382971736,212.5493133,0.925,600,555,45,1,0,0,0.382971736,212.5493133,0.925,600,555,45,1,0,0,0.382971736,212.5493133,0.925,600,555,45,1,,,0.101,224.22,2220,2220,0,68.82,0,,,280,0,120.4,4,1459.15515,0,0,0,148.2501633
134,1,135,0.1016,0,1,0,1459.15515,,,,0,0,1,2500,2500,0,400,83,0,,,384.7378969,2500,2400,100,2500,0,1,0,0,0.160420948,128.603003,0.96,835.0621484,801.6596625,33.40248594,1,0,0,0.160420948,128.603003,0.96,835.0621484,801.6596625,33.40248594,1,0,0,0.160079057,127.531891,0.96,829.8757031,796.680675,33.19502813,,,,850.1972532,2400,2220,180,2400,0,1,0,0,0.382971736,212.5493133,0.925,600,555,45,1,0,0,0.382971736,212.5493133,0.925,600,555,45,1,0,0,0.382971736,212.5493133,0.925,600,555,45,1,0,0,0.382971736,212.5493133,0.925,600,555,45,1,,,0.101,224.22,2220,2220,0,68.82,0,,,280,0,120.4,4,1459.15515,0,0,0,148.2501633
135,1,136,0.1016,0,1,0,1459.15515,,,,0,0,1,2500,2500,0,400,83,0,,,384.7378969,2500,2400,100,2500,0,1,0,0,0.160420948,128.603003,0.96,835.0621484,801.6596625,33.40248594,1,0,0,0.160420948,128.603003,0.96,835.0621484,801.6596625,33.40248594,1,0,0,0.160079057,127.531891,0.96,829.8757031,796.680675,33.19502813,,,,850.1972532,2400,2220,180,2400,0,1,0,0,0.382971736,212.5493133,0.925,600,555,45,1,0,0,0.382971736,212.5493133,0.925,600,555,45,1,0,0,0.382971736,212.5493133,0.925,600,555,45,1,0,0,0.382971736,212.5493133,0.925,600,555,45,1,,,0.101,224.22,2220,2220,0,68.82,0,,,280,0,120.4,4,1459.15515,0,0,0,148.2501633
136,1,137,0.1016,0,1,0,1459.15515,,,,0,0,1,2500,2500,0,400,83,0,,,384.7378969,2500,2400,100,2500,0,1,0,0,0.160420948,128.603003,0.96,835.0621484,801.6596625,33.40248594,1,0,0,0.160420948,128.603003,0.96,835.0621484,801.6596625,33.40248594,1,0,0,0.160079057,127.531891,0.96,829.8757031,796.680675,33.19502813,,,,850.1972532,2400,2220,180,2400,0,1,0,0,0.382971736,212.5493133,0.925,600,555,45,1,0,0,0.382971736,212.5493133,0.925,600,555,45,1,0,0,0.382971736,212.5493133,0.925,600,555,45,1,0,0,0.382971736,212.5493133,0.925,600,555,45,1,,,0.101,224.22,2220,2220,0,68.82,0,,,280,0,120.4,4,1459.15515,0,0,0,148.2501633
137,1,138,0.13994,0,1,0,1459.15515,,,,0,0,1,2500,2500,0,400,83,0,,,384.7378969,2500,2400,100,2500,0,1,0,0,0.160420948,128.603003,0.96,835.0621484,801.6596625,33.40248594,1,0,0,0.160420948,128.603003,0.96,835.0621484,801.6596625,33.40248594,1,0,0,0.160079057,127.531891,0.96,829.8757031,796.680675,33.19502813,,,,850.1972532,2400,2220,180,2400,0,1,0,0,0.382971736,212.5493133,0.925,600,555,45,1,0,0,0.382971736,212.5493133,0.925,600,555,45,1,0,0,0.382971736,212.5493133,0.925,600,555,45,1,0,0,0.382971736,212.5493133,0.925,600,555,45,1,,,0.101,224.22,2220,2220,0,68.82,0,,,280,0,120.4,4,1459.15515,0,0,0,204.1941717
138,1,139,0.13994,0,0,0,1459.15515,,,,0,0,1,2500,2500,0,400,83,0,,,384.7378969,2500,2400,100,2500,0,1,0,0,0.160420948,128.603003,0.96,835.0621484,801.6596625,33.40248594,1,0,0,0.160420948,128.603003,0.96,835.0621484,801.6596625,33.40248594,1,0,0,0.160079057,127.531891,0.96,829.8757031,796.680675,33.19502813,,,,850.1972532,2400,2220,180,2400,0,1,0,0,0.382971736,212.5493133,0.925,600,555,45,1,0,0,0.382971736,212.5493133,0.925,600,555,45,1,0,0,0.382971736,212.5493133,0.925,600,555,45,1,0,0,0.382971736,212.5493133,0.925,600,555,45,1,,,0.101,224.22,2220,2220,0,68.82,0,,,280,0,120.4,4,1459.15515,0,0,0,204.1941717
139,1,140,0.13994,0,0,0,1459.15515,,,,0,0,1,2500,2500,0,400,83,0,,,384.7378969,2500,2400,100,2500,0,1,0,0,0.160420948,128.603003,0.96,835.0621484,801.6596625,33.40248594,1,0,0,0.160420948,128.603003,0.96,835.0621484,801.6596625,33.40248594,1,0,0,0.160079057,127.531891,0.96,829.8757031,796.680675,33.19502813,,,,850.1972532,2400,2220,180,2400,0,1,0,0,0.382971736,212.5493133,0.925,600,555,45,1,0,0,0.382971736,212.5493133,0.925,600,555,45,1,0,0,0.382971736,212.5493133,0.925,600,555,45,1,0,0,0.382971736,212.5493133,0.925,600,555,45,1,,,0.101,224.22,2220,2220,0,68.82,0,,,280,0,120.4,4,1459.15515,0,0,0,204.1941717
140,1,141,0.13994,0,0,0,1459.15515,,,,0,0,1,2500,2500,0,400,83,0,,,384.7378969,2500,2400,100,2500,0,1,0,0,0.160420948,128.603003,0.96,835.0621484,801.6596625,33.40248594,1,0,0,0.160420948,128.603003,0.96,835.0621484,801.6596625,33.40248594,1,0,0,0.160079057,127.531891,0.96,829.8757031,796.680675,33.19502813,,,,850.1972532,2400,2220,180,2400,0,1,0,0,0.382971736,212.5493133,0.925,600,555,45,1,0,0,0.382971736,212.5493133,0.925,600,555,45,1,0,0,0.382971736,212.5493133,0.925,600,555,45,1,0,0,0.382971736,212.5493133,0.925,600,555,45,1,,,0.101,224.22,2220,2220,0,68.82,0,,,280,0,120.4,4,1459.15515,0,0,0,204.1941717
141,1,142,0.13994,0,0,0,1459.15515,,,,0,0,1,2500,2500,0,400,83,0,,,384.7378969,2500,2400,100,2500,0,1,0,0,0.160420948,128.603003,0.96,835.0621484,801.6596625,33.40248594,1,0,0,0.160420948,128.603003,0.96,835.0621484,801.6596625,33.40248594,1,0,0,0.160079057,127.531891,0.96,829.8757031,796.680675,33.19502813,,,,850.1972532,2400,2220,180,2400,0,1,0,0,0.382971736,212.5493133,0.925,600,555,45,1,0,0,0.382971736,212.5493133,0.925,600,555,45,1,0,0,0.382971736,212.5493133,0.925,600,555,45,1,0,0,0.382971736,212.5493133,0.925,600,555,45,1,,,0.101,224.22,2220,2220,0,68.82,0,,,280,0,120.4,4,1459.15515,0,0,0,204.1941717
142,1,143,0.1016,0,0,0,1459.15515,,,,0,0,1,2500,2500,0,400,83,0,,,384.7378969,2500,2400,100,2500,0,1,0,0,0.160420948,128.603003,0.96,835.0621484,801.6596625,33.40248594,1,0,0,0.160420948,128.603003,0.96,835.0621484,801.6596625,33.40248594,1,0,0,0.160079057,127.531891,0.96,829.8757031,796.680675,33.19502813,,,,850.1972532,2400,2220,180,2400,0,1,0,0,0.382971736,212.5493133,0.925,600,555,45,1,0,0,0.382971736,212.5493133,0.925,600,555,45,1,0,0,0.382971736,212.5493133,0.925,600,555,45,1,0,0,0.382971736,212.5493133,0.925,600,555,45,1,,,0.101,224.22,2220,2220,0,68.82,0,,,280,0,120.4,4,1459.15515,0,0,0,148.2501633
143,1,144,0.1016,0,0,0,1459.15515,,,,0,0,1,2500,2500,0,400,83,0,,,384.7378969,2500,2400,100,2500,0,1,0,0,0.160420948,128.603003,0.96,835.0621484,801.6596625,33.40248594,1,0,0,0.160420948,128.603003,0.96,835.0621484,801.6596625,33.40248594,1,0,0,0.160079057,127.531891,0.96,829.8757031,796.680675,33.19502813,,,,850.1972532,2400,2220,180,2400,0,1,0,0,0.382971736,212.5493133,0.925,600,555,45,1,0,0,0.382971736,212.5493133,0.925,600,555,45,1,0,0,0.382971736,212.5493133,0.925,600,555,45,1,0,0,0.382971736,212.5493133,0.925,600,555,45,1,,,0.101,224.22,2220,2220,0,68.82,0,,,280,0,120.4,4,1459.15515,0,0,0,148.2501633
144,1,145,0.1016,0,0,0,1459.15515,,,,0,0,1,2500,2500,0,400,83,0,,,384.7378969,2500,2400,100,2500,0,1,0,0,0.160420948,128.603003,0.96,835.0621484,801.6596625,33.40248594,1,0,0,0.160420948,128.603003,0.96,835.0621484,801.6596625,33.40248594,1,0,0,0.160079057,127.531891,0.96,829.8757031,796.680675,33.19502813,,,,850.1972532,2400,2220,180,2400,0,1,0,0,0.382971736,212.5493133,0.925,600,555,45,1,0,0,0.382971736,212.5493133,0.925,600,555,45,1,0,0,0.382971736,212.5493133,0.925,600,555,45,1,0,0,0.382971736,212.5493133,0.925,600,555,45,1,,,0.101,224.22,2220,2220,0,68.82,0,,,280,0,120.4,4,1459.15515,0,0,0,148.2501633
145,1,146,0.1016,0,0,0,1459.15515,,,,0,0,1,2500,2500,0,400,83,0,,,384.7378969,2500,2400,100,2500,0,1,0,0,0.160420948,128.603003,0.96,835.0621484,801.6596625,33.40248594,1,0,0,0.160420948,128.603003,0.96,835.0621484,801.6596625,33.40248594,1,0,0,0.160079057,127.531891,0.96,829.8757031,796.680675,33.19502813,,,,850.1972532,2400,2220,180,2400,0,1,0,0,0.382971736,212.5493133,0.925,600,555,45,1,0,0,0.382971736,212.5493133,0.925,600,555,45,1,0,0,0.382971736,212.5493133,0.925,600,555,45,1,0,0,0.382971736,212.5493133,0.925,600,555,45,1,,,0.101,224.22,2220,2220,0,68.82,0,,,280,0,120.4,4,1459.15515,0,0,0,148.2501633
146,1,147,0.1016,0,0,0,1459.15515,,,,0,0,1,2500,2500,0,400,83,0,,,384.7378969,2500,2400,100,2500,0,1,0,0,0.160420948,128.603003,0.96,835.0621484,801.6596625,33.40248594,1,0,0,0.160420948,128.603003,0.96,835.0621484,801.6596625,33.40248594,1,0,0,0.160079057,127.531891,0.96,829.8757031,796.680675,33.19502813,,,,850.1972532,2400,2220,180,2400,0,1,0,0,0.382971736,212.5493133,0.925,600,555,45,1,0,0,0.382971736,212.5493133,0.925,600,555,45,1,0,0,0.382971736,212.5493133,0.925,600,555,45,1,0,0,0.382971736,212.5493133,0.925,600,555,45,1,,,0.101,224.22,2220,2220,0,68.82,0,,,280,0,120.4,4,1459.15515,0,0,0,148.2501633
147,1,148,0.1016,0,0,0,1459.15515,,,,0,0,1,2500,2500,0,400,83,0,,,384.7378969,2500,2400,100,2500,0,1,0,0,0.160420948,128.603003,0.96,835.0621484,801.6596625,33.40248594,1,0,0,0.160420948,128.603003,0.96,835.0621484,801.6596625,33.40248594,1,0,0,0.160079057,127.531891,0.96,829.8757031,796.680675,33.19502813,,,,850.1972532,2400,2220,180,2400,0,1,0,0,0.382971736,212.5493133,0.925,600,555,45,1,0,0,0.382971736,212.5493133,0.925,600,555,45,1,0,0,0.382971736,212.5493133,0.925,600,555,45,1,0,0,0.382971736,212.5493133,0.925,600,555,45,1,,,0.101,224.22,2220,2220,0,68.82,0,,,280,0,120.4,4,1459.15515,0,0,0,148.2501633
148,1,149,0.1016,0,0,0,1459.15515,,,,0,0,1,2500,2500,0,400,83,0,,,384.7378969,2500,2400,100,2500,0,1,0,0,0.160420948,128.603003,0.96,835.0621484,801.6596625,33.40248594,1,0,0,0.160420948,128.603003,0.96,835.0621484,801.6596625,33.40248594,1,0,0,0.160079057,127.531891,0.96,829.8757031,796.680675,33.19502813,,,,850.1972532,2400,2220,180,2400,0,1,0,0,0.382971736,212.5493133,0.925,600,555,45,1,0,0,0.382971736,212.5493133,0.925,600,555,45,1,0,0,0.382971736,212.5493133,0.925,600,555,45,1,0,0,0.382971736,212.5493133,0.925,600,555,45,1,,,0.101,224.22,2220,2220,0,68.82,0,,,280,0,120.4,4,1459.15515,0,0,0,148.2501633
149,1,150,0.1016,0,0,0,1459.15515,,,,0,0,1,2500,2500,0,400,83,0,,,384.7378969,2500,2400,100,2500,0,1,0,0,0.160420948,128.603003,0.96,835.0621484,801.6596625,33.40248594,1,0,0,0.160420948,128.603003,0.96,835.0621484,801.6596625,33.40248594,1,0,0,0.160079057,127.531891,0.96,829.8757031,796.680675,33.19502813,,,,850.1972532,2400,2220,180,2400,0,1,0,0,0.382971736,212.5493133,0.925,600,555,45,1,0,0,0.382971736,212.5493133,0.925,600,555,45,1,0,0,0.382971736,212.5493133,0.925,600,555,45,1,0,0,0.382971736,212.5493133,0.925,600,555,45,1,,,0.101,224.22,2220,2220,0,68.82,0,,,280,0,120.4,4,1459.15515,0,0,0,148.2501633
150,1,151,0.1016,0,0,0,1459.15515,,,,0,0,1,2500,2500,0,400,83,0,,,384.7378969,2500,2400,100,2500,0,1,0,0,0.160420948,128.603003,0.96,835.0621484,801.6596625,33.40248594,1,0,0,0.160420948,128.603003,0.96,835.0621484,801.6596625,33.40248594,1,0,0,0.160079057,127.531891,0.96,829.8757031,796.680675,33.19502813,,,,850.1972532,2400,2220,180,2400,0,1,0,0,0.382971736,212.5493133,0.925,600,555,45,1,0,0,0.382971736,212.5493133,0.925,600,555,45,1,0,0,0.382971736,212.5493133,0.925,600,555,45,1,0,0,0.382971736,212.5493133,0.925,600,555,45,1,,,0.101,224.22,2220,2220,0,68.82,0,,,280,0,120.4,4,1459.15515,0,0,0,148.2501633
151,1,152,0.1016,0,0,0,1459.15515,,,,0,0,1,2500,2500,0,400,83,0,,,384.7378969,2500,2400,100,2500,0,1,0,0,0.160420948,128.603003,0.96,835.0621484,801.6596625,33.40248594,1,0,0,0.160420948,128.603003,0.96,835.0621484,801.6596625,33.40248594,1,0,0,0.160079057,127.531891,0.96,829.8757031,796.680675,33.19502813,,,,850.1972532,2400,2220,180,2400,0,1,0,0,0.382971736,212.5493133,0.925,600,555,45,1,0,0,0.382971736,212.5493133,0.925,600,555,45,1,0,0,0.382971736,212.5493133,0.925,600,555,45,1,0,0,0.382971736,212.5493133,0.925,600,555,45,1,,,0.101,224.22,2220,2220,0,68.82,0,,,280,0,120.4,4,1459.15515,0,0,0,148.2501633
152,1,153,0.1016,0,0,0,1459.15515,,,,0,0,1,2500,2500,0,400,83,0,,,384.7378969,2500,2400,100,2500,0,1,0,0,0.160420948,128.603003,0.96,835.0621484,801.6596625,33.40248594,1,0,0,0.160420948,128.603003,0.96,835.0621484,801.6596625,33.40248594,1,0,0,0.160079057,127.531891,0.96,829.8757031,796.680675,33.19502813,,,,850.1972532,2400,2220,180,2400,0,1,0,0,0.382971736,212.5493133,0.925,600,555,45,1,0,0,0.382971736,212.5493133,0.925,600,555,45,1,0,0,0.382971736,212.5493133,0.925,600,555,45,1,0,0,0.382971736,212.5493133,0.925,600,555,45,1,,,0.101,224.22,2220,2220,0,68.82,0,,,280,0,120.4,4,1459.15515,0,0,0,148.2501633
153,1,154,0.1016,0,1,0,1459.15515,,,,0,0,1,2500,2500,0,400,83,0,,,384.7378969,2500,2400,100,2500,0,1,0,0,0.160420948,128.603003,0.96,835.0621484,801.6596625,33.40248594,1,0,0,0.160420948,128.603003,0.96,835.0621484,801.6596625,33.40248594,1,0,0,0.160079057,127.531891,0.96,829.8757031,796.680675,33.19502813,,,,850.1972532,2400,2220,180,2400,0,1,0,0,0.382971736,212.5493133,0.925,600,555,45,1,0,0,0.382971736,212.5493133,0.925,600,555,45,1,0,0,0.382971736,212.5493133,0.925,600,555,45,1,0,0,0.382971736,212.5493133,0.925,600,555,45,1,,,0.101,224.22,2220,2220,0,68.82,0,,,280,0,120.4,4,1459.15515,0,0,0,148.2501633
154,1,155,0.1016,0,1,0,1459.15515,,,,0,0,1,2500,2500,0,400,83,0,,,384.7378969,2500,2400,100,2500,0,1,0,0,0.160420948,128.603003,0.96,835.0621484,801.6596625,33.40248594,1,0,0,0.160420948,128.603003,0.96,835.0621484,801.6596625,33.40248594,1,0,0,0.160079057,127.531891,0.96,829.8757031,796.680675,33.19502813,,,,850.1972532,2400,2220,180,2400,0,1,0,0,0.382971736,212.5493133,0.925,600,555,45,1,0,0,0.382971736,212.5493133,0.925,600,555,45,1,0,0,0.382971736,212.5493133,0.925,600,555,45,1,0,0,0.382971736,212.5493133,0.925,600,555,45,1,,,0.101,224.22,2220,2220,0,68.82,0,,,280,0,120.4,4,1459.15515,0,0,0,148.2501633
155,1,156,0.1016,0,1,0,1459.15515,,,,0,0,1,2500,2500,0,400,83,0,,,384.7378969,2500,2400,100,2500,0,1,0,0,0.160420948,128.603003,0.96,835.0621484,801.6596625,33.40248594,1,0,0,0.160420948,128.603003,0.96,835.0621484,801.6596625,33.40248594,1,0,0,0.160079057,127.531891,0.96,829.8757031,796.680675,33.19502813,,,,850.1972532,2400,2220,180,2400,0,1,0,0,0.382971736,212.5493133,0.925,600,555,45,1,0,0,0.382971736,212.5493133,0.925,600,555,45,1,0,0,0.382971736,212.5493133,0.925,600,555,45,1,0,0,0.382971736,212.5493133,0.925,600,555,45,1,,,0.101,224.22,2220,2220,0,68.82,0,,,280,0,120.4,4,1459.15515,0,0,0,148.2501633
156,1,157,0.1016,0,1,0,1459.15515,,,,0,0,1,2500,2500,0,400,83,0,,,384.7378969,2500,2400,100,2500,0,1,0,0,0.160420948,128.603003,0.96,835.0621484,801.6596625,33.40248594,1,0,0,0.160420948,128.603003,0.96,835.0621484,801.6596625,33.40248594,1,0,0,0.160079057,127.531891,0.96,829.8757031,796.680675,33.19502813,,,,850.1972532,2400,2220,180,2400,0,1,0,0,0.382971736,212.5493133,0.925,600,555,45,1,0,0,0.382971736,212.5493133,0.925,600,555,45,1,0,0,0.382971736,212.5493133,0.925,600,555,45,1,0,0,0.382971736,212.5493133,0.925,600,555,45,1,,,0.101,224.22,2220,2220,0,68.82,0,,,280,0,120.4,4,1459.15515,0,0,0,148.2501633
157,1,158,0.1016,0,1,0,1459.15515,,,,0,0,1,2500,2500,0,400,83,0,,,384.7378969,2500,2400,100,2500,0,1,0,0,0.160420948,128.603003,0.96,835.0621484,801.6596625,33.40248594,1,0,0,0.160420948,128.603003,0.96,835.0621484,801.6596625,33.40248594,1,0,0,0.160079057,127.531891,0.96,829.8757031,796.680675,33.19502813,,,,850.1972532,2400,2220,180,2400,0,1,0,0,0.382971736,212.5493133,0.925,600,555,45,1,0,0,0.382971736,212.5493133,0.925,600,555,45,1,0,0,0.382971736,212.5493133,0.925,600,555,45,1,0,0,0.382971736,212.5493133,0.925,600,555,45,1,,,0.101,224.22,2220,2220,0,68.82,0,,,280,0,120.4,4,1459.15515,0,0,0,148.2501633
158,1,159,0.1016,0,1,0,1459.57984,,,,0,0,1,2500.476323,2500.476323,0,400.0762116,83.01581391,0,,,384.8356983,2500.476323,2400.45727,100.0190529,2500.476323,0,1,0,0,0.160420948,128.603003,0.96,835.0621484,801.6596625,33.40248594,1,0,0,0.160420948,128.603003,0.96,835.0621484,801.6596625,33.40248594,1,0,0,0.16010992,127.6296924,0.96,830.3520257,797.1379447,33.21408103,,,,850.4814216,2400.45727,2220.422974,180.0342952,2400.45727,0,1,0,0,0.383045099,212.6440361,0.925,600.1524232,555.1409915,45.01143174,1,0,0,0.383045099,212.6440361,0.925,600.1524232,555.1409915,45.01143174,1,0,0,0.383045099,212.6440361,0.925,600.1524232,555.1409915,45.01143174,1,0,0,0.382971736,212.5493133,0.925,600,555,45,1,,,0.101,224.2627204,2220.422974,2220.422974,0,68.83311221,0,,,280.0533481,0,120.4229397,4,1459.57984,0,0,0,148.2933118
159,1,160,0.1016,0,1,0,1459.57984,,,,0,0,1,2500.476323,2500.476323,0,400.0762116,83.01581391,0,,,384.8356983,2500.476323,2400.45727,100.0190529,2500.476323,0,1,0,0,0.160420948,128.603003,0.96,835.0621484,801.6596625,33.40248594,1,0,0,0.160420948,128.603003,0.96,835.0621484,801.6596625,33.40248594,1,0,0,0.16010992,127.6296924,0.96,830.3520257,797.1379447,33.21408103,,,,850.4814216,2400.45727,2220.422974,180.0342952,2400.45727,0,1,0,0,0.383045099,212.6440361,0.925,600.1524232,555.1409915,45.01143174,1,0,0,0.383045099,212.6440361,0.925,600.1524232,555.1409915,45.01143174,1,0,0,0.383045099,212.6440361,0.925,600.1524232,555.1409915,45.01143174,1,0,0,0.382971736,212.5493133,0.925,600,555,45,1,,,0.101,224.2627204,2220.422974,2220.422974,0,68.83311221,0,,,280.0533481,0,120.4229397,4,1459.57984,0,0,0,148.2933118
160,1,161,0.1016,0,1,0,1459.57984,,,,0,0,1,2500.476323,2500.476323,0,400.0762116,83.01581391,0,,,384.8356983,2500.476323,2400.45727,100.0190529,2500.476323,0,1,0,0,0.160420948,128.603003,0.96,835.0621484,801.6596625,33.40248594,1,0,0,0.160420948,128.603003,0.96,835.0621484,801.6596625,33.40248594,1,0,0,0.16010992,127.6296924,0.96,830.3520257,797.1379447,33.21408103,,,,850.4814216,2400.45727,2220.422974,180.0342952,2400.45727,0,1,0,0,0.383045099,212.6440361,0.925,600.1524232,555.1409915,45.01143174,1,0,0,0.383045099,212.6440361,0.925,600.1524232,555.1409915,45.01143174,1,0,0,0.383045099,212.6440361,0.925,600.1524232,555.1409915,45.01143174,1,0,0,0.382971736,212.5493133,0.925,600,555,45,1,,,0.101,224.2627204,2220.422974,2220.422974,0,68.83311221,0,,,280.0533481,0,120.4229397,4,1459.57984,0,0,0,148.2933118
161,1,162,0.13994,0,1,0,1459.57984,,,,0,0,1,2500.476323,2500.476323,0,400.0762116,83.01581391,0,,,384.8356983,2500.476323,2400.45727,100.0190529,2500.476323,0,1,0,0,0.160420948,128.603003,0.96,835.0621484,801.6596625,33.40248594,1,0,0,0.160420948,128.603003,0.96,835.0621484,801.6596625,33.40248594,1,0,0,0.16010992,127.6296924,0.96,830.3520257,797.1379447,33.21408103,,,,850.4814216,2400.45727,2220.422974,180.0342952,2400.45727,0,1,0,0,0.383045099,212.6440361,0.925,600.1524232,555.1409915,45.01143174,1,0,0,0.383045099,212.6440361,0.925,600.1524232,555.1409915,45.01143174,1,0,0,0.383045099,212.6440361,0.925,600.1524232,555.1409915,45.01143174,1,0,0,0.382971736,212.5493133,0.925,600,555,45,1,,,0.101,224.2627204,2220.422974,2220.422974,0,68.83311221,0,,,280.0533481,0,120.4229397,4,1459.57984,0,0,0,204.2536029
162,1,163,0.13994,0,0,0,1459.57984,,,,0,0,1,2500.476323,2500.476323,0,400.0762116,83.01581391,0,,,384.8356983,2500.476323,2400.45727,100.0190529,2500.476323,0,1,0,0,0.160420948,128.603003,0.96,835.0621484,801.6596625,33.40248594,1,0,0,0.160420948,128.603003,0.96,835.0621484,801.6596625,33.40248594,1,0,0,0.16010992,127.6296924,0.96,830.3520257,797.1379447,33.21408103,,,,850.4814216,2400.45727,2220.422974,180.0342952,2400.45727,0,1,0,0,0.383045099,212.6440361,0.925,600.1524232,555.1409915,45.01143174,1,0,0,0.383045099,212.6440361,0.925,600.1524232,555.1409915,45.01143174,1,0,0,0.383045099,212.6440361,0.925,600.1524232,555.1409915,45.01143174,1,0,0,0.382971736,212.5493133,0.925,600,555,45,1,,,0.101,224.2627204,2220.422974,2220.422974,0,68.83311221,0,,,280.0533481,0,120.4229397,4,1459.57984,0,0,0,204.2536029
163,1,164,0.13994,0,0,0,1459.57984,,,,0,0,1,2500.476323,2500.476323,0,400.0762116,83.01581391,0,,,384.8356983,2500.476323,2400.45727,100.0190529,2500.476323,0,1,0,0,0.160420948,128.603003,0.96,835.0621484,801.6596625,33.40248594,1,0,0,0.160420948,128.603003,0.96,835.0621484,801.6596625,33.40248594,1,0,0,0.16010992,127.6296924,0.96,830.3520257,797.1379447,33.21408103,,,,850.4814216,2400.45727,2220.422974,180.0342952,2400.45727,0,1,0,0,0.383045099,212.6440361,0.925,600.1524232,555.1409915,45.01143174,1,0,0,0.383045099,212.6440361,0.925,600.1524232,555.1409915,45.01143174,1,0,0,0.383045099,212.6440361,0.925,600.1524232,555.1409915,45.01143174,1,0,0,0.382971736,212.5493133,0.925,600,555,45,1,,,0.101,224.2627204,2220.422974,2220.422974,0,68.83311221,0,,,280.0533481,0,120.4229397,4,1459.57984,0,0,0,204.2536029
164,1,165,0.13994,0,0,0,1459.57984,,,,0,0,1,2500.476323,2500.476323,0,400.0762116,83.01581391,0,,,384.8356983,2500.476323,2400.45727,100.0190529,2500.476323,0,1,0,0,0.160420948,128.603003,0.96,835.0621484,801.6596625,33.40248594,1,0,0,0.160420948,128.603003,0.96,835.0621484,801.6596625,33.40248594,1,0,0,0.16010992,127.6296924,0.96,830.3520257,797.1379447,33.21408103,,,,850.4814216,2400.45727,2220.422974,180.0342952,2400.45727,0,1,0,0,0.383045099,212.6440361,0.925,600.1524232,555.1409915,45.01143174,1,0,0,0.383045099,212.6440361,0.925,600.1524232,555.1409915,45.01143174,1,0,0,0.383045099,212.6440361,0.925,600.1524232,555.1409915,45.01143174,1,0,0,0.382971736,212.5493133,0.925,600,555,45,1,,,0.101,224.2627204,2220.422974,2220.422974,0,68.83311221,0,,,280.0533481,0,120.4229397,4,1459.57984,0,0,0,204.2536029
165,1,166,0.13994,0,0,0,1459.57984,,,,0,0,1,2500.476323,2500.476323,0,400.0762116,83.01581391,0,,,384.8356983,2500.476323,2400.45727,100.0190529,2500.476323,0,1,0,0,0.160420948,128.603003,0.96,835.0621484,801.6596625,33.40248594,1,0,0,0.160420948,128.603003,0.96,835.0621484,801.6596625,33.40248594,1,0,0,0.16010992,127.6296924,0.96,830.3520257,797.1379447,33.21408103,,,,850.4814216,2400.45727,2220.422974,180.0342952,2400.45727,0,1,0,0,0.383045099,212.6440361,0.925,600.1524232,555.1409915,45.01143174,1,0,0,0.383045099,212.6440361,0.925,600.1524232,555.1409915,45.01143174,1,0,0,0.383045099,212.6440361,0.925,600.1524232,555.1409915,45.01143174,1,0,0,0.382971736,212.5493133,0.925,600,555,45,1,,,0.101,224.2627204,2220.422974,2220.422974,0,68.83311221,0,,,280.0533481,0,120.4229397,4,1459.57984,0,0,0,204.2536029
166,1,167,0.1016,0,0,0,1459.57984,,,,0,0,1,2500.476323,2500.476323,0,400.0762116,83.01581391,0,,,384.8356983,2500.476323,2400.45727,100.0190529,2500.476323,0,1,0,0,0.160420948,128.603003,0.96,835.0621484,801.6596625,33.40248594,1,0,0,0.160420948,128.603003,0.96,835.0621484,801.6596625,33.40248594,1,0,0,0.16010992,127.6296924,0.96,830.3520257,797.1379447,33.21408103,,,,850.4814216,2400.45727,2220.422974,180.0342952,2400.45727,0,1,0,0,0.383045099,212.6440361,0.925,600.1524232,555.1409915,45.01143174,1,0,0,0.383045099,212.6440361,0.925,600.1524232,555.1409915,45.01143174,1,0,0,0.383045099,212.6440361,0.925,600.1524232,555.1409915,45.01143174,1,0,0,0.382971736,212.5493133,0.925,600,555,45,1,,,0.101,224.2627204,2220.422974,2220.422974,0,68.83311221,0,,,280.0533481,0,120.4229397,4,1459.57984,0,0,0,148.2933118
167,1,168,0.1016,0,0,0,1459.57984,,,,0,0,1,2500.476323,2500.476323,0,400.0762116,83.01581391,0,,,384.8356983,2500.476323,2400.45727,100.0190529,2500.476323,0,1,0,0,0.160420948,128.603003,0.96,835.0621484,801.6596625,33.40248594,1,0,0,0.160420948,128.603003,0.96,835.0621484,801.6596625,33.40248594,1,0,0,0.16010992,127.6296924,0.96,830.3520257,797.1379447,33.21408103,,,,850.4814216,2400.45727,2220.422974,180.0342952,2400.45727,0,1,0,0,0.383045099,212.6440361,0.925,600.1524232,555.1409915,45.01143174,1,0,0,0.383045099,212.6440361,0.925,600.1524232,555.1409915,45.01143174,1,0,0,0.383045099,212.6440361,0.925,600.1524232,555.1409915,45.01143174,1,0,0,0.382971736,212.5493133,0.925,600,555,45,1,,,0.101,224.2627204,2220.422974,2220.422974,0,68.83311221,0,,,280.0533481,0,120.4229397,4,1459.57984,0,0,0,148.2933118
