,Day,Time,LMP,bypass_pretreatment_flow,power_from_grid,intake.op_mode,intake.startup,intake.shutdown,intake.energy_intensity,intake.power_consumption,intake.recovery,intake.feed_flowrate,intake.product_flowrate,intake.reject_flowrate,intake.feed_cost,intake.chemical_cost,pretreatment.op_mode,pretreatment.startup,pretreatment.shutdown,pretreatment.power_consumption,pretreatment.feed_flowrate,pretreatment.product_flowrate,pretreatment.reject_flowrate,pretreatment.inlet_flowrate,pretreatment.leftover_flow,pretreatment.uf_pumps[1].op_mode,pretreatment.uf_pumps[1].startup,pretreatment.uf_pumps[1].shutdown,pretreatment.uf_pumps[1].energy_intensity,pretreatment.uf_pumps[1].power_consumption,pretreatment.uf_pumps[1].recovery,pretreatment.uf_pumps[1].feed_flowrate,pretreatment.uf_pumps[1].product_flowrate,pretreatment.uf_pumps[1].reject_flowrate,pretreatment.uf_pumps[2].op_mode,pretreatment.uf_pumps[2].startup,pretreatment.uf_pumps[2].shutdown,pretreatment.uf_pumps[2].energy_intensity,pretreatment.uf_pumps[2].power_consumption,pretreatment.uf_pumps[2].recovery,pretreatment.uf_pumps[2].feed_flowrate,pretreatment.uf_pumps[2].product_flowrate,pretreatment.uf_pumps[2].reject_flowrate,pretreatment.uf_pumps[3].op_mode,pretreatment.uf_pumps[3].startup,pretreatment.uf_pumps[3].shutdown,pretreatment.uf_pumps[3].energy_intensity,pretreatment.uf_pumps[3].power_consumption,pretreatment.uf_pumps[3].recovery,pretreatment.uf_pumps[3].feed_flowrate,pretreatment.uf_pumps[3].product_flowrate,pretreatment.uf_pumps[3].reject_flowrate,reverse_osmosis.op_mode,reverse_osmosis.startup,reverse_osmosis.shutdown,reverse_osmosis.power_consumption,reverse_osmosis.feed_flowrate,reverse_osmosis.product_flowrate,reverse_osmosis.reject_flowrate,reverse_osmosis.inlet_flowrate,reverse_osmosis.leftover_flow,reverse_osmosis.ro_skid[1].op_mode,reverse_osmosis.ro_skid[1].startup,reverse_osmosis.ro_skid[1].shutdown,reverse_osmosis.ro_skid[1].energy_intensity,reverse_osmosis.ro_skid[1].power_consumption,reverse_osmosis.ro_skid[1].recovery,reverse_osmosis.ro_skid[1].feed_flowrate,reverse_osmosis.ro_skid[1].product_flowrate,reverse_osmosis.ro_skid[1].reject_flowrate,reverse_osmosis.ro_skid[2].op_mode,reverse_osmosis.ro_skid[2].startup,reverse_osmosis.ro_skid[2].shutdown,reverse_osmosis.ro_skid[2].energy_intensity,reverse_osmosis.ro_skid[2].power_consumption,reverse_osmosis.ro_skid[2].recovery,reverse_osmosis.ro_skid[2].feed_flowrate,reverse_osmosis.ro_skid[2].product_flowrate,reverse_osmosis.ro_skid[2].reject_flowrate,reverse_osmosis.ro_skid[3].op_mode,reverse_osmosis.ro_skid[3].startup,reverse_osmosis.ro_skid[3].shutdown,reverse_osmosis.ro_skid[3].energy_intensity,reverse_osmosis.ro_skid[3].power_consumption,reverse_osmosis.ro_skid[3].recovery,reverse_osmosis.ro_skid[3].feed_flowrate,reverse_osmosis.ro_skid[3].product_flowrate,reverse_osmosis.ro_skid[3].reject_flowrate,reverse_osmosis.ro_skid[4].op_mode,reverse_osmosis.ro_skid[4].startup,reverse_osmosis.ro_skid[4].shutdown,reverse_osmosis.ro_skid[4].energy_intensity,reverse_osmosis.ro_skid[4].power_consumption,reverse_osmosis.ro_skid[4].recovery,reverse_osmosis.ro_skid[4].feed_flowrate,reverse_osmosis.ro_skid[4].product_flowrate,reverse_osmosis.ro_skid[4].reject_flowrate,posttreatment.op_mode,posttreatment.startup,posttreatment.shutdown,posttreatment.energy_intensity,posttreatment.power_consumption,posttreatment.feed_flowrate,posttreatment.product_flowrate,posttreatment.reject_flowrate,posttreatment.chemical_cost,brine_discharge.op_mode,brine_discharge.startup,brine_discharge.shutdown,brine_discharge.feed_flowrate,brine_discharge.power_consumption,brine_discharge.brine_cost,num_skids_online,net_power_consumption,water_revenue,demand_response_revenue,emissions_cost,energy_cost
0,1,1,0.1016,0.0,1521.7076923573186,,,,0,0.0,1,2565.0493900453653,2565.0493900453653,0.0,410.40790240725846,85.15963974950613,0.0,,,402.1418626196272,2565.0493900453653,2462.4474144435503,102.60197560181469,2565.049390045365,0.0,1.0,0.0,0.0,0.16738632791983585,147.1380613870638,0.96,915.6590974279641,879.0327335308455,36.626363897118594,1.0,0.0,0.0,0.16472992816144555,140.57214864625644,0.96,888.9053928500922,853.3491771360884,35.55621571400372,1.0,0.0,0.0,0.15674162386026189,114.43165258630698,0.96,760.4848997673085,730.0655037766162,30.41939599069237,,,,889.8340158788928,2462.4474144435503,2274.57241444355,187.875,2462.44741444355,0.0,1.0,-0.0,0.0,0.39981772078659594,234.8429337470268,0.925,635.0,587.375,47.625,1.0,0.0,0.0,0.39981772078659594,234.8429337470268,0.925,635.0,587.375,47.625,1.0,0.0,0.0,0.39981772078659594,234.8429337470268,0.925,635.0,587.375,47.625,1.0,0.0,0.0,0.3616082536761931,185.30521463781247,0.9192748969067882,557.44741444355,512.44741444355,45.0,1.0,,,0.101,229.73181385879855,2274.57241444355,2274.57241444355,0.0,70.51174484775005,-0.0,,,290.4769756018151,0.0,124.90509950878051,4.0,1521.7076923573186,0.0,-0.0,0.0,154.60550154350355
1,1,2,0.1016,0.0,1521.7076923573186,,,,0,0.0,1,2565.0493900453653,2565.0493900453653,0.0,410.40790240725846,85.15963974950613,0.0,,,402.1418626196272,2565.0493900453653,2462.4474144435503,102.60197560181469,2565.049390045365,0.0,1.0,0.0,0.0,0.16738632791983585,147.1380613870638,0.96,915.6590974279641,879.0327335308455,36.626363897118594,1.0,0.0,0.0,0.16472992816144555,140.57214864625644,0.96,888.9053928500922,853.3491771360884,35.55621571400372,1.0,0.0,0.0,0.15674162386026189,114.43165258630698,0.96,760.4848997673085,730.0655037766162,30.41939599069237,,,,889.8340158788928,2462.4474144435503,2274.57241444355,187.875,2462.44741444355,0.0,1.0,-0.0,0.0,0.39981772078659594,234.8429337470268,0.925,635.0,587.375,47.625,1.0,0.0,0.0,0.39981772078659594,234.8429337470268,0.925,635.0,587.375,47.625,1.0,0.0,0.0,0.39981772078659594,234.8429337470268,0.925,635.0,587.375,47.625,1.0,0.0,0.0,0.3616082536761931,185.30521463781247,0.9192748969067882,557.44741444355,512.44741444355,45.0,1.0,,,0.101,229.73181385879855,2274.57241444355,2274.57241444355,0.0,70.51174484775005,-0.0,,,290.4769756018151,0.0,124.90509950878051,4.0,1521.7076923573186,0.0,-0.0,0.0,154.60550154350355
2,1,3,0.1016,0.0,1521.7076923573186,,,,0,0.0,1,2565.0493900453653,2565.0493900453653,0.0,410.40790240725846,85.15963974950613,0.0,,,402.1418626196272,2565.0493900453653,2462.4474144435503,102.60197560181469,2565.049390045365,0.0,1.0,0.0,0.0,0.16738632791983585,147.1380613870638,0.96,915.6590974279641,879.0327335308455,36.626363897118594,1.0,0.0,0.0,0.16472992816144555,140.57214864625644,0.96,888.9053928500922,853.3491771360884,35.55621571400372,1.0,0.0,0.0,0.15674162386026189,114.43165258630698,0.96,760.4848997673085,730.0655037766162,30.41939599069237,,,,889.8340158788928,2462.4474144435503,2274.57241444355,187.875,2462.44741444355,0.0,1.0,0.0,0.0,0.39981772078659594,234.8429337470268,0.925,635.0,587.375,47.625,1.0,0.0,0.0,0.39981772078659594,234.8429337470268,0.925,635.0,587.375,47.625,1.0,0.0,0.0,0.39981772078659594,234.8429337470268,0.925,635.0,587.375,47.625,1.0,0.0,0.0,0.3616082536761931,185.30521463781247,0.9192748969067882,557.44741444355,512.44741444355,45.0,1.0,,,0.101,229.73181385879855,2274.57241444355,2274.57241444355,0.0,70.51174484775005,-0.0,,,290.4769756018151,0.0,124.90509950878051,4.0,1521.7076923573186,0.0,-0.0,0.0,154.60550154350355
3,1,4,0.1016,0.0,1594.284387596606,,,,0,0.0,1,2645.8333333333335,2645.8333333333335,0.0,423.3333333333333,87.84166666665868,0.0,,,417.61315260849864,2645.8333333333335,2540.0,105.83333333333333,2645.8333333333335,0.0,1.0,0.0,0.0,0.16738632791983585,147.13806138706377,0.96,915.659097427964,879.0327335308453,36.626363897118594,1.0,0.0,0.0,0.16472992816144566,140.5721486462562,0.96,888.9053928500895,853.3491771360858,35.55621571400361,1.0,0.0,0.0,0.16084699475028316,129.90294257517866,0.96,841.2688430552076,807.6180893329993,33.650753722208336,,,,939.3717349881072,2540.0,2349.5,190.5,2540.0,0.0,1.0,-0.0,0.0,0.39981772078659594,234.8429337470268,0.925,635.0,587.375,47.625,1.0,0.0,0.0,0.39981772078659594,234.8429337470268,0.925,635.0,587.375,47.625,1.0,0.0,0.0,0.39981772078659594,234.8429337470268,0.925,635.0,587.375,47.625,1.0,0.0,0.0,0.39981772078659583,234.84293374702673,0.925,635.0,587.375,47.625,1.0,,,0.101,237.29950000000002,2349.5,2349.5,0.0,72.8345,-0.0,,,296.3333333333333,0.0,127.42333333330221,4.0,1594.284387596606,0.0,-0.0,0.0,161.97929377981515
4,1,5,0.1016,0.0,1594.284387596607,,,,0,0.0,1,2645.8333333333335,2645.8333333333335,0.0,423.3333333333333,87.84166666666445,0.0,,,417.61315260849983,2645.8333333333335,2540.0,105.83333333333333,2645.8333333333335,0.0,1.0,0.0,0.0,0.1673863279198361,147.13806138706417,0.96,915.6590974279651,879.0327335308465,36.62636389711864,1.0,0.0,0.0,0.1647299281614458,140.5721486462566,0.96,888.9053928500914,853.3491771360877,35.556215714003685,1.0,0.0,0.0,0.16084699475028322,129.90294257517905,0.96,841.2688430552099,807.6180893330015,33.65075372220843,,,,939.3717349881072,2540.0,2349.5,190.5,2540.0,0.0,1.0,-0.0,0.0,0.39981772078659594,234.8429337470268,0.925,635.0,587.375,47.625,1.0,0.0,0.0,0.39981772078659594,234.8429337470268,0.925,635.0,587.375,47.625,1.0,0.0,0.0,0.39981772078659594,234.8429337470268,0.925,635.0,587.375,47.625,1.0,0.0,0.0,0.39981772078659583,234.84293374702673,0.925,635.0,587.375,47.625,1.0,,,0.101,237.29950000000002,2349.5,2349.5,0.0,72.8345,0.0,,,296.3333333333333,0.0,127.42333333330446,4.0,1594.284387596607,0.0,-0.0,0.0,161.97929377981526
5,1,6,0.1016,0.0,1594.2843875966082,,,,0,0.0,1,2645.8333333333335,2645.8333333333335,0.0,423.3333333333333,87.8416666666646,0.0,,,417.61315260850085,2645.8333333333335,2540.0,105.83333333333333,2645.8333333333335,0.0,1.0,0.0,0.0,0.1673863279198361,147.13806138706434,0.96,915.6590974279662,879.0327335308475,36.62636389711868,1.0,0.0,0.0,0.1647299281614459,140.57214864625686,0.96,888.9053928500923,853.3491771360885,35.55621571400373,1.0,0.0,0.0,0.1608469947502835,129.90294257517962,0.96,841.2688430552122,807.6180893330037,33.65075372220852,,,,939.3717349881072,2540.0,2349.5,190.5,2540.0,0.0,1.0,-0.0,0.0,0.39981772078659594,234.8429337470268,0.925,635.0,587.375,47.625,1.0,0.0,0.0,0.39981772078659594,234.8429337470268,0.925,635.0,587.375,47.625,1.0,0.0,0.0,0.39981772078659594,234.8429337470268,0.925,635.0,587.375,47.625,1.0,0.0,0.0,0.39981772078659583,234.84293374702673,0.925,635.0,587.375,47.625,1.0,,,0.101,237.29950000000002,2349.5,2349.5,0.0,72.8345,0.0,,,296.3333333333333,0.0,127.42333333330649,4.0,1594.2843875966082,0.0,-0.0,0.0,161.97929377981538
6,1,7,0.1016,0.0,1594.2843875966091,,,,0,0.0,1,2645.8333333333335,2645.8333333333335,0.0,423.3333333333333,87.84166666666475,0.0,,,417.61315260850193,2645.8333333333335,2540.0,105.83333333333333,2645.8333333333335,0.0,1.0,0.0,0.0,0.16738632791983632,147.13806138706485,0.96,915.6590974279682,879.0327335308494,36.62636389711876,1.0,0.0,0.0,0.16472992816144602,140.5721486462571,0.96,888.9053928500932,853.3491771360895,35.55621571400376,1.0,0.0,-0.0,0.16084699475028355,129.90294257518002,0.96,841.2688430552145,807.6180893330059,33.650753722208606,,,,939.3717349881072,2540.0,2349.5,190.5,2540.0,0.0,1.0,-0.0,0.0,0.39981772078659594,234.8429337470268,0.925,635.0,587.375,47.625,1.0,0.0,0.0,0.39981772078659594,234.8429337470268,0.925,635.0,587.375,47.625,1.0,0.0,-0.0,0.39981772078659594,234.8429337470268,0.925,635.0,587.375,47.625,1.0,0.0,-0.0,0.39981772078659583,234.84293374702673,0.925,635.0,587.375,47.625,1.0,,,0.101,237.29950000000002,2349.5,2349.5,0.0,72.8345,0.0,,,296.3333333333333,0.0,127.42333333330852,4.0,1594.2843875966091,0.0,-0.0,0.0,161.9792937798155
7,1,8,0.1016,0.0,1594.2843875966096,,,,0,0.0,1,2645.8333333333335,2645.8333333333335,0.0,423.3333333333333,87.84166666666482,0.0,,,417.61315260850233,2645.8333333333335,2540.0,105.83333333333333,2645.8333333333335,0.0,1.0,0.0,0.0,0.16738632791983632,147.1380613870647,0.96,915.6590974279673,879.0327335308485,36.62636389711872,1.0,0.0,0.0,0.16472992816144605,140.57214864625726,0.96,888.9053928500941,853.3491771360904,35.5562157140038,1.0,0.0,-0.0,0.16084699475028372,129.9029425751804,0.96,841.268843055216,807.6180893330073,33.65075372220867,,,,939.3717349881072,2540.0,2349.5,190.5,2540.0,0.0,1.0,-0.0,0.0,0.39981772078659594,234.8429337470268,0.925,635.0,587.375,47.625,1.0,0.0,0.0,0.39981772078659594,234.8429337470268,0.925,635.0,587.375,47.625,1.0,0.0,-0.0,0.39981772078659594,234.8429337470268,0.925,635.0,587.375,47.625,1.0,0.0,-0.0,0.39981772078659583,234.84293374702673,0.925,635.0,587.375,47.625,1.0,,,0.101,237.29950000000002,2349.5,2349.5,0.0,72.8345,0.0,,,296.3333333333333,0.0,127.42333333330934,4.0,1594.2843875966096,0.0,-0.0,0.0,161.97929377981552
8,1,9,0.1016,0.0,1594.2843875966096,,,,0,0.0,1,2645.8333333333335,2645.8333333333335,0.0,423.3333333333333,87.8416666666648,0.0,,,417.6131526085023,2645.8333333333335,2540.0,105.83333333333333,2645.8333333333335,0.0,1.0,0.0,0.0,0.16738632791983618,147.13806138706443,0.96,915.6590974279662,879.0327335308475,36.62636389711868,1.0,0.0,0.0,0.16472992816144602,140.57214864625712,0.96,888.9053928500934,853.3491771360897,35.55621571400377,1.0,0.0,-0.0,0.16084699475028377,129.9029425751807,0.96,841.2688430552176,807.6180893330089,33.650753722208734,,,,939.3717349881072,2540.0,2349.5,190.5,2540.0,0.0,1.0,-0.0,0.0,0.39981772078659594,234.8429337470268,0.925,635.0,587.375,47.625,1.0,0.0,0.0,0.39981772078659594,234.8429337470268,0.925,635.0,587.375,47.625,1.0,0.0,-0.0,0.39981772078659594,234.8429337470268,0.925,635.0,587.375,47.625,1.0,0.0,-0.0,0.39981772078659583,234.84293374702673,0.925,635.0,587.375,47.625,1.0,,,0.101,237.29950000000002,2349.5,2349.5,0.0,72.8345,0.0,,,296.3333333333333,0.0,127.42333333330915,4.0,1594.2843875966096,0.0,-0.0,0.0,161.97929377981552
9,1,10,0.1016,0.0,1594.2843875966091,,,,0,0.0,1,2645.8333333333335,2645.8333333333335,0.0,423.3333333333333,87.8416666666648,0.0,,,417.613152608502,2645.8333333333335,2540.0,105.83333333333333,2645.8333333333335,0.0,1.0,0.0,0.0,0.167386327919836,147.13806138706408,0.96,915.6590974279652,879.0327335308466,36.626363897118644,1.0,0.0,0.0,0.1647299281614459,140.57214864625692,0.96,888.9053928500928,853.349177136089,35.55621571400374,1.0,0.0,-0.0,0.16084699475028388,129.90294257518102,0.96,841.2688430552192,807.6180893330104,33.6507537222088,,,,939.3717349881072,2540.0,2349.5,190.5,2540.0,0.0,1.0,-0.0,0.0,0.39981772078659594,234.8429337470268,0.925,635.0,587.375,47.625,1.0,0.0,0.0,0.39981772078659594,234.8429337470268,0.925,635.0,587.375,47.625,1.0,0.0,-0.0,0.39981772078659594,234.8429337470268,0.925,635.0,587.375,47.625,1.0,0.0,-0.0,0.39981772078659583,234.84293374702673,0.925,635.0,587.375,47.625,1.0,,,0.101,237.29950000000002,2349.5,2349.5,0.0,72.8345,0.0,,,296.3333333333333,0.0,127.42333333330915,4.0,1594.2843875966091,0.0,-0.0,0.0,161.9792937798155
10,1,11,0.1016,0.0,1594.2843875966091,,,,0,0.0,1,2645.8333333333335,2645.8333333333335,0.0,423.3333333333333,87.84166666666478,0.0,,,417.6131526085019,2645.8333333333335,2540.0,105.83333333333333,2645.8333333333335,0.0,1.0,0.0,0.0,0.16738632791983585,147.13806138706366,0.96,915.6590974279633,879.0327335308447,36.626363897118566,1.0,0.0,0.0,0.16472992816144585,140.57214864625678,0.96,888.9053928500921,853.3491771360883,35.55621571400371,1.0,0.0,-0.0,0.160846994750284,129.9029425751814,0.96,841.268843055221,807.6180893330122,33.65075372220887,,,,939.3717349881072,2540.0,2349.5,190.5,2540.0,0.0,1.0,-0.0,0.0,0.39981772078659594,234.8429337470268,0.925,635.0,587.375,47.625,1.0,0.0,0.0,0.39981772078659594,234.8429337470268,0.925,635.0,587.375,47.625,1.0,0.0,-0.0,0.39981772078659594,234.8429337470268,0.925,635.0,587.375,47.625,1.0,0.0,-0.0,0.39981772078659583,234.84293374702673,0.925,635.0,587.375,47.625,1.0,,,0.101,237.29950000000002,2349.5,2349.5,0.0,72.8345,0.0,,,296.3333333333333,0.0,127.42333333330893,4.0,1594.2843875966091,0.0,-0.0,0.0,161.9792937798155
11,1,12,0.1016,0.0,1594.2843875966087,,,,0,0.0,1,2645.8333333333335,2645.8333333333335,0.0,423.3333333333333,87.84166666666475,0.0,,,417.61315260850154,2645.8333333333335,2540.0,105.83333333333333,2645.8333333333335,0.0,1.0,0.0,0.0,0.16738632791983565,147.1380613870633,0.96,915.6590974279619,879.0327335308434,36.62636389711851,1.0,0.0,0.0,0.16472992816144574,140.5721486462565,0.96,888.9053928500911,853.3491771360874,35.55621571400368,1.0,0.0,-0.0,0.16084699475028416,129.9029425751818,0.96,841.2688430552229,807.6180893330139,33.65075372220895,,,,939.3717349881072,2540.0,2349.5,190.5,2540.0,0.0,1.0,-0.0,0.0,0.39981772078659594,234.8429337470268,0.925,635.0,587.375,47.625,1.0,0.0,0.0,0.39981772078659594,234.8429337470268,0.925,635.0,587.375,47.625,1.0,0.0,-0.0,0.39981772078659594,234.8429337470268,0.925,635.0,587.375,47.625,1.0,0.0,-0.0,0.39981772078659583,234.84293374702673,0.925,635.0,587.375,47.625,1.0,,,0.101,237.29950000000002,2349.5,2349.5,0.0,72.8345,0.0,,,296.3333333333333,0.0,127.42333333330852,4.0,1594.2843875966087,0.0,-0.0,0.0,161.97929377981544
12,1,13,0.1016,0.0,1594.284387596609,,,,0,0.0,1,2645.8333333333335,2645.8333333333335,0.0,423.3333333333333,87.84166666666478,0.0,,,417.61315260850165,2645.8333333333335,2540.0,105.83333333333333,2645.8333333333335,0.0,1.0,0.0,0.0,0.16738632791983551,147.13806138706292,0.96,915.6590974279605,879.032733530842,36.62636389711845,1.0,0.0,0.0,0.16472992816144566,140.5721486462563,0.96,888.90539285009,853.3491771360864,35.556215714003635,1.0,0.0,-0.0,0.16084699475028438,129.90294257518246,0.96,841.2688430552261,807.618089333017,33.650753722209075,,,,939.3717349881072,2540.0,2349.5,190.5,2540.0,0.0,1.0,-0.0,0.0,0.39981772078659594,234.8429337470268,0.925,635.0,587.375,47.625,1.0,0.0,0.0,0.39981772078659594,234.8429337470268,0.925,635.0,587.375,47.625,1.0,0.0,-0.0,0.39981772078659594,234.8429337470268,0.925,635.0,587.375,47.625,1.0,0.0,-0.0,0.39981772078659583,234.84293374702673,0.925,635.0,587.375,47.625,1.0,,,0.101,237.29950000000002,2349.5,2349.5,0.0,72.8345,0.0,,,296.3333333333333,0.0,127.42333333330893,4.0,1594.284387596609,0.0,-0.0,0.0,161.97929377981546
13,1,14,0.1016,0.0,1594.2843875966091,,,,0,0.0,1,2645.8333333333335,2645.8333333333335,0.0,423.3333333333333,87.84166666666485,0.0,,,417.613152608502,2645.8333333333335,2540.0,105.83333333333333,2645.8333333333335,0.0,1.0,0.0,0.0,0.16738632791983535,147.13806138706258,0.96,915.6590974279592,879.0327335308408,36.6263638971184,1.0,0.0,0.0,0.16472992816144563,140.5721486462561,0.96,888.905392850089,853.3491771360855,35.55621571400359,1.0,0.0,-0.0,0.16084699475028466,129.90294257518335,0.96,841.2688430552301,807.6180893330209,33.65075372220924,,,,939.3717349881072,2540.0,2349.5,190.5,2540.0,0.0,1.0,-0.0,0.0,0.39981772078659594,234.8429337470268,0.925,635.0,587.375,47.625,1.0,0.0,0.0,0.39981772078659594,234.8429337470268,0.925,635.0,587.375,47.625,1.0,0.0,-0.0,0.39981772078659594,234.8429337470268,0.925,635.0,587.375,47.625,1.0,0.0,-0.0,0.39981772078659583,234.84293374702673,0.925,635.0,587.375,47.625,1.0,,,0.101,237.29950000000002,2349.5,2349.5,0.0,72.8345,0.0,,,296.3333333333333,0.0,127.42333333330974,4.0,1594.2843875966091,0.0,-0.0,0.0,161.9792937798155
14,1,15,0.1016,0.0,1594.284387596608,,,,0,0.0,1,2645.8333333333335,2645.8333333333335,0.0,423.3333333333333,87.84166666666466,0.0,,,417.61315260850074,2645.8333333333335,2540.0,105.83333333333333,2645.8333333333335,0.0,1.0,0.0,0.0,0.1673863279198352,147.1380613870622,0.96,915.6590974279578,879.0327335308394,36.626363897118345,1.0,0.0,0.0,0.1647299281614454,140.5721486462556,0.96,888.9053928500871,853.3491771360835,35.556215714003514,1.0,0.0,-0.0,0.1608469947502846,129.90294257518295,0.96,841.2688430552279,807.6180893330187,33.650753722209146,,,,939.3717349881072,2540.0,2349.5,190.5,2540.0,0.0,1.0,-0.0,0.0,0.39981772078659594,234.8429337470268,0.925,635.0,587.375,47.625,1.0,0.0,0.0,0.39981772078659594,234.8429337470268,0.925,635.0,587.375,47.625,1.0,0.0,-0.0,0.39981772078659594,234.8429337470268,0.925,635.0,587.375,47.625,1.0,0.0,0.0,0.39981772078659583,234.84293374702673,0.925,635.0,587.375,47.625,1.0,,,0.101,237.29950000000002,2349.5,2349.5,0.0,72.8345,0.0,,,296.3333333333333,0.0,127.4233333333073,4.0,1594.284387596608,0.0,-0.0,0.0,161.97929377981538
15,1,16,0.1016,0.0,1594.2843875966053,,,,0,0.0,1,2645.8333333333335,2645.8333333333335,0.0,423.3333333333333,87.84166666666427,0.0,,,417.613152608498,2645.8333333333335,2540.0,105.83333333333333,2645.8333333333335,0.0,1.0,0.0,0.0,0.16738632791983488,147.13806138706133,0.96,915.6590974279542,879.032733530836,36.626363897118196,1.0,0.0,0.0,0.1647299281614449,140.57214864625436,0.96,888.9053928500819,853.3491771360785,35.55621571400331,1.0,0.0,-0.0,0.16084699475028438,129.90294257518235,0.96,841.2688430552251,807.6180893330161,33.65075372220904,,,,939.3717349881072,2540.0,2349.5,190.5,2540.0,0.0,1.0,-0.0,0.0,0.39981772078659594,234.8429337470268,0.925,635.0,587.375,47.625,1.0,0.0,0.0,0.39981772078659594,234.8429337470268,0.925,635.0,587.375,47.625,1.0,0.0,-0.0,0.39981772078659594,234.8429337470268,0.925,635.0,587.375,47.625,1.0,0.0,0.0,0.39981772078659583,234.84293374702682,0.925,635.0,587.375,47.625,1.0,,,0.101,237.29950000000002,2349.5,2349.5,0.0,72.8345,0.0,,,296.3333333333333,0.0,127.42333333330221,4.0,1594.2843875966053,0.0,-0.0,0.0,161.9792937798151
16,1,17,0.1016,0.0,706.5153498842227,,,,0,0.0,1,1228.412274145948,1228.412274145948,0.0,196.5459638633517,40.783287501645475,0.0,,,186.4229182596364,1228.412274145948,1179.27578318011,49.136490965837964,1228.412274145948,0.0,1.0,0.0,0.0,0.1557345775110493,102.12000641038443,0.96,683.0532331198996,655.7311037951035,27.322129324796006,1.0,0.0,0.0,0.1610233379666474,84.30291184925196,0.96,545.3590410260484,523.5446793850065,21.814361641041955,-0.0,0.0,1.0,0.271,0.0,0.96,0.0,0.0,0.0,,,,410.6123890262678,1179.27578318011,1083.960817805134,95.31496537497623,1179.27578318011,0.0,1.0,0.0,0.0,0.3991648577825694,233.38571869369392,0.9207638340551542,635.0,584.6850346250229,50.31496537497708,1.0,0.0,0.0,0.35496748751509205,177.22667033257386,0.917321326080187,544.2757831801101,499.275783180111,45.0,0.0,0.0,1.0,0.08724817754776784,0.0,0.88,0.0,0.0,0.0,0.0,0.0,1.0,0.08724817754776784,0.0,0.88,0.0,0.0,-0.0,1.0,,,0.101,109.48004259831853,1083.960817805134,1083.960817805134,0.0,33.602785351959156,0.0,,,144.4514563408142,0.0,62.1141262265501,2.0,706.5153498842227,0.0,0.0,0.0,71.78195954823703
17,1,18,0.15246,0.0,620.1797579147737,,,,0,0.0,1,1158.539859200261,1158.539859200261,0.0,185.36637747204173,38.46352332544866,0.0,,,176.88973219499056,1158.539859200261,1112.1982648322503,46.341594368010476,1158.5398592002607,0.0,1.0,0.0,-0.0,0.15728574943681517,92.58682034574072,0.96,613.18081817423,588.6535854472608,24.52723272696922,1.0,0.0,-0.0,0.1610233379666487,84.3029118492499,0.96,545.3590410260308,523.5446793849895,21.814361641041252,-0.0,0.0,0.0,0.271,0.0,0.96,0.0,0.0,0.0,,,,344.4879400095439,1112.1982648322503,978.238472378607,110.31309398161324,1088.5515663602202,23.64669847203004,1.0,0.0,-0.0,0.3492156559352628,167.26126967697053,0.88,544.2757831801101,478.9626891984969,65.31309398161324,1.0,0.0,-0.0,0.3549674875150918,177.22667033257335,0.9173213260801855,544.2757831801101,499.2757831801101,45.0,-0.0,0.0,0.0,0.08724817754776784,0.0,0.8800000000000001,0.0,0.0,0.0,0.0,0.0,0.0,0.08724817754776784,0.0,0.88,0.0,0.0,-0.0,1.0,,,0.101,98.80208571023931,978.238472378607,978.238472378607,0.0,30.325392643736816,0.0,,,180.30138682165375,0.0,77.5295963333111,2.0,620.1797579147737,0.0,0.0,0.0,94.55260589168641
18,1,19,0.15246,0.0,620.1797579147685,,,,0,0.0,1,1158.539859200252,1158.539859200252,0.0,185.3663774720403,38.46352332544837,0.0,,,176.8897321949908,1158.539859200252,1112.1982648322512,46.341594368010504,1158.5398592002616,0.0,1.0,0.0,-0.0,0.15728574943681517,92.58682034574072,0.96,613.18081817423,588.6535854472608,24.52723272696922,1.0,0.0,-0.0,0.16102333796664864,84.30291184925002,0.96,545.3590410260317,523.5446793849904,21.814361641041287,-0.0,0.0,-0.0,0.271,0.0,0.96,0.0,0.0,0.0,,,,344.4879400095388,1112.1982648322512,978.2384723786029,110.31309398161744,1088.5515663602202,23.64669847203095,1.0,-0.0,-0.0,0.34921565593526066,167.26126967696814,0.8799999999999929,544.2757831801101,478.962689198493,65.3130939816171,1.0,0.0,-0.0,0.35496748751509166,177.22667033257068,0.9173213260801848,544.2757831801101,499.2757831801098,45.0,-0.0,0.0,-0.0,0.08724817754776784,0.0,0.8800000000000001,0.0,0.0,0.0,0.0,0.0,0.0,0.08724817754776784,0.0,0.88,0.0,0.0,-0.0,1.0,,,0.101,98.8020857102389,978.2384723786029,978.2384723786029,0.0,30.325392643736688,-0.0,,,180.3013868216589,0.0,77.52959633331332,2.0,620.1797579147685,0.0,0.0,0.0,94.55260589168562
19,1,20,0.15246,0.0,623.1158983280545,,,,0,0.0,1,1158.5398592002634,1158.5398592002634,0.0,185.36637747204213,38.46352332544875,0.0,,,176.889732194991,1158.5398592002634,1112.1982648322526,46.341594368010576,1158.5398592002632,0.0,1.0,0.0,0.0,0.15728574943681523,92.58682034574078,0.96,613.1808181742301,588.6535854472609,24.527232726969228,1.0,0.0,0.0,0.16102333796664853,84.30291184925018,0.96,545.3590410260331,523.5446793849917,21.814361641041344,-0.0,0.0,-0.0,0.271,0.0,0.96,0.0,0.0,0.0,,,,346.9191026191591,1112.1982648322526,983.2382526129148,105.31331374730541,1088.5515663602202,23.646698472032313,1.0,-0.0,-0.0,0.3506313877715812,169.69243228658576,0.8891861155480681,544.2757831801101,483.9624694328047,60.313313747305415,1.0,0.0,-0.0,0.3549674875150918,177.22667033257335,0.9173213260801855,544.2757831801101,499.2757831801101,45.0,-0.0,0.0,-0.0,0.08724817754776784,0.0,0.8800000000000001,0.0,0.0,0.0,0.0,0.0,0.0,0.08724817754776784,0.0,0.88,0.0,0.0,-0.0,1.0,,,0.101,99.30706351390441,983.2382526129148,983.2382526129148,0.0,30.48038583100036,-0.0,,,175.30160658734832,0.0,75.37969083255977,2.0,623.1158983280545,0.0,0.0,0.0,95.0002498590952
20,1,21,0.15246,0.0,620.1797579147718,,,,0,0.0,1,1158.53985920026,1158.53985920026,0.0,185.36637747204162,38.463523325448634,0.0,,,176.88973219499115,1158.53985920026,1112.1982648322546,46.341594368010654,1158.5398592002653,0.0,1.0,0.0,0.0,0.15728574943681517,92.58682034574073,0.96,613.1808181742301,588.6535854472609,24.527232726969228,1.0,0.0,0.0,0.16102333796664842,84.30291184925044,0.96,545.3590410260351,523.5446793849937,21.814361641041426,-0.0,0.0,-0.0,0.271,0.0,0.96,0.0,0.0,0.0,,,,344.48794000954194,1112.1982648322546,978.2384723786013,110.31309398161892,1088.5515663602202,23.64669847203436,1.0,-0.0,0.0,0.34921565593526294,167.26126967696877,0.88,544.2757831801101,478.9626891984917,65.31309398161841,1.0,0.0,0.0,0.35496748751509166,177.22667033257318,0.9173213260801846,544.2757831801101,499.2757831801096,45.0,-0.0,0.0,-0.0,0.08724817754776784,0.0,0.8800000000000001,0.0,0.0,0.0,0.0,0.0,0.0,0.08724817754776784,0.0,0.88,0.0,0.0,-0.0,1.0,,,0.101,98.80208571023873,978.2384723786013,978.2384723786013,0.0,30.325392643736638,-0.0,,,180.30138682166393,0.0,77.52959633331548,2.0,620.1797579147719,0.0,0.0,0.0,94.55260589168611
21,1,22,0.15246,0.0,623.1212864734857,,,,0,0.0,1,1158.6873013401691,1158.6873013401691,0.0,185.38996821442706,38.46841840449362,0.0,,,176.90862118315042,1158.6873013401691,1112.3398092865623,46.3474920536068,1158.6873013401691,0.0,1.0,0.0,0.0,0.15728001919679857,92.60570933389992,0.96,613.3282603141321,588.7951299015667,24.533130412565306,1.0,0.0,0.0,0.16102333796664806,84.30291184925053,0.96,545.359041026037,523.5446793849954,21.814361641041497,-0.0,0.0,-0.0,0.271,0.0,0.96,0.0,0.0,0.0,,,,346.9057427571429,1112.3398092865623,983.2368567642814,105.31470959593895,1088.5515663602202,23.788242926342036,1.0,0.0,0.0,0.3510944846923101,170.49075729218083,0.8921909655589515,544.2757831801101,485.597936525817,58.67784665429315,1.0,0.0,0.0,0.35450399534752086,176.41498546496203,0.914313911471213,544.2757831801101,497.6389202384643,46.6368629416458,-0.0,0.0,-0.0,0.08724817754776784,0.0,0.8800000000000001,0.0,0.0,0.0,-0.0,-0.0,0.0,0.08724817754776784,0.0,0.8800000000000001,0.0,0.0,0.0,1.0,,,0.101,99.30692253319242,983.2368567642814,983.2368567642814,0.0,30.480342559692723,-0.0,,,175.4504445758878,0.0,75.44369116763174,2.0,623.1212864734857,0.0,0.0,0.0,95.00107133574764
22,1,23,0.1016,0.0,1193.2749898182637,,,,0,0.0,1,1984.375,1984.375,0.0,317.5,65.88125,0.0,,,310.77156357718354,1984.375,1905.0,79.37500000000007,1984.375,0.0,1.0,0.0,0.0,0.1655313797786304,142.59788783904392,0.96,897.349292307295,861.4553206150031,35.89397169229183,1.0,0.0,0.0,0.16102333796664803,84.30291184925083,0.96,545.3590410260391,523.5446793849975,21.814361641041582,1.0,1.0,-0.0,0.16128993055555563,83.87076388888883,0.96,541.6666666666666,520.0,21.666666666666668,,,,704.5288012410803,1905.0,1762.125,142.875,1905.0,0.0,1.0,-0.0,0.0,0.39981772078659594,234.8429337470268,0.925,635.0,587.375,47.625,1.0,0.0,0.0,0.39981772078659594,234.8429337470268,0.925,635.0,587.375,47.625,1.0,1.0,-0.0,0.3998177207865958,234.8429337470267,0.9249999999999997,635.0,587.375,47.625,0.0,0.0,0.0,0.08724817754776784,0.0,0.88,0.0,0.0,0.0,1.0,,,0.101,177.974625,1762.125,1762.125,0.0,54.625875,-0.0,,,222.25,0.0,95.56750000000002,3.0,1193.2749898182637,0.0,-0.0,0.0,121.2367389655356
23,1,24,0.1016,0.0,1597.6891108962736,,,,0,0.0,1,2645.8333333333335,2645.8333333333335,0.0,423.3333333333333,87.84166666666569,0.0,,,421.0178759081663,2645.8333333333335,2540.0,105.83333333333333,2645.8333333333335,0.0,1.0,0.0,0.0,0.16921528525127577,151.4548643981732,0.96,932.3358910149499,895.0424553743519,37.29343564059803,1.0,0.0,0.0,0.16921528525127547,151.45486439817253,0.96,932.3358910149474,895.0424553743494,37.29343564059793,1.0,0.0,-0.0,0.1574953602143704,118.10814711182054,0.96,781.1615513034066,749.9150892512703,31.24646205213629,,,,939.3717349881072,2540.0,2349.5,190.5,2540.0,0.0,1.0,-0.0,0.0,0.39981772078659594,234.8429337470268,0.925,635.0,587.375,47.625,1.0,0.0,0.0,0.39981772078659594,234.8429337470268,0.925,635.0,587.375,47.625,1.0,0.0,-0.0,0.39981772078659594,234.8429337470268,0.925,635.0,587.375,47.625,1.0,1.0,0.0,0.39981772078659594,234.8429337470268,0.925,635.0,587.375,47.625,1.0,,,0.101,237.29950000000002,2349.5,2349.5,0.0,72.8345,0.0,,,296.3333333333333,0.0,127.42333333332074,4.0,1597.6891108962736,0.0,-0.0,0.0,162.3252136670614
24,1,25,0.1016,0.0,1597.689110896274,,,,0,0.0,1,2645.8333333333335,2645.8333333333335,0.0,423.3333333333333,87.84166666666574,0.0,,,421.01787590816673,2645.8333333333335,2540.0,105.83333333333333,2645.8333333333335,0.0,1.0,0.0,0.0,0.16921528525127577,151.4548643981732,0.96,932.3358910149499,895.0424553743519,37.29343564059803,1.0,0.0,0.0,0.16921528525127583,151.4548643981733,0.96,932.3358910149501,895.042455374352,37.29343564059804,1.0,0.0,-0.0,0.1574953602143702,118.10814711182023,0.96,781.1615513034055,749.9150892512693,31.24646205213625,,,,939.3717349881072,2540.0,2349.5,190.5,2540.0,0.0,1.0,-0.0,0.0,0.39981772078659594,234.8429337470268,0.925,635.0,587.375,47.625,1.0,0.0,0.0,0.39981772078659594,234.8429337470268,0.925,635.0,587.375,47.625,1.0,0.0,-0.0,0.39981772078659594,234.8429337470268,0.925,635.0,587.375,47.625,1.0,0.0,0.0,0.39981772078659594,234.8429337470268,0.925,635.0,587.375,47.625,1.0,,,0.101,237.29950000000002,2349.5,2349.5,0.0,72.8345,0.0,,,296.3333333333333,0.0,127.42333333332157,4.0,1597.689110896274,0.0,-0.0,0.0,162.32521366706143
25,1,26,0.1016,0.0,1597.689110896275,,,,0,0.0,1,2645.8333333333335,2645.8333333333335,0.0,423.3333333333333,87.8416666666658,0.0,,,421.0178759081678,2645.8333333333335,2540.0,105.83333333333333,2645.8333333333335,0.0,1.0,0.0,0.0,0.16921528525127577,151.4548643981732,0.96,932.3358910149499,895.0424553743519,37.29343564059803,1.0,0.0,0.0,0.16921528525127616,151.45486439817407,0.96,932.3358910149528,895.0424553743547,37.29343564059815,1.0,0.0,-0.0,0.1574953602143708,118.10814711182053,0.96,781.1615513034045,749.9150892512683,31.24646205213621,,,,939.3717349881072,2540.0,2349.5,190.5,2540.0,0.0,1.0,-0.0,0.0,0.39981772078659594,234.8429337470268,0.925,635.0,587.375,47.625,1.0,0.0,0.0,0.39981772078659594,234.8429337470268,0.925,635.0,587.375,47.625,1.0,0.0,-0.0,0.39981772078659594,234.8429337470268,0.925,635.0,587.375,47.625,1.0,0.0,0.0,0.39981772078659594,234.8429337470268,0.925,635.0,587.375,47.625,1.0,,,0.101,237.29950000000002,2349.5,2349.5,0.0,72.8345,0.0,,,296.3333333333333,0.0,127.42333333332198,4.0,1597.689110896275,0.0,-0.0,0.0,162.32521366706155
26,1,27,0.1016,0.0,1597.6891108962755,,,,0,0.0,1,2645.8333333333335,2645.8333333333335,0.0,423.3333333333333,87.84166666666586,0.0,,,421.0178759081682,2645.8333333333335,2540.0,105.83333333333333,2645.8333333333335,0.0,1.0,0.0,0.0,0.16921528525127577,151.4548643981732,0.96,932.3358910149499,895.0424553743519,37.29343564059803,1.0,0.0,0.0,0.16921528525127638,151.4548643981747,0.96,932.3358910149556,895.0424553743574,37.293435640598254,1.0,0.0,-0.0,0.1574953602143707,118.10814711182029,0.96,781.1615513034035,749.9150892512673,31.246462052136167,,,,939.3717349881072,2540.0,2349.5,190.5,2540.0,0.0,1.0,-0.0,0.0,0.39981772078659594,234.8429337470268,0.925,635.0,587.375,47.625,1.0,0.0,0.0,0.39981772078659594,234.8429337470268,0.925,635.0,587.375,47.625,1.0,0.0,-0.0,0.39981772078659594,234.8429337470268,0.925,635.0,587.375,47.625,1.0,0.0,0.0,0.39981772078659594,234.8429337470268,0.925,635.0,587.375,47.625,1.0,,,0.101,237.29950000000002,2349.5,2349.5,0.0,72.8345,0.0,,,296.3333333333333,0.0,127.42333333332279,4.0,1597.6891108962755,0.0,-0.0,0.0,162.32521366706158
27,1,28,0.1016,0.0,1597.6891108962757,,,,0,0.0,1,2645.8333333333335,2645.8333333333335,0.0,423.3333333333333,87.84166666666589,0.0,,,421.0178759081685,2645.8333333333335,2540.0,105.83333333333333,2645.8333333333335,0.0,1.0,0.0,0.0,0.16921528525127577,151.4548643981732,0.96,932.3358910149499,895.0424553743519,37.29343564059803,1.0,0.0,0.0,0.16921528525127683,151.45486439817563,0.96,932.335891014959,895.0424553743605,37.29343564059839,1.0,0.0,-0.0,0.15749536021437024,118.1081471118196,0.96,781.1615513034011,749.915089251265,31.24646205213607,,,,939.3717349881072,2540.0,2349.5,190.5,2540.0,0.0,1.0,-0.0,0.0,0.39981772078659594,234.8429337470268,0.925,635.0,587.375,47.625,1.0,0.0,0.0,0.39981772078659594,234.8429337470268,0.925,635.0,587.375,47.625,1.0,0.0,-0.0,0.39981772078659594,234.8429337470268,0.925,635.0,587.375,47.625,1.0,0.0,-0.0,0.39981772078659594,234.8429337470268,0.925,635.0,587.375,47.625,1.0,,,0.101,237.29950000000002,2349.5,2349.5,0.0,72.8345,0.0,,,296.3333333333333,0.0,127.42333333332319,4.0,1597.6891108962757,0.0,-0.0,0.0,162.3252136670616
28,1,29,0.1016,0.0,1597.6891108962766,,,,0,0.0,1,2645.8333333333335,2645.8333333333335,0.0,423.3333333333333,87.84166666666592,0.0,,,421.01787590816934,2645.8333333333335,2540.0,105.83333333333333,2645.8333333333335,0.0,1.0,0.0,0.0,0.16921528525127577,151.4548643981732,0.96,932.3358910149499,895.0424553743519,37.29343564059803,1.0,0.0,0.0,0.16921528525127716,151.45486439817637,0.96,932.3358910149617,895.0424553743632,37.2934356405985,1.0,0.0,-0.0,0.1574953602143709,118.10814711181976,0.96,781.1615513033989,749.915089251263,31.246462052135985,,,,939.3717349881072,2540.0,2349.5,190.5,2540.0,0.0,1.0,-0.0,0.0,0.39981772078659594,234.8429337470268,0.925,635.0,587.375,47.625,1.0,0.0,0.0,0.39981772078659594,234.8429337470268,0.925,635.0,587.375,47.625,1.0,0.0,-0.0,0.39981772078659594,234.8429337470268,0.925,635.0,587.375,47.625,1.0,0.0,-0.0,0.39981772078659594,234.8429337470268,0.925,635.0,587.375,47.625,1.0,,,0.101,237.29950000000002,2349.5,2349.5,0.0,72.8345,0.0,,,296.3333333333333,0.0,127.4233333333234,4.0,1597.6891108962766,0.0,-0.0,0.0,162.3252136670617
29,1,30,0.1016,0.0,1597.689110896277,,,,0,0.0,1,2645.8333333333335,2645.8333333333335,0.0,423.3333333333333,87.84166666666596,0.0,,,421.01787590816986,2645.8333333333335,2540.0,105.83333333333333,2645.8333333333335,0.0,1.0,0.0,0.0,0.16921528525127577,151.4548643981732,0.96,932.3358910149499,895.0424553743519,37.29343564059803,1.0,0.0,0.0,0.1692152852512774,151.45486439817705,0.96,932.3358910149644,895.0424553743658,37.29343564059861,1.0,0.0,-0.0,0.1574953602143709,118.10814711181962,0.96,781.1615513033979,749.915089251262,31.246462052135943,,,,939.3717349881072,2540.0,2349.5,190.5,2540.0,0.0,1.0,-0.0,0.0,0.39981772078659594,234.8429337470268,0.925,635.0,587.375,47.625,1.0,0.0,0.0,0.39981772078659594,234.8429337470268,0.925,635.0,587.375,47.625,1.0,0.0,-0.0,0.39981772078659594,234.8429337470268,0.925,635.0,587.375,47.625,1.0,0.0,-0.0,0.39981772078659594,234.8429337470268,0.925,635.0,587.375,47.625,1.0,,,0.101,237.29950000000002,2349.5,2349.5,0.0,72.8345,0.0,,,296.3333333333333,0.0,127.42333333332421,4.0,1597.689110896277,0.0,-0.0,0.0,162.32521366706175
30,1,31,0.1016,0.0,1597.6891108962777,,,,0,0.0,1,2645.8333333333335,2645.8333333333335,0.0,423.3333333333333,87.84166666666603,0.0,,,421.0178759081706,2645.8333333333335,2540.0,105.83333333333333,2645.8333333333335,0.0,1.0,0.0,0.0,0.16921528525127577,151.4548643981732,0.96,932.3358910149499,895.0424553743519,37.29343564059803,1.0,0.0,0.0,0.16921528525127771,151.45486439817776,0.96,932.3358910149672,895.0424553743684,37.29343564059872,1.0,0.0,-0.0,0.15749536021437108,118.10814711181959,0.96,781.1615513033969,749.915089251261,31.246462052135904,,,,939.3717349881072,2540.0,2349.5,190.5,2540.0,0.0,1.0,-0.0,0.0,0.39981772078659594,234.8429337470268,0.925,635.0,587.375,47.625,1.0,0.0,0.0,0.39981772078659594,234.8429337470268,0.925,635.0,587.375,47.625,1.0,0.0,-0.0,0.39981772078659594,234.8429337470268,0.925,635.0,587.375,47.625,1.0,0.0,-0.0,0.39981772078659594,234.8429337470268,0.925,635.0,587.375,47.625,1.0,,,0.101,237.29950000000002,2349.5,2349.5,0.0,72.8345,0.0,,,296.3333333333333,0.0,127.42333333332503,4.0,1597.6891108962777,0.0,-0.0,0.0,162.3252136670618
31,1,32,0.1016,0.0,1597.6891108962786,,,,0,0.0,1,2645.8333333333335,2645.8333333333335,0.0,423.3333333333333,87.84166666666609,0.0,,,421.0178759081714,2645.8333333333335,2540.0,105.83333333333333,2645.8333333333335,0.0,1.0,0.0,0.0,0.16921528525127577,151.4548643981732,0.96,932.3358910149499,895.0424553743519,37.29343564059803,1.0,0.0,0.0,0.16921528525127813,151.4548643981786,0.96,932.3358910149699,895.0424553743711,37.29343564059883,1.0,0.0,-0.0,0.15749536021437124,118.10814711181955,0.96,781.1615513033959,749.91508925126,31.24646205213586,,,,939.3717349881072,2540.0,2349.5,190.5,2540.0,0.0,1.0,-0.0,0.0,0.39981772078659594,234.8429337470268,0.925,635.0,587.375,47.625,1.0,0.0,0.0,0.39981772078659594,234.8429337470268,0.925,635.0,587.375,47.625,1.0,0.0,-0.0,0.39981772078659594,234.8429337470268,0.925,635.0,587.375,47.625,1.0,0.0,-0.0,0.39981772078659594,234.8429337470268,0.925,635.0,587.375,47.625,1.0,,,0.101,237.29950000000002,2349.5,2349.5,0.0,72.8345,0.0,,,296.3333333333333,0.0,127.42333333332581,4.0,1597.6891108962786,0.0,-0.0,0.0,162.32521366706192
32,1,33,0.1016,0.0,1597.6891108962786,,,,0,0.0,1,2645.8333333333335,2645.8333333333335,0.0,423.3333333333333,87.84166666666607,0.0,,,421.0178759081715,2645.8333333333335,2540.0,105.83333333333333,2645.8333333333335,0.0,1.0,0.0,0.0,0.16921528525127577,151.4548643981732,0.96,932.3358910149499,895.0424553743519,37.29343564059803,1.0,0.0,0.0,0.16921528525127835,151.4548643981792,0.96,932.3358910149726,895.0424553743737,37.293435640598936,1.0,0.0,-0.0,0.15749536021437124,118.10814711181908,0.96,781.1615513033928,749.9150892512571,31.24646205213574,,,,939.3717349881072,2540.0,2349.5,190.5,2540.0,0.0,1.0,-0.0,0.0,0.39981772078659594,234.8429337470268,0.925,635.0,587.375,47.625,1.0,0.0,0.0,0.39981772078659594,234.8429337470268,0.925,635.0,587.375,47.625,1.0,0.0,-0.0,0.39981772078659594,234.8429337470268,0.925,635.0,587.375,47.625,1.0,0.0,-0.0,0.39981772078659594,234.8429337470268,0.925,635.0,587.375,47.625,1.0,,,0.101,237.29950000000002,2349.5,2349.5,0.0,72.8345,0.0,,,296.3333333333333,0.0,127.42333333332563,4.0,1597.6891108962786,0.0,-0.0,0.0,162.32521366706192
33,1,34,0.1016,0.0,1597.6891108962786,,,,0,0.0,1,2645.8333333333335,2645.8333333333335,0.0,423.3333333333333,87.84166666666611,0.0,,,421.01787590817145,2645.8333333333335,2540.0,105.83333333333333,2645.8333333333335,0.0,1.0,0.0,0.0,0.16921528525127577,151.4548643981732,0.96,932.3358910149499,895.0424553743519,37.29343564059803,1.0,0.0,0.0,0.16921528525127866,151.45486439817995,0.96,932.3358910149753,895.0424553743763,37.29343564059905,1.0,0.0,-0.0,0.15749536021437036,118.10814711181824,0.96,781.1615513033915,749.9150892512558,31.24646205213569,,,,939.3717349881072,2540.0,2349.5,190.5,2540.0,0.0,1.0,-0.0,0.0,0.39981772078659594,234.8429337470268,0.925,635.0,587.375,47.625,1.0,0.0,0.0,0.39981772078659594,234.8429337470268,0.925,635.0,587.375,47.625,1.0,0.0,-0.0,0.39981772078659594,234.8429337470268,0.925,635.0,587.375,47.625,1.0,0.0,-0.0,0.39981772078659594,234.8429337470268,0.925,635.0,587.375,47.625,1.0,,,0.101,237.29950000000002,2349.5,2349.5,0.0,72.8345,0.0,,,296.3333333333333,0.0,127.42333333332626,4.0,1597.6891108962786,0.0,-0.0,0.0,162.32521366706192
34,1,35,0.1016,0.0,1597.6891108962789,,,,0,0.0,1,2645.8333333333335,2645.8333333333335,0.0,423.3333333333333,87.84166666666617,0.0,,,421.0178759081717,2645.8333333333335,2540.0,105.83333333333333,2645.8333333333335,0.0,1.0,0.0,0.0,0.16921528525127577,151.4548643981732,0.96,932.3358910149499,895.0424553743519,37.29343564059803,1.0,0.0,0.0,0.16921528525127913,151.45486439818097,0.96,932.3358910149792,895.04245537438,37.2934356405992,1.0,0.0,-0.0,0.15749536021436977,118.10814711181747,0.96,781.1615513033894,749.9150892512538,31.246462052135602,,,,939.3717349881072,2540.0,2349.5,190.5,2540.0,0.0,1.0,-0.0,0.0,0.39981772078659594,234.8429337470268,0.925,635.0,587.375,47.625,1.0,0.0,0.0,0.39981772078659594,234.8429337470268,0.925,635.0,587.375,47.625,1.0,0.0,-0.0,0.39981772078659594,234.8429337470268,0.925,635.0,587.375,47.625,1.0,0.0,-0.0,0.39981772078659594,234.8429337470268,0.925,635.0,587.375,47.625,1.0,,,0.101,237.29950000000002,2349.5,2349.5,0.0,72.8345,0.0,,,296.3333333333333,0.0,127.42333333332685,4.0,1597.6891108962789,0.0,-0.0,0.0,162.32521366706192
35,1,36,0.1016,0.0,1597.6891108962793,,,,0,0.0,1,2645.8333333333335,2645.8333333333335,0.0,423.3333333333333,87.84166666666617,0.0,,,421.0178759081721,2645.8333333333335,2540.0,105.83333333333333,2645.8333333333335,0.0,1.0,0.0,0.0,0.16921528525127577,151.4548643981732,0.96,932.3358910149499,895.0424553743519,37.29343564059803,1.0,0.0,0.0,0.1692152852512795,151.45486439818174,0.96,932.3358910149819,895.0424553743826,37.29343564059931,1.0,0.0,-0.0,0.15749536021436988,118.10814711181712,0.96,781.1615513033865,749.9150892512511,31.246462052135488,,,,939.3717349881072,2540.0,2349.5,190.5,2540.0,0.0,1.0,-0.0,0.0,0.39981772078659594,234.8429337470268,0.925,635.0,587.375,47.625,1.0,0.0,0.0,0.39981772078659594,234.8429337470268,0.925,635.0,587.375,47.625,1.0,0.0,-0.0,0.39981772078659594,234.8429337470268,0.925,635.0,587.375,47.625,1.0,0.0,-0.0,0.39981772078659594,234.8429337470268,0.925,635.0,587.375,47.625,1.0,,,0.101,237.29950000000002,2349.5,2349.5,0.0,72.8345,0.0,,,296.3333333333333,0.0,127.42333333332685,4.0,1597.6891108962793,0.0,-0.0,0.0,162.32521366706197
36,1,37,0.1016,0.0,1597.68911089628,,,,0,0.0,1,2645.8333333333335,2645.8333333333335,0.0,423.3333333333333,87.84166666666617,0.0,,,421.01787590817264,2645.8333333333335,2540.0,105.83333333333333,2645.8333333333335,0.0,1.0,0.0,0.0,0.16921528525127577,151.4548643981732,0.96,932.3358910149499,895.0424553743519,37.29343564059803,1.0,0.0,0.0,0.16921528525127968,151.45486439818237,0.96,932.3358910149847,895.0424553743852,37.29343564059942,1.0,0.0,-0.0,0.15749536021437036,118.10814711181705,0.96,781.1615513033837,749.9150892512483,31.246462052135374,,,,939.3717349881072,2540.0,2349.5,190.5,2540.0,0.0,1.0,-0.0,0.0,0.39981772078659594,234.8429337470268,0.925,635.0,587.375,47.625,1.0,0.0,0.0,0.39981772078659594,234.8429337470268,0.925,635.0,587.375,47.625,1.0,0.0,-0.0,0.39981772078659594,234.8429337470268,0.925,635.0,587.375,47.625,1.0,0.0,-0.0,0.39981772078659594,234.8429337470268,0.925,635.0,587.375,47.625,1.0,,,0.101,237.29950000000002,2349.5,2349.5,0.0,72.8345,0.0,,,296.3333333333333,0.0,127.42333333332685,4.0,1597.68911089628,0.0,-0.0,0.0,162.32521366706203
37,1,38,0.1016,0.0,1597.6891108962805,,,,0,0.0,1,2645.8333333333335,2645.8333333333335,0.0,423.3333333333333,87.84166666666626,0.0,,,421.0178759081733,2645.8333333333335,2540.0,105.83333333333333,2645.8333333333335,0.0,1.0,0.0,0.0,0.16921528525127577,151.4548643981732,0.96,932.3358910149499,895.0424553743519,37.29343564059803,1.0,0.0,0.0,0.16921528525128013,151.4548643981834,0.96,932.3358910149885,895.042455374389,37.293435640599576,1.0,0.0,-0.0,0.15749536021437013,118.10814711181669,0.96,781.1615513033825,749.9150892512471,31.246462052135325,,,,939.3717349881072,2540.0,2349.5,190.5,2540.0,0.0,1.0,-0.0,0.0,0.39981772078659594,234.8429337470268,0.925,635.0,587.375,47.625,1.0,0.0,0.0,0.39981772078659594,234.8429337470268,0.925,635.0,587.375,47.625,1.0,0.0,-0.0,0.39981772078659594,234.8429337470268,0.925,635.0,587.375,47.625,1.0,0.0,-0.0,0.39981772078659594,234.8429337470268,0.925,635.0,587.375,47.625,1.0,,,0.101,237.29950000000002,2349.5,2349.5,0.0,72.8345,0.0,,,296.3333333333333,0.0,127.42333333332788,4.0,1597.6891108962805,0.0,-0.0,0.0,162.3252136670621
38,1,39,0.1016,0.0,1597.6891108962825,,,,0,0.0,1,2645.8333333333335,2645.8333333333335,0.0,423.3333333333333,87.84166666666633,0.0,,,421.0178759081752,2645.8333333333335,2540.0,105.83333333333333,2645.8333333333335,0.0,1.0,0.0,0.0,0.16921528525127577,151.4548643981732,0.96,932.3358910149499,895.0424553743519,37.29343564059803,1.0,0.0,0.0,0.16921528525128054,151.4548643981843,0.96,932.335891014992,895.0424553743923,37.29343564059971,1.0,0.0,-0.0,0.15749536021437174,118.1081471118177,0.96,781.1615513033812,749.915089251246,31.246462052135275,,,,939.3717349881072,2540.0,2349.5,190.5,2540.0,0.0,1.0,-0.0,0.0,0.39981772078659594,234.8429337470268,0.925,635.0,587.375,47.625,1.0,0.0,0.0,0.39981772078659594,234.8429337470268,0.925,635.0,587.375,47.625,1.0,0.0,-0.0,0.39981772078659594,234.8429337470268,0.925,635.0,587.375,47.625,1.0,0.0,0.0,0.39981772078659594,234.8429337470268,0.925,635.0,587.375,47.625,1.0,,,0.101,237.29950000000002,2349.5,2349.5,0.0,72.8345,0.0,,,296.3333333333333,0.0,127.4233333333289,4.0,1597.6891108962825,0.0,-0.0,0.0,162.3252136670623
39,1,40,0.1016,0.0,1597.6891108962832,,,,0,0.0,1,2645.8333333333335,2645.8333333333335,0.0,423.3333333333333,87.84166666666638,0.0,,,421.0178759081758,2645.8333333333335,2540.0,105.83333333333333,2645.8333333333335,0.0,1.0,0.0,0.0,0.16921528525127577,151.4548643981732,0.96,932.3358910149499,895.0424553743519,37.29343564059803,1.0,0.0,0.0,0.16921528525128088,151.4548643981851,0.96,932.3358910149949,895.0424553743951,37.29343564059983,1.0,0.0,-0.0,0.1574953602143718,118.10814711181754,0.96,781.1615513033798,749.9150892512446,31.24646205213522,,,,939.3717349881072,2540.0,2349.5,190.5,2540.0,0.0,1.0,-0.0,0.0,0.39981772078659594,234.8429337470268,0.925,635.0,587.375,47.625,1.0,0.0,0.0,0.39981772078659594,234.8429337470268,0.925,635.0,587.375,47.625,1.0,0.0,-0.0,0.39981772078659594,234.8429337470268,0.925,635.0,587.375,47.625,1.0,0.0,0.0,0.39981772078659594,234.8429337470268,0.925,635.0,587.375,47.625,1.0,,,0.101,237.29950000000002,2349.5,2349.5,0.0,72.8345,0.0,,,296.3333333333333,0.0,127.42333333332971,4.0,1597.6891108962832,0.0,-0.0,0.0,162.32521366706237
40,1,41,0.1016,0.0,806.4532205960545,,,,0,0.0,1,1322.9166666666667,1322.9166666666667,0.0,211.66666666666666,43.920833333333334,0.0,,,218.11760310200083,1322.9166666666667,1270.0,52.916666666666664,1322.9166666666667,0.0,1.0,0.0,0.0,0.16921528525127577,151.4548643981732,0.96,932.3358910149499,895.0424553743519,37.29343564059803,1.0,0.0,0.0,0.17778743129540858,66.66273870382763,0.96,390.5807756517168,374.9575446256481,15.623231026068686,0.0,0.0,1.0,0.271,0.0,0.96,0.0,0.0,0.0,,,,469.6858674940536,1270.0,1174.75,95.25,1270.0,0.0,1.0,0.0,0.0,0.39981772078659594,234.8429337470268,0.925,635.0,587.375,47.625,1.0,0.0,0.0,0.39981772078659594,234.8429337470268,0.925,635.0,587.375,47.625,-0.0,0.0,1.0,0.08724817754776787,0.0,0.8800000000000001,0.0,0.0,0.0,0.0,0.0,1.0,0.08724817754776784,0.0,0.88,0.0,0.0,-0.0,1.0,,,0.101,118.64975000000001,1174.75,1174.75,0.0,36.41725,0.0,,,148.16666666666666,0.0,63.71166666666669,2.0,806.4532205960545,0.0,0.0,0.0,81.93564721255913
41,1,42,0.15246,0.0,592.8929579836193,,,,0,0.0,1,1091.1699551123854,1091.1699551123854,0.0,174.58719281798167,36.2268425097312,0.0,,,171.38901627226386,1091.1699551123854,1047.5231569078899,43.646798204495454,1091.1699551123854,0.0,1.0,0.0,-0.0,0.15571161483125018,104.72627756843639,0.96,700.5891794606687,672.5656122822419,28.02356717842677,1.0,0.0,-0.0,0.1777874312954085,66.66273870382747,0.96,390.58077565171675,374.95754462564804,15.623231026068684,-0.0,0.0,0.0,0.271,0.0,0.96,0.0,0.0,0.0,,,,325.55394171135526,1047.5231569078899,950.0,90.0,1040.0,7.52315690788987,1.0,0.0,-0.0,0.34268835969616185,162.77697085567752,0.9134615384615421,520.0,475.0,45.0,1.0,0.0,-0.0,0.3426883596961634,162.77697085567772,0.913461538461539,520.0,475.0,45.0,-0.0,0.0,0.0,0.08724817754776784,0.0,0.8800000000000001,0.0,0.0,0.0,0.0,0.0,0.0,0.08724817754776784,0.0,0.88,0.0,0.0,-0.0,1.0,,,0.101,95.95,950.0,950.0,0.0,29.45,0.0,,,141.16995511238315,0.0,60.703080698324754,2.0,592.8929579836191,0.0,0.0,0.0,90.3924603741826
42,1,43,0.15246,0.0,592.892957983621,,,,0,0.0,1,1091.1699551123857,1091.1699551123857,0.0,174.5871928179817,36.226842509731206,0.0,,,171.3890162722638,1091.1699551123857,1047.5231569078899,43.646798204495454,1091.1699551123854,0.0,1.0,0.0,-0.0,0.15571161483125018,104.72627756843639,0.96,700.5891794606687,672.5656122822419,28.02356717842677,1.0,0.0,-0.0,0.1777874312954085,66.66273870382747,0.96,390.58077565171675,374.95754462564804,15.623231026068684,-0.0,0.0,-0.0,0.271,0.0,0.96,0.0,0.0,0.0,,,,325.5539417113541,1047.5231569078899,950.0,90.0,1040.0,7.52315690788987,1.0,-0.0,-0.0,0.34268835969616185,162.77697085567706,0.9134615384615395,520.0,475.0,45.0,1.0,0.0,-0.0,0.34268835969616185,162.77697085567706,0.9134615384615395,520.0,475.0,45.0,-0.0,0.0,-0.0,0.08724817754776784,0.0,0.8800000000000001,0.0,0.0,0.0,0.0,0.0,0.0,0.08724817754776784,0.0,0.88,0.0,0.0,-0.0,1.0,,,0.101,95.95,950.0,950.0,0.0,29.45,-0.0,,,141.16995511238417,0.0,60.703080698325195,2.0,592.892957983618,0.0,0.0,0.0,90.39246037418287
43,1,44,0.15246,0.0,592.8929579836177,,,,0,0.0,1,1091.1699551123852,1091.1699551123852,0.0,174.58719281798165,36.22684250973119,0.0,,,171.38901627226386,1091.1699551123852,1047.5231569078899,43.646798204495454,1091.1699551123854,0.0,1.0,0.0,0.0,0.15571161483125018,104.72627756843639,0.96,700.5891794606687,672.5656122822419,28.02356717842677,1.0,0.0,0.0,0.1777874312954085,66.66273870382747,0.96,390.58077565171675,374.95754462564804,15.623231026068684,-0.0,0.0,-0.0,0.271,0.0,0.96,0.0,0.0,0.0,,,,325.5539417113537,1047.5231569078899,950.0,90.0,1040.0,7.523156907890552,1.0,-0.0,-0.0,0.3426883596961616,162.77697085567678,0.9134615384615393,520.0,475.0,45.0,1.0,0.0,-0.0,0.34268835969616174,162.7769708556769,0.9134615384615393,520.0,475.0,45.0,-0.0,0.0,-0.0,0.08724817754776784,0.0,0.8800000000000001,0.0,0.0,0.0,0.0,0.0,0.0,0.08724817754776784,0.0,0.88,0.0,0.0,-0.0,1.0,,,0.101,95.95,950.0,950.0,0.0,29.45,-0.0,,,141.16995511238503,0.0,60.70308069832556,2.0,592.8929579836175,0.0,0.0,0.0,90.39246037418236
44,1,45,0.15246,0.0,592.8929579836165,,,,0,0.0,1,1091.1699551123857,1091.1699551123857,0.0,174.5871928179817,36.226842509731206,0.0,,,171.38901627226392,1091.1699551123857,1047.5231569078899,43.646798204495454,1091.1699551123854,0.0,1.0,0.0,0.0,0.15571161483125018,104.72627756843639,0.96,700.5891794606687,672.5656122822419,28.02356717842677,1.0,0.0,0.0,0.1777874312954084,66.66273870382756,0.96,390.58077565171675,374.95754462564804,15.623231026068684,-0.0,0.0,-0.0,0.271,0.0,0.96,0.0,0.0,0.0,,,,325.553941711353,1047.5231569078899,950.0,90.0,1040.0,7.52315690788987,1.0,-0.0,0.0,0.34268835969616096,162.77697085567647,0.9134615384615384,520.0,475.0,45.0,1.0,0.0,0.0,0.34268835969616107,162.7769708556765,0.9134615384615384,520.0,475.0,45.0,-0.0,0.0,-0.0,0.08724817754776784,0.0,0.8800000000000001,0.0,0.0,0.0,0.0,0.0,0.0,0.08724817754776784,0.0,0.88,0.0,0.0,-0.0,1.0,,,0.101,95.95,950.0,950.0,0.0,29.45,-0.0,,,141.1699551123853,0.0,60.703080698325685,2.0,592.892957983617,0.0,0.0,0.0,90.39246037418218
45,1,46,0.15246,0.0,592.8929579836174,,,,0,0.0,1,1091.1699551123882,1091.1699551123882,0.0,174.5871928179821,36.226842509731284,0.0,,,171.38901627226392,1091.1699551123882,1047.5231569078899,43.646798204495454,1091.1699551123854,0.0,1.0,0.0,0.0,0.15571161483125012,104.72627756843634,0.96,700.5891794606687,672.5656122822419,28.02356717842677,1.0,0.0,0.0,0.1777874312954084,66.66273870382756,0.96,390.58077565171675,374.95754462564804,15.623231026068684,-0.0,0.0,-0.0,0.271,0.0,0.96,0.0,0.0,0.0,,,,325.55394171135345,1047.5231569078899,950.0,90.0,1040.0,7.52315690788987,1.0,0.0,0.0,0.3426883596961615,162.77697085567675,0.9134615384615387,520.0,475.0,45.0,1.0,0.0,0.0,0.3426883596961614,162.7769708556767,0.9134615384615388,520.0,475.0,45.0,-0.0,0.0,-0.0,0.08724817754776784,0.0,0.8800000000000001,0.0,0.0,0.0,-0.0,-0.0,0.0,0.08724817754776784,0.0,0.8800000000000001,0.0,0.0,0.0,1.0,,,0.101,95.95,950.0,950.0,0.0,29.45,-0.0,,,141.16995511238508,0.0,60.703080698325586,2.0,592.8929579836174,0.0,0.0,0.0,90.39246037418232
46,1,47,0.1016,0.0,1594.395749992706,,,,0,0.0,1,2645.8333333333335,2645.8333333333335,0.0,423.3333333333333,87.84166666665283,0.0,,,417.72451500459886,2645.8333333333335,2540.0,105.83333333333333,2645.8333333333335,0.0,1.0,0.0,0.0,0.16634183142829884,144.60475601289315,0.96,905.5446419382826,869.3228562607512,36.22178567753134,1.0,0.0,0.0,0.1662857738173911,144.4671739853807,0.96,904.988058289122,868.7885359575571,36.199522331564914,1.0,1.0,-0.0,0.16043697810127913,128.652585006325,0.96,835.3006331058543,801.8886077816202,33.4120253242342,,,,939.3717349881072,2540.0,2349.5,190.5,2540.0,0.0,1.0,-0.0,0.0,0.39981772078659594,234.8429337470268,0.925,635.0,587.375,47.625,1.0,0.0,0.0,0.39981772078659594,234.8429337470268,0.925,635.0,587.375,47.625,1.0,1.0,-0.0,0.39981772078659594,234.8429337470268,0.925,635.0,587.375,47.625,1.0,1.0,0.0,0.39981772078659594,234.8429337470268,0.925,635.0,587.375,47.625,1.0,,,0.101,237.29950000000002,2349.5,2349.5,0.0,72.8345,-0.0,,,296.3333333333333,0.0,127.42333333330137,4.0,1594.395749992706,0.0,-0.0,0.0,161.99060819925893
47,1,48,0.1016,0.0,1594.3957499927146,,,,0,0.0,1,2645.8333333333335,2645.8333333333335,0.0,423.3333333333333,87.84166666666617,0.0,,,417.7245150046075,2645.8333333333335,2540.0,105.83333333333333,2645.8333333333335,0.0,1.0,0.0,0.0,0.16634183142829917,144.60475601289394,0.96,905.5446419382857,869.3228562607543,36.221785677531464,1.0,0.0,0.0,0.16628577381738782,144.4671739853818,0.96,904.9880582891468,868.7885359575808,36.1995223315659,1.0,0.0,-0.0,0.16043697810128135,128.6525850063317,0.96,835.3006331058862,801.8886077816506,33.41202532423548,,,,939.3717349881072,2540.0,2349.5,190.5,2540.0,0.0,1.0,-0.0,0.0,0.39981772078659594,234.8429337470268,0.925,635.0,587.375,47.625,1.0,0.0,0.0,0.39981772078659594,234.8429337470268,0.925,635.0,587.375,47.625,1.0,0.0,-0.0,0.39981772078659594,234.8429337470268,0.925,635.0,587.375,47.625,1.0,0.0,0.0,0.39981772078659594,234.8429337470268,0.925,635.0,587.375,47.625,1.0,,,0.101,237.29950000000002,2349.5,2349.5,0.0,72.8345,0.0,,,296.3333333333333,0.0,127.42333333332687,4.0,1594.3957499927146,0.0,-0.0,0.0,161.9906081992598
48,1,49,0.1016,0.0,1594.3957499927155,,,,0,0.0,1,2645.8333333333335,2645.8333333333335,0.0,423.3333333333333,87.84166666666627,0.0,,,417.7245150046082,2645.8333333333335,2540.0,105.83333333333333,2645.8333333333335,0.0,1.0,0.0,0.0,0.16634183142829953,144.60475601289474,0.96,905.5446419382887,869.3228562607571,36.22178567753158,1.0,0.0,0.0,0.16628577381738827,144.46717398538286,0.96,904.9880582891509,868.7885359575848,36.199522331566065,1.0,0.0,-0.0,0.16043697810128096,128.6525850063306,0.96,835.3006331058814,801.8886077816461,33.41202532423529,,,,939.3717349881072,2540.0,2349.5,190.5,2540.0,0.0,1.0,-0.0,0.0,0.39981772078659594,234.8429337470268,0.925,635.0,587.375,47.625,1.0,0.0,0.0,0.39981772078659594,234.8429337470268,0.925,635.0,587.375,47.625,1.0,0.0,-0.0,0.39981772078659594,234.8429337470268,0.925,635.0,587.375,47.625,1.0,0.0,0.0,0.39981772078659594,234.8429337470268,0.925,635.0,587.375,47.625,1.0,,,0.101,237.29950000000002,2349.5,2349.5,0.0,72.8345,0.0,,,296.3333333333333,0.0,127.42333333332807,4.0,1594.3957499927155,0.0,-0.0,0.0,161.9906081992599
49,1,50,0.1016,0.0,1594.395749992716,,,,0,0.0,1,2645.8333333333335,2645.8333333333335,0.0,423.3333333333333,87.84166666666631,0.0,,,417.72451500460886,2645.8333333333335,2540.0,105.83333333333333,2645.8333333333335,0.0,1.0,0.0,0.0,0.16634183142829986,144.60475601289548,0.96,905.5446419382916,869.32285626076,36.2217856775317,1.0,0.0,0.0,0.1662857738173886,144.46717398538377,0.96,904.988058289155,868.7885359575888,36.19952233156623,1.0,0.0,-0.0,0.1604369781012807,128.65258500632962,0.96,835.3006331058762,801.8886077816411,33.412025324235074,,,,939.3717349881072,2540.0,2349.5,190.5,2540.0,0.0,1.0,-0.0,0.0,0.39981772078659594,234.8429337470268,0.925,635.0,587.375,47.625,1.0,0.0,0.0,0.39981772078659594,234.8429337470268,0.925,635.0,587.375,47.625,1.0,0.0,-0.0,0.39981772078659594,234.8429337470268,0.925,635.0,587.375,47.625,1.0,0.0,0.0,0.39981772078659594,234.8429337470268,0.925,635.0,587.375,47.625,1.0,,,0.101,237.29950000000002,2349.5,2349.5,0.0,72.8345,0.0,,,296.3333333333333,0.0,127.4233333333289,4.0,1594.395749992716,0.0,-0.0,0.0,161.99060819925992
50,1,51,0.1016,0.0,1594.3957499927171,,,,0,0.0,1,2645.8333333333335,2645.8333333333335,0.0,423.3333333333333,87.84166666666644,0.0,,,417.7245150046099,2645.8333333333335,2540.0,105.83333333333333,2645.8333333333335,0.0,1.0,0.0,0.0,0.16634183142830009,144.60475601289613,0.96,905.5446419382946,869.3228562607628,36.22178567753182,1.0,0.0,0.0,0.1662857738173891,144.46717398538502,0.96,904.98805828916,868.7885359575936,36.199522331566435,1.0,0.0,-0.0,0.16043697810128038,128.65258500632874,0.96,835.3006331058721,801.8886077816371,33.41202532423491,,,,939.3717349881072,2540.0,2349.5,190.5,2540.0,0.0,1.0,-0.0,0.0,0.39981772078659594,234.8429337470268,0.925,635.0,587.375,47.625,1.0,0.0,0.0,0.39981772078659594,234.8429337470268,0.925,635.0,587.375,47.625,1.0,0.0,-0.0,0.39981772078659594,234.8429337470268,0.925,635.0,587.375,47.625,1.0,0.0,0.0,0.39981772078659594,234.8429337470268,0.925,635.0,587.375,47.625,1.0,,,0.101,237.29950000000002,2349.5,2349.5,0.0,72.8345,0.0,,,296.3333333333333,0.0,127.42333333333052,4.0,1594.3957499927171,0.0,-0.0,0.0,161.99060819926007
51,1,52,0.1016,0.0,1594.3957499927167,,,,0,0.0,1,2645.8333333333335,2645.8333333333335,0.0,423.3333333333333,87.84166666666636,0.0,,,417.7245150046094,2645.8333333333335,2540.0,105.83333333333333,2645.8333333333335,0.0,1.0,0.0,0.0,0.1663418314282999,144.60475601289554,0.96,905.5446419382919,869.3228562607602,36.221785677531706,1.0,0.0,0.0,0.1662857738173895,144.46717398538598,0.96,904.988058289164,868.7885359575973,36.19952233156659,1.0,0.0,-0.0,0.1604369781012801,128.65258500632785,0.96,835.300633105868,801.8886077816333,33.41202532423475,,,,939.3717349881072,2540.0,2349.5,190.5,2540.0,0.0,1.0,-0.0,0.0,0.39981772078659594,234.8429337470268,0.925,635.0,587.375,47.625,1.0,0.0,0.0,0.39981772078659594,234.8429337470268,0.925,635.0,587.375,47.625,1.0,0.0,-0.0,0.39981772078659594,234.8429337470268,0.925,635.0,587.375,47.625,1.0,0.0,-0.0,0.39981772078659594,234.8429337470268,0.925,635.0,587.375,47.625,1.0,,,0.101,237.29950000000002,2349.5,2349.5,0.0,72.8345,0.0,,,296.3333333333333,0.0,127.4233333333293,4.0,1594.3957499927167,0.0,-0.0,0.0,161.99060819926
52,1,53,0.1016,0.0,1594.395749992716,,,,0,0.0,1,2645.8333333333335,2645.8333333333335,0.0,423.3333333333333,87.84166666666626,0.0,,,417.72451500460886,2645.8333333333335,2540.0,105.83333333333333,2645.8333333333335,0.0,1.0,0.0,0.0,0.1663418314282992,144.60475601289397,0.96,905.5446419382857,869.3228562607543,36.221785677531464,1.0,0.0,0.0,0.16628577381739026,144.46717398538783,0.96,904.9880582891712,868.7885359576044,36.19952233156688,1.0,0.0,-0.0,0.16043697810127985,128.65258500632703,0.96,835.3006331058637,801.888607781629,33.41202532423458,,,,939.3717349881072,2540.0,2349.5,190.5,2540.0,0.0,1.0,-0.0,0.0,0.39981772078659594,234.8429337470268,0.925,635.0,587.375,47.625,1.0,0.0,0.0,0.39981772078659594,234.8429337470268,0.925,635.0,587.375,47.625,1.0,0.0,-0.0,0.39981772078659594,234.8429337470268,0.925,635.0,587.375,47.625,1.0,0.0,-0.0,0.39981772078659594,234.8429337470268,0.925,635.0,587.375,47.625,1.0,,,0.101,237.29950000000002,2349.5,2349.5,0.0,72.8345,0.0,,,296.3333333333333,0.0,127.42333333332788,4.0,1594.395749992716,0.0,-0.0,0.0,161.99060819925992
53,1,54,0.1016,0.0,1594.395749992715,,,,0,0.0,1,2645.8333333333335,2645.8333333333335,0.0,423.3333333333333,87.84166666666609,0.0,,,417.72451500460795,2645.8333333333335,2540.0,105.83333333333333,2645.8333333333335,0.0,1.0,0.0,0.0,0.16634183142829898,144.60475601289332,0.96,905.5446419382828,869.3228562607515,36.221785677531344,1.0,0.0,0.0,0.1662857738173907,144.46717398538888,0.96,904.9880582891753,868.7885359576082,36.199522331567046,1.0,0.0,-0.0,0.16043697810127935,128.65258500632572,0.96,835.3006331058577,801.8886077816234,33.41202532423434,,,,939.3717349881072,2540.0,2349.5,190.5,2540.0,0.0,1.0,-0.0,0.0,0.39981772078659594,234.8429337470268,0.925,635.0,587.375,47.625,1.0,0.0,0.0,0.39981772078659594,234.8429337470268,0.925,635.0,587.375,47.625,1.0,0.0,-0.0,0.39981772078659594,234.8429337470268,0.925,635.0,587.375,47.625,1.0,0.0,-0.0,0.39981772078659594,234.8429337470268,0.925,635.0,587.375,47.625,1.0,,,0.101,237.29950000000002,2349.5,2349.5,0.0,72.8345,0.0,,,296.3333333333333,0.0,127.42333333332584,4.0,1594.395749992715,0.0,-0.0,0.0,161.99060819925984
54,1,55,0.1016,0.0,1594.3957499927144,,,,0,0.0,1,2645.8333333333335,2645.8333333333335,0.0,423.3333333333333,87.84166666666596,0.0,,,417.72451500460716,2645.8333333333335,2540.0,105.83333333333333,2645.8333333333335,0.0,1.0,0.0,0.0,0.16634183142829856,144.60475601289235,0.96,905.5446419382791,869.3228562607479,36.221785677531194,1.0,0.0,0.0,0.16628577381739115,144.4671739853899,0.96,904.9880582891794,868.7885359576122,36.19952233156721,1.0,0.0,-0.0,0.16043697810127913,128.65258500632487,0.96,835.3006331058534,801.8886077816193,33.412025324234165,,,,939.3717349881072,2540.0,2349.5,190.5,2540.0,0.0,1.0,-0.0,0.0,0.39981772078659594,234.8429337470268,0.925,635.0,587.375,47.625,1.0,0.0,0.0,0.39981772078659594,234.8429337470268,0.925,635.0,587.375,47.625,1.0,0.0,-0.0,0.39981772078659594,234.8429337470268,0.925,635.0,587.375,47.625,1.0,0.0,-0.0,0.39981772078659594,234.8429337470268,0.925,635.0,587.375,47.625,1.0,,,0.101,237.29950000000002,2349.5,2349.5,0.0,72.8345,0.0,,,296.3333333333333,0.0,127.42333333332421,4.0,1594.3957499927144,0.0,-0.0,0.0,161.99060819925978
55,1,56,0.1016,0.0,1594.3957499927137,,,,0,0.0,1,2645.8333333333335,2645.8333333333335,0.0,423.3333333333333,87.84166666666586,0.0,,,417.7245150046064,2645.8333333333335,2540.0,105.83333333333333,2645.8333333333335,0.0,1.0,0.0,0.0,0.16634183142829823,144.60475601289158,0.96,905.5446419382762,869.3228562607451,36.22178567753108,1.0,0.0,0.0,0.16628577381739149,144.46717398539084,0.96,904.9880582891835,868.7885359576162,36.19952233156737,1.0,0.0,-0.0,0.16043697810127888,128.652585006324,0.96,835.3006331058491,801.8886077816151,33.412025324233994,,,,939.3717349881072,2540.0,2349.5,190.5,2540.0,0.0,1.0,-0.0,0.0,0.39981772078659594,234.8429337470268,0.925,635.0,587.375,47.625,1.0,0.0,0.0,0.39981772078659594,234.8429337470268,0.925,635.0,587.375,47.625,1.0,0.0,-0.0,0.39981772078659594,234.8429337470268,0.925,635.0,587.375,47.625,1.0,0.0,-0.0,0.39981772078659594,234.8429337470268,0.925,635.0,587.375,47.625,1.0,,,0.101,237.29950000000002,2349.5,2349.5,0.0,72.8345,0.0,,,296.3333333333333,0.0,127.42333333332279,4.0,1594.3957499927137,0.0,-0.0,0.0,161.9906081992597
56,1,57,0.1016,0.0,1594.395749992713,,,,0,0.0,1,2645.8333333333335,2645.8333333333335,0.0,423.3333333333333,87.84166666666574,0.0,,,417.7245150046058,2645.8333333333335,2540.0,105.83333333333333,2645.8333333333335,0.0,1.0,0.0,0.0,0.16634183142829792,144.60475601289085,0.96,905.5446419382732,869.3228562607422,36.22178567753096,1.0,0.0,0.0,0.16628577381739204,144.46717398539212,0.96,904.9880582891885,868.788535957621,36.19952233156757,1.0,0.0,-0.0,0.16043697810127844,128.65258500632282,0.96,835.3006331058439,801.8886077816101,33.41202532423378,,,,939.3717349881072,2540.0,2349.5,190.5,2540.0,0.0,1.0,-0.0,0.0,0.39981772078659594,234.8429337470268,0.925,635.0,587.375,47.625,1.0,0.0,0.0,0.39981772078659594,234.8429337470268,0.925,635.0,587.375,47.625,1.0,0.0,-0.0,0.39981772078659594,234.8429337470268,0.925,635.0,587.375,47.625,1.0,0.0,-0.0,0.39981772078659594,234.8429337470268,0.925,635.0,587.375,47.625,1.0,,,0.101,237.29950000000002,2349.5,2349.5,0.0,72.8345,0.0,,,296.3333333333333,0.0,127.42333333332157,4.0,1594.395749992713,0.0,-0.0,0.0,161.99060819925964
57,1,58,0.1016,0.0,1594.3957499927124,,,,0,0.0,1,2645.8333333333335,2645.8333333333335,0.0,423.3333333333333,87.84166666666565,0.0,,,417.7245150046051,2645.8333333333335,2540.0,105.83333333333333,2645.8333333333335,0.0,1.0,0.0,0.0,0.16634183142829773,144.60475601289022,0.96,905.5446419382703,869.3228562607394,36.221785677530846,1.0,0.0,0.0,0.16628577381739226,144.46717398539298,0.96,904.9880582891926,868.7885359576248,36.199522331567735,1.0,0.0,-0.0,0.16043697810127813,128.6525850063219,0.96,835.3006331058396,801.888607781606,33.41202532423361,,,,939.3717349881072,2540.0,2349.5,190.5,2540.0,0.0,1.0,-0.0,0.0,0.39981772078659594,234.8429337470268,0.925,635.0,587.375,47.625,1.0,0.0,0.0,0.39981772078659594,234.8429337470268,0.925,635.0,587.375,47.625,1.0,0.0,-0.0,0.39981772078659594,234.8429337470268,0.925,635.0,587.375,47.625,1.0,0.0,-0.0,0.39981772078659594,234.8429337470268,0.925,635.0,587.375,47.625,1.0,,,0.101,237.29950000000002,2349.5,2349.5,0.0,72.8345,0.0,,,296.3333333333333,0.0,127.42333333332013,4.0,1594.3957499927124,0.0,-0.0,0.0,161.99060819925955
58,1,59,0.1016,0.0,1594.3957499927114,,,,0,0.0,1,2645.8333333333335,2645.8333333333335,0.0,423.3333333333333,87.84166666666547,0.0,,,417.7245150046042,2645.8333333333335,2540.0,105.83333333333333,2645.8333333333335,0.0,1.0,0.0,0.0,0.1663418314282973,144.60475601288928,0.96,905.5446419382666,869.322856260736,36.2217856775307,1.0,0.0,0.0,0.16628577381739282,144.4671739853941,0.96,904.9880582891967,868.7885359576288,36.1995223315679,1.0,0.0,-0.0,0.16043697810127777,128.65258500632083,0.96,835.3006331058343,801.888607781601,33.412025324233404,,,,939.3717349881072,2540.0,2349.5,190.5,2540.0,0.0,1.0,-0.0,0.0,0.39981772078659594,234.8429337470268,0.925,635.0,587.375,47.625,1.0,0.0,0.0,0.39981772078659594,234.8429337470268,0.925,635.0,587.375,47.625,1.0,0.0,-0.0,0.39981772078659594,234.8429337470268,0.925,635.0,587.375,47.625,1.0,0.0,-0.0,0.39981772078659594,234.8429337470268,0.925,635.0,587.375,47.625,1.0,,,0.101,237.29950000000002,2349.5,2349.5,0.0,72.8345,0.0,,,296.3333333333333,0.0,127.4233333333179,4.0,1594.3957499927114,0.0,-0.0,0.0,161.99060819925947
59,1,60,0.1016,0.0,1594.3957499927108,,,,0,0.0,1,2645.8333333333335,2645.8333333333335,0.0,423.3333333333333,87.84166666666536,0.0,,,417.7245150046035,2645.8333333333335,2540.0,105.83333333333333,2645.8333333333335,0.0,1.0,0.0,0.0,0.1663418314282969,144.60475601288832,0.96,905.544641938263,869.3228562607325,36.221785677530555,1.0,0.0,0.0,0.16628577381739326,144.46717398539516,0.96,904.9880582892008,868.7885359576327,36.19952233156806,1.0,0.0,-0.0,0.16043697810127758,128.65258500632,0.96,835.30063310583,801.8886077815968,33.41202532423323,,,,939.3717349881072,2540.0,2349.5,190.5,2540.0,0.0,1.0,-0.0,0.0,0.39981772078659594,234.8429337470268,0.925,635.0,587.375,47.625,1.0,0.0,0.0,0.39981772078659594,234.8429337470268,0.925,635.0,587.375,47.625,1.0,0.0,-0.0,0.39981772078659594,234.8429337470268,0.925,635.0,587.375,47.625,1.0,0.0,-0.0,0.39981772078659594,234.8429337470268,0.925,635.0,587.375,47.625,1.0,,,0.101,237.29950000000002,2349.5,2349.5,0.0,72.8345,0.0,,,296.3333333333333,0.0,127.42333333331646,4.0,1594.3957499927108,0.0,-0.0,0.0,161.9906081992594
60,1,61,0.1016,0.0,1594.39574999271,,,,0,0.0,1,2645.8333333333335,2645.8333333333335,0.0,423.3333333333333,87.84166666666525,0.0,,,417.72451500460284,2645.8333333333335,2540.0,105.83333333333333,2645.8333333333335,0.0,1.0,0.0,0.0,0.16634183142829662,144.6047560128876,0.96,905.54464193826,869.3228562607296,36.221785677530434,1.0,0.0,0.0,0.1662857738173936,144.4671739853961,0.96,904.9880582892049,868.7885359576367,36.199522331568225,1.0,0.0,-0.0,0.16043697810127727,128.6525850063191,0.96,835.3006331058257,801.8886077815927,33.412025324233056,,,,939.3717349881072,2540.0,2349.5,190.5,2540.0,0.0,1.0,-0.0,0.0,0.39981772078659594,234.8429337470268,0.925,635.0,587.375,47.625,1.0,0.0,0.0,0.39981772078659594,234.8429337470268,0.925,635.0,587.375,47.625,1.0,0.0,-0.0,0.39981772078659594,234.8429337470268,0.925,635.0,587.375,47.625,1.0,0.0,-0.0,0.39981772078659594,234.8429337470268,0.925,635.0,587.375,47.625,1.0,,,0.101,237.29950000000002,2349.5,2349.5,0.0,72.8345,0.0,,,296.3333333333333,0.0,127.42333333331484,4.0,1594.39574999271,0.0,-0.0,0.0,161.99060819925933
61,1,62,0.1016,0.0,1594.3957499927094,,,,0,0.0,1,2645.8333333333335,2645.8333333333335,0.0,423.3333333333333,87.84166666666513,0.0,,,417.72451500460215,2645.8333333333335,2540.0,105.83333333333333,2645.8333333333335,0.0,1.0,0.0,0.0,0.16634183142829626,144.60475601288672,0.96,905.5446419382564,869.3228562607261,36.221785677530285,1.0,0.0,0.0,0.16628577381739404,144.46717398539718,0.96,904.9880582892092,868.7885359576409,36.1995223315684,1.0,0.0,-0.0,0.160436978101277,128.65258500631822,0.96,835.3006331058214,801.8886077815885,33.412025324232886,,,,939.3717349881072,2540.0,2349.5,190.5,2540.0,0.0,1.0,-0.0,0.0,0.39981772078659594,234.8429337470268,0.925,635.0,587.375,47.625,1.0,0.0,0.0,0.39981772078659594,234.8429337470268,0.925,635.0,587.375,47.625,1.0,0.0,-0.0,0.39981772078659594,234.8429337470268,0.925,635.0,587.375,47.625,1.0,0.0,-0.0,0.39981772078659594,234.8429337470268,0.925,635.0,587.375,47.625,1.0,,,0.101,237.29950000000002,2349.5,2349.5,0.0,72.8345,0.0,,,296.3333333333333,0.0,127.42333333331341,4.0,1594.3957499927094,0.0,-0.0,0.0,161.99060819925927
62,1,63,0.1016,0.0,1594.395749992709,,,,0,0.0,1,2645.8333333333335,2645.8333333333335,0.0,423.3333333333333,87.84166666666508,0.0,,,417.7245150046017,2645.8333333333335,2540.0,105.83333333333333,2645.8333333333335,0.0,1.0,0.0,0.0,0.166341831428296,144.60475601288613,0.96,905.5446419382541,869.3228562607239,36.2217856775302,1.0,0.0,0.0,0.16628577381739448,144.4671739853982,0.96,904.9880582892133,868.7885359576447,36.199522331568566,1.0,0.0,-0.0,0.16043697810127666,128.65258500631742,0.96,835.300633105818,801.8886077815852,33.41202532423275,,,,939.3717349881072,2540.0,2349.5,190.5,2540.0,0.0,1.0,-0.0,0.0,0.39981772078659594,234.8429337470268,0.925,635.0,587.375,47.625,1.0,0.0,0.0,0.39981772078659594,234.8429337470268,0.925,635.0,587.375,47.625,1.0,0.0,-0.0,0.39981772078659594,234.8429337470268,0.925,635.0,587.375,47.625,1.0,0.0,0.0,0.39981772078659594,234.8429337470268,0.925,635.0,587.375,47.625,1.0,,,0.101,237.29950000000002,2349.5,2349.5,0.0,72.8345,0.0,,,296.3333333333333,0.0,127.42333333331281,4.0,1594.395749992709,0.0,-0.0,0.0,161.9906081992592
63,1,64,0.1016,0.0,1594.3957499927085,,,,0,0.0,1,2645.8333333333335,2645.8333333333335,0.0,423.3333333333333,87.84166666666498,0.0,,,417.7245150046013,2645.8333333333335,2540.0,105.83333333333333,2645.8333333333335,0.0,1.0,0.0,0.0,0.16634183142829567,144.60475601288536,0.96,905.5446419382512,869.3228562607211,36.22178567753008,1.0,0.0,0.0,0.16628577381739493,144.46717398539926,0.96,904.9880582892174,868.7885359576487,36.19952233156873,1.0,0.0,-0.0,0.1604369781012765,128.65258500631666,0.96,835.3006331058139,801.8886077815813,33.41202532423259,,,,939.3717349881072,2540.0,2349.5,190.5,2540.0,0.0,1.0,-0.0,0.0,0.39981772078659594,234.8429337470268,0.925,635.0,587.375,47.625,1.0,0.0,0.0,0.39981772078659594,234.8429337470268,0.925,635.0,587.375,47.625,1.0,0.0,-0.0,0.39981772078659594,234.8429337470268,0.925,635.0,587.375,47.625,1.0,0.0,0.0,0.39981772078659594,234.8429337470268,0.925,635.0,587.375,47.625,1.0,,,0.101,237.29950000000002,2349.5,2349.5,0.0,72.8345,0.0,,,296.3333333333333,0.0,127.42333333331138,4.0,1594.3957499927085,0.0,-0.0,0.0,161.99060819925919
64,1,65,0.1016,0.0,1047.4355233052656,,,,0,0.0,1,1810.5327002274685,1810.5327002274685,0.0,289.68523203639495,60.109685647551956,0.0,,,289.07192999828453,1810.5327002274685,1738.1113922183697,72.42130800909881,1810.5327002274685,0.0,1.0,0.0,0.0,0.1663418314282957,144.6047560128853,0.96,905.5446419382512,869.3228562607211,36.22178567753008,1.0,0.0,-0.0,0.16628577381739487,144.4671739853992,0.96,904.9880582892174,868.7885359576487,36.19952233156873,0.0,0.0,1.0,0.27099999999999996,0.0,0.96,0.0,0.0,0.0,,,,596.6001987937811,1738.1113922183697,1601.6177674574265,136.49362476094313,1738.1113922183695,0.0,1.0,0.0,0.0,0.37244308993492264,198.7596509677619,0.9211109666040594,579.3704640727899,533.66448818393,45.70597588885994,1.0,0.0,0.0,0.3724431874707965,198.75983958176172,0.9211115994751968,579.3704640727877,533.6648548507726,45.70560922201514,1.0,0.0,-0.0,0.37260906121886467,199.08070824425744,0.9221878876372891,579.3704640727918,534.2884244227238,45.082039650068054,0.0,0.0,1.0,0.08724817754776784,0.0,0.88,0.0,0.0,-0.0,1.0,,,0.101,161.76339451320007,1601.6177674574265,1601.6177674574265,0.0,49.65015079118022,0.0,,,208.91493277004218,0.0,89.83342109111814,3.0,1047.4355233052656,0.0,0.0,0.0,106.41944916781499
65,1,66,0.15246,0.0,591.1206384763846,,,,0,0.0,1,1085.7640978744503,1085.7640978744503,0.0,173.72225565991204,36.047368049431746,0.0,,,168.02584922257245,1085.7640978744503,1042.3335339594723,43.430563914978045,1085.7640978744503,0.0,1.0,0.0,-0.0,0.161113694339627,84.15508533368374,0.96,544.0974312077847,522.3335339594732,21.763897248311405,1.0,0.0,-0.0,0.16128993055555568,83.87076388888877,0.96,541.6666666666666,520.0,21.666666666666668,-0.0,0.0,-0.0,0.271,0.0,0.96,0.0,0.0,0.0,,,,326.9104422250597,1042.3335339594723,952.3202676114101,90.01326634806196,1042.333533959472,0.0,1.0,0.0,-0.0,0.34327979915693574,163.4584321340113,0.9136552772526473,521.1667669797358,476.16676697973634,45.0,1.0,0.0,-0.0,0.34327587610762084,163.4520100910484,0.913629822160528,521.1667669797363,476.1535006316738,45.01326634806247,-0.0,0.0,1.0,0.08724817754776784,0.0,0.88,0.0,0.0,0.0,0.0,0.0,0.0,0.08724817754776784,0.0,0.88,0.0,0.0,-0.0,1.0,,,0.101,96.18434702875243,952.3202676114101,952.3202676114101,0.0,29.521928295953714,0.0,,,133.44383026304024,0.0,57.3808470131073,2.0,591.1206384763846,0.0,0.0,0.0,90.12225254210959
66,1,67,0.15246,0.0,591.1206384763848,,,,0,0.0,1,1085.7640978744503,1085.7640978744503,0.0,173.72225565991204,36.047368049431746,0.0,,,168.02584922257262,1085.7640978744503,1042.3335339594723,43.430563914978045,1085.7640978744503,0.0,1.0,0.0,-0.0,0.161113694339627,84.15508533368374,0.96,544.0974312077847,522.3335339594732,21.763897248311405,1.0,0.0,-0.0,0.16128993055555568,83.87076388888877,0.96,541.6666666666666,520.0,21.666666666666668,0.0,0.0,-0.0,0.271,0.0,0.96,0.0,0.0,0.0,,,,326.91044222505974,1042.3335339594723,952.3202676114101,90.0132663480619,1042.333533959472,0.0,1.0,-0.0,-0.0,0.34327979915693574,163.45843213401133,0.9136552772526474,521.1667669797358,476.1667669797364,45.0,1.0,0.0,-0.0,0.34327587610762084,163.4520100910484,0.913629822160528,521.1667669797363,476.1535006316738,45.01326634806247,-0.0,0.0,-0.0,0.08724817754776784,0.0,0.88,0.0,0.0,0.0,0.0,0.0,0.0,0.08724817754776784,0.0,0.88,0.0,0.0,-0.0,1.0,,,0.101,96.18434702875243,952.3202676114101,952.3202676114101,0.0,29.521928295953714,-0.0,,,133.44383026304018,0.0,57.38084701310728,2.0,591.1206384763848,0.0,0.0,0.0,90.12225254210963
67,1,68,0.15246,0.0,591.1284004205022,,,,0,0.0,1,1085.7640978744498,1085.7640978744498,0.0,173.72225565991198,36.04736804943173,0.0,,,168.0258492225725,1085.7640978744498,1042.3335339594723,43.430563914978045,1085.7640978744503,0.0,1.0,0.0,0.0,0.161113694339627,84.15508533368374,0.96,544.0974312077847,522.3335339594732,21.763897248311405,1.0,0.0,0.0,0.16128993055555568,83.87076388888877,0.96,541.6666666666666,520.0,21.666666666666668,0.0,0.0,-0.0,0.271,0.0,0.96,0.0,0.0,0.0,,,,326.9168642680229,1042.3335339594723,952.3335339594731,90.0,1042.333533959472,0.0,1.0,-0.0,-0.0,0.34327979915693574,163.4584321340113,0.9136552772526473,521.1667669797358,476.16676697973634,45.0,1.0,0.0,-0.0,0.34327979915693596,163.45843213401156,0.9136552772526473,521.1667669797363,476.1667669797368,45.0,-0.0,0.0,-0.0,0.08724817754776784,0.0,0.8800000000000001,0.0,0.0,0.0,0.0,0.0,0.0,0.08724817754776784,0.0,0.88,0.0,0.0,-0.0,1.0,,,0.101,96.1856869299068,952.3335339594731,952.3335339594731,0.0,29.522339552743667,-0.0,,,133.43056391497726,0.0,57.37514248344022,2.0,591.1284004205022,0.0,0.0,0.0,90.12343592810977
68,1,69,0.15246,0.0,591.128400420502,,,,0,0.0,1,1085.7640978744503,1085.7640978744503,0.0,173.72225565991204,36.047368049431746,0.0,,,168.02584922257256,1085.7640978744503,1042.3335339594723,43.430563914978045,1085.7640978744503,0.0,1.0,0.0,0.0,0.161113694339627,84.15508533368374,0.96,544.0974312077847,522.3335339594732,21.763897248311405,1.0,0.0,0.0,0.16128993055555568,83.87076388888877,0.96,541.6666666666666,520.0,21.666666666666668,0.0,0.0,-0.0,0.271,0.0,0.96,0.0,0.0,0.0,,,,326.91686426802266,1042.3335339594723,952.3335339594728,90.0,1042.333533959472,0.0,1.0,-0.0,0.0,0.34327979915693574,163.4584321340113,0.9136552772526473,521.1667669797358,476.16676697973634,45.0,1.0,0.0,0.0,0.34327979915693585,163.4584321340114,0.9136552772526465,521.1667669797363,476.1667669797364,45.0,-0.0,0.0,-0.0,0.08724817754776784,0.0,0.8800000000000001,0.0,0.0,0.0,0.0,0.0,0.0,0.08724817754776784,0.0,0.88,0.0,0.0,-0.0,1.0,,,0.101,96.18568692990675,952.3335339594728,952.3335339594728,0.0,29.522339552743656,-0.0,,,133.43056391497765,0.0,57.37514248344039,2.0,591.128400420502,0.0,0.0,0.0,90.12343592810974
69,1,70,0.15246,0.0,591.1284004205022,,,,0,0.0,1,1085.7640978744503,1085.7640978744503,0.0,173.72225565991204,36.047368049431746,0.0,,,168.0258492225725,1085.7640978744503,1042.3335339594723,43.430563914978045,1085.7640978744503,0.0,1.0,0.0,0.0,0.161113694339627,84.15508533368374,0.96,544.0974312077847,522.3335339594732,21.763897248311405,1.0,0.0,0.0,0.16128993055555568,83.87076388888877,0.96,541.6666666666666,520.0,21.666666666666668,0.0,0.0,-0.0,0.271,0.0,0.96,0.0,0.0,0.0,,,,326.9168642680229,1042.3335339594723,952.3335339594732,90.0,1042.333533959472,0.0,1.0,0.0,0.0,0.34327979915693574,163.45843213401133,0.9136552772526474,521.1667669797358,476.1667669797364,45.0,1.0,0.0,0.0,0.34327979915693596,163.45843213401156,0.9136552772526473,521.1667669797363,476.1667669797368,45.0,-0.0,0.0,-0.0,0.08724817754776784,0.0,0.8800000000000001,0.0,0.0,0.0,-0.0,-0.0,0.0,0.08724817754776784,0.0,0.8800000000000001,0.0,0.0,0.0,1.0,,,0.101,96.18568692990681,952.3335339594732,952.3335339594732,0.0,29.52233955274367,-0.0,,,133.4305639149772,0.0,57.37514248344019,2.0,591.1284004205022,0.0,0.0,0.0,90.12343592810977
70,1,71,0.1016,0.0,1594.3861870710948,,,,0,0.0,1,2645.8333333333335,2645.8333333333335,0.0,423.3333333333333,87.84166666663849,0.0,,,417.7149520829877,2645.8333333333335,2540.0,105.83333333333333,2645.8333333333335,0.0,1.0,0.0,0.0,0.16631124774667447,144.5297162497657,0.96,905.2411655854648,869.0315189620462,36.20964662341863,1.0,0.0,0.0,0.16629182166129172,144.48202561443605,0.96,905.048176822459,868.8462497495607,36.20192707289839,1.0,1.0,-0.0,0.16045336383716355,128.7032102187859,0.96,835.5439909253569,802.1222312883425,33.421759637014304,,,,939.3717349881072,2540.0,2349.5,190.5,2540.0,0.0,1.0,-0.0,0.0,0.39981772078659594,234.8429337470268,0.925,635.0,587.375,47.625,1.0,0.0,0.0,0.39981772078659594,234.8429337470268,0.925,635.0,587.375,47.625,1.0,1.0,-0.0,0.39981772078659594,234.8429337470268,0.925,635.0,587.375,47.625,1.0,1.0,0.0,0.39981772078659594,234.8429337470268,0.925,635.0,587.375,47.625,1.0,,,0.101,237.29950000000002,2349.5,2349.5,0.0,72.8345,-0.0,,,296.3333333333333,0.0,127.42333333331077,4.0,1594.3861870710948,0.0,-0.0,0.0,161.98963660642323
71,1,72,0.1016,0.0,1594.3861870710975,,,,0,0.0,1,2645.8333333333335,2645.8333333333335,0.0,423.3333333333333,87.84166666666437,0.0,,,417.7149520829904,2645.8333333333335,2540.0,105.83333333333333,2645.8333333333335,0.0,1.0,0.0,0.0,0.16631124774668019,144.52971624976686,0.96,905.241165585441,869.0315189620233,36.20964662341767,1.0,0.0,0.0,0.166291821661292,144.4820256144368,0.96,905.0481768224622,868.8462497495636,36.20192707289852,1.0,0.0,-0.0,0.16045336383716385,128.70321021878678,0.96,835.5439909253611,802.1222312883466,33.421759637014475,,,,939.3717349881072,2540.0,2349.5,190.5,2540.0,0.0,1.0,-0.0,0.0,0.39981772078659594,234.8429337470268,0.925,635.0,587.375,47.625,1.0,0.0,0.0,0.39981772078659594,234.8429337470268,0.925,635.0,587.375,47.625,1.0,0.0,-0.0,0.39981772078659594,234.8429337470268,0.925,635.0,587.375,47.625,1.0,0.0,0.0,0.39981772078659594,234.8429337470268,0.925,635.0,587.375,47.625,1.0,,,0.101,237.29950000000002,2349.5,2349.5,0.0,72.8345,0.0,,,296.3333333333333,0.0,127.42333333330363,4.0,1594.3861870710975,0.0,-0.0,0.0,161.98963660642352
72,1,73,0.1016,0.0,1594.386187071102,,,,0,0.0,1,2645.8333333333335,2645.8333333333335,0.0,423.3333333333333,87.84166666666496,0.0,,,417.71495208299484,2645.8333333333335,2540.0,105.83333333333333,2645.8333333333335,0.0,1.0,0.0,0.0,0.1663112477466814,144.52971624976982,0.96,905.2411655854529,869.0315189620347,36.209646623418145,1.0,0.0,0.0,0.16629182166129233,144.48202561443762,0.96,905.0481768224654,868.8462497495667,36.20192707289865,1.0,0.0,-0.0,0.16045336383716405,128.70321021878738,0.96,835.5439909253639,802.1222312883493,33.42175963701459,,,,939.3717349881072,2540.0,2349.5,190.5,2540.0,0.0,1.0,-0.0,0.0,0.39981772078659594,234.8429337470268,0.925,635.0,587.375,47.625,1.0,0.0,0.0,0.39981772078659594,234.8429337470268,0.925,635.0,587.375,47.625,1.0,0.0,-0.0,0.39981772078659594,234.8429337470268,0.925,635.0,587.375,47.625,1.0,0.0,0.0,0.39981772078659594,234.8429337470268,0.925,635.0,587.375,47.625,1.0,,,0.101,237.29950000000002,2349.5,2349.5,0.0,72.8345,0.0,,,296.3333333333333,0.0,127.42333333331138,4.0,1594.386187071102,0.0,-0.0,0.0,161.98963660642397
73,1,74,0.1016,0.0,1594.3861870710978,,,,0,0.0,1,2645.8333333333335,2645.8333333333335,0.0,423.3333333333333,87.8416666666644,0.0,,,417.7149520829905,2645.8333333333335,2540.0,105.83333333333333,2645.8333333333335,0.0,1.0,0.0,0.0,0.16631124774667908,144.52971624976402,0.96,905.2411655854294,869.0315189620121,36.20964662341721,1.0,0.0,0.0,0.16629182166129267,144.4820256144384,0.96,905.0481768224686,868.8462497495698,36.201927072898776,1.0,0.0,-0.0,0.16045336383716433,128.70321021878803,0.96,835.5439909253668,802.122231288352,33.4217596370147,,,,939.3717349881072,2540.0,2349.5,190.5,2540.0,0.0,1.0,-0.0,0.0,0.39981772078659594,234.8429337470268,0.925,635.0,587.375,47.625,1.0,0.0,0.0,0.39981772078659594,234.8429337470268,0.925,635.0,587.375,47.625,1.0,0.0,-0.0,0.39981772078659594,234.8429337470268,0.925,635.0,587.375,47.625,1.0,0.0,0.0,0.39981772078659594,234.8429337470268,0.925,635.0,587.375,47.625,1.0,,,0.101,237.29950000000002,2349.5,2349.5,0.0,72.8345,0.0,,,296.3333333333333,0.0,127.42333333330384,4.0,1594.3861870710978,0.0,-0.0,0.0,161.98963660642352
74,1,75,0.1016,0.0,1594.386187071098,,,,0,0.0,1,2645.8333333333335,2645.8333333333335,0.0,423.3333333333333,87.84166666666444,0.0,,,417.71495208299064,2645.8333333333335,2540.0,105.83333333333333,2645.8333333333335,0.0,1.0,0.0,0.0,0.16631124774667874,144.52971624976323,0.96,905.2411655854262,869.0315189620092,36.20964662341708,1.0,0.0,0.0,0.16629182166129292,144.48202561443904,0.96,905.0481768224711,868.8462497495722,36.201927072898876,1.0,0.0,-0.0,0.16045336383716438,128.7032102187884,0.96,835.5439909253689,802.1222312883541,33.42175963701479,,,,939.3717349881072,2540.0,2349.5,190.5,2540.0,0.0,1.0,-0.0,0.0,0.39981772078659594,234.8429337470268,0.925,635.0,587.375,47.625,1.0,0.0,0.0,0.39981772078659594,234.8429337470268,0.925,635.0,587.375,47.625,1.0,0.0,-0.0,0.39981772078659594,234.8429337470268,0.925,635.0,587.375,47.625,1.0,0.0,0.0,0.39981772078659594,234.8429337470268,0.925,635.0,587.375,47.625,1.0,,,0.101,237.29950000000002,2349.5,2349.5,0.0,72.8345,0.0,,,296.3333333333333,0.0,127.42333333330446,4.0,1594.386187071098,0.0,-0.0,0.0,161.98963660642355
75,1,76,0.1016,0.0,1594.386187071102,,,,0,0.0,1,2645.8333333333335,2645.8333333333335,0.0,423.3333333333333,87.84166666666496,0.0,,,417.7149520829947,2645.8333333333335,2540.0,105.83333333333333,2645.8333333333335,0.0,1.0,0.0,0.0,0.1663112477466798,144.5297162497658,0.96,905.2411655854364,869.0315189620189,36.20964662341749,1.0,0.0,0.0,0.16629182166129328,144.48202561443986,0.96,905.0481768224743,868.8462497495752,36.201927072899004,1.0,0.0,-0.0,0.16045336383716466,128.70321021878905,0.96,835.5439909253718,802.1222312883568,33.4217596370149,,,,939.3717349881072,2540.0,2349.5,190.5,2540.0,0.0,1.0,-0.0,0.0,0.39981772078659594,234.8429337470268,0.925,635.0,587.375,47.625,1.0,0.0,0.0,0.39981772078659594,234.8429337470268,0.925,635.0,587.375,47.625,1.0,0.0,-0.0,0.39981772078659594,234.8429337470268,0.925,635.0,587.375,47.625,1.0,0.0,-0.0,0.39981772078659594,234.8429337470268,0.925,635.0,587.375,47.625,1.0,,,0.101,237.29950000000002,2349.5,2349.5,0.0,72.8345,0.0,,,296.3333333333333,0.0,127.42333333331158,4.0,1594.386187071102,0.0,-0.0,0.0,161.98963660642397
76,1,77,0.1016,0.0,1594.3861870711044,,,,0,0.0,1,2645.8333333333335,2645.8333333333335,0.0,423.3333333333333,87.84166666666533,0.0,,,417.714952082997,2645.8333333333335,2540.0,105.83333333333333,2645.8333333333335,0.0,1.0,0.0,0.0,0.16631124774668019,144.52971624976684,0.96,905.2411655854409,869.0315189620231,36.20964662341767,1.0,0.0,0.0,0.16629182166129353,144.48202561444057,0.96,905.0481768224774,868.8462497495783,36.20192707289913,1.0,0.0,-0.0,0.16045336383716477,128.7032102187896,0.96,835.5439909253746,802.1222312883596,33.421759637015015,,,,939.3717349881072,2540.0,2349.5,190.5,2540.0,0.0,1.0,-0.0,0.0,0.39981772078659594,234.8429337470268,0.925,635.0,587.375,47.625,1.0,0.0,0.0,0.39981772078659594,234.8429337470268,0.925,635.0,587.375,47.625,1.0,0.0,-0.0,0.39981772078659594,234.8429337470268,0.925,635.0,587.375,47.625,1.0,0.0,-0.0,0.39981772078659594,234.8429337470268,0.925,635.0,587.375,47.625,1.0,,,0.101,237.29950000000002,2349.5,2349.5,0.0,72.8345,0.0,,,296.3333333333333,0.0,127.42333333331604,4.0,1594.3861870711044,0.0,-0.0,0.0,161.9896366064242
77,1,78,0.1016,0.0,1594.3861870711044,,,,0,0.0,1,2645.8333333333335,2645.8333333333335,0.0,423.3333333333333,87.84166666666533,0.0,,,417.7149520829971,2645.8333333333335,2540.0,105.83333333333333,2645.8333333333335,0.0,1.0,0.0,0.0,0.16631124774667966,144.52971624976544,0.96,905.241165585435,869.0315189620176,36.209646623417434,1.0,0.0,0.0,0.16629182166129391,144.48202561444143,0.96,905.0481768224806,868.8462497495814,36.20192707289926,1.0,0.0,-0.0,0.160453363837165,128.70321021879022,0.96,835.5439909253774,802.1222312883623,33.42175963701513,,,,939.3717349881072,2540.0,2349.5,190.5,2540.0,0.0,1.0,-0.0,0.0,0.39981772078659594,234.8429337470268,0.925,635.0,587.375,47.625,1.0,0.0,0.0,0.39981772078659594,234.8429337470268,0.925,635.0,587.375,47.625,1.0,0.0,-0.0,0.39981772078659594,234.8429337470268,0.925,635.0,587.375,47.625,1.0,0.0,-0.0,0.39981772078659594,234.8429337470268,0.925,635.0,587.375,47.625,1.0,,,0.101,237.29950000000002,2349.5,2349.5,0.0,72.8345,0.0,,,296.3333333333333,0.0,127.42333333331607,4.0,1594.3861870711044,0.0,-0.0,0.0,161.9896366064242
78,1,79,0.1016,0.0,1594.386187071097,,,,0,0.0,1,2645.8333333333335,2645.8333333333335,0.0,423.3333333333333,87.8416666666644,0.0,,,417.71495208298984,2645.8333333333335,2540.0,105.83333333333333,2645.8333333333335,0.0,1.0,0.0,0.0,0.16631124774667602,144.5297162497566,0.96,905.2411655853994,869.0315189619834,36.209646623416006,1.0,0.0,0.0,0.16629182166129416,144.48202561444214,0.96,905.0481768224838,868.8462497495844,36.20192707289939,1.0,0.0,-0.0,0.16045336383716532,128.70321021879113,0.96,835.5439909253816,802.1222312883664,33.4217596370153,,,,939.3717349881072,2540.0,2349.5,190.5,2540.0,0.0,1.0,-0.0,0.0,0.39981772078659594,234.8429337470268,0.925,635.0,587.375,47.625,1.0,0.0,0.0,0.39981772078659594,234.8429337470268,0.925,635.0,587.375,47.625,1.0,0.0,-0.0,0.39981772078659594,234.8429337470268,0.925,635.0,587.375,47.625,1.0,0.0,-0.0,0.39981772078659594,234.8429337470268,0.925,635.0,587.375,47.625,1.0,,,0.101,237.29950000000002,2349.5,2349.5,0.0,72.8345,0.0,,,296.3333333333333,0.0,127.42333333330384,4.0,1594.386187071097,0.0,-0.0,0.0,161.98963660642346
79,1,80,0.1016,0.0,1594.3861870711014,,,,0,0.0,1,2645.8333333333335,2645.8333333333335,0.0,423.3333333333333,87.84166666666499,0.0,,,417.71495208299416,2645.8333333333335,2540.0,105.83333333333333,2645.8333333333335,0.0,1.0,0.0,0.0,0.16631124774667702,144.52971624975905,0.96,905.2411655854091,869.0315189619928,36.2096466234164,1.0,0.0,0.0,0.16629182166129466,144.48202561444324,0.96,905.0481768224879,868.8462497495883,36.20192707289955,1.0,0.0,-0.0,0.1604533638371655,128.7032102187919,0.96,835.5439909253857,802.1222312883702,33.42175963701546,,,,939.3717349881072,2540.0,2349.5,190.5,2540.0,0.0,1.0,-0.0,0.0,0.39981772078659594,234.8429337470268,0.925,635.0,587.375,47.625,1.0,0.0,0.0,0.39981772078659594,234.8429337470268,0.925,635.0,587.375,47.625,1.0,0.0,-0.0,0.39981772078659594,234.8429337470268,0.925,635.0,587.375,47.625,1.0,0.0,-0.0,0.39981772078659594,234.8429337470268,0.925,635.0,587.375,47.625,1.0,,,0.101,237.29950000000002,2349.5,2349.5,0.0,72.8345,0.0,,,296.3333333333333,0.0,127.42333333331179,4.0,1594.3861870711014,0.0,-0.0,0.0,161.9896366064239
80,1,81,0.1016,0.0,1594.3861870711012,,,,0,0.0,1,2645.8333333333335,2645.8333333333335,0.0,423.3333333333333,87.84166666666496,0.0,,,417.71495208299393,2645.8333333333335,2540.0,105.83333333333333,2645.8333333333335,0.0,1.0,0.0,0.0,0.16631124774667636,144.52971624975743,0.96,905.2411655854028,869.0315189619866,36.20964662341614,1.0,0.0,0.0,0.16629182166129491,144.48202561444396,0.96,905.0481768224911,868.8462497495914,36.20192707289968,1.0,0.0,-0.0,0.16045336383716577,128.70321021879255,0.96,835.5439909253886,802.122231288373,33.421759637015576,,,,939.3717349881072,2540.0,2349.5,190.5,2540.0,0.0,1.0,-0.0,0.0,0.39981772078659594,234.8429337470268,0.925,635.0,587.375,47.625,1.0,0.0,0.0,0.39981772078659594,234.8429337470268,0.925,635.0,587.375,47.625,1.0,0.0,-0.0,0.39981772078659594,234.8429337470268,0.925,635.0,587.375,47.625,1.0,0.0,-0.0,0.39981772078659594,234.8429337470268,0.925,635.0,587.375,47.625,1.0,,,0.101,237.29950000000002,2349.5,2349.5,0.0,72.8345,0.0,,,296.3333333333333,0.0,127.42333333331159,4.0,1594.3861870711012,0.0,-0.0,0.0,161.9896366064239
81,1,82,0.1016,0.0,1594.3861870711034,,,,0,0.0,1,2645.8333333333335,2645.8333333333335,0.0,423.3333333333333,87.84166666666532,0.0,,,417.7149520829963,2645.8333333333335,2540.0,105.83333333333333,2645.8333333333335,0.0,1.0,0.0,0.0,0.1663112477466774,144.52971624975999,0.96,905.2411655854131,869.0315189619965,36.20964662341655,1.0,0.0,0.0,0.16629182166129464,144.48202561444324,0.96,905.0481768224881,868.8462497495885,36.20192707289956,1.0,0.0,-0.0,0.16045336383716588,128.70321021879306,0.96,835.5439909253914,802.1222312883757,33.42175963701569,,,,939.3717349881072,2540.0,2349.5,190.5,2540.0,0.0,1.0,-0.0,0.0,0.39981772078659594,234.8429337470268,0.925,635.0,587.375,47.625,1.0,0.0,0.0,0.39981772078659594,234.8429337470268,0.925,635.0,587.375,47.625,1.0,0.0,-0.0,0.39981772078659594,234.8429337470268,0.925,635.0,587.375,47.625,1.0,0.0,-0.0,0.39981772078659594,234.8429337470268,0.925,635.0,587.375,47.625,1.0,,,0.101,237.29950000000002,2349.5,2349.5,0.0,72.8345,0.0,,,296.3333333333333,0.0,127.42333333331585,4.0,1594.3861870711034,0.0,-0.0,0.0,161.9896366064241
82,1,83,0.1016,0.0,1594.3861870710966,,,,0,0.0,1,2645.8333333333335,2645.8333333333335,0.0,423.3333333333333,87.8416666666644,0.0,,,417.7149520829893,2645.8333333333335,2540.0,105.83333333333333,2645.8333333333335,0.0,1.0,0.0,0.0,0.16631124774667463,144.52971624975314,0.96,905.2411655853853,869.0315189619698,36.209646623415445,1.0,0.0,0.0,0.16629182166129433,144.4820256144425,0.96,905.0481768224852,868.8462497495857,36.20192707289944,1.0,0.0,-0.0,0.1604533638371661,128.70321021879369,0.96,835.5439909253943,802.1222312883784,33.4217596370158,,,,939.3717349881072,2540.0,2349.5,190.5,2540.0,0.0,1.0,-0.0,0.0,0.39981772078659594,234.8429337470268,0.925,635.0,587.375,47.625,1.0,0.0,0.0,0.39981772078659594,234.8429337470268,0.925,635.0,587.375,47.625,1.0,0.0,-0.0,0.39981772078659594,234.8429337470268,0.925,635.0,587.375,47.625,1.0,0.0,-0.0,0.39981772078659594,234.8429337470268,0.925,635.0,587.375,47.625,1.0,,,0.101,237.29950000000002,2349.5,2349.5,0.0,72.8345,0.0,,,296.3333333333333,0.0,127.42333333330384,4.0,1594.3861870710966,0.0,-0.0,0.0,161.9896366064234
83,1,84,0.1016,0.0,1594.3861870710966,,,,0,0.0,1,2645.8333333333335,2645.8333333333335,0.0,423.3333333333333,87.8416666666644,0.0,,,417.71495208298927,2645.8333333333335,2540.0,105.83333333333333,2645.8333333333335,0.0,1.0,0.0,0.0,0.16631124774667463,144.52971624975316,0.96,905.2411655853854,869.0315189619699,36.209646623415445,1.0,0.0,0.0,0.16629182166129403,144.48202561444177,0.96,905.0481768224822,868.8462497495829,36.20192707289932,1.0,0.0,-0.0,0.16045336383716632,128.7032102187943,0.96,835.5439909253971,802.1222312883812,33.42175963701592,,,,939.3717349881072,2540.0,2349.5,190.5,2540.0,0.0,1.0,-0.0,0.0,0.39981772078659594,234.8429337470268,0.925,635.0,587.375,47.625,1.0,0.0,0.0,0.39981772078659594,234.8429337470268,0.925,635.0,587.375,47.625,1.0,0.0,-0.0,0.39981772078659594,234.8429337470268,0.925,635.0,587.375,47.625,1.0,0.0,-0.0,0.39981772078659594,234.8429337470268,0.925,635.0,587.375,47.625,1.0,,,0.101,237.29950000000002,2349.5,2349.5,0.0,72.8345,0.0,,,296.3333333333333,0.0,127.42333333330384,4.0,1594.3861870710966,0.0,-0.0,0.0,161.9896366064234
84,1,85,0.1016,0.0,1594.3861870710994,,,,0,0.0,1,2645.8333333333335,2645.8333333333335,0.0,423.3333333333333,87.8416666666648,0.0,,,417.7149520829922,2645.8333333333335,2540.0,105.83333333333333,2645.8333333333335,0.0,1.0,0.0,0.0,0.16631124774667594,144.52971624975638,0.96,905.2411655853986,869.0315189619826,36.20964662341598,1.0,0.0,0.0,0.1662918216612937,144.48202561444086,0.96,905.0481768224785,868.8462497495793,36.201927072899174,1.0,0.0,-0.0,0.16045336383716655,128.703210218795,0.96,835.5439909254003,802.1222312883842,33.42175963701604,,,,939.3717349881072,2540.0,2349.5,190.5,2540.0,0.0,1.0,-0.0,0.0,0.39981772078659594,234.8429337470268,0.925,635.0,587.375,47.625,1.0,0.0,0.0,0.39981772078659594,234.8429337470268,0.925,635.0,587.375,47.625,1.0,0.0,-0.0,0.39981772078659594,234.8429337470268,0.925,635.0,587.375,47.625,1.0,0.0,-0.0,0.39981772078659594,234.8429337470268,0.925,635.0,587.375,47.625,1.0,,,0.101,237.29950000000002,2349.5,2349.5,0.0,72.8345,0.0,,,296.3333333333333,0.0,127.42333333330934,4.0,1594.3861870710994,0.0,-0.0,0.0,161.9896366064237
85,1,86,0.1016,0.0,1594.386187071095,,,,0,0.0,1,2645.8333333333335,2645.8333333333335,0.0,423.3333333333333,87.84166666666422,0.0,,,417.7149520829878,2645.8333333333335,2540.0,105.83333333333333,2645.8333333333335,0.0,1.0,0.0,0.0,0.16631124774667425,144.52971624975208,0.96,905.2411655853807,869.0315189619655,36.20964662341526,1.0,0.0,0.0,0.16629182166129333,144.4820256144401,0.96,905.0481768224755,868.8462497495765,36.20192707289905,1.0,0.0,-0.0,0.16045336383716677,128.70321021879565,0.96,835.5439909254035,802.1222312883873,33.421759637016166,,,,939.3717349881072,2540.0,2349.5,190.5,2540.0,0.0,1.0,-0.0,0.0,0.39981772078659594,234.8429337470268,0.925,635.0,587.375,47.625,1.0,0.0,0.0,0.39981772078659594,234.8429337470268,0.925,635.0,587.375,47.625,1.0,0.0,-0.0,0.39981772078659594,234.8429337470268,0.925,635.0,587.375,47.625,1.0,0.0,-0.0,0.39981772078659594,234.8429337470268,0.925,635.0,587.375,47.625,1.0,,,0.101,237.29950000000002,2349.5,2349.5,0.0,72.8345,0.0,,,296.3333333333333,0.0,127.4233333333016,4.0,1594.386187071095,0.0,-0.0,0.0,161.98963660642326
86,1,87,0.1016,0.0,1594.3861870711212,,,,0,0.0,1,2645.8333333333335,2645.8333333333335,0.0,423.3333333333333,87.84166666666778,0.0,,,417.71495208301405,2645.8333333333335,2540.0,105.83333333333333,2645.8333333333335,0.0,1.0,0.0,0.0,0.16631124774667963,144.52971624976547,0.96,905.2411655854353,869.0315189620178,36.20964662341744,1.0,0.0,0.0,0.1662918216612983,144.4820256144523,0.96,905.0481768225249,868.8462497496238,36.20192707290103,1.0,0.0,-0.0,0.16045336383716696,128.70321021879624,0.96,835.5439909254063,802.12223128839,33.42175963701628,,,,939.3717349881072,2540.0,2349.5,190.5,2540.0,0.0,1.0,-0.0,0.0,0.39981772078659594,234.8429337470268,0.925,635.0,587.375,47.625,1.0,0.0,0.0,0.39981772078659594,234.8429337470268,0.925,635.0,587.375,47.625,1.0,0.0,-0.0,0.39981772078659594,234.8429337470268,0.925,635.0,587.375,47.625,1.0,0.0,0.0,0.39981772078659594,234.8429337470268,0.925,635.0,587.375,47.625,1.0,,,0.101,237.29950000000002,2349.5,2349.5,0.0,72.8345,0.0,,,296.3333333333333,0.0,127.42333333334763,4.0,1594.3861870711212,0.0,-0.0,0.0,161.9896366064259
87,1,88,0.1016,0.0,1594.3861870711212,,,,0,0.0,1,2645.8333333333335,2645.8333333333335,0.0,423.3333333333333,87.84166666666779,0.0,,,417.714952083014,2645.8333333333335,2540.0,105.83333333333333,2645.8333333333335,0.0,1.0,0.0,0.0,0.1663112477466799,144.52971624976612,0.96,905.2411655854379,869.0315189620203,36.20964662341755,1.0,0.0,0.0,0.1662918216612979,144.48202561445126,0.96,905.0481768225205,868.8462497496197,36.20192707290085,1.0,0.0,-0.0,0.16045336383716705,128.70321021879664,0.96,835.5439909254085,802.1222312883921,33.42175963701637,,,,939.3717349881072,2540.0,2349.5,190.5,2540.0,0.0,1.0,-0.0,0.0,0.39981772078659594,234.8429337470268,0.925,635.0,587.375,47.625,1.0,0.0,0.0,0.39981772078659594,234.8429337470268,0.925,635.0,587.375,47.625,1.0,0.0,-0.0,0.39981772078659594,234.8429337470268,0.925,635.0,587.375,47.625,1.0,0.0,0.0,0.39981772078659594,234.8429337470268,0.925,635.0,587.375,47.625,1.0,,,0.101,237.29950000000002,2349.5,2349.5,0.0,72.8345,0.0,,,296.3333333333333,0.0,127.42333333334763,4.0,1594.3861870711212,0.0,-0.0,0.0,161.9896366064259
88,1,89,0.1016,0.0,1191.9727921688434,,,,0,0.0,1,1984.3750000000005,1984.3750000000005,0.0,317.5,65.88125000000002,0.0,,,311.78972515388546,1984.3750000000005,1905.0,79.37500000000009,1984.3750000000002,0.0,1.0,0.0,0.0,0.16631124774668,144.52971624976612,0.96,905.2411655854379,869.0315189620203,36.20964662341755,1.0,0.0,0.0,0.16079249642467255,84.68722749976104,0.96,548.6317081981794,526.6864398702521,21.945268327927195,1.0,0.0,-0.0,0.16213566301106552,82.57278140435828,0.96,530.502126216383,509.28204116772764,21.22008504865534,,,,702.5729852728886,1905.0,1758.515660812569,146.48433918743092,1905.0,0.0,1.0,0.0,0.0,0.39954318191195276,234.22972458862546,0.923218627454567,635.0,586.24382843365,48.75617156634996,1.0,0.0,0.0,0.3992162617594169,233.5003269372363,0.9210973738250693,635.0,584.896832378919,50.10316762108096,1.0,0.0,-0.0,0.39981772078659594,234.8429337470268,0.925,635.0,587.375,47.625,0.0,0.0,1.0,0.08724817754776784,0.0,0.88,0.0,0.0,-0.0,1.0,,,0.101,177.61008174206947,1758.515660812569,1758.515660812569,0.0,54.513985485189636,0.0,,,225.85933918743123,0.0,97.11951585059543,3.0,1191.9727921688434,0.0,-0.0,0.0,121.10443568435448
89,1,90,0.15246,0.0,608.2828220242761,,,,0,0.0,1,1107.7332706981756,1107.7332706981756,0.0,177.2373233117081,36.77674458717943,0.0,,,170.61266458457962,1107.7332706981756,1063.4239398702484,44.30933082792707,1107.7332706981756,0.0,1.0,0.0,-0.0,0.1600883804183963,85.92543708481833,0.96,559.1015624999957,536.7374999999959,22.364062499999847,1.0,0.0,-0.0,0.16079249642467236,84.68722749976119,0.96,548.63170819818,526.6864398702528,21.94526832792722,0.0,0.0,1.0,0.271,0.0,0.96,0.0,0.0,0.0,,,,339.3543395128013,1063.4239398702484,973.4239398702497,90.0,1063.4239398702487,0.0,1.0,0.0,-0.0,0.3486192660908203,169.67716975640053,0.9153677130768937,531.7119699351241,486.7119699351246,45.0,1.0,0.0,-0.0,0.3486192660908205,169.6771697564008,0.9153677130768938,531.7119699351246,486.71196993512507,45.0,-0.0,0.0,1.0,0.08724817754776784,0.0,0.8800000000000001,0.0,0.0,0.0,0.0,0.0,0.0,0.08724817754776784,0.0,0.88,0.0,0.0,-0.0,1.0,,,0.101,98.31581792689522,973.4239398702497,973.4239398702497,0.0,30.17614213597774,0.0,,,134.3093308279258,0.0,57.7530122560081,2.0,608.2828220242761,0.0,0.0,0.0,92.73879904582114
90,1,91,0.15246,0.0,608.146552312557,,,,0,0.0,1,1107.7332706981756,1107.7332706981756,0.0,177.23732331170808,36.77674458717943,0.0,,,170.61266458457953,1107.7332706981756,1063.4239398702484,44.30933082792707,1107.7332706981756,0.0,1.0,0.0,-0.0,0.1600883804183963,85.92543708481833,0.96,559.1015624999957,536.7374999999959,22.364062499999847,1.0,0.0,-0.0,0.16079249642467236,84.68722749976119,0.96,548.63170819818,526.6864398702528,21.94526832792722,0.0,0.0,-0.0,0.271,0.0,0.96,0.0,0.0,0.0,,,,339.2413712980615,1063.4239398702484,973.1932319793659,90.23070789088274,1063.4239398702487,0.0,1.0,-0.0,-0.0,0.34858583079958566,169.6206856490309,0.915150764894487,531.7119699351241,486.5966159896833,45.1153539454408,1.0,0.0,-0.0,0.3485858307995856,169.62068564903063,0.915150764894485,531.7119699351246,486.5966159896826,45.11535394544194,-0.0,0.0,-0.0,0.08724817754776784,0.0,0.8800000000000001,0.0,0.0,0.0,0.0,0.0,0.0,0.08724817754776784,0.0,0.88,0.0,0.0,-0.0,1.0,,,0.101,98.29251642991596,973.1932319793659,973.1932319793659,0.0,30.168990191360344,-0.0,,,134.54003871880957,0.0,57.85221664908811,2.0,608.146552312557,0.0,0.0,0.0,92.71802336557245
91,1,92,0.15246,0.0,608.2828220242758,,,,0,0.0,1,1107.7332706981758,1107.7332706981758,0.0,177.23732331170814,36.77674458717944,0.0,,,170.61266458457956,1107.7332706981758,1063.4239398702484,44.30933082792707,1107.7332706981756,0.0,1.0,0.0,0.0,0.1600883804183963,85.92543708481833,0.96,559.1015624999957,536.7374999999959,22.364062499999847,1.0,0.0,0.0,0.16079249642467236,84.68722749976119,0.96,548.63170819818,526.6864398702528,21.94526832792722,0.0,0.0,-0.0,0.271,0.0,0.96,0.0,0.0,0.0,,,,339.35433951280106,1063.4239398702484,973.4239398702491,90.0,1063.4239398702487,0.0,1.0,-0.0,-0.0,0.34861926609082017,169.6771697564003,0.9153677130768928,531.7119699351241,486.7119699351241,45.0,1.0,0.0,-0.0,0.3486192660908205,169.6771697564008,0.9153677130768938,531.7119699351246,486.71196993512507,45.0,-0.0,0.0,-0.0,0.08724817754776784,0.0,0.8800000000000001,0.0,0.0,0.0,0.0,0.0,0.0,0.08724817754776784,0.0,0.88,0.0,0.0,-0.0,1.0,,,0.101,98.31581792689516,973.4239398702491,973.4239398702491,0.0,30.176142135977724,-0.0,,,134.30933082792632,0.0,57.75301225600832,2.0,608.2828220242758,0.0,0.0,0.0,92.7387990458211
92,1,93,0.15246,0.0,608.2146871684168,,,,0,0.0,1,1107.7332706981758,1107.7332706981758,0.0,177.23732331170814,36.77674458717944,0.0,,,170.61266458457953,1107.7332706981758,1063.4239398702484,44.30933082792707,1107.7332706981756,0.0,1.0,0.0,0.0,0.1600883804183963,85.92543708481833,0.96,559.1015624999957,536.7374999999959,22.364062499999847,1.0,0.0,0.0,0.16079249642467236,84.68722749976119,0.96,548.63170819818,526.6864398702528,21.94526832792722,0.0,0.0,-0.0,0.271,0.0,0.96,0.0,0.0,0.0,,,,339.2978554054317,1063.4239398702484,973.3085859248083,90.11535394544029,1063.4239398702487,0.0,1.0,-0.0,0.0,0.34858583079958566,169.6206856490309,0.915150764894487,531.7119699351241,486.5966159896833,45.1153539454408,1.0,0.0,0.0,0.3486192660908205,169.6771697564008,0.9153677130768938,531.7119699351246,486.71196993512507,45.0,-0.0,0.0,-0.0,0.08724817754776784,0.0,0.8800000000000001,0.0,0.0,0.0,0.0,0.0,0.0,0.08724817754776784,0.0,0.88,0.0,0.0,-0.0,1.0,,,0.101,98.30416717840565,973.3085859248083,973.3085859248083,0.0,30.172566163669057,-0.0,,,134.42468477336712,0.0,57.80261445254786,2.0,608.2146871684168,0.0,0.0,0.0,92.72841120569684
93,1,94,0.15246,0.0,608.2146871684165,,,,0,0.0,1,1107.7332706981758,1107.7332706981758,0.0,177.23732331170814,36.77674458717944,0.0,,,170.61266458457953,1107.7332706981758,1063.4239398702484,44.30933082792707,1107.7332706981756,0.0,1.0,0.0,0.0,0.1600883804183963,85.92543708481833,0.96,559.1015624999957,536.7374999999959,22.364062499999847,1.0,0.0,0.0,0.16079249642467236,84.68722749976119,0.96,548.63170819818,526.6864398702528,21.94526832792722,0.0,0.0,-0.0,0.271,0.0,0.96,0.0,0.0,0.0,,,,339.29785540543133,1063.4239398702484,973.3085859248081,90.11535394544063,1063.4239398702487,0.0,1.0,0.0,0.0,0.3485858307995856,169.62068564903055,0.9151507648944863,531.7119699351241,486.59661598968296,45.11535394544114,1.0,0.0,0.0,0.3486192660908205,169.6771697564008,0.9153677130768938,531.7119699351246,486.71196993512507,45.0,-0.0,0.0,-0.0,0.08724817754776784,0.0,0.8800000000000001,0.0,0.0,0.0,-0.0,-0.0,0.0,0.08724817754776784,0.0,0.8800000000000001,0.0,0.0,0.0,1.0,,,0.101,98.30416717840562,973.3085859248081,973.3085859248081,0.0,30.17256616366905,-0.0,,,134.42468477336746,0.0,57.802614452548006,2.0,608.2146871684165,0.0,0.0,0.0,92.72841120569679
94,1,95,0.1016,0.0,1594.6436412562962,,,,0,0.0,1,2645.8333333333335,2645.8333333333335,0.0,423.3333333333333,87.84166666665793,0.0,,,417.97240626818905,2645.8333333333335,2540.0,105.83333333333333,2645.8333333333335,0.0,1.0,0.0,0.0,0.16848005253562293,149.73588128306747,0.96,925.7765176892365,888.745456981667,37.031060707569495,1.0,0.0,0.0,0.1643210070768854,139.52075937917255,0.96,884.4524929506015,849.0743932325773,35.37809971802409,1.0,1.0,-0.0,0.16045743046662594,128.71576560594903,0.96,835.6043226934537,802.1801497857156,33.424172907738175,,,,939.3717349881072,2540.0,2349.5,190.5,2540.0,0.0,1.0,-0.0,0.0,0.39981772078659594,234.8429337470268,0.925,635.0,587.375,47.625,1.0,0.0,0.0,0.39981772078659594,234.8429337470268,0.925,635.0,587.375,47.625,1.0,1.0,-0.0,0.39981772078659594,234.8429337470268,0.925,635.0,587.375,47.625,1.0,1.0,0.0,0.39981772078659594,234.8429337470268,0.925,635.0,587.375,47.625,1.0,,,0.101,237.29950000000002,2349.5,2349.5,0.0,72.8345,-0.0,,,296.3333333333333,0.0,127.42333333331545,4.0,1594.6436412562962,0.0,-0.0,0.0,162.0157939516397
95,1,96,0.1016,0.0,1594.6436412562914,,,,0,0.0,1,2645.8333333333335,2645.8333333333335,0.0,423.3333333333333,87.8416666666645,0.0,,,417.97240626818416,2645.8333333333335,2540.0,105.83333333333333,2645.8333333333335,0.0,1.0,0.0,0.0,0.16848005253562282,149.7358812830672,0.96,925.7765176892353,888.7454569816659,37.031060707569445,1.0,0.0,0.0,0.16432100707688618,139.52075937917522,0.96,884.4524929506142,849.0743932325896,35.3780997180246,1.0,0.0,-0.0,0.1604574304666236,128.71576560594175,0.96,835.6043226934186,802.1801497856818,33.424172907736775,,,,939.3717349881072,2540.0,2349.5,190.5,2540.0,0.0,1.0,-0.0,0.0,0.39981772078659594,234.8429337470268,0.925,635.0,587.375,47.625,1.0,0.0,0.0,0.39981772078659594,234.8429337470268,0.925,635.0,587.375,47.625,1.0,0.0,-0.0,0.39981772078659594,234.8429337470268,0.925,635.0,587.375,47.625,1.0,0.0,0.0,0.39981772078659594,234.8429337470268,0.925,635.0,587.375,47.625,1.0,,,0.101,237.29950000000002,2349.5,2349.5,0.0,72.8345,0.0,,,296.3333333333333,0.0,127.42333333330527,4.0,1594.6436412562914,0.0,-0.0,0.0,162.0157939516392
96,1,97,0.1016,0.0,1594.6436412562903,,,,0,0.0,1,2645.8333333333335,2645.8333333333335,0.0,423.3333333333333,87.84166666666475,0.0,,,417.97240626818314,2645.8333333333335,2540.0,105.83333333333333,2645.8333333333335,0.0,1.0,0.0,0.0,0.16848005253562273,149.73588128306696,0.96,925.7765176892345,888.7454569816651,37.03106070756942,1.0,0.0,0.0,0.1643210070768835,139.52075937917363,0.96,884.4524929506188,849.0743932325939,35.378099718024785,1.0,0.0,-0.0,0.16045743046662395,128.7157656059426,0.96,835.6043226934224,802.1801497856856,33.424172907736924,,,,939.3717349881072,2540.0,2349.5,190.5,2540.0,0.0,1.0,0.0,0.0,0.39981772078659594,234.8429337470268,0.925,635.0,587.375,47.625,1.0,0.0,0.0,0.39981772078659594,234.8429337470268,0.925,635.0,587.375,47.625,1.0,0.0,-0.0,0.39981772078659594,234.8429337470268,0.925,635.0,587.375,47.625,1.0,0.0,0.0,0.39981772078659594,234.8429337470268,0.925,635.0,587.375,47.625,1.0,,,0.101,237.29950000000002,2349.5,2349.5,0.0,72.8345,0.0,,,296.3333333333333,0.0,127.42333333330852,4.0,1594.6436412562903,0.0,-0.0,0.0,162.0157939516391
97,1,98,0.1016,0.0,1594.643641256292,,,,0,0.0,1,2645.8333333333335,2645.8333333333335,0.0,423.3333333333333,87.84166666666499,0.0,,,417.97240626818495,2645.8333333333335,2540.0,105.83333333333333,2645.8333333333335,0.0,1.0,0.0,-0.0,0.1684800525356226,149.73588128306667,0.96,925.7765176892334,888.745456981664,37.03106070756937,1.0,0.0,-0.0,0.16432100707688405,139.52075937917488,0.96,884.4524929506238,849.0743932325988,35.378099718024984,1.0,0.0,-0.0,0.16045743046662417,128.71576560594335,0.96,835.6043226934261,802.180149785689,33.42417290773707,,,,939.3717349881072,2540.0,2349.5,190.5,2540.0,0.0,1.0,0.0,-0.0,0.39981772078659594,234.8429337470268,0.925,635.0,587.375,47.625,1.0,0.0,-0.0,0.39981772078659594,234.8429337470268,0.925,635.0,587.375,47.625,1.0,0.0,-0.0,0.39981772078659594,234.8429337470268,0.925,635.0,587.375,47.625,1.0,0.0,0.0,0.39981772078659594,234.8429337470268,0.925,635.0,587.375,47.625,1.0,,,0.101,237.29950000000002,2349.5,2349.5,0.0,72.8345,0.0,,,296.3333333333333,0.0,127.42333333331199,4.0,1594.643641256292,0.0,-0.0,0.0,162.01579395163927
98,1,99,0.1016,0.0,1594.643641256294,,,,0,0.0,1,2645.8333333333335,2645.8333333333335,0.0,423.3333333333333,87.84166666666484,0.0,,,417.97240626818666,2645.8333333333335,2540.0,105.83333333333333,2645.8333333333335,0.0,1.0,0.0,-0.0,0.16848005253562243,149.73588128306633,0.96,925.7765176892323,888.745456981663,37.031060707569324,1.0,0.0,-0.0,0.16432100707688443,139.52075937917607,0.96,884.4524929506292,849.074393232604,35.3780997180252,1.0,0.0,-0.0,0.1604574304666244,128.71576560594428,0.96,835.6043226934308,802.1801497856936,33.424172907737265,,,,939.3717349881072,2540.0,2349.5,190.5,2540.0,0.0,1.0,-0.0,-0.0,0.39981772078659594,234.8429337470268,0.925,635.0,587.375,47.625,1.0,0.0,-0.0,0.39981772078659594,234.8429337470268,0.925,635.0,587.375,47.625,1.0,0.0,-0.0,0.39981772078659594,234.8429337470268,0.925,635.0,587.375,47.625,1.0,0.0,0.0,0.39981772078659594,234.8429337470268,0.925,635.0,587.375,47.625,1.0,,,0.101,237.29950000000002,2349.5,2349.5,0.0,72.8345,-0.0,,,296.3333333333333,0.0,127.42333333331565,4.0,1594.643641256294,0.0,-0.0,0.0,162.01579395163947
99,1,100,0.1016,0.0,1594.6436412562957,,,,0,0.0,1,2645.8333333333335,2645.8333333333335,0.0,423.3333333333333,87.84166666666505,0.0,,,417.9724062681886,2645.8333333333335,2540.0,105.83333333333333,2645.8333333333335,0.0,1.0,0.0,-0.0,0.16848005253562226,149.73588128306596,0.96,925.7765176892308,888.7454569816615,37.03106070756927,1.0,0.0,-0.0,0.16432100707688493,139.52075937917738,0.96,884.4524929506347,849.0743932326093,35.37809971802542,1.0,0.0,-0.0,0.16045743046662472,128.71576560594525,0.96,835.6043226934356,802.1801497856982,33.42417290773746,,,,939.3717349881072,2540.0,2349.5,190.5,2540.0,0.0,1.0,-0.0,-0.0,0.39981772078659594,234.8429337470268,0.925,635.0,587.375,47.625,1.0,0.0,-0.0,0.39981772078659594,234.8429337470268,0.925,635.0,587.375,47.625,1.0,0.0,-0.0,0.39981772078659594,234.8429337470268,0.925,635.0,587.375,47.625,1.0,0.0,-0.0,0.39981772078659594,234.8429337470268,0.925,635.0,587.375,47.625,1.0,,,0.101,237.29950000000002,2349.5,2349.5,0.0,72.8345,-0.0,,,296.3333333333333,0.0,127.42333333331952,4.0,1594.6436412562957,0.0,-0.0,0.0,162.01579395163964
100,1,101,0.1016,0.0,1594.6436412562978,,,,0,0.0,1,2645.8333333333335,2645.8333333333335,0.0,423.3333333333333,87.84166666666536,0.0,,,417.9724062681905,2645.8333333333335,2540.0,105.83333333333333,2645.8333333333335,0.0,1.0,0.0,-0.0,0.16848005253562215,149.73588128306554,0.96,925.776517689229,888.7454569816598,37.03106070756919,1.0,0.0,-0.0,0.16432100707688546,139.52075937917877,0.96,884.4524929506406,849.074393232615,35.37809971802565,1.0,0.0,-0.0,0.16045743046662506,128.71576560594625,0.96,835.6043226934402,802.1801497857025,33.424172907737635,,,,939.3717349881072,2540.0,2349.5,190.5,2540.0,0.0,1.0,-0.0,-0.0,0.39981772078659594,234.8429337470268,0.925,635.0,587.375,47.625,1.0,0.0,-0.0,0.39981772078659594,234.8429337470268,0.925,635.0,587.375,47.625,1.0,0.0,-0.0,0.39981772078659594,234.8429337470268,0.925,635.0,587.375,47.625,1.0,0.0,-0.0,0.39981772078659594,234.8429337470268,0.925,635.0,587.375,47.625,1.0,,,0.101,237.29950000000002,2349.5,2349.5,0.0,72.8345,-0.0,,,296.3333333333333,0.0,127.42333333332319,4.0,1594.6436412562978,0.0,-0.0,0.0,162.01579395163984
101,1,102,0.1016,0.0,1594.643641256298,,,,0,0.0,1,2645.8333333333335,2645.8333333333335,0.0,423.3333333333333,87.84166666666542,0.0,,,417.97240626819087,2645.8333333333335,2540.0,105.83333333333333,2645.8333333333335,0.0,1.0,0.0,-0.0,0.16848005253562173,149.73588128306457,0.96,925.7765176892252,888.7454569816562,37.03106070756904,1.0,0.0,-0.0,0.16432100707688577,139.52075937917957,0.96,884.4524929506442,849.0743932326184,35.3780997180258,1.0,0.0,-0.0,0.16045743046662522,128.71576560594676,0.96,835.6043226934427,802.1801497857049,33.424172907737734,,,,939.3717349881072,2540.0,2349.5,190.5,2540.0,0.0,1.0,-0.0,-0.0,0.39981772078659594,234.8429337470268,0.925,635.0,587.375,47.625,1.0,0.0,-0.0,0.39981772078659594,234.8429337470268,0.925,635.0,587.375,47.625,1.0,0.0,-0.0,0.39981772078659594,234.8429337470268,0.925,635.0,587.375,47.625,1.0,0.0,-0.0,0.39981772078659594,234.8429337470268,0.925,635.0,587.375,47.625,1.0,,,0.101,237.29950000000002,2349.5,2349.5,0.0,72.8345,-0.0,,,296.3333333333333,0.0,127.42333333332421,4.0,1594.643641256298,0.0,-0.0,0.0,162.01579395163986
102,1,103,0.1016,0.0,1594.6436412562991,,,,0,0.0,1,2645.8333333333335,2645.8333333333335,0.0,423.3333333333333,87.84166666666559,0.0,,,417.9724062681919,2645.8333333333335,2540.0,105.83333333333333,2645.8333333333335,0.0,1.0,0.0,-0.0,0.1684800525356215,149.73588128306412,0.96,925.7765176892235,888.7454569816546,37.031060707568976,1.0,0.0,-0.0,0.16432100707688616,139.52075937918048,0.96,884.4524929506479,849.0743932326219,35.37809971802594,1.0,0.0,-0.0,0.1604574304666254,128.71576560594727,0.96,835.6043226934452,802.1801497857074,33.424172907737834,,,,939.3717349881072,2540.0,2349.5,190.5,2540.0,0.0,1.0,-0.0,-0.0,0.39981772078659594,234.8429337470268,0.925,635.0,587.375,47.625,1.0,0.0,-0.0,0.39981772078659594,234.8429337470268,0.925,635.0,587.375,47.625,1.0,0.0,-0.0,0.39981772078659594,234.8429337470268,0.925,635.0,587.375,47.625,1.0,0.0,-0.0,0.39981772078659594,234.8429337470268,0.925,635.0,587.375,47.625,1.0,,,0.101,237.29950000000002,2349.5,2349.5,0.0,72.8345,-0.0,,,296.3333333333333,0.0,127.42333333332624,4.0,1594.6436412562991,0.0,-0.0,0.0,162.01579395163998
103,1,104,0.1016,0.0,1594.6436412562998,,,,0,0.0,1,2645.8333333333335,2645.8333333333335,0.0,423.3333333333333,87.84166666666573,0.0,,,417.97240626819246,2645.8333333333335,2540.0,105.83333333333333,2645.8333333333335,0.0,1.0,0.0,-0.0,0.16848005253562098,149.73588128306292,0.96,925.7765176892191,888.7454569816502,37.0310607075688,1.0,0.0,-0.0,0.1643210070768865,139.52075937918136,0.96,884.4524929506515,849.0743932326254,35.37809971802609,1.0,0.0,-0.0,0.16045743046662564,128.71576560594818,0.96,835.6043226934497,802.1801497857117,33.42417290773802,,,,939.3717349881072,2540.0,2349.5,190.5,2540.0,0.0,1.0,-0.0,-0.0,0.39981772078659594,234.8429337470268,0.925,635.0,587.375,47.625,1.0,0.0,-0.0,0.39981772078659594,234.8429337470268,0.925,635.0,587.375,47.625,1.0,0.0,-0.0,0.39981772078659594,234.8429337470268,0.925,635.0,587.375,47.625,1.0,0.0,-0.0,0.39981772078659594,234.8429337470268,0.925,635.0,587.375,47.625,1.0,,,0.101,237.29950000000002,2349.5,2349.5,0.0,72.8345,-0.0,,,296.3333333333333,0.0,127.42333333332768,4.0,1594.6436412562998,0.0,-0.0,0.0,162.01579395164006
104,1,105,0.1016,0.0,1594.6436412563005,,,,0,0.0,1,2645.8333333333335,2645.8333333333335,0.0,423.3333333333333,87.84166666666584,0.0,,,417.9724062681932,2645.8333333333335,2540.0,105.83333333333333,2645.8333333333335,0.0,1.0,0.0,-0.0,0.16848005253562057,149.7358812830619,0.96,925.776517689215,888.7454569816464,37.031060707568635,1.0,0.0,-0.0,0.1643210070768869,139.52075937918252,0.96,884.4524929506567,849.0743932326304,35.3780997180263,1.0,0.0,-0.0,0.16045743046662592,128.71576560594877,0.96,835.6043226934522,802.1801497857141,33.42417290773812,,,,939.3717349881072,2540.0,2349.5,190.5,2540.0,0.0,1.0,-0.0,-0.0,0.39981772078659594,234.8429337470268,0.925,635.0,587.375,47.625,1.0,0.0,-0.0,0.39981772078659594,234.8429337470268,0.925,635.0,587.375,47.625,1.0,0.0,-0.0,0.39981772078659594,234.8429337470268,0.925,635.0,587.375,47.625,1.0,0.0,-0.0,0.39981772078659594,234.8429337470268,0.925,635.0,587.375,47.625,1.0,,,0.101,237.29950000000002,2349.5,2349.5,0.0,72.8345,-0.0,,,296.3333333333333,0.0,127.4233333333293,4.0,1594.6436412563005,0.0,-0.0,0.0,162.01579395164012
105,1,106,0.1016,0.0,1594.643641256299,,,,0,0.0,1,2645.8333333333335,2645.8333333333335,0.0,423.3333333333333,87.84166666666628,0.0,,,417.9724062681918,2645.8333333333335,2540.0,105.83333333333333,2645.8333333333335,0.0,1.0,0.0,-0.0,0.16848005253562015,149.7358812830609,0.96,925.7765176892112,888.7454569816427,37.031060707568486,1.0,0.0,-0.0,0.16432100707688663,139.52075937918175,0.96,884.4524929506533,849.0743932326271,35.378099718026164,1.0,0.0,-0.0,0.160457430466626,128.71576560594914,0.96,835.604322693454,802.1801497857158,33.42417290773819,,,,939.3717349881072,2540.0,2349.5,190.5,2540.0,0.0,1.0,-0.0,-0.0,0.39981772078659594,234.8429337470268,0.925,635.0,587.375,47.625,1.0,0.0,-0.0,0.39981772078659594,234.8429337470268,0.925,635.0,587.375,47.625,1.0,0.0,-0.0,0.39981772078659594,234.8429337470268,0.925,635.0,587.375,47.625,1.0,0.0,-0.0,0.39981772078659594,234.8429337470268,0.925,635.0,587.375,47.625,1.0,,,0.101,237.29950000000002,2349.5,2349.5,0.0,72.8345,-0.0,,,296.3333333333333,0.0,127.42333333332685,4.0,1594.643641256299,0.0,-0.0,0.0,162.01579395163995
106,1,107,0.1016,0.0,1594.6436412562982,,,,0,0.0,1,2645.8333333333335,2645.8333333333335,0.0,423.3333333333333,87.84166666666553,0.0,,,417.97240626819104,2645.8333333333335,2540.0,105.83333333333333,2645.8333333333335,0.0,1.0,0.0,-0.0,0.16848005253561982,149.73588128306014,0.96,925.7765176892084,888.74545698164,37.03106070756837,1.0,0.0,-0.0,0.1643210070768864,139.52075937918116,0.96,884.4524929506507,849.0743932326246,35.37809971802606,1.0,0.0,-0.0,0.16045743046662617,128.71576560594974,0.96,835.604322693457,802.1801497857186,33.42417290773831,,,,939.3717349881072,2540.0,2349.5,190.5,2540.0,0.0,1.0,-0.0,-0.0,0.39981772078659594,234.8429337470268,0.925,635.0,587.375,47.625,1.0,0.0,-0.0,0.39981772078659594,234.8429337470268,0.925,635.0,587.375,47.625,1.0,0.0,-0.0,0.39981772078659594,234.8429337470268,0.925,635.0,587.375,47.625,1.0,0.0,-0.0,0.39981772078659594,234.8429337470268,0.925,635.0,587.375,47.625,1.0,,,0.101,237.29950000000002,2349.5,2349.5,0.0,72.8345,-0.0,,,296.3333333333333,0.0,127.42333333332604,4.0,1594.6436412562982,0.0,-0.0,0.0,162.0157939516399
107,1,108,0.1016,0.0,1594.6436412562973,,,,0,0.0,1,2645.8333333333335,2645.8333333333335,0.0,423.3333333333333,87.84166666666547,0.0,,,417.97240626819007,2645.8333333333335,2540.0,105.83333333333333,2645.8333333333335,0.0,1.0,0.0,-0.0,0.16848005253561932,149.735881283059,0.96,925.7765176892041,888.7454569816359,37.031060707568194,1.0,0.0,-0.0,0.16432100707688607,139.5207593791803,0.96,884.4524929506473,849.0743932326213,35.37809971802592,1.0,0.0,-0.0,0.1604574304666265,128.71576560595076,0.96,835.604322693462,802.1801497857235,33.42417290773851,,,,939.3717349881072,2540.0,2349.5,190.5,2540.0,0.0,1.0,-0.0,-0.0,0.39981772078659594,234.8429337470268,0.925,635.0,587.375,47.625,1.0,0.0,-0.0,0.39981772078659594,234.8429337470268,0.925,635.0,587.375,47.625,1.0,0.0,-0.0,0.39981772078659594,234.8429337470268,0.925,635.0,587.375,47.625,1.0,0.0,-0.0,0.39981772078659594,234.8429337470268,0.925,635.0,587.375,47.625,1.0,,,0.101,237.29950000000002,2349.5,2349.5,0.0,72.8345,-0.0,,,296.3333333333333,0.0,127.42333333332482,4.0,1594.6436412562973,0.0,-0.0,0.0,162.0157939516398
108,1,109,0.1016,0.0,1594.6436412562966,,,,0,0.0,1,2645.8333333333335,2645.8333333333335,0.0,423.3333333333333,87.84166666666542,0.0,,,417.97240626818933,2645.8333333333335,2540.0,105.83333333333333,2645.8333333333335,0.0,1.0,0.0,-0.0,0.16848005253561915,149.73588128305855,0.96,925.7765176892021,888.745456981634,37.031060707568116,1.0,0.0,-0.0,0.16432100707688574,139.52075937917948,0.96,884.4524929506439,849.0743932326181,35.37809971802579,1.0,0.0,-0.0,0.16045743046662667,128.71576560595128,0.96,835.6043226934645,802.1801497857259,33.42417290773861,,,,939.3717349881072,2540.0,2349.5,190.5,2540.0,0.0,1.0,-0.0,-0.0,0.39981772078659594,234.8429337470268,0.925,635.0,587.375,47.625,1.0,0.0,-0.0,0.39981772078659594,234.8429337470268,0.925,635.0,587.375,47.625,1.0,0.0,-0.0,0.39981772078659594,234.8429337470268,0.925,635.0,587.375,47.625,1.0,0.0,-0.0,0.39981772078659594,234.8429337470268,0.925,635.0,587.375,47.625,1.0,,,0.101,237.29950000000002,2349.5,2349.5,0.0,72.8345,-0.0,,,296.3333333333333,0.0,127.4233333333234,4.0,1594.6436412562966,0.0,-0.0,0.0,162.01579395163972
109,1,110,0.1016,0.0,1594.643641256296,,,,0,0.0,1,2645.8333333333335,2645.8333333333335,0.0,423.3333333333333,87.84166666666536,0.0,,,417.9724062681887,2645.8333333333335,2540.0,105.83333333333333,2645.8333333333335,0.0,1.0,0.0,-0.0,0.16848005253561893,149.73588128305803,0.96,925.7765176892003,888.7454569816323,37.031060707568045,1.0,0.0,-0.0,0.16432100707688546,139.52075937917874,0.96,884.4524929506405,849.0743932326149,35.37809971802565,1.0,0.0,-0.0,0.16045743046662694,128.71576560595193,0.96,835.6043226934675,802.1801497857288,33.42417290773873,,,,939.3717349881072,2540.0,2349.5,190.5,2540.0,0.0,1.0,-0.0,-0.0,0.39981772078659594,234.8429337470268,0.925,635.0,587.375,47.625,1.0,0.0,-0.0,0.39981772078659594,234.8429337470268,0.925,635.0,587.375,47.625,1.0,0.0,-0.0,0.39981772078659594,234.8429337470268,0.925,635.0,587.375,47.625,1.0,0.0,-0.0,0.39981772078659594,234.8429337470268,0.925,635.0,587.375,47.625,1.0,,,0.101,237.29950000000002,2349.5,2349.5,0.0,72.8345,-0.0,,,296.3333333333333,0.0,127.42333333332259,4.0,1594.643641256296,0.0,-0.0,0.0,162.01579395163967
110,1,111,0.1016,0.0,1594.1371335882793,,,,0,0.0,1,2645.8333333333335,2645.8333333333335,0.0,423.3333333333333,87.84166666666532,0.0,,,417.97240626818825,2645.8333333333335,2540.0,105.83333333333333,2645.8333333333335,0.0,1.0,0.0,-0.0,0.16848005253561882,149.73588128305772,0.96,925.7765176891988,888.7454569816308,37.03106070756799,1.0,0.0,-0.0,0.16432100707688518,139.52075937917803,0.96,884.4524929506375,849.074393232612,35.37809971802553,1.0,0.0,-0.0,0.16045743046662705,128.71576560595244,0.96,835.60432269347,802.1801497857311,33.42417290773883,,,,938.9447648200802,2540.0,2348.712500000109,191.2874999998969,2540.0,0.0,1.0,-0.0,-0.0,0.39981772078659594,234.8429337470268,0.925,635.0,587.375,47.625,1.0,0.0,-0.0,0.39981772078659594,234.8429337470268,0.925,635.0,587.375,47.625,1.0,0.0,-0.0,0.3996265920752805,234.4159635789998,0.9237598425198474,635.0,586.5875000001031,48.41249999989691,1.0,0.0,-0.0,0.39981772078659594,234.8429337470268,0.925,635.0,587.375,47.625,1.0,,,0.101,237.219962500011,2348.712500000109,2348.712500000109,0.0,72.81008750000338,-0.0,,,297.12083333320334,0.0,127.76195833327743,4.0,1594.1371335882793,0.0,-0.0,0.0,161.96433277256918
111,1,112,0.1016,0.0,1594.137133588278,,,,0,0.0,1,2645.8333333333335,2645.8333333333335,0.0,423.3333333333333,87.84166666666529,0.0,,,417.9724062681869,2645.8333333333335,2540.0,105.83333333333333,2645.8333333333335,0.0,1.0,0.0,-0.0,0.16848005253561837,149.7358812830567,0.96,925.7765176891951,888.7454569816273,37.03106070756784,1.0,0.0,-0.0,0.1643210070768849,139.52075937917735,0.96,884.4524929506346,849.0743932326092,35.37809971802542,1.0,0.0,-0.0,0.16045743046662717,128.71576560595278,0.96,835.6043226934718,802.1801497857329,33.4241729077389,,,,938.9447648200803,2540.0,2348.7125000001065,191.28749999989668,2540.0,0.0,1.0,-0.0,-0.0,0.39981772078659594,234.8429337470268,0.925,635.0,587.375,47.625,1.0,0.0,-0.0,0.39981772078659594,234.8429337470268,0.925,635.0,587.375,47.625,1.0,0.0,-0.0,0.39962659207528056,234.41596357899994,0.9237598425198478,635.0,586.5875000001033,48.41249999989668,1.0,0.0,-0.0,0.39981772078659594,234.8429337470268,0.925,635.0,587.375,47.625,1.0,,,0.101,237.21996250001078,2348.7125000001065,2348.7125000001065,0.0,72.8100875000033,-0.0,,,297.1208333331979,0.0,127.76195833327509,4.0,1594.137133588278,0.0,-0.0,0.0,161.96433277256904
112,1,113,0.1016,0.0,1594.1371335882768,,,,0,0.0,1,2645.8333333333335,2645.8333333333335,0.0,423.3333333333333,87.84166666666486,0.0,,,417.97240626818586,2645.8333333333335,2540.0,105.83333333333333,2645.8333333333335,0.0,1.0,0.0,-0.0,0.16848005253561857,149.73588128305718,0.96,925.7765176891969,888.745456981629,37.03106070756791,1.0,0.0,-0.0,0.16432100707688466,139.52075937917658,0.96,884.4524929506312,849.0743932326059,35.378099718025275,1.0,0.0,-0.0,0.16045743046662694,128.7157656059521,0.96,835.6043226934684,802.1801497857296,33.424172907738765,,,,938.9447648200803,2540.0,2348.712500000107,191.28749999989668,2540.0,0.0,1.0,-0.0,-0.0,0.39981772078659594,234.8429337470268,0.925,635.0,587.375,47.625,1.0,0.0,-0.0,0.39981772078659594,234.8429337470268,0.925,635.0,587.375,47.625,1.0,0.0,-0.0,0.39962659207528056,234.41596357899994,0.9237598425198478,635.0,586.5875000001033,48.41249999989668,1.0,0.0,-0.0,0.39981772078659594,234.8429337470268,0.925,635.0,587.375,47.625,1.0,,,0.101,237.2199625000108,2348.712500000107,2348.712500000107,0.0,72.81008750000332,-0.0,,,297.12083333319316,0.0,127.76195833327306,4.0,1594.1371335882768,0.0,-0.0,0.0,161.96433277256892
113,1,114,0.15246,0.0,623.1088536762003,,,,0,0.0,1,1124.5351528699794,1124.5351528699794,0.0,179.92562445919668,37.33456707528332,0.0,,,174.3567369960287,1124.5351528699794,1079.55374675518,44.98140611479921,1124.5351528699794,0.0,1.0,0.0,-0.0,0.15578975464326147,101.02662392002463,0.96,675.5005605107734,648.4805380903425,27.020022420430962,1.0,0.0,-0.0,0.17011057890405645,73.33011307600398,0.96,449.0345923592058,431.0732086648376,17.961383694368248,0.0,0.0,1.0,0.271,0.0,0.96,0.0,0.0,0.0,,,,348.84188545697833,1079.55374675518,989.2102101306264,90.34353662455362,1079.5537467551799,0.0,1.0,-0.0,0.0,0.35269589715729055,174.50577324858816,0.9166322193123674,539.7768733775897,494.77687337758977,45.0,1.0,0.0,0.0,0.35259781096732346,174.33611220839018,0.915995777401833,539.7768733775903,494.4333367530366,45.34353662455368,0.0,0.0,1.0,0.08724817754776784,0.0,0.88,0.0,0.0,0.0,0.0,0.0,1.0,0.08724817754776784,0.0,0.88,0.0,0.0,0.0,1.0,,,0.101,99.91023122319326,989.2102101306264,989.2102101306264,0.0,30.66551651404942,-0.0,,,135.32494273935305,0.0,58.18972537792181,2.0,623.1088536762003,0.0,0.0,0.0,94.99917583147351
114,1,115,0.15246,0.0,623.1088199800333,,,,0,0.0,1,1124.5351528699794,1124.5351528699794,0.0,179.92562445919668,37.33456707528332,0.0,,,174.3567369960286,1124.5351528699794,1079.55374675518,44.98140611479921,1124.5351528699794,0.0,1.0,0.0,-0.0,0.15578975464326147,101.02662392002463,0.96,675.5005605107734,648.4805380903425,27.020022420430962,1.0,0.0,-0.0,0.17011057890405645,73.33011307600398,0.96,449.0345923592058,431.0732086648376,17.961383694368248,0.0,0.0,-0.0,0.271,0.0,0.96,0.0,0.0,0.0,,,,348.84185462138004,1079.55374675518,989.2101818081653,90.34356494701461,1079.5537467551799,0.0,1.0,-0.0,-0.0,0.3526468500190083,174.4209273106901,0.9163139721217589,539.7768733775897,494.60509090408294,45.17178247350677,1.0,0.0,-0.0,0.3526468500190083,174.42092731068993,0.916313972121757,539.7768733775903,494.60509090408243,45.17178247350785,0.0,0.0,-0.0,0.08724817754776784,0.0,0.88,0.0,0.0,0.0,-0.0,0.0,-0.0,0.08724817754776784,0.0,0.88,0.0,0.0,0.0,1.0,,,0.101,99.91022836262471,989.2101818081653,989.2101818081653,0.0,30.665515636053126,-0.0,,,135.32497106181404,0.0,58.189737556580035,2.0,623.1088199800333,0.0,0.0,0.0,94.9991706941559
115,1,116,0.15246,0.0,623.1088536762013,,,,0,0.0,1,1124.5351528699782,1124.5351528699782,0.0,179.9256244591965,37.334567075283275,0.0,,,174.35673699602876,1124.5351528699782,1079.55374675518,44.98140611479921,1124.5351528699794,0.0,1.0,0.0,-0.0,0.15578975464326147,101.02662392002463,0.96,675.5005605107734,648.4805380903425,27.020022420430962,1.0,0.0,-0.0,0.17011057890405645,73.33011307600398,0.96,449.0345923592058,431.0732086648376,17.961383694368248,0.0,0.0,-0.0,0.271,0.0,0.96,0.0,0.0,0.0,,,,348.84188545697907,1079.55374675518,989.2102101306284,90.3435366245505,1079.553746755179,0.0,1.0,0.0,-0.0,0.35269589715728955,174.50577324858725,0.9166322193123662,539.776873377588,494.7768733775885,45.0,1.0,0.0,-0.0,0.35259781096732445,174.33611220839185,0.9159957774018381,539.776873377591,494.43333675303995,45.34353662455101,-0.0,0.0,0.0,0.08724817754776784,0.0,0.88,0.0,0.0,0.0,-0.0,0.0,0.0,0.08724817754776784,0.0,0.88,0.0,0.0,0.0,1.0,,,0.101,99.91023122319348,989.2102101306284,989.2102101306284,0.0,30.66551651404948,0.0,,,135.32494273935083,0.0,58.18972537792086,2.0,623.1088536762013,0.0,0.0,0.0,94.99917583147366
116,1,117,0.15246,0.0,623.1088536762003,,,,0,0.0,1,1124.5351528699778,1124.5351528699778,0.0,179.92562445919643,37.33456707528326,0.0,,,174.3567369960286,1124.5351528699778,1079.55374675518,44.98140611479921,1124.5351528699794,0.0,1.0,0.0,-0.0,0.15578975464326147,101.02662392002463,0.96,675.5005605107734,648.4805380903425,27.020022420430962,1.0,0.0,-0.0,0.17011057890405645,73.33011307600398,0.96,449.0345923592058,431.0732086648376,17.961383694368248,0.0,0.0,-0.0,0.271,0.0,0.96,0.0,0.0,0.0,,,,348.8418854569784,1079.55374675518,989.2102101306269,90.34353662455203,1079.553746755179,0.0,1.0,-0.0,-0.0,0.35269589715728966,174.50577324858736,0.9166322193123665,539.776873377588,494.77687337758874,45.0,1.0,0.0,-0.0,0.352597810967324,174.33611220839103,0.9159957774018348,539.776873377591,494.4333367530382,45.34353662455277,-0.0,0.0,-0.0,0.08724817754776784,0.0,0.88,0.0,0.0,0.0,-0.0,0.0,-0.0,0.08724817754776784,0.0,0.88,0.0,0.0,0.0,1.0,,,0.101,99.91023122319332,989.2102101306269,989.2102101306269,0.0,30.665516514049436,0.0,,,135.32494273935237,0.0,58.18972537792152,2.0,623.1088536762003,0.0,0.0,0.0,94.99917583147351
117,1,118,0.15246,0.0,623.1088284040522,,,,0,0.0,1,1124.5351528699794,1124.5351528699794,0.0,179.92562445919668,37.33456707528332,0.0,,,174.3567369960286,1124.5351528699794,1079.55374675518,44.98140611479921,1124.5351528699794,0.0,1.0,0.0,-0.0,0.15578975464326147,101.02662392002463,0.96,675.5005605107734,648.4805380903425,27.020022420430962,1.0,0.0,-0.0,0.17011057890405645,73.33011307600398,0.96,449.0345923592058,431.0732086648376,17.961383694368248,0.0,0.0,-0.0,0.271,0.0,0.96,0.0,0.0,0.0,,,,348.8418616151172,1079.55374675518,989.210195969371,90.3435507858091,1079.55374675518,0.0,1.0,-0.0,-0.0,0.3526468540622997,174.42093430442736,0.916313998357057,539.7768733775886,494.605105065289,45.17176831229955,1.0,0.0,-0.0,0.35264685001900836,174.4209273106898,0.916313972121754,539.7768733775915,494.605090904082,45.17178247350955,-0.0,0.0,-0.0,0.08724817754776784,0.0,0.88,0.0,0.0,0.0,-0.0,0.0,-0.0,0.08724817754776784,0.0,0.88,0.0,0.0,0.0,1.0,,,0.101,99.91022979290648,989.210195969371,989.210195969371,0.0,30.665516075050498,-0.0,,,135.3249569006083,0.0,58.189731467261566,2.0,623.1088284040522,0.0,0.0,0.0,94.99917197848181
118,1,119,0.1016,0.0,1594.139693298473,,,,0,0.0,1,2645.8333333333335,2645.8333333333335,0.0,423.3333333333333,87.84166666665955,0.0,,,417.4684583103823,2645.8333333333335,2540.0,105.83333333333333,2645.8333333333335,0.0,1.0,0.0,-0.0,0.1659619682639653,143.6689694335358,0.96,901.7438034672944,865.6740513286026,36.069752138691804,1.0,0.0,-0.0,0.1659619682637658,143.66896943336343,0.96,901.7438034672964,865.6740513286045,36.06975213869189,1.0,1.0,-0.0,0.1609227899805693,130.13051944348305,0.96,842.345726398742,808.6518973427924,33.69382905594971,,,,939.3717349881072,2540.0,2349.5,190.5,2540.0,0.0,1.0,-0.0,-0.0,0.39981772078659594,234.8429337470268,0.925,635.0,587.375,47.625,1.0,0.0,-0.0,0.39981772078659594,234.8429337470268,0.925,635.0,587.375,47.625,1.0,1.0,-0.0,0.39981772078659594,234.8429337470268,0.925,635.0,587.375,47.625,1.0,1.0,-0.0,0.39981772078659594,234.8429337470268,0.925,635.0,587.375,47.625,1.0,,,0.101,237.29949999998377,2349.5,2349.5,0.0,72.834499999995,-0.0,,,296.3333333333333,0.0,127.42333333333315,4.0,1594.139693298473,0.0,-0.0,0.0,161.96459283912486
119,1,120,0.1016,0.0,1594.139693298486,,,,0,0.0,1,2645.8333333333335,2645.8333333333335,0.0,423.3333333333333,87.84166666666356,0.0,,,417.46845831037876,2645.8333333333335,2540.0,105.83333333333333,2645.8333333333335,0.0,1.0,0.0,-0.0,0.16596196826396478,143.66896943353478,0.96,901.7438034672907,865.674051328599,36.06975213869166,1.0,0.0,-0.0,0.16596196826376608,143.66896943336405,0.96,901.7438034672989,865.6740513286069,36.06975213869199,1.0,0.0,-0.0,0.16092278998056825,130.1305194434799,0.96,842.345726398727,808.6518973427779,33.69382905594911,,,,939.3717349881072,2540.0,2349.5,190.5,2540.0,0.0,1.0,-0.0,-0.0,0.39981772078659594,234.8429337470268,0.925,635.0,587.375,47.625,1.0,0.0,-0.0,0.39981772078659594,234.8429337470268,0.925,635.0,587.375,47.625,1.0,0.0,-0.0,0.39981772078659594,234.8429337470268,0.925,635.0,587.375,47.625,1.0,0.0,-0.0,0.39981772078659594,234.8429337470268,0.925,635.0,587.375,47.625,1.0,,,0.101,237.29950000000002,2349.5,2349.5,0.0,72.8345,-0.0,,,296.3333333333333,0.0,127.42333333332624,4.0,1594.139693298486,0.0,-0.0,0.0,161.96459283912617
120,1,121,0.1016,0.0,1594.139693298197,,,,0,0.0,1,2645.8333333333335,2645.8333333333335,0.0,423.3333333333333,87.8416666666542,0.0,,,417.4684583101217,2645.8333333333335,2540.0,105.83333333333333,2645.8333333333335,0.0,1.0,0.0,-0.0,0.16596196826396448,143.66896943353413,0.96,901.7438034672882,865.6740513285966,36.06975213869156,1.0,0.0,-0.0,0.16596196826376575,143.66896943336323,0.96,901.7438034672955,865.6740513286037,36.069752138691854,1.0,0.0,-0.0,0.16092278998033097,130.13051944322433,0.96,842.3457263983149,808.6518973423823,33.693829055932625,,,,939.3717349881072,2540.0,2349.5,190.5,2540.0,0.0,1.0,-0.0,-0.0,0.39981772078659594,234.8429337470268,0.925,635.0,587.375,47.625,1.0,0.0,-0.0,0.39981772078659594,234.8429337470268,0.925,635.0,587.375,47.625,1.0,0.0,-0.0,0.39981772078659594,234.8429337470268,0.925,635.0,587.375,47.625,1.0,0.0,-0.0,0.39981772078659594,234.8429337470268,0.925,635.0,587.375,47.625,1.0,,,0.101,237.29949999996813,2349.5,2349.5,0.0,72.83449999999021,-0.0,,,296.3333333333333,0.0,127.42333333314639,4.0,1594.139693298197,0.0,-0.0,0.0,161.9645928390968
121,1,122,0.1016,0.0,1594.139693298222,,,,0,0.0,1,2645.8333333333335,2645.8333333333335,0.0,423.3333333333333,87.84166666666235,0.0,,,417.4684583101253,2645.8333333333335,2540.0,105.83333333333333,2645.8333333333335,0.0,1.0,0.0,-0.0,0.16596196826396392,143.6689694335329,0.96,901.7438034672837,865.6740513285923,36.06975213869138,1.0,0.0,-0.0,0.16596196826376539,143.6689694333624,0.96,901.7438034672921,865.6740513286004,36.06975213869172,1.0,0.0,-0.0,0.1609227899803366,130.13051944322996,0.96,842.3457263983217,808.6518973423888,33.6938290559329,,,,939.3717349881072,2540.0,2349.5,190.5,2540.0,0.0,1.0,-0.0,-0.0,0.39981772078659594,234.8429337470268,0.925,635.0,587.375,47.625,1.0,0.0,-0.0,0.39981772078659594,234.8429337470268,0.925,635.0,587.375,47.625,1.0,0.0,-0.0,0.39981772078659594,234.8429337470268,0.925,635.0,587.375,47.625,1.0,0.0,-0.0,0.39981772078659594,234.8429337470268,0.925,635.0,587.375,47.625,1.0,,,0.101,237.29949999998973,2349.5,2349.5,0.0,72.83449999999684,-0.0,,,296.3333333333333,0.0,127.42333333314578,4.0,1594.139693298222,0.0,-0.0,0.0,161.96459283909934
122,1,123,0.1016,0.0,1594.1396932982343,,,,0,0.0,1,2645.8333333333335,2645.8333333333335,0.0,423.3333333333333,87.84166666665116,0.0,,,417.46845831012706,2645.8333333333335,2540.0,105.83333333333333,2645.8333333333335,0.0,1.0,0.0,-0.0,0.1659619682639632,143.66896943353112,0.96,901.7438034672764,865.6740513285853,36.069752138691086,1.0,0.0,-0.0,0.16596196826376503,143.66896943336147,0.96,901.7438034672882,865.6740513285966,36.06975213869156,1.0,0.0,-0.0,0.16092278998034107,130.13051944323445,0.96,842.3457263983274,808.6518973423942,33.69382905593313,,,,939.3717349881072,2540.0,2349.5,190.5,2540.0,0.0,1.0,-0.0,-0.0,0.39981772078659594,234.8429337470268,0.925,635.0,587.375,47.625,1.0,0.0,-0.0,0.39981772078659594,234.8429337470268,0.925,635.0,587.375,47.625,1.0,0.0,-0.0,0.39981772078659594,234.8429337470268,0.925,635.0,587.375,47.625,1.0,0.0,-0.0,0.39981772078659594,234.8429337470268,0.925,635.0,587.375,47.625,1.0,,,0.101,237.29950000000002,2349.5,2349.5,0.0,72.8345,-0.0,,,296.3333333333333,0.0,127.42333333314353,4.0,1594.1396932982343,0.0,-0.0,0.0,161.9645928391006
123,1,124,0.1016,0.0,1594.1396932982348,,,,0,0.0,1,2645.8333333333335,2645.8333333333335,0.0,423.3333333333333,87.84166666665108,0.0,,,417.4684583101275,2645.8333333333335,2540.0,105.83333333333333,2645.8333333333335,0.0,1.0,0.0,-0.0,0.16596196826396264,143.66896943353007,0.96,901.7438034672728,865.6740513285819,36.069752138690944,1.0,0.0,-0.0,0.16596196826376464,143.66896943336045,0.96,901.7438034672841,865.6740513285928,36.0697521386914,1.0,0.0,-0.0,0.16092278998034354,130.130519443237,0.96,842.3457263983311,808.6518973423978,33.69382905593327,,,,939.3717349881072,2540.0,2349.5,190.5,2540.0,0.0,1.0,-0.0,-0.0,0.39981772078659594,234.8429337470268,0.925,635.0,587.375,47.625,1.0,0.0,-0.0,0.39981772078659594,234.8429337470268,0.925,635.0,587.375,47.625,1.0,0.0,-0.0,0.39981772078659594,234.8429337470268,0.925,635.0,587.375,47.625,1.0,0.0,-0.0,0.39981772078659594,234.8429337470268,0.925,635.0,587.375,47.625,1.0,,,0.101,237.29950000000002,2349.5,2349.5,0.0,72.8345,-0.0,,,296.3333333333333,0.0,127.42333333314171,4.0,1594.1396932982348,0.0,-0.0,0.0,161.96459283910065
124,1,125,0.1016,0.0,1594.1396932982368,,,,0,0.0,1,2645.8333333333335,2645.8333333333335,0.0,423.3333333333333,87.84166666665108,0.0,,,417.4684583101295,2645.8333333333335,2540.0,105.83333333333333,2645.8333333333335,0.0,1.0,0.0,-0.0,0.16596196826396217,143.6689694335291,0.96,901.7438034672693,865.6740513285786,36.06975213869081,1.0,0.0,-0.0,0.16596196826376422,143.66896943335954,0.96,901.7438034672805,865.6740513285893,36.06975213869125,1.0,0.0,-0.0,0.1609227899803474,130.13051944324087,0.96,842.3457263983358,808.6518973424023,33.69382905593346,,,,939.3717349881072,2540.0,2349.5,190.5,2540.0,0.0,1.0,-0.0,-0.0,0.39981772078659594,234.8429337470268,0.925,635.0,587.375,47.625,1.0,0.0,-0.0,0.39981772078659594,234.8429337470268,0.925,635.0,587.375,47.625,1.0,0.0,-0.0,0.39981772078659594,234.8429337470268,0.925,635.0,587.375,47.625,1.0,0.0,-0.0,0.39981772078659594,234.8429337470268,0.925,635.0,587.375,47.625,1.0,,,0.101,237.29950000000002,2349.5,2349.5,0.0,72.8345,-0.0,,,296.3333333333333,0.0,127.42333333314089,4.0,1594.1396932982368,0.0,-0.0,0.0,161.96459283910085
125,1,126,0.1016,0.0,1594.1396932982373,,,,0,0.0,1,2645.8333333333335,2645.8333333333335,0.0,423.3333333333333,87.84166666665082,0.0,,,417.46845831013,2645.8333333333335,2540.0,105.83333333333333,2645.8333333333335,0.0,1.0,0.0,-0.0,0.16596196826396176,143.6689694335282,0.96,901.7438034672659,865.6740513285753,36.06975213869067,1.0,0.0,-0.0,0.1659619682637639,143.66896943335865,0.96,901.7438034672768,865.6740513285857,36.06975213869111,1.0,0.0,-0.0,0.16092278998034965,130.13051944324323,0.96,842.3457263983395,808.6518973424058,33.69382905593361,,,,939.3717349881072,2540.0,2349.5,190.5,2540.0,0.0,1.0,-0.0,-0.0,0.39981772078659594,234.8429337470268,0.925,635.0,587.375,47.625,1.0,0.0,-0.0,0.39981772078659594,234.8429337470268,0.925,635.0,587.375,47.625,1.0,0.0,-0.0,0.39981772078659594,234.8429337470268,0.925,635.0,587.375,47.625,1.0,0.0,-0.0,0.39981772078659594,234.8429337470268,0.925,635.0,587.375,47.625,1.0,,,0.101,237.29950000000002,2349.5,2349.5,0.0,72.8345,-0.0,,,296.3333333333333,0.0,127.42333333313947,4.0,1594.1396932982373,0.0,-0.0,0.0,161.9645928391009
126,1,127,0.1016,0.0,1594.1396932982377,,,,0,0.0,1,2645.8333333333335,2645.8333333333335,0.0,423.3333333333333,87.84166666665065,0.0,,,417.4684583101305,2645.8333333333335,2540.0,105.83333333333333,2645.8333333333335,0.0,1.0,0.0,-0.0,0.16596196826396103,143.66896943352657,0.96,901.7438034672596,865.6740513285691,36.06975213869041,1.0,0.0,-0.0,0.1659619682637636,143.66896943335774,0.96,901.7438034672728,865.6740513285819,36.069752138690944,1.0,0.0,-0.0,0.1609227899803524,130.13051944324613,0.96,842.3457263983438,808.65189734241,33.69382905593378,,,,939.3717349881072,2540.0,2349.5,190.5,2540.0,0.0,1.0,-0.0,-0.0,0.39981772078659594,234.8429337470268,0.925,635.0,587.375,47.625,1.0,0.0,-0.0,0.39981772078659594,234.8429337470268,0.925,635.0,587.375,47.625,1.0,0.0,-0.0,0.39981772078659594,234.8429337470268,0.925,635.0,587.375,47.625,1.0,0.0,-0.0,0.39981772078659594,234.8429337470268,0.925,635.0,587.375,47.625,1.0,,,0.101,237.29950000000002,2349.5,2349.5,0.0,72.8345,-0.0,,,296.3333333333333,0.0,127.42333333313661,4.0,1594.1396932982377,0.0,-0.0,0.0,161.96459283910096
127,1,128,0.1016,0.0,1594.13969329824,,,,0,0.0,1,2645.8333333333335,2645.8333333333335,0.0,423.3333333333333,87.84166666665054,0.0,,,417.4684583101327,2645.8333333333335,2540.0,105.83333333333333,2645.8333333333335,0.0,1.0,0.0,-0.0,0.16596196826396045,143.66896943352523,0.96,901.7438034672543,865.6740513285641,36.069752138690205,1.0,0.0,-0.0,0.16596196826376317,143.6689694333568,0.96,901.7438034672691,865.6740513285783,36.069752138690795,1.0,0.0,-0.0,0.1609227899803568,130.13051944325065,0.96,842.3457263983499,808.651897342416,33.693829055934025,,,,939.3717349881072,2540.0,2349.5,190.5,2540.0,0.0,1.0,-0.0,-0.0,0.39981772078659594,234.8429337470268,0.925,635.0,587.375,47.625,1.0,0.0,-0.0,0.39981772078659594,234.8429337470268,0.925,635.0,587.375,47.625,1.0,0.0,-0.0,0.39981772078659594,234.8429337470268,0.925,635.0,587.375,47.625,1.0,0.0,-0.0,0.39981772078659594,234.8429337470268,0.925,635.0,587.375,47.625,1.0,,,0.101,237.29950000000002,2349.5,2349.5,0.0,72.8345,-0.0,,,296.3333333333333,0.0,127.4233333331356,4.0,1594.13969329824,0.0,-0.0,0.0,161.9645928391012
128,1,129,0.1016,0.0,1594.1396932982398,,,,0,0.0,1,2645.8333333333335,2645.8333333333335,0.0,423.3333333333333,87.84166666665054,0.0,,,417.4684583101326,2645.8333333333335,2540.0,105.83333333333333,2645.8333333333335,0.0,1.0,0.0,-0.0,0.16596196826395976,143.66896943352373,0.96,901.7438034672487,865.6740513285587,36.06975213868998,1.0,0.0,-0.0,0.16596196826376275,143.66896943335578,0.96,901.743803467265,865.6740513285744,36.06975213869063,1.0,0.0,-0.0,0.1609227899803592,130.13051944325304,0.96,842.3457263983529,808.6518973424187,33.693829055934145,,,,939.3717349881072,2540.0,2349.5,190.5,2540.0,0.0,1.0,-0.0,-0.0,0.39981772078659594,234.8429337470268,0.925,635.0,587.375,47.625,1.0,0.0,-0.0,0.39981772078659594,234.8429337470268,0.925,635.0,587.375,47.625,1.0,0.0,-0.0,0.39981772078659594,234.8429337470268,0.925,635.0,587.375,47.625,1.0,0.0,-0.0,0.39981772078659594,234.8429337470268,0.925,635.0,587.375,47.625,1.0,,,0.101,237.29950000000002,2349.5,2349.5,0.0,72.8345,-0.0,,,296.3333333333333,0.0,127.42333333313253,4.0,1594.1396932982398,0.0,-0.0,0.0,161.96459283910116
129,1,130,0.1016,0.0,1594.1396932982402,,,,0,0.0,1,2645.8333333333335,2645.8333333333335,0.0,423.3333333333333,87.8416666666504,0.0,,,417.4684583101331,2645.8333333333335,2540.0,105.83333333333333,2645.8333333333335,0.0,1.0,0.0,-0.0,0.16596196826395937,143.66896943352296,0.96,901.7438034672459,865.6740513285561,36.06975213868987,1.0,0.0,-0.0,0.16596196826376236,143.66896943335493,0.96,901.7438034672616,865.6740513285711,36.0697521386905,1.0,0.0,-0.0,0.1609227899803613,130.13051944325522,0.96,842.3457263983561,808.6518973424218,33.69382905593427,,,,939.3717349881072,2540.0,2349.5,190.5,2540.0,0.0,1.0,-0.0,-0.0,0.39981772078659594,234.8429337470268,0.925,635.0,587.375,47.625,1.0,0.0,-0.0,0.39981772078659594,234.8429337470268,0.925,635.0,587.375,47.625,1.0,0.0,-0.0,0.39981772078659594,234.8429337470268,0.925,635.0,587.375,47.625,1.0,0.0,-0.0,0.39981772078659594,234.8429337470268,0.925,635.0,587.375,47.625,1.0,,,0.101,237.29950000000002,2349.5,2349.5,0.0,72.8345,-0.0,,,296.3333333333333,0.0,127.42333333313131,4.0,1594.1396932982402,0.0,-0.0,0.0,161.9645928391012
130,1,131,0.1016,0.0,1594.139693298241,,,,0,0.0,1,2645.8333333333335,2645.8333333333335,0.0,423.3333333333333,87.84166666665026,0.0,,,417.46845831013366,2645.8333333333335,2540.0,105.83333333333333,2645.8333333333335,0.0,1.0,0.0,-0.0,0.16596196826395898,143.66896943352202,0.96,901.7438034672421,865.6740513285523,36.069752138689715,1.0,0.0,-0.0,0.16596196826376208,143.66896943335414,0.96,901.7438034672582,865.6740513285679,36.06975213869036,1.0,0.0,-0.0,0.16092278998036352,130.13051944325753,0.96,842.3457263983593,808.6518973424248,33.6938290559344,,,,939.3717349881072,2540.0,2349.5,190.5,2540.0,0.0,1.0,-0.0,-0.0,0.39981772078659594,234.8429337470268,0.925,635.0,587.375,47.625,1.0,0.0,-0.0,0.39981772078659594,234.8429337470268,0.925,635.0,587.375,47.625,1.0,0.0,-0.0,0.39981772078659594,234.8429337470268,0.925,635.0,587.375,47.625,1.0,0.0,-0.0,0.39981772078659594,234.8429337470268,0.925,635.0,587.375,47.625,1.0,,,0.101,237.29950000000002,2349.5,2349.5,0.0,72.8345,-0.0,,,296.3333333333333,0.0,127.42333333312969,4.0,1594.139693298241,0.0,-0.0,0.0,161.96459283910127
131,1,132,0.1016,0.0,1594.139693298243,,,,0,0.0,1,2645.8333333333335,2645.8333333333335,0.0,423.3333333333333,87.84166666664993,0.0,,,417.4684583101358,2645.8333333333335,2540.0,105.83333333333333,2645.8333333333335,0.0,1.0,0.0,-0.0,0.16596196826395831,143.66896943352063,0.96,901.7438034672371,865.6740513285475,36.069752138689516,1.0,0.0,-0.0,0.1659619682637617,143.66896943335325,0.96,901.7438034672548,865.6740513285646,36.06975213869023,1.0,0.0,-0.0,0.16092278998036766,130.13051944326196,0.96,842.3457263983663,808.6518973424317,33.693829055934685,,,,939.3717349881072,2540.0,2349.5,190.5,2540.0,0.0,1.0,-0.0,-0.0,0.39981772078659594,234.8429337470268,0.925,635.0,587.375,47.625,1.0,0.0,-0.0,0.39981772078659594,234.8429337470268,0.925,635.0,587.375,47.625,1.0,0.0,-0.0,0.39981772078659594,234.8429337470268,0.925,635.0,587.375,47.625,1.0,0.0,-0.0,0.39981772078659594,234.8429337470268,0.925,635.0,587.375,47.625,1.0,,,0.101,237.29950000000002,2349.5,2349.5,0.0,72.8345,-0.0,,,296.3333333333333,0.0,127.42333333312908,4.0,1594.139693298243,0.0,-0.0,0.0,161.96459283910147
132,1,133,0.1016,0.0,1594.1396932982439,,,,0,0.0,1,2645.8333333333335,2645.8333333333335,0.0,423.3333333333333,87.84166666664986,0.0,,,417.4684583101366,2645.8333333333335,2540.0,105.83333333333333,2645.8333333333335,0.0,1.0,0.0,-0.0,0.16596196826395784,143.66896943351955,0.96,901.743803467233,865.6740513285437,36.06975213868935,1.0,0.0,-0.0,0.16596196826376136,143.66896943335226,0.96,901.7438034672505,865.6740513285604,36.06975213869005,1.0,0.0,-0.0,0.16092278998037043,130.13051944326477,0.96,842.34572639837,808.6518973424351,33.69382905593483,,,,939.3717349881072,2540.0,2349.5,190.5,2540.0,0.0,1.0,-0.0,-0.0,0.39981772078659594,234.8429337470268,0.925,635.0,587.375,47.625,1.0,0.0,-0.0,0.39981772078659594,234.8429337470268,0.925,635.0,587.375,47.625,1.0,0.0,-0.0,0.39981772078659594,234.8429337470268,0.925,635.0,587.375,47.625,1.0,0.0,-0.0,0.39981772078659594,234.8429337470268,0.925,635.0,587.375,47.625,1.0,,,0.101,237.29950000000002,2349.5,2349.5,0.0,72.8345,-0.0,,,296.3333333333333,0.0,127.42333333312683,4.0,1594.1396932982439,0.0,-0.0,0.0,161.96459283910156
133,1,134,0.1016,0.0,1594.1396932982466,,,,0,0.0,1,2645.8333333333335,2645.8333333333335,0.0,423.3333333333333,87.84166666664989,0.0,,,417.4684583101394,2645.8333333333335,2540.0,105.83333333333333,2645.8333333333335,0.0,1.0,0.0,-0.0,0.16596196826395732,143.66896943351847,0.96,901.7438034672289,865.6740513285397,36.06975213868919,1.0,0.0,-0.0,0.16596196826376095,143.66896943335126,0.96,901.7438034672464,865.6740513285565,36.069752138689886,1.0,0.0,-0.0,0.16092278998037524,130.13051944326963,0.96,842.3457263983763,808.6518973424412,33.69382905593508,,,,939.3717349881072,2540.0,2349.5,190.5,2540.0,0.0,1.0,-0.0,-0.0,0.39981772078659594,234.8429337470268,0.925,635.0,587.375,47.625,1.0,0.0,-0.0,0.39981772078659594,234.8429337470268,0.925,635.0,587.375,47.625,1.0,0.0,-0.0,0.39981772078659594,234.8429337470268,0.925,635.0,587.375,47.625,1.0,0.0,-0.0,0.39981772078659594,234.8429337470268,0.925,635.0,587.375,47.625,1.0,,,0.101,237.29950000000002,2349.5,2349.5,0.0,72.8345,-0.0,,,296.3333333333333,0.0,127.42333333312622,4.0,1594.1396932982466,0.0,-0.0,0.0,161.96459283910184
134,1,135,0.1016,0.0,1594.1396932982473,,,,0,0.0,1,2645.8333333333335,2645.8333333333335,0.0,423.3333333333333,87.8416666666497,0.0,,,417.46845831014,2645.8333333333335,2540.0,105.83333333333333,2645.8333333333335,0.0,1.0,0.0,-0.0,0.16596196826395684,143.66896943351747,0.96,901.7438034672252,865.6740513285362,36.06975213868904,1.0,0.0,-0.0,0.1659619682637605,143.66896943335027,0.96,901.7438034672427,865.674051328553,36.06975213868974,1.0,0.0,-0.0,0.16092278998037784,130.13051944327233,0.96,842.3457263983802,808.651897342445,33.69382905593524,,,,939.3717349881072,2540.0,2349.5,190.5,2540.0,0.0,1.0,-0.0,-0.0,0.39981772078659594,234.8429337470268,0.925,635.0,587.375,47.625,1.0,0.0,-0.0,0.39981772078659594,234.8429337470268,0.925,635.0,587.375,47.625,1.0,0.0,-0.0,0.39981772078659594,234.8429337470268,0.925,635.0,587.375,47.625,1.0,0.0,-0.0,0.39981772078659594,234.8429337470268,0.925,635.0,587.375,47.625,1.0,,,0.101,237.29950000000002,2349.5,2349.5,0.0,72.8345,-0.0,,,296.3333333333333,0.0,127.4233333331248,4.0,1594.1396932982473,0.0,-0.0,0.0,161.96459283910193
135,1,136,0.1016,0.0,1594.1396932982482,,,,0,0.0,1,2645.8333333333335,2645.8333333333335,0.0,423.3333333333333,87.84166666664957,0.0,,,417.46845831014093,2645.8333333333335,2540.0,105.83333333333333,2645.8333333333335,0.0,1.0,0.0,-0.0,0.1659619682639564,143.66896943351645,0.96,901.7438034672211,865.6740513285323,36.06975213868888,1.0,0.0,-0.0,0.16596196826376014,143.66896943334933,0.96,901.7438034672386,865.6740513285491,36.06975213868958,1.0,0.0,-0.0,0.16092278998038057,130.13051944327515,0.96,842.345726398384,808.6518973424487,33.69382905593539,,,,939.3717349881072,2540.0,2349.5,190.5,2540.0,0.0,1.0,-0.0,-0.0,0.39981772078659594,234.8429337470268,0.925,635.0,587.375,47.625,1.0,0.0,-0.0,0.39981772078659594,234.8429337470268,0.925,635.0,587.375,47.625,1.0,0.0,-0.0,0.39981772078659594,234.8429337470268,0.925,635.0,587.375,47.625,1.0,0.0,-0.0,0.39981772078659594,234.8429337470268,0.925,635.0,587.375,47.625,1.0,,,0.101,237.29950000000002,2349.5,2349.5,0.0,72.8345,-0.0,,,296.3333333333333,0.0,127.42333333312276,4.0,1594.1396932982482,0.0,-0.0,0.0,161.964592839102
136,1,137,0.1016,0.0,1594.1396932982484,,,,0,0.0,1,2645.8333333333335,2645.8333333333335,0.0,423.3333333333333,87.84166666664956,0.0,,,417.46845831014116,2645.8333333333335,2540.0,105.83333333333333,2645.8333333333335,0.0,1.0,0.0,-0.0,0.16596196826395593,143.66896943351537,0.96,901.743803467217,865.6740513285283,36.06975213868871,1.0,0.0,-0.0,0.1659619682637597,143.66896943334828,0.96,901.7438034672346,865.6740513285451,36.06975213868942,1.0,0.0,-0.0,0.16092278998038292,130.13051944327754,0.96,842.3457263983872,808.6518973424517,33.69382905593552,,,,939.3717349881072,2540.0,2349.5,190.5,2540.0,0.0,1.0,-0.0,-0.0,0.39981772078659594,234.8429337470268,0.925,635.0,587.375,47.625,1.0,0.0,-0.0,0.39981772078659594,234.8429337470268,0.925,635.0,587.375,47.625,1.0,0.0,-0.0,0.39981772078659594,234.8429337470268,0.925,635.0,587.375,47.625,1.0,0.0,-0.0,0.39981772078659594,234.8429337470268,0.925,635.0,587.375,47.625,1.0,,,0.101,237.29950000000002,2349.5,2349.5,0.0,72.8345,-0.0,,,296.3333333333333,0.0,127.42333333312072,4.0,1594.1396932982484,0.0,-0.0,0.0,161.96459283910204
137,1,138,0.13994,0.0,1594.1396932982502,,,,0,0.0,1,2645.8333333333335,2645.8333333333335,0.0,423.3333333333333,87.84166666664919,0.0,,,417.46845831014303,2645.8333333333335,2540.0,105.83333333333333,2645.8333333333335,0.0,1.0,0.0,-0.0,0.16596196826395532,143.66896943351415,0.96,901.7438034672127,865.6740513285242,36.06975213868854,1.0,0.0,-0.0,0.16596196826375936,143.6689694333473,0.96,901.7438034672302,865.6740513285409,36.06975213868924,1.0,0.0,-0.0,0.16092278998038673,130.13051944328157,0.96,842.3457263983936,808.6518973424578,33.69382905593577,,,,939.3717349881072,2540.0,2349.5,190.5,2540.0,0.0,1.0,-0.0,-0.0,0.39981772078659594,234.8429337470268,0.925,635.0,587.375,47.625,1.0,0.0,-0.0,0.39981772078659594,234.8429337470268,0.925,635.0,587.375,47.625,1.0,0.0,-0.0,0.39981772078659594,234.8429337470268,0.925,635.0,587.375,47.625,1.0,0.0,-0.0,0.39981772078659594,234.8429337470268,0.925,635.0,587.375,47.625,1.0,,,0.101,237.29950000000002,2349.5,2349.5,0.0,72.8345,-0.0,,,296.3333333333333,0.0,127.42333333311971,4.0,1594.1396932982502,0.0,-0.0,0.0,223.08390868015715
138,1,139,0.13994,0.0,1594.1396932982516,,,,0,0.0,1,2645.8333333333335,2645.8333333333335,0.0,423.3333333333333,87.84166666664917,0.0,,,417.4684583101443,2645.8333333333335,2540.0,105.83333333333333,2645.8333333333335,0.0,1.0,0.0,-0.0,0.16596196826395462,143.66896943351256,0.96,901.7438034672066,865.6740513285183,36.069752138688294,1.0,0.0,-0.0,0.16596196826375886,143.66896943334623,0.96,901.7438034672261,865.6740513285371,36.069752138689076,1.0,0.0,-0.0,0.16092278998039067,130.1305194432855,0.96,842.3457263983981,808.6518973424622,33.69382905593596,,,,939.3717349881072,2540.0,2349.5,190.5,2540.0,0.0,1.0,-0.0,-0.0,0.39981772078659594,234.8429337470268,0.925,635.0,587.375,47.625,1.0,0.0,-0.0,0.39981772078659594,234.8429337470268,0.925,635.0,587.375,47.625,1.0,0.0,-0.0,0.39981772078659594,234.8429337470268,0.925,635.0,587.375,47.625,1.0,0.0,-0.0,0.39981772078659594,234.8429337470268,0.925,635.0,587.375,47.625,1.0,,,0.101,237.29950000000002,2349.5,2349.5,0.0,72.8345,-0.0,,,296.3333333333333,0.0,127.42333333311727,4.0,1594.1396932982516,0.0,-0.0,0.0,223.08390868015735
139,1,140,0.13994,0.0,1594.139693298252,,,,0,0.0,1,2645.8333333333335,2645.8333333333335,0.0,423.3333333333333,87.84166666664879,0.0,,,417.4684583101448,2645.8333333333335,2540.0,105.83333333333333,2645.8333333333335,0.0,1.0,0.0,-0.0,0.16596196826395382,143.66896943351077,0.96,901.7438034671995,865.6740513285115,36.06975213868802,1.0,0.0,-0.0,0.16596196826375814,143.66896943334444,0.96,901.7438034672189,865.67405132853,36.069752138688784,1.0,0.0,-0.0,0.1609227899803946,130.1305194432896,0.96,842.3457263984043,808.651897342468,33.6938290559362,,,,939.3717349881072,2540.0,2349.5,190.5,2540.0,0.0,1.0,-0.0,-0.0,0.39981772078659594,234.8429337470268,0.925,635.0,587.375,47.625,1.0,0.0,-0.0,0.39981772078659594,234.8429337470268,0.925,635.0,587.375,47.625,1.0,0.0,-0.0,0.39981772078659594,234.8429337470268,0.925,635.0,587.375,47.625,1.0,0.0,-0.0,0.39981772078659594,234.8429337470268,0.925,635.0,587.375,47.625,1.0,,,0.101,237.29950000000002,2349.5,2349.5,0.0,72.8345,-0.0,,,296.3333333333333,0.0,127.4233333331138,4.0,1594.139693298252,0.0,-0.0,0.0,223.0839086801574
140,1,141,0.13994,0.0,1594.1396932982527,,,,0,0.0,1,2645.8333333333335,2645.8333333333335,0.0,423.3333333333333,87.84166666664865,0.0,,,417.46845831014554,2645.8333333333335,2540.0,105.83333333333333,2645.8333333333335,0.0,1.0,0.0,-0.0,0.16596196826395326,143.6689694335096,0.96,901.7438034671952,865.6740513285074,36.06975213868784,1.0,0.0,-0.0,0.16596196826375775,143.66896943334342,0.96,901.7438034672145,865.6740513285259,36.069752138688614,1.0,0.0,-0.0,0.16092278998039744,130.13051944329248,0.96,842.3457263984081,808.6518973424718,33.693829055936355,,,,939.3717349881072,2540.0,2349.5,190.5,2540.0,0.0,1.0,-0.0,-0.0,0.39981772078659594,234.8429337470268,0.925,635.0,587.375,47.625,1.0,0.0,-0.0,0.39981772078659594,234.8429337470268,0.925,635.0,587.375,47.625,1.0,0.0,-0.0,0.39981772078659594,234.8429337470268,0.925,635.0,587.375,47.625,1.0,0.0,-0.0,0.39981772078659594,234.8429337470268,0.925,635.0,587.375,47.625,1.0,,,0.101,237.29950000000002,2349.5,2349.5,0.0,72.8345,-0.0,,,296.3333333333333,0.0,127.42333333311156,4.0,1594.1396932982527,0.0,-0.0,0.0,223.0839086801575
141,1,142,0.13994,0.0,1594.139693298253,,,,0,0.0,1,2645.8333333333335,2645.8333333333335,0.0,423.3333333333333,87.8416666666485,0.0,,,417.46845831014576,2645.8333333333335,2540.0,105.83333333333333,2645.8333333333335,0.0,1.0,0.0,-0.0,0.16596196826395265,143.66896943350812,0.96,901.7438034671893,865.6740513285017,36.069752138687605,1.0,0.0,-0.0,0.1659619682637573,143.6689694333424,0.96,901.7438034672105,865.674051328522,36.06975213868845,1.0,0.0,-0.0,0.16092278998040008,130.1305194432952,0.96,842.345726398412,808.6518973424755,33.69382905593651,,,,939.3717349881072,2540.0,2349.5,190.5,2540.0,0.0,1.0,-0.0,-0.0,0.39981772078659594,234.8429337470268,0.925,635.0,587.375,47.625,1.0,0.0,-0.0,0.39981772078659594,234.8429337470268,0.925,635.0,587.375,47.625,1.0,0.0,-0.0,0.39981772078659594,234.8429337470268,0.925,635.0,587.375,47.625,1.0,0.0,-0.0,0.39981772078659594,234.8429337470268,0.925,635.0,587.375,47.625,1.0,,,0.101,237.29950000000002,2349.5,2349.5,0.0,72.8345,-0.0,,,296.3333333333333,0.0,127.42333333310911,4.0,1594.139693298253,0.0,-0.0,0.0,223.08390868015752
142,1,143,0.1016,0.0,1594.1396932982548,,,,0,0.0,1,2645.8333333333335,2645.8333333333335,0.0,423.3333333333333,87.84166666664818,0.0,,,417.46845831014764,2645.8333333333335,2540.0,105.83333333333333,2645.8333333333335,0.0,1.0,0.0,-0.0,0.16596196826395176,143.66896943350616,0.96,901.7438034671818,865.6740513284946,36.069752138687306,1.0,0.0,-0.0,0.1659619682637566,143.66896943334058,0.96,901.743803467203,865.6740513285148,36.06975213868815,1.0,0.0,-0.0,0.16092278998040555,130.13051944330087,0.96,842.34572639842,808.6518973424832,33.69382905593683,,,,939.3717349881072,2540.0,2349.5,190.5,2540.0,0.0,1.0,-0.0,-0.0,0.39981772078659594,234.8429337470268,0.925,635.0,587.375,47.625,1.0,0.0,-0.0,0.39981772078659594,234.8429337470268,0.925,635.0,587.375,47.625,1.0,0.0,-0.0,0.39981772078659594,234.8429337470268,0.925,635.0,587.375,47.625,1.0,0.0,-0.0,0.39981772078659594,234.8429337470268,0.925,635.0,587.375,47.625,1.0,,,0.101,237.29950000000002,2349.5,2349.5,0.0,72.8345,-0.0,,,296.3333333333333,0.0,127.42333333310606,4.0,1594.1396932982548,0.0,-0.0,0.0,161.96459283910266
143,1,144,0.1016,0.0,1594.139693298255,,,,0,0.0,1,2645.8333333333335,2645.8333333333335,0.0,423.3333333333333,87.84166666664784,0.0,,,417.46845831014775,2645.8333333333335,2540.0,105.83333333333333,2645.8333333333335,0.0,1.0,0.0,-0.0,0.16596196826395093,143.66896943350417,0.96,901.7438034671738,865.6740513284868,36.06975213868699,1.0,0.0,-0.0,0.16596196826375614,143.6689694333394,0.96,901.7438034671982,865.6740513285102,36.06975213868796,1.0,0.0,-0.0,0.16092278998040868,130.1305194433041,0.96,842.3457263984245,808.6518973424875,33.69382905593701,,,,939.3717349881072,2540.0,2349.5,190.5,2540.0,0.0,1.0,-0.0,-0.0,0.39981772078659594,234.8429337470268,0.925,635.0,587.375,47.625,1.0,0.0,-0.0,0.39981772078659594,234.8429337470268,0.925,635.0,587.375,47.625,1.0,0.0,-0.0,0.39981772078659594,234.8429337470268,0.925,635.0,587.375,47.625,1.0,0.0,-0.0,0.39981772078659594,234.8429337470268,0.925,635.0,587.375,47.625,1.0,,,0.101,237.29950000000002,2349.5,2349.5,0.0,72.8345,-0.0,,,296.3333333333333,0.0,127.42333333310242,4.0,1594.139693298255,0.0,-0.0,0.0,161.9645928391027
144,1,145,0.1016,0.0,1594.1396932982584,,,,0,0.0,1,2645.8333333333335,2645.8333333333335,0.0,423.3333333333333,87.84166666664787,0.0,,,417.46845831015116,2645.8333333333335,2540.0,105.83333333333333,2645.8333333333335,0.0,1.0,0.0,-0.0,0.1659619682639503,143.66896943350284,0.96,901.7438034671688,865.674051328482,36.06975213868679,1.0,0.0,-0.0,0.1659619682637557,143.66896943333828,0.96,901.7438034671934,865.6740513285056,36.06975213868777,1.0,0.0,-0.0,0.16092278998041454,130.13051944331008,0.96,842.3457263984325,808.6518973424951,33.69382905593733,,,,939.3717349881072,2540.0,2349.5,190.5,2540.0,0.0,1.0,-0.0,-0.0,0.39981772078659594,234.8429337470268,0.925,635.0,587.375,47.625,1.0,0.0,-0.0,0.39981772078659594,234.8429337470268,0.925,635.0,587.375,47.625,1.0,0.0,-0.0,0.39981772078659594,234.8429337470268,0.925,635.0,587.375,47.625,1.0,0.0,-0.0,0.39981772078659594,234.8429337470268,0.925,635.0,587.375,47.625,1.0,,,0.101,237.29950000000002,2349.5,2349.5,0.0,72.8345,-0.0,,,296.3333333333333,0.0,127.42333333310178,4.0,1594.1396932982584,0.0,-0.0,0.0,161.96459283910303
145,1,146,0.1016,0.0,1594.1396932982593,,,,0,0.0,1,2645.8333333333335,2645.8333333333335,0.0,423.3333333333333,87.84166666664773,0.0,,,417.4684583101521,2645.8333333333335,2540.0,105.83333333333333,2645.8333333333335,0.0,1.0,0.0,-0.0,0.16596196826394977,143.66896943350167,0.96,901.7438034671645,865.674051328478,36.06975213868661,1.0,0.0,-0.0,0.1659619682637552,143.66896943333717,0.96,901.7438034671891,865.6740513285015,36.0697521386876,1.0,0.0,-0.0,0.16092278998041756,130.1305194433132,0.96,842.3457263984368,808.6518973424993,33.6938290559375,,,,939.3717349881072,2540.0,2349.5,190.5,2540.0,0.0,1.0,-0.0,-0.0,0.39981772078659594,234.8429337470268,0.925,635.0,587.375,47.625,1.0,0.0,-0.0,0.39981772078659594,234.8429337470268,0.925,635.0,587.375,47.625,1.0,0.0,-0.0,0.39981772078659594,234.8429337470268,0.925,635.0,587.375,47.625,1.0,0.0,-0.0,0.39981772078659594,234.8429337470268,0.925,635.0,587.375,47.625,1.0,,,0.101,237.29950000000002,2349.5,2349.5,0.0,72.8345,-0.0,,,296.3333333333333,0.0,127.42333333309995,4.0,1594.1396932982593,0.0,-0.0,0.0,161.96459283910315
146,1,147,0.1016,0.0,1594.1396932982602,,,,0,0.0,1,2645.8333333333335,2645.8333333333335,0.0,423.3333333333333,87.8416666666475,0.0,,,417.4684583101531,2645.8333333333335,2540.0,105.83333333333333,2645.8333333333335,0.0,1.0,0.0,-0.0,0.16596196826394924,143.66896943350054,0.96,901.7438034671602,865.6740513284738,36.06975213868644,1.0,0.0,-0.0,0.16596196826375478,143.6689694333361,0.96,901.7438034671848,865.6740513284973,36.06975213868742,1.0,0.0,-0.0,0.1609227899804207,130.13051944331644,0.96,842.3457263984413,808.6518973425036,33.693829055937684,,,,939.3717349881072,2540.0,2349.5,190.5,2540.0,0.0,1.0,-0.0,-0.0,0.39981772078659594,234.8429337470268,0.925,635.0,587.375,47.625,1.0,0.0,-0.0,0.39981772078659594,234.8429337470268,0.925,635.0,587.375,47.625,1.0,0.0,-0.0,0.39981772078659594,234.8429337470268,0.925,635.0,587.375,47.625,1.0,0.0,-0.0,0.39981772078659594,234.8429337470268,0.925,635.0,587.375,47.625,1.0,,,0.101,237.29950000000002,2349.5,2349.5,0.0,72.8345,-0.0,,,296.3333333333333,0.0,127.42333333309811,4.0,1594.1396932982602,0.0,-0.0,0.0,161.96459283910323
147,1,148,0.1016,0.0,1594.1396932982614,,,,0,0.0,1,2645.8333333333335,2645.8333333333335,0.0,423.3333333333333,87.8416666666473,0.0,,,417.46845831015406,2645.8333333333335,2540.0,105.83333333333333,2645.8333333333335,0.0,1.0,0.0,-0.0,0.16596196826394866,143.66896943349926,0.96,901.7438034671554,865.6740513284692,36.06975213868625,1.0,0.0,-0.0,0.16596196826375428,143.66896943333492,0.96,901.74380346718,865.6740513284927,36.06975213868723,1.0,0.0,-0.0,0.160922789980424,130.13051944331988,0.96,842.3457263984463,808.6518973425085,33.69382905593788,,,,939.3717349881072,2540.0,2349.5,190.5,2540.0,0.0,1.0,-0.0,-0.0,0.39981772078659594,234.8429337470268,0.925,635.0,587.375,47.625,1.0,0.0,-0.0,0.39981772078659594,234.8429337470268,0.925,635.0,587.375,47.625,1.0,0.0,-0.0,0.39981772078659594,234.8429337470268,0.925,635.0,587.375,47.625,1.0,0.0,-0.0,0.39981772078659594,234.8429337470268,0.925,635.0,587.375,47.625,1.0,,,0.101,237.29950000000002,2349.5,2349.5,0.0,72.8345,-0.0,,,296.3333333333333,0.0,127.42333333309628,4.0,1594.1396932982614,0.0,-0.0,0.0,161.96459283910335
148,1,149,0.1016,0.0,1594.1396932982618,,,,0,0.0,1,2645.8333333333335,2645.8333333333335,0.0,423.3333333333333,87.84166666664694,0.0,,,417.4684583101546,2645.8333333333335,2540.0,105.83333333333333,2645.8333333333335,0.0,1.0,0.0,-0.0,0.16596196826394793,143.66896943349758,0.96,901.7438034671488,865.6740513284628,36.069752138685985,1.0,0.0,-0.0,0.16596196826375367,143.66896943333333,0.96,901.7438034671734,865.6740513284864,36.069752138686965,1.0,0.0,-0.0,0.16092278998042767,130.13051944332366,0.96,842.3457263984516,808.6518973425135,33.693829055938096,,,,939.3717349881072,2540.0,2349.5,190.5,2540.0,0.0,1.0,-0.0,-0.0,0.39981772078659594,234.8429337470268,0.925,635.0,587.375,47.625,1.0,0.0,-0.0,0.39981772078659594,234.8429337470268,0.925,635.0,587.375,47.625,1.0,0.0,-0.0,0.39981772078659594,234.8429337470268,0.925,635.0,587.375,47.625,1.0,0.0,-0.0,0.39981772078659594,234.8429337470268,0.925,635.0,587.375,47.625,1.0,,,0.101,237.29950000000002,2349.5,2349.5,0.0,72.8345,-0.0,,,296.3333333333333,0.0,127.42333333309261,4.0,1594.1396932982618,0.0,-0.0,0.0,161.9645928391034
149,1,150,0.1016,0.0,1594.1396932982618,,,,0,0.0,1,2645.8333333333335,2645.8333333333335,0.0,423.3333333333333,87.84166666664633,0.0,,,417.4684583101546,2645.8333333333335,2540.0,105.83333333333333,2645.8333333333335,0.0,1.0,0.0,-0.0,0.16596196826394713,143.6689694334957,0.96,901.7438034671413,865.6740513284557,36.069752138685686,1.0,0.0,-0.0,0.16596196826375265,143.66896943333083,0.96,901.7438034671632,865.6740513284766,36.06975213868656,1.0,0.0,-0.0,0.16092278998043183,130.13051944332804,0.96,842.3457263984582,808.6518973425198,33.69382905593836,,,,939.3717349881072,2540.0,2349.5,190.5,2540.0,0.0,1.0,-0.0,-0.0,0.39981772078659594,234.8429337470268,0.925,635.0,587.375,47.625,1.0,0.0,-0.0,0.39981772078659594,234.8429337470268,0.925,635.0,587.375,47.625,1.0,0.0,-0.0,0.39981772078659594,234.8429337470268,0.925,635.0,587.375,47.625,1.0,0.0,-0.0,0.39981772078659594,234.8429337470268,0.925,635.0,587.375,47.625,1.0,,,0.101,237.29950000000002,2349.5,2349.5,0.0,72.8345,-0.0,,,296.3333333333333,0.0,127.42333333308794,4.0,1594.1396932982618,0.0,-0.0,0.0,161.9645928391034
150,1,151,0.1016,0.0,1594.1396932982645,,,,0,0.0,1,2645.8333333333335,2645.8333333333335,0.0,423.3333333333333,87.84166666664628,0.0,,,417.4684583101573,2645.8333333333335,2540.0,105.83333333333333,2645.8333333333335,0.0,1.0,0.0,-0.0,0.16596196826394627,143.66896943349386,0.96,901.7438034671345,865.6740513284491,36.06975213868541,1.0,0.0,-0.0,0.165961968263752,143.66896943332924,0.96,901.7438034671568,865.6740513284705,36.069752138686304,1.0,0.0,-0.0,0.16092278998043788,130.13051944333418,0.96,842.3457263984664,808.6518973425277,33.693829055938686,,,,939.3717349881072,2540.0,2349.5,190.5,2540.0,0.0,1.0,-0.0,-0.0,0.39981772078659594,234.8429337470268,0.925,635.0,587.375,47.625,1.0,0.0,-0.0,0.39981772078659594,234.8429337470268,0.925,635.0,587.375,47.625,1.0,0.0,-0.0,0.39981772078659594,234.8429337470268,0.925,635.0,587.375,47.625,1.0,0.0,-0.0,0.39981772078659594,234.8429337470268,0.925,635.0,587.375,47.625,1.0,,,0.101,237.29950000000002,2349.5,2349.5,0.0,72.8345,-0.0,,,296.3333333333333,0.0,127.42333333308589,4.0,1594.1396932982645,0.0,-0.0,0.0,161.96459283910366
151,1,152,0.1016,0.0,1594.139693298267,,,,0,0.0,1,2645.8333333333335,2645.8333333333335,0.0,423.3333333333333,87.84166666664662,0.0,,,417.46845831015975,2645.8333333333335,2540.0,105.83333333333333,2645.8333333333335,0.0,1.0,0.0,-0.0,0.16596196826394566,143.66896943349235,0.96,901.7438034671284,865.6740513284432,36.06975213868517,1.0,0.0,-0.0,0.16596196826375142,143.66896943332776,0.96,901.7438034671507,865.6740513284645,36.069752138686056,1.0,0.0,-0.0,0.16092278998044368,130.13051944333967,0.96,842.3457263984714,808.6518973425325,33.693829055938885,,,,939.3717349881072,2540.0,2349.5,190.5,2540.0,0.0,1.0,-0.0,-0.0,0.39981772078659594,234.8429337470268,0.925,635.0,587.375,47.625,1.0,0.0,-0.0,0.39981772078659594,234.8429337470268,0.925,635.0,587.375,47.625,1.0,0.0,-0.0,0.39981772078659594,234.8429337470268,0.925,635.0,587.375,47.625,1.0,0.0,-0.0,0.39981772078659594,234.8429337470268,0.925,635.0,587.375,47.625,1.0,,,0.101,237.29950000000002,2349.5,2349.5,0.0,72.8345,-0.0,,,296.3333333333333,0.0,127.42333333308264,4.0,1594.139693298267,0.0,-0.0,0.0,161.96459283910391
152,1,153,0.1016,0.0,1594.1396932982668,,,,0,0.0,1,2645.8333333333335,2645.8333333333335,0.0,423.3333333333333,87.84166666664646,0.0,,,417.46845831015963,2645.8333333333335,2540.0,105.83333333333333,2645.8333333333335,0.0,1.0,0.0,-0.0,0.16596196826394521,143.6689694334915,0.96,901.7438034671254,865.6740513284403,36.06975213868505,1.0,0.0,-0.0,0.16596196826375098,143.66896943332657,0.96,901.7438034671457,865.6740513284598,36.06975213868586,1.0,0.0,-0.0,0.1609227899804456,130.1305194433416,0.96,842.3457263984739,808.6518973425349,33.693829055938984,,,,939.3717349881072,2540.0,2349.5,190.5,2540.0,0.0,1.0,-0.0,-0.0,0.39981772078659594,234.8429337470268,0.925,635.0,587.375,47.625,1.0,0.0,-0.0,0.39981772078659594,234.8429337470268,0.925,635.0,587.375,47.625,1.0,0.0,-0.0,0.39981772078659594,234.8429337470268,0.925,635.0,587.375,47.625,1.0,0.0,-0.0,0.39981772078659594,234.8429337470268,0.925,635.0,587.375,47.625,1.0,,,0.101,237.29950000000002,2349.5,2349.5,0.0,72.8345,-0.0,,,296.3333333333333,0.0,127.4233333330804,4.0,1594.1396932982668,0.0,-0.0,0.0,161.96459283910391
153,1,154,0.1016,0.0,1594.1396932982702,,,,0,0.0,1,2645.8333333333335,2645.8333333333335,0.0,423.3333333333333,87.84166666664574,0.0,,,417.4684583101629,2645.8333333333335,2540.0,105.83333333333333,2645.8333333333335,0.0,1.0,0.0,-0.0,0.16596196826394483,143.66896943349064,0.96,901.743803467122,865.6740513284371,36.06975213868491,1.0,0.0,-0.0,0.16596196826375037,143.66896943332523,0.96,901.7438034671404,865.6740513284548,36.06975213868565,1.0,0.0,-0.0,0.16092278998045048,130.130519443347,0.96,842.3457263984834,808.6518973425441,33.69382905593937,,,,939.3717349881072,2540.0,2349.5,190.5,2540.0,0.0,1.0,-0.0,-0.0,0.39981772078659594,234.8429337470268,0.925,635.0,587.375,47.625,1.0,0.0,-0.0,0.39981772078659594,234.8429337470268,0.925,635.0,587.375,47.625,1.0,0.0,-0.0,0.39981772078659594,234.8429337470268,0.925,635.0,587.375,47.625,1.0,0.0,-0.0,0.39981772078659594,234.8429337470268,0.925,635.0,587.375,47.625,1.0,,,0.101,237.29950000000002,2349.5,2349.5,0.0,72.8345,-0.0,,,296.3333333333333,0.0,127.4233333330808,4.0,1594.1396932982702,0.0,-0.0,0.0,161.96459283910426
154,1,155,0.1016,0.0,1594.1396932982698,,,,0,0.0,1,2645.8333333333335,2645.8333333333335,0.0,423.3333333333333,87.84166666664548,0.0,,,417.4684583101625,2645.8333333333335,2540.0,105.83333333333333,2645.8333333333335,0.0,1.0,0.0,-0.0,0.1659619682639441,143.668969433489,0.96,901.7438034671156,865.674051328431,36.069752138684656,1.0,0.0,-0.0,0.1659619682637491,143.668969433322,0.96,901.743803467127,865.6740513284419,36.06975213868511,1.0,0.0,-0.0,0.16092278998045492,130.1305194433515,0.96,842.3457263984891,808.6518973425495,33.693829055939595,,,,939.3717349881072,2540.0,2349.5,190.5,2540.0,0.0,1.0,-0.0,-0.0,0.39981772078659594,234.8429337470268,0.925,635.0,587.375,47.625,1.0,0.0,-0.0,0.39981772078659594,234.8429337470268,0.925,635.0,587.375,47.625,1.0,0.0,-0.0,0.39981772078659594,234.8429337470268,0.925,635.0,587.375,47.625,1.0,0.0,-0.0,0.39981772078659594,234.8429337470268,0.925,635.0,587.375,47.625,1.0,,,0.101,237.29950000000002,2349.5,2349.5,0.0,72.8345,-0.0,,,296.3333333333333,0.0,127.4233333330747,4.0,1594.1396932982698,0.0,-0.0,0.0,161.9645928391042
155,1,156,0.1016,0.0,1594.139693298271,,,,0,0.0,1,2645.8333333333335,2645.8333333333335,0.0,423.3333333333333,87.8416666666451,0.0,,,417.46845831016367,2645.8333333333335,2540.0,105.83333333333333,2645.8333333333335,0.0,1.0,0.0,-0.0,0.16596196826394344,143.6689694334875,0.96,901.74380346711,865.6740513284255,36.06975213868443,1.0,0.0,-0.0,0.16596196826374834,143.66896943332014,0.96,901.7438034671197,865.6740513284349,36.06975213868482,1.0,0.0,-0.0,0.1609227899804593,130.130519443356,0.96,842.3457263984955,808.6518973425556,33.69382905593985,,,,939.3717349881072,2540.0,2349.5,190.5,2540.0,0.0,1.0,-0.0,-0.0,0.39981772078659594,234.8429337470268,0.925,635.0,587.375,47.625,1.0,0.0,-0.0,0.39981772078659594,234.8429337470268,0.925,635.0,587.375,47.625,1.0,0.0,-0.0,0.39981772078659594,234.8429337470268,0.925,635.0,587.375,47.625,1.0,0.0,-0.0,0.39981772078659594,234.8429337470268,0.925,635.0,587.375,47.625,1.0,,,0.101,237.29950000000002,2349.5,2349.5,0.0,72.8345,-0.0,,,296.3333333333333,0.0,127.42333333307184,4.0,1594.139693298271,0.0,-0.0,0.0,161.9645928391043
156,1,157,0.1016,0.0,1594.1396932982716,,,,0,0.0,1,2645.8333333333335,2645.8333333333335,0.0,423.3333333333333,87.84166666664488,0.0,,,417.4684583101644,2645.8333333333335,2540.0,105.83333333333333,2645.8333333333335,0.0,1.0,0.0,-0.0,0.1659619682639425,143.66896943348544,0.96,901.7438034671022,865.6740513284182,36.06975213868412,1.0,0.0,-0.0,0.16596196826374773,143.66896943331864,0.96,901.7438034671134,865.6740513284288,36.069752138684564,1.0,0.0,-0.0,0.16092278998046353,130.13051944336036,0.96,842.3457263985014,808.6518973425613,33.693829055940085,,,,939.3717349881072,2540.0,2349.5,190.5,2540.0,0.0,1.0,-0.0,-0.0,0.39981772078659594,234.8429337470268,0.925,635.0,587.375,47.625,1.0,0.0,-0.0,0.39981772078659594,234.8429337470268,0.925,635.0,587.375,47.625,1.0,0.0,-0.0,0.39981772078659594,234.8429337470268,0.925,635.0,587.375,47.625,1.0,0.0,-0.0,0.39981772078659594,234.8429337470268,0.925,635.0,587.375,47.625,1.0,,,0.101,237.29950000000002,2349.5,2349.5,0.0,72.8345,-0.0,,,296.3333333333333,0.0,127.42333333306817,4.0,1594.1396932982716,0.0,-0.0,0.0,161.9645928391044
157,1,158,0.1016,0.0,1594.139693298273,,,,0,0.0,1,2645.8333333333335,2645.8333333333335,0.0,423.3333333333333,87.84166666664451,0.0,,,417.4684583101656,2645.8333333333335,2540.0,105.83333333333333,2645.8333333333335,0.0,1.0,0.0,-0.0,0.16596196826394183,143.66896943348397,0.96,901.7438034670965,865.6740513284127,36.069752138683896,1.0,0.0,-0.0,0.16596196826374685,143.66896943331653,0.96,901.743803467105,865.6740513284208,36.06975213868423,1.0,0.0,-0.0,0.16092278998046808,130.13051944336505,0.96,842.345726398508,808.6518973425676,33.69382905594035,,,,939.3717349881072,2540.0,2349.5,190.5,2540.0,0.0,1.0,-0.0,-0.0,0.39981772078659594,234.8429337470268,0.925,635.0,587.375,47.625,1.0,0.0,-0.0,0.39981772078659594,234.8429337470268,0.925,635.0,587.375,47.625,1.0,0.0,-0.0,0.39981772078659594,234.8429337470268,0.925,635.0,587.375,47.625,1.0,0.0,-0.0,0.39981772078659594,234.8429337470268,0.925,635.0,587.375,47.625,1.0,,,0.101,237.29950000000002,2349.5,2349.5,0.0,72.8345,-0.0,,,296.3333333333333,0.0,127.42333333306512,4.0,1594.139693298273,0.0,-0.0,0.0,161.96459283910454
158,1,159,0.1016,0.0,1594.1396932982748,,,,0,0.0,1,2645.8333333333335,2645.8333333333335,0.0,423.3333333333333,87.84166666664431,0.0,,,417.4684583101674,2645.8333333333335,2540.0,105.83333333333333,2645.8333333333335,0.0,1.0,0.0,-0.0,0.16596196826394122,143.66896943348243,0.96,901.7438034670902,865.6740513284066,36.06975213868364,1.0,0.0,-0.0,0.1659619682637462,143.66896943331489,0.96,901.7438034670981,865.6740513284142,36.06975213868396,1.0,0.0,-0.0,0.160922789980473,130.13051944337008,0.96,842.345726398515,808.6518973425743,33.69382905594063,,,,939.3717349881072,2540.0,2349.5,190.5,2540.0,0.0,1.0,-0.0,-0.0,0.39981772078659594,234.8429337470268,0.925,635.0,587.375,47.625,1.0,0.0,-0.0,0.39981772078659594,234.8429337470268,0.925,635.0,587.375,47.625,1.0,0.0,-0.0,0.39981772078659594,234.8429337470268,0.925,635.0,587.375,47.625,1.0,0.0,-0.0,0.39981772078659594,234.8429337470268,0.925,635.0,587.375,47.625,1.0,,,0.101,237.29950000000002,2349.5,2349.5,0.0,72.8345,-0.0,,,296.3333333333333,0.0,127.42333333306247,4.0,1594.1396932982748,0.0,-0.0,0.0,161.9645928391047
159,1,160,0.1016,0.0,1594.1396932982755,,,,0,0.0,1,2645.8333333333335,2645.8333333333335,0.0,423.3333333333333,87.84166666664429,0.0,,,417.4684583101683,2645.8333333333335,2540.0,105.83333333333333,2645.8333333333335,0.0,1.0,0.0,-0.0,0.16596196826394033,143.66896943348056,0.96,901.7438034670834,865.6740513284,36.06975213868336,1.0,0.0,-0.0,0.16596196826374549,143.66896943331312,0.96,901.7438034670911,865.6740513284074,36.069752138683675,1.0,0.0,-0.0,0.16092278998047743,130.13051944337457,0.96,842.3457263985207,808.6518973425798,33.69382905594086,,,,939.3717349881072,2540.0,2349.5,190.5,2540.0,0.0,1.0,-0.0,-0.0,0.39981772078659594,234.8429337470268,0.925,635.0,587.375,47.625,1.0,0.0,-0.0,0.39981772078659594,234.8429337470268,0.925,635.0,587.375,47.625,1.0,0.0,-0.0,0.39981772078659594,234.8429337470268,0.925,635.0,587.375,47.625,1.0,0.0,-0.0,0.39981772078659594,234.8429337470268,0.925,635.0,587.375,47.625,1.0,,,0.101,237.29950000000002,2349.5,2349.5,0.0,72.8345,-0.0,,,296.3333333333333,0.0,127.4233333330588,4.0,1594.1396932982755,0.0,-0.0,0.0,161.96459283910477
160,1,161,0.1016,0.0,1594.1396932982766,,,,0,0.0,1,2645.8333333333335,2645.8333333333335,0.0,423.3333333333333,87.84166666664395,0.0,,,417.46845831016947,2645.8333333333335,2540.0,105.83333333333333,2645.8333333333335,0.0,1.0,0.0,-0.0,0.16596196826393972,143.66896943347916,0.96,901.7438034670779,865.6740513283947,36.06975213868315,1.0,0.0,-0.0,0.16596196826374474,143.66896943331128,0.96,901.7438034670836,865.6740513284002,36.06975213868338,1.0,0.0,-0.0,0.16092278998048173,130.13051944337906,0.96,842.3457263985273,808.6518973425862,33.69382905594112,,,,939.3717349881072,2540.0,2349.5,190.5,2540.0,0.0,1.0,-0.0,-0.0,0.39981772078659594,234.8429337470268,0.925,635.0,587.375,47.625,1.0,0.0,-0.0,0.39981772078659594,234.8429337470268,0.925,635.0,587.375,47.625,1.0,0.0,-0.0,0.39981772078659594,234.8429337470268,0.925,635.0,587.375,47.625,1.0,0.0,-0.0,0.39981772078659594,234.8429337470268,0.925,635.0,587.375,47.625,1.0,,,0.101,237.29950000000002,2349.5,2349.5,0.0,72.8345,-0.0,,,296.3333333333333,0.0,127.42333333305616,4.0,1594.1396932982766,0.0,-0.0,0.0,161.9645928391049
161,1,162,0.13994,0.0,1594.1396932982816,,,,0,0.0,1,2645.8333333333335,2645.8333333333335,0.0,423.3333333333333,87.84166666664417,0.0,,,417.46845831017447,2645.8333333333335,2540.0,105.83333333333333,2645.8333333333335,0.0,1.0,0.0,-0.0,0.16596196826393905,143.66896943347763,0.96,901.7438034670718,865.6740513283888,36.0697521386829,1.0,0.0,-0.0,0.16596196826374415,143.66896943330983,0.96,901.7438034670774,865.6740513283943,36.06975213868313,1.0,0.0,-0.0,0.16092278998048964,130.13051944338702,0.96,842.3457263985372,808.6518973425957,33.693829055941514,,,,939.3717349881072,2540.0,2349.5,190.5,2540.0,0.0,1.0,-0.0,-0.0,0.39981772078659594,234.8429337470268,0.925,635.0,587.375,47.625,1.0,0.0,-0.0,0.39981772078659594,234.8429337470268,0.925,635.0,587.375,47.625,1.0,0.0,-0.0,0.39981772078659594,234.8429337470268,0.925,635.0,587.375,47.625,1.0,0.0,-0.0,0.39981772078659594,234.8429337470268,0.925,635.0,587.375,47.625,1.0,,,0.101,237.29950000000002,2349.5,2349.5,0.0,72.8345,-0.0,,,296.3333333333333,0.0,127.42333333305514,4.0,1594.1396932982816,0.0,-0.0,0.0,223.08390868016153
162,1,163,0.13994,0.0,1594.1396932982823,,,,0,0.0,1,2645.8333333333335,2645.8333333333335,0.0,423.3333333333333,87.84166666664422,0.0,,,417.46845831017504,2645.8333333333335,2540.0,105.83333333333333,2645.8333333333335,0.0,1.0,0.0,-0.0,0.16596196826393844,143.66896943347635,0.96,901.743803467067,865.6740513283843,36.06975213868271,1.0,0.0,-0.0,0.16596196826374368,143.66896943330863,0.96,901.7438034670727,865.6740513283897,36.06975213868294,1.0,0.0,-0.0,0.16092278998049275,130.1305194433901,0.96,842.345726398541,808.6518973425993,33.69382905594167,,,,939.3717349881072,2540.0,2349.5,190.5,2540.0,0.0,1.0,-0.0,-0.0,0.39981772078659594,234.8429337470268,0.925,635.0,587.375,47.625,1.0,0.0,-0.0,0.39981772078659594,234.8429337470268,0.925,635.0,587.375,47.625,1.0,0.0,-0.0,0.39981772078659594,234.8429337470268,0.925,635.0,587.375,47.625,1.0,0.0,-0.0,0.39981772078659594,234.8429337470268,0.925,635.0,587.375,47.625,1.0,,,0.101,237.29950000000002,2349.5,2349.5,0.0,72.8345,-0.0,,,296.3333333333333,0.0,127.4233333330529,4.0,1594.1396932982823,0.0,-0.0,0.0,223.08390868016164
163,1,164,0.13994,0.0,1594.1396932982839,,,,0,0.0,1,2645.8333333333335,2645.8333333333335,0.0,423.3333333333333,87.841666666644,0.0,,,417.4684583101765,2645.8333333333335,2540.0,105.83333333333333,2645.8333333333335,0.0,1.0,0.0,-0.0,0.16596196826393805,143.66896943347544,0.96,901.7438034670636,865.674051328381,36.069752138682574,1.0,0.0,-0.0,0.16596196826374343,143.66896943330786,0.96,901.7438034670693,865.6740513283864,36.0697521386828,1.0,0.0,-0.0,0.1609227899804957,130.1305194433932,0.96,842.3457263985456,808.6518973426038,33.693829055941855,,,,939.3717349881072,2540.0,2349.5,190.5,2540.0,0.0,1.0,-0.0,-0.0,0.39981772078659594,234.8429337470268,0.925,635.0,587.375,47.625,1.0,0.0,-0.0,0.39981772078659594,234.8429337470268,0.925,635.0,587.375,47.625,1.0,0.0,-0.0,0.39981772078659594,234.8429337470268,0.925,635.0,587.375,47.625,1.0,0.0,-0.0,0.39981772078659594,234.8429337470268,0.925,635.0,587.375,47.625,1.0,,,0.101,237.29950000000002,2349.5,2349.5,0.0,72.8345,-0.0,,,296.3333333333333,0.0,127.42333333305167,4.0,1594.1396932982839,0.0,-0.0,0.0,223.08390868016187
164,1,165,0.13994,0.0,1594.1396932982857,,,,0,0.0,1,2645.8333333333335,2645.8333333333335,0.0,423.3333333333333,87.84166666664414,0.0,,,417.46845831017856,2645.8333333333335,2540.0,105.83333333333333,2645.8333333333335,0.0,1.0,0.0,-0.0,0.16596196826393733,143.66896943347388,0.96,901.7438034670577,865.6740513283753,36.06975213868234,1.0,0.0,-0.0,0.1659619682637429,143.6689694333067,0.96,901.7438034670647,865.6740513283821,36.069752138682624,1.0,0.0,-0.0,0.16092278998050055,130.13051944339796,0.96,842.345726398551,808.651897342609,33.693829055942075,,,,939.3717349881072,2540.0,2349.5,190.5,2540.0,0.0,1.0,-0.0,-0.0,0.39981772078659594,234.8429337470268,0.925,635.0,587.375,47.625,1.0,0.0,-0.0,0.39981772078659594,234.8429337470268,0.925,635.0,587.375,47.625,1.0,0.0,-0.0,0.39981772078659594,234.8429337470268,0.925,635.0,587.375,47.625,1.0,0.0,-0.0,0.39981772078659594,234.8429337470268,0.925,635.0,587.375,47.625,1.0,,,0.101,237.29950000000002,2349.5,2349.5,0.0,72.8345,-0.0,,,296.3333333333333,0.0,127.42333333304964,4.0,1594.1396932982857,0.0,-0.0,0.0,223.08390868016212
165,1,166,0.13994,0.0,1594.1396932982861,,,,0,0.0,1,2645.8333333333335,2645.8333333333335,0.0,423.3333333333333,87.84166666664385,0.0,,,417.4684583101789,2645.8333333333335,2540.0,105.83333333333333,2645.8333333333335,0.0,1.0,0.0,-0.0,0.16596196826393678,143.66896943347277,0.96,901.7438034670536,865.6740513283714,36.069752138682176,1.0,0.0,-0.0,0.1659619682637425,143.66896943330568,0.96,901.7438034670606,865.6740513283781,36.06975213868245,1.0,0.0,-0.0,0.16092278998050288,130.1305194434004,0.96,842.3457263985547,808.6518973426124,33.69382905594222,,,,939.3717349881072,2540.0,2349.5,190.5,2540.0,0.0,1.0,-0.0,-0.0,0.39981772078659594,234.8429337470268,0.925,635.0,587.375,47.625,1.0,0.0,-0.0,0.39981772078659594,234.8429337470268,0.925,635.0,587.375,47.625,1.0,0.0,-0.0,0.39981772078659594,234.8429337470268,0.925,635.0,587.375,47.625,1.0,0.0,-0.0,0.39981772078659594,234.8429337470268,0.925,635.0,587.375,47.625,1.0,,,0.101,237.29950000000002,2349.5,2349.5,0.0,72.8345,-0.0,,,296.3333333333333,0.0,127.42333333304781,4.0,1594.1396932982861,0.0,-0.0,0.0,223.08390868016218
166,1,167,0.1016,0.0,1594.1396932982966,,,,0,0.0,1,2645.8333333333335,2645.8333333333335,0.0,423.3333333333333,87.84166666665935,0.0,,,417.46845831018936,2645.8333333333335,2540.0,105.83333333333333,2645.8333333333335,0.0,1.0,0.0,0.0,0.16596196826378576,143.66896943341277,0.96,901.7438034674976,865.6740513287976,36.06975213869994,1.0,0.0,0.0,0.16596196826374376,143.66896943330886,0.96,901.7438034670736,865.6740513283906,36.06975213868297,1.0,0.0,0.0,0.16092278998055623,130.13051944346776,0.96,842.345726398557,808.6518973426147,33.69382905594231,,,,939.3717349881072,2540.0,2349.5,190.5,2540.0,0.0,1.0,-0.0,-0.0,0.39981772078659594,234.8429337470268,0.925,635.0,587.375,47.625,1.0,0.0,-0.0,0.39981772078659594,234.8429337470268,0.925,635.0,587.375,47.625,1.0,0.0,0.0,0.39981772078659594,234.8429337470268,0.925,635.0,587.375,47.625,1.0,0.0,0.0,0.39981772078659594,234.8429337470268,0.925,635.0,587.375,47.625,1.0,,,0.101,237.29950000000002,2349.5,2349.5,0.0,72.8345,-0.0,,,296.3333333333333,0.0,127.42333333324515,4.0,1594.1396932982966,0.0,-0.0,0.0,161.96459283910693
167,1,168,0.1016,0.0,1594.1396932982764,,,,0,0.0,1,2645.8333333333335,2645.8333333333335,0.0,423.3333333333333,87.841666666659,0.0,,,417.4684583101692,2645.8333333333335,2540.0,105.83333333333333,2645.8333333333335,0.0,1.0,0.0,0.0,0.16596196826375373,143.66896943338548,0.96,901.7438034675004,865.6740513288003,36.069752138700046,1.0,0.0,0.0,0.16596196826374338,143.6689694333079,0.96,901.7438034670697,865.6740513283869,36.06975213868282,1.0,0.0,0.0,0.16092278998056678,130.1305194434758,0.96,842.3457263985531,808.6518973426109,33.69382905594215,,,,939.3717349881072,2540.0,2349.5,190.5,2540.0,0.0,1.0,-0.0,-0.0,0.39981772078659594,234.8429337470268,0.925,635.0,587.375,47.625,1.0,0.0,-0.0,0.39981772078659594,234.8429337470268,0.925,635.0,587.375,47.625,1.0,0.0,0.0,0.39981772078659594,234.8429337470268,0.925,635.0,587.375,47.625,1.0,0.0,0.0,0.39981772078659594,234.8429337470268,0.925,635.0,587.375,47.625,1.0,,,0.101,237.29950000000002,2349.5,2349.5,0.0,72.8345,-0.0,,,296.3333333333333,0.0,127.42333333324294,4.0,1594.1396932982764,0.0,-0.0,0.0,161.96459283910488
