,Day,Time,LMP,peak_hour,working_hour,bypass_pretreatment_flow,power_from_grid,intake.op_mode,intake.startup,intake.shutdown,intake.energy_intensity,intake.power_consumption,intake.recovery,intake.feed_flowrate,intake.product_flowrate,intake.reject_flowrate,intake.feed_cost,intake.chemical_cost,pretreatment.op_mode,pretreatment.startup,pretreatment.shutdown,pretreatment.power_consumption,pretreatment.feed_flowrate,pretreatment.product_flowrate,pretreatment.reject_flowrate,pretreatment.inlet_flowrate,pretreatment.leftover_flow,pretreatment.uf_pumps[1].op_mode,pretreatment.uf_pumps[1].startup,pretreatment.uf_pumps[1].shutdown,pretreatment.uf_pumps[1].energy_intensity,pretreatment.uf_pumps[1].power_consumption,pretreatment.uf_pumps[1].recovery,pretreatment.uf_pumps[1].feed_flowrate,pretreatment.uf_pumps[1].product_flowrate,pretreatment.uf_pumps[1].reject_flowrate,pretreatment.uf_pumps[2].op_mode,pretreatment.uf_pumps[2].startup,pretreatment.uf_pumps[2].shutdown,pretreatment.uf_pumps[2].energy_intensity,pretreatment.uf_pumps[2].power_consumption,pretreatment.uf_pumps[2].recovery,pretreatment.uf_pumps[2].feed_flowrate,pretreatment.uf_pumps[2].product_flowrate,pretreatment.uf_pumps[2].reject_flowrate,pretreatment.uf_pumps[3].op_mode,pretreatment.uf_pumps[3].startup,pretreatment.uf_pumps[3].shutdown,pretreatment.uf_pumps[3].energy_intensity,pretreatment.uf_pumps[3].power_consumption,pretreatment.uf_pumps[3].recovery,pretreatment.uf_pumps[3].feed_flowrate,pretreatment.uf_pumps[3].product_flowrate,pretreatment.uf_pumps[3].reject_flowrate,reverse_osmosis.op_mode,reverse_osmosis.startup,reverse_osmosis.shutdown,reverse_osmosis.power_consumption,reverse_osmosis.feed_flowrate,reverse_osmosis.product_flowrate,reverse_osmosis.reject_flowrate,reverse_osmosis.inlet_flowrate,reverse_osmosis.leftover_flow,reverse_osmosis.ro_skid[1].op_mode,reverse_osmosis.ro_skid[1].startup,reverse_osmosis.ro_skid[1].shutdown,reverse_osmosis.ro_skid[1].energy_intensity,reverse_osmosis.ro_skid[1].power_consumption,reverse_osmosis.ro_skid[1].recovery,reverse_osmosis.ro_skid[1].feed_flowrate,reverse_osmosis.ro_skid[1].product_flowrate,reverse_osmosis.ro_skid[1].reject_flowrate,reverse_osmosis.ro_skid[2].op_mode,reverse_osmosis.ro_skid[2].startup,reverse_osmosis.ro_skid[2].shutdown,reverse_osmosis.ro_skid[2].energy_intensity,reverse_osmosis.ro_skid[2].power_consumption,reverse_osmosis.ro_skid[2].recovery,reverse_osmosis.ro_skid[2].feed_flowrate,reverse_osmosis.ro_skid[2].product_flowrate,reverse_osmosis.ro_skid[2].reject_flowrate,reverse_osmosis.ro_skid[3].op_mode,reverse_osmosis.ro_skid[3].startup,reverse_osmosis.ro_skid[3].shutdown,reverse_osmosis.ro_skid[3].energy_intensity,reverse_osmosis.ro_skid[3].power_consumption,reverse_osmosis.ro_skid[3].recovery,reverse_osmosis.ro_skid[3].feed_flowrate,reverse_osmosis.ro_skid[3].product_flowrate,reverse_osmosis.ro_skid[3].reject_flowrate,reverse_osmosis.ro_skid[4].op_mode,reverse_osmosis.ro_skid[4].startup,reverse_osmosis.ro_skid[4].shutdown,reverse_osmosis.ro_skid[4].energy_intensity,reverse_osmosis.ro_skid[4].power_consumption,reverse_osmosis.ro_skid[4].recovery,reverse_osmosis.ro_skid[4].feed_flowrate,reverse_osmosis.ro_skid[4].product_flowrate,reverse_osmosis.ro_skid[4].reject_flowrate,posttreatment.op_mode,posttreatment.startup,posttreatment.shutdown,posttreatment.energy_intensity,posttreatment.power_consumption,posttreatment.feed_flowrate,posttreatment.product_flowrate,posttreatment.reject_flowrate,posttreatment.chemical_cost,brine_discharge.op_mode,brine_discharge.startup,brine_discharge.shutdown,brine_discharge.feed_flowrate,brine_discharge.power_consumption,brine_discharge.brine_cost,num_skids_online,net_power_consumption,water_revenue,demand_response_revenue,emissions_cost,energy_cost
0,1,1,0.1016,0,0,0,1461.129623,,,,0,0,1,2502.176613,2502.176613,0,400.3482581,83.07226356,0,,,385.2182676,2502.176613,2402.089549,100.0870645,2502.176613,0,1,0,0,0.160674188,129.380036,0.96,838.7835803,805.2322371,33.55134321,1,0,0,0.160674188,129.380036,0.96,838.7835803,805.2322371,33.55134321,1,0,0,0.159745061,126.4581957,0.96,824.6094527,791.6250746,32.98437811,,,,851.4961388,2402.089549,2221.932833,180.1567162,2402.089549,0,1,0,0,0.383223168,212.8740347,0.925,600.5223872,555.4832081,45.03917904,1,0,0,0.383223168,212.8740347,0.925,600.5223872,555.4832081,45.03917904,1,0,0,0.383223168,212.8740347,0.925,600.5223872,555.4832081,45.03917904,1,0,0,0.383223168,212.8740347,0.925,600.5223872,555.4832081,45.03917904,1,,,0.101,224.4152161,2221.932833,2221.932833,0,68.87991781,0,,,280.2437807,0,120.5048257,4,1461.129623,0,0,0,148.4507696
1,1,2,0.1016,0,0,0,1461.129623,,,,0,0,1,2502.176613,2502.176613,0,400.3482581,83.07226356,0,,,385.2182676,2502.176613,2402.089549,100.0870645,2502.176613,0,1,0,0,0.160674188,129.380036,0.96,838.7835803,805.2322371,33.55134321,1,0,0,0.160674188,129.380036,0.96,838.7835803,805.2322371,33.55134321,1,0,0,0.159745061,126.4581957,0.96,824.6094527,791.6250746,32.98437811,,,,851.4961388,2402.089549,2221.932833,180.1567162,2402.089549,0,1,0,0,0.383223168,212.8740347,0.925,600.5223872,555.4832081,45.03917904,1,0,0,0.383223168,212.8740347,0.925,600.5223872,555.4832081,45.03917904,1,0,0,0.383223168,212.8740347,0.925,600.5223872,555.4832081,45.03917904,1,0,0,0.383223168,212.8740347,0.925,600.5223872,555.4832081,45.03917904,1,,,0.101,224.4152161,2221.932833,2221.932833,0,68.87991781,0,,,280.2437807,0,120.5048257,4,1461.129623,0,0,0,148.4507696
2,1,3,0.1016,0,0,0,1461.129623,,,,0,0,1,2502.176613,2502.176613,0,400.3482581,83.07226356,0,,,385.2182676,2502.176613,2402.089549,100.0870645,2502.176613,0,1,0,0,0.160674188,129.380036,0.96,838.7835803,805.2322371,33.55134321,1,0,0,0.160674188,129.380036,0.96,838.7835803,805.2322371,33.55134321,1,0,0,0.159745061,126.4581957,0.96,824.6094527,791.6250746,32.98437811,,,,851.4961388,2402.089549,2221.932833,180.1567162,2402.089549,0,1,0,0,0.383223168,212.8740347,0.925,600.5223872,555.4832081,45.03917904,1,0,0,0.383223168,212.8740347,0.925,600.5223872,555.4832081,45.03917904,1,0,0,0.383223168,212.8740347,0.925,600.5223872,555.4832081,45.03917904,1,0,0,0.383223168,212.8740347,0.925,600.5223872,555.4832081,45.03917904,1,,,0.101,224.4152161,2221.932833,2221.932833,0,68.87991781,0,,,280.2437807,0,120.5048257,4,1461.129623,0,0,0,148.4507696
3,1,4,0.1016,0,0,0,1461.129623,,,,0,0,1,2502.176613,2502.176613,0,400.3482581,83.07226356,0,,,385.2182676,2502.176613,2402.089549,100.0870645,2502.176613,0,1,0,0,0.160674188,129.380036,0.96,838.7835803,805.2322371,33.55134321,1,0,0,0.160674188,129.380036,0.96,838.7835803,805.2322371,33.55134321,1,0,0,0.159745061,126.4581957,0.96,824.6094527,791.6250746,32.98437811,,,,851.4961388,2402.089549,2221.932833,180.1567162,2402.089549,0,1,0,0,0.383223168,212.8740347,0.925,600.5223872,555.4832081,45.03917904,1,0,0,0.383223168,212.8740347,0.925,600.5223872,555.4832081,45.03917904,1,0,0,0.383223168,212.8740347,0.925,600.5223872,555.4832081,45.03917904,1,0,0,0.383223168,212.8740347,0.925,600.5223872,555.4832081,45.03917904,1,,,0.101,224.4152161,2221.932833,2221.932833,0,68.87991781,0,,,280.2437807,0,120.5048257,4,1461.129623,0,0,0,148.4507696
4,1,5,0.1016,0,0,0,1461.129623,,,,0,0,1,2502.176613,2502.176613,0,400.3482581,83.07226356,0,,,385.2182676,2502.176613,2402.089549,100.0870645,2502.176613,0,1,0,0,0.160674188,129.380036,0.96,838.7835803,805.2322371,33.55134321,1,0,0,0.160674188,129.380036,0.96,838.7835803,805.2322371,33.55134321,1,0,0,0.159745061,126.4581957,0.96,824.6094527,791.6250746,32.98437811,,,,851.4961388,2402.089549,2221.932833,180.1567162,2402.089549,0,1,0,0,0.383223168,212.8740347,0.925,600.5223872,555.4832081,45.03917904,1,0,0,0.383223168,212.8740347,0.925,600.5223872,555.4832081,45.03917904,1,0,0,0.383223168,212.8740347,0.925,600.5223872,555.4832081,45.03917904,1,0,0,0.383223168,212.8740347,0.925,600.5223872,555.4832081,45.03917904,1,,,0.101,224.4152161,2221.932833,2221.932833,0,68.87991781,0,,,280.2437807,0,120.5048257,4,1461.129623,0,0,0,148.4507696
5,1,6,0.1016,0,0,0,1461.129623,,,,0,0,1,2502.176613,2502.176613,0,400.3482581,83.07226356,0,,,385.2182676,2502.176613,2402.089549,100.0870645,2502.176613,0,1,0,0,0.160674188,129.380036,0.96,838.7835803,805.2322371,33.55134321,1,0,0,0.160674188,129.380036,0.96,838.7835803,805.2322371,33.55134321,1,0,0,0.159745061,126.4581957,0.96,824.6094527,791.6250746,32.98437811,,,,851.4961388,2402.089549,2221.932833,180.1567162,2402.089549,0,1,0,0,0.383223168,212.8740347,0.925,600.5223872,555.4832081,45.03917904,1,0,0,0.383223168,212.8740347,0.925,600.5223872,555.4832081,45.03917904,1,0,0,0.383223168,212.8740347,0.925,600.5223872,555.4832081,45.03917904,1,0,0,0.383223168,212.8740347,0.925,600.5223872,555.4832081,45.03917904,1,,,0.101,224.4152161,2221.932833,2221.932833,0,68.87991781,0,,,280.2437807,0,120.5048257,4,1461.129623,0,0,0,148.4507696
6,1,7,0.1016,0,0,0,1461.129623,,,,0,0,1,2502.176613,2502.176613,0,400.3482581,83.07226356,0,,,385.2182676,2502.176613,2402.089549,100.0870645,2502.176613,0,1,0,0,0.160674188,129.380036,0.96,838.7835803,805.2322371,33.55134321,1,0,0,0.160674188,129.380036,0.96,838.7835803,805.2322371,33.55134321,1,0,0,0.159745061,126.4581957,0.96,824.6094527,791.6250746,32.98437811,,,,851.4961388,2402.089549,2221.932833,180.1567162,2402.089549,0,1,0,0,0.383223168,212.8740347,0.925,600.5223872,555.4832081,45.03917904,1,0,0,0.383223168,212.8740347,0.925,600.5223872,555.4832081,45.03917904,1,0,0,0.383223168,212.8740347,0.925,600.5223872,555.4832081,45.03917904,1,0,0,0.383223168,212.8740347,0.925,600.5223872,555.4832081,45.03917904,1,,,0.101,224.4152161,2221.932833,2221.932833,0,68.87991781,0,,,280.2437807,0,120.5048257,4,1461.129623,0,0,0,148.4507696
7,1,8,0.1016,0,0,0,1461.129623,,,,0,0,1,2502.176613,2502.176613,0,400.3482581,83.07226356,0,,,385.2182676,2502.176613,2402.089549,100.0870645,2502.176613,0,1,0,0,0.160674188,129.380036,0.96,838.7835803,805.2322371,33.55134321,1,0,0,0.160674188,129.380036,0.96,838.7835803,805.2322371,33.55134321,1,0,0,0.159745061,126.4581957,0.96,824.6094527,791.6250746,32.98437811,,,,851.4961388,2402.089549,2221.932833,180.1567162,2402.089549,0,1,0,0,0.383223168,212.8740347,0.925,600.5223872,555.4832081,45.03917904,1,0,0,0.383223168,212.8740347,0.925,600.5223872,555.4832081,45.03917904,1,0,0,0.383223168,212.8740347,0.925,600.5223872,555.4832081,45.03917904,1,0,0,0.383223168,212.8740347,0.925,600.5223872,555.4832081,45.03917904,1,,,0.101,224.4152161,2221.932833,2221.932833,0,68.87991781,0,,,280.2437807,0,120.5048257,4,1461.129623,0,0,0,148.4507696
8,1,9,0.1016,0,0,0,1461.129623,,,,0,0,1,2502.176613,2502.176613,0,400.3482581,83.07226356,0,,,385.2182676,2502.176613,2402.089549,100.0870645,2502.176613,0,1,0,0,0.160674188,129.380036,0.96,838.7835803,805.2322371,33.55134321,1,0,0,0.160674188,129.380036,0.96,838.7835803,805.2322371,33.55134321,1,0,0,0.159745061,126.4581957,0.96,824.6094527,791.6250746,32.98437811,,,,851.4961388,2402.089549,2221.932833,180.1567162,2402.089549,0,1,0,0,0.383223168,212.8740347,0.925,600.5223872,555.4832081,45.03917904,1,0,0,0.383223168,212.8740347,0.925,600.5223872,555.4832081,45.03917904,1,0,0,0.383223168,212.8740347,0.925,600.5223872,555.4832081,45.03917904,1,0,0,0.383223168,212.8740347,0.925,600.5223872,555.4832081,45.03917904,1,,,0.101,224.4152161,2221.932833,2221.932833,0,68.87991781,0,,,280.2437807,0,120.5048257,4,1461.129623,0,0,0,148.4507696
9,1,10,0.1016,0,1,0,1461.129623,,,,0,0,1,2502.176613,2502.176613,0,400.3482581,83.07226356,0,,,385.2182676,2502.176613,2402.089549,100.0870645,2502.176613,0,1,0,0,0.160674188,129.380036,0.96,838.7835803,805.2322371,33.55134321,1,0,0,0.160674188,129.380036,0.96,838.7835803,805.2322371,33.55134321,1,0,0,0.159745061,126.4581957,0.96,824.6094527,791.6250746,32.98437811,,,,851.4961388,2402.089549,2221.932833,180.1567162,2402.089549,0,1,0,0,0.383223168,212.8740347,0.925,600.5223872,555.4832081,45.03917904,1,0,0,0.383223168,212.8740347,0.925,600.5223872,555.4832081,45.03917904,1,0,0,0.383223168,212.8740347,0.925,600.5223872,555.4832081,45.03917904,1,0,0,0.383223168,212.8740347,0.925,600.5223872,555.4832081,45.03917904,1,,,0.101,224.4152161,2221.932833,2221.932833,0,68.87991781,0,,,280.2437807,0,120.5048257,4,1461.129623,0,0,0,148.4507696
10,1,11,0.1016,0,1,0,1461.129623,,,,0,0,1,2502.176613,2502.176613,0,400.3482581,83.07226356,0,,,385.2182676,2502.176613,2402.089549,100.0870645,2502.176613,0,1,0,0,0.160674188,129.380036,0.96,838.7835803,805.2322371,33.55134321,1,0,0,0.160674188,129.380036,0.96,838.7835803,805.2322371,33.55134321,1,0,0,0.159745061,126.4581957,0.96,824.6094527,791.6250746,32.98437811,,,,851.4961388,2402.089549,2221.932833,180.1567162,2402.089549,0,1,0,0,0.383223168,212.8740347,0.925,600.5223872,555.4832081,45.03917904,1,0,0,0.383223168,212.8740347,0.925,600.5223872,555.4832081,45.03917904,1,0,0,0.383223168,212.8740347,0.925,600.5223872,555.4832081,45.03917904,1,0,0,0.383223168,212.8740347,0.925,600.5223872,555.4832081,45.03917904,1,,,0.101,224.4152161,2221.932833,2221.932833,0,68.87991781,0,,,280.2437807,0,120.5048257,4,1461.129623,0,0,0,148.4507696
11,1,12,0.1016,0,1,0,1461.129623,,,,0,0,1,2502.176613,2502.176613,0,400.3482581,83.07226356,0,,,385.2182676,2502.176613,2402.089549,100.0870645,2502.176613,0,1,0,0,0.160674188,129.380036,0.96,838.7835803,805.2322371,33.55134321,1,0,0,0.160674188,129.380036,0.96,838.7835803,805.2322371,33.55134321,1,0,0,0.159745061,126.4581957,0.96,824.6094527,791.6250746,32.98437811,,,,851.4961388,2402.089549,2221.932833,180.1567162,2402.089549,0,1,0,0,0.383223168,212.8740347,0.925,600.5223872,555.4832081,45.03917904,1,0,0,0.383223168,212.8740347,0.925,600.5223872,555.4832081,45.03917904,1,0,0,0.383223168,212.8740347,0.925,600.5223872,555.4832081,45.03917904,1,0,0,0.383223168,212.8740347,0.925,600.5223872,555.4832081,45.03917904,1,,,0.101,224.4152161,2221.932833,2221.932833,0,68.87991781,0,,,280.2437807,0,120.5048257,4,1461.129623,0,0,0,148.4507696
12,1,13,0.1016,0,1,0,1461.129623,,,,0,0,1,2502.176613,2502.176613,0,400.3482581,83.07226356,0,,,385.2182676,2502.176613,2402.089549,100.0870645,2502.176613,0,1,0,0,0.160674188,129.380036,0.96,838.7835803,805.2322371,33.55134321,1,0,0,0.160674188,129.380036,0.96,838.7835803,805.2322371,33.55134321,1,0,0,0.159745061,126.4581957,0.96,824.6094527,791.6250746,32.98437811,,,,851.4961388,2402.089549,2221.932833,180.1567162,2402.089549,0,1,0,0,0.383223168,212.8740347,0.925,600.5223872,555.4832081,45.03917904,1,0,0,0.383223168,212.8740347,0.925,600.5223872,555.4832081,45.03917904,1,0,0,0.383223168,212.8740347,0.925,600.5223872,555.4832081,45.03917904,1,0,0,0.383223168,212.8740347,0.925,600.5223872,555.4832081,45.03917904,1,,,0.101,224.4152161,2221.932833,2221.932833,0,68.87991781,0,,,280.2437807,0,120.5048257,4,1461.129623,0,0,0,148.4507696
13,1,14,0.1016,0,1,0,1461.129686,,,,0,0,1,2502.176684,2502.176684,0,400.3482695,83.07226592,0,,,385.2182823,2502.176684,2402.089617,100.0870674,2502.176684,0,1,0,0,0.160674193,129.3800507,0.96,838.7836514,805.2323053,33.55134605,1,0,0,0.160674188,129.380036,0.96,838.7835803,805.2322371,33.55134321,1,0,0,0.159745061,126.4581957,0.96,824.6094527,791.6250746,32.98437811,,,,851.4961813,2402.089617,2221.932896,180.1567213,2402.089617,0,1,0,0,0.383223201,212.8740771,0.925,600.5224554,555.4832713,45.03918416,1,0,0,0.383223168,212.8740347,0.925,600.5223872,555.4832081,45.03917904,1,0,0,0.383223168,212.8740347,0.925,600.5223872,555.4832081,45.03917904,1,0,0,0.383223168,212.8740347,0.925,600.5223872,555.4832081,45.03917904,1,,,0.101,224.4152225,2221.932896,2221.932896,0,68.87991977,0,,,280.2437886,0,120.5048291,4,1461.129686,0,0,0,148.4507761
14,1,15,0.1016,0,1,0,1461.129668,,,,0,0,1,2502.176684,2502.176684,0,400.3482695,83.07226592,0,,,385.2182823,2502.176684,2402.089617,100.0870674,2502.176684,0,1,0,0,0.160674193,129.3800507,0.96,838.7836514,805.2323053,33.55134605,1,0,0,0.160674188,129.380036,0.96,838.7835803,805.2322371,33.55134321,1,0,0,0.159745061,126.4581957,0.96,824.6094527,791.6250746,32.98437811,,,,851.496163,2402.089617,2221.932896,180.1567213,2402.089617,0,1,0,0,0.383223168,212.8740589,0.925,600.5224554,555.4832713,45.03918416,1,0,0,0.383223168,212.8740347,0.925,600.5223872,555.4832081,45.03917904,1,0,0,0.383223168,212.8740347,0.925,600.5223872,555.4832081,45.03917904,1,0,0,0.383223168,212.8740347,0.925,600.5223872,555.4832081,45.03917904,1,,,0.101,224.4152225,2221.932896,2221.932896,0,68.87991977,0,,,280.2437886,0,120.5048291,4,1461.129668,0,0,0,148.4507742
15,1,16,0.1016,0,1,0,726.3292054,,,,0,0,1,1251.088378,1251.088378,0,200.1741404,41.53613414,0,,,188.3734974,1251.088378,1201.044843,50.04353511,1251.088378,0,1,0,0,0.156839088,94.19572352,0.96,625.6128266,600.5883135,25.02451306,1,0,0,0.156843617,94.17777386,0.96,625.4755511,600.4565291,25.01902205,0,0,1,0.271,0,0.96,0,0,0,,,,425.7480936,1201.044843,1110.966479,90.07836319,1201.044843,0,1,0,0,0.383223168,212.8740589,0.925,600.5224554,555.4832713,45.03918416,1,0,0,0.383223168,212.8740347,0.925,600.5223872,555.4832081,45.03917904,0,0,1,0.094183419,0,0.925,0,0,0,0,0,1,0.094183419,0,0.925,0,0,0,1,,,0.101,112.2076144,1110.966479,1110.966479,0,34.43996086,0,,,140.1218983,0,60.25241627,2,726.3292054,0,0,0,73.79504727
16,1,17,0.1016,0,1,0,726.3290889,,,,0,0,1,1251.088449,1251.088449,0,200.1741518,41.5361365,0,,,188.3735067,1251.088449,1201.044911,50.04353795,1251.088449,0,1,0,0,0.156839086,94.19573281,0.96,625.6128976,600.5883817,25.02451591,1,0,0,0.156843617,94.17777386,0.96,625.4755511,600.4565291,25.01902205,0,0,0,0.271,0,0.96,0,0,0,,,,425.7479678,1201.044911,1110.966479,90.07836319,1201.044843,6.82E-05,1,0,0,0.383223168,212.8740589,0.925,600.5224554,555.4832713,45.03918416,1,0,0,0.383222941,212.8739089,0.925,600.5223872,555.4832081,45.03917904,0,0,0,0.094183419,0,0.925,0,0,0,0,0,0,0.094183419,0,0.925,0,0,0,1,,,0.101,112.2076144,1110.966479,1110.966479,0,34.43996086,0,,,140.1219694,0,60.25244684,2,726.3290889,0,0,0,73.79503543
17,1,18,0.15246,1,1,0,726.3292054,,,,0,0,1,1251.088378,1251.088378,0,200.1741404,41.53613414,0,,,188.3734974,1251.088378,1201.044843,50.04353511,1251.088378,0,1,0,0,0.156839086,94.19573281,0.96,625.6128976,600.5883817,25.02451591,1,0,0,0.156843619,94.17776456,0.96,625.4754801,600.4564608,25.0190192,0,0,0,0.271,0,0.96,0,0,0,,,,425.7480936,1201.044843,1110.966479,90.07836319,1201.044843,0,1,0,0,0.383223168,212.8740589,0.925,600.5224554,555.4832713,45.03918416,1,0,0,0.383223168,212.8740347,0.925,600.5223872,555.4832081,45.03917904,0,0,0,0.094183419,0,0.925,0,0,0,0,0,0,0.094183419,0,0.925,0,0,0,1,,,0.101,112.2076144,1110.966479,1110.966479,0,34.43996086,0,,,140.1218983,0,60.25241627,2,726.3292054,0,0,0,110.7361507
18,1,19,0.15246,1,0,0,726.3290839,,,,0,0,1,1251.088378,1251.088378,0,200.1741404,41.53613414,0,,,188.3734974,1251.088378,1201.044843,50.04353511,1251.088378,0,1,0,0,0.156839086,94.19573281,0.96,625.6128976,600.5883817,25.02451591,1,0,0,0.156843619,94.17776456,0.96,625.4754801,600.4564608,25.0190192,0,0,0,0.271,0,0.96,0,0,0,,,,425.7479721,1201.044843,1110.966479,90.07836319,1201.044843,0,1,0,0,0.383223168,212.8740589,0.925,600.5224554,555.4832713,45.03918416,1,0,0,0.383222949,212.8739132,0.925,600.5223872,555.4832081,45.03917904,0,0,0,0.094183419,0,0.925,0,0,0,0,0,0,0.094183419,0,0.925,0,0,0,1,,,0.101,112.2076144,1110.966479,1110.966479,0,34.43996086,0,,,140.1218983,0,60.25241627,2,726.3290839,0,0,0,110.7361321
19,1,20,0.15246,1,0,0,726.3292054,,,,0,0,1,1251.088378,1251.088378,0,200.1741404,41.53613414,0,,,188.3734974,1251.088378,1201.044843,50.04353511,1251.088378,0,1,0,0,0.156839086,94.19573281,0.96,625.6128976,600.5883817,25.02451591,1,0,0,0.156843619,94.17776456,0.96,625.4754801,600.4564608,25.0190192,0,0,0,0.271,0,0.96,0,0,0,,,,425.7480936,1201.044843,1110.966479,90.07836319,1201.044843,0,1,0,0,0.383223168,212.8740589,0.925,600.5224554,555.4832713,45.03918416,1,0,0,0.383223168,212.8740347,0.925,600.5223872,555.4832081,45.03917904,0,0,0,0.094183419,0,0.925,0,0,0,0,0,0,0.094183419,0,0.925,0,0,0,1,,,0.101,112.2076144,1110.966479,1110.966479,0,34.43996086,0,,,140.1218983,0,60.25241627,2,726.3292054,0,0,0,110.7361507
20,1,21,0.15246,1,0,0,726.3292237,,,,0,0,1,1251.088378,1251.088378,0,200.1741404,41.53613414,0,,,188.3734974,1251.088378,1201.044843,50.04353511,1251.088378,0,1,0,0,0.156839086,94.19573281,0.96,625.6128976,600.5883817,25.02451591,1,0,0,0.156843619,94.17776456,0.96,625.4754801,600.4564608,25.0190192,0,0,0,0.271,0,0.96,0,0,0,,,,425.7481119,1201.044843,1110.966479,90.07836319,1201.044843,0,1,0,0,0.383223201,212.8740771,0.925,600.5224554,555.4832713,45.03918416,1,0,0,0.383223168,212.8740347,0.925,600.5223872,555.4832081,45.03917904,0,0,0,0.094183419,0,0.925,0,0,0,0,0,0,0.094183419,0,0.925,0,0,0,1,,,0.101,112.2076144,1110.966479,1110.966479,0,34.43996086,0,,,140.1218983,0,60.25241627,2,726.3292237,0,0,0,110.7361534
21,1,22,0.15246,1,0,0,726.3292237,,,,0,0,1,1251.088378,1251.088378,0,200.1741404,41.53613414,0,,,188.3734974,1251.088378,1201.044843,50.04353511,1251.088378,0,1,0,0,0.156839086,94.19573281,0.96,625.6128976,600.5883817,25.02451591,1,0,0,0.156843619,94.17776456,0.96,625.4754801,600.4564608,25.0190192,0,0,0,0.271,0,0.96,0,0,0,,,,425.7481119,1201.044843,1110.966479,90.07836319,1201.044843,0,1,0,0,0.383223201,212.8740771,0.925,600.5224554,555.4832713,45.03918416,1,0,0,0.383223168,212.8740347,0.925,600.5223872,555.4832081,45.03917904,0,0,0,0.094183419,0,0.925,0,0,0,0,0,0,0.094183419,0,0.925,0,0,0,1,,,0.101,112.2076144,1110.966479,1110.966479,0,34.43996086,0,,,140.1218983,0,60.25241627,2,726.3292237,0,0,0,110.7361534
22,1,23,0.1016,0,0,0,726.3292237,,,,0,0,1,1251.088378,1251.088378,0,200.1741404,41.53613414,0,,,188.3734974,1251.088378,1201.044843,50.04353511,1251.088378,0,1,0,0,0.156839086,94.19573281,0.96,625.6128976,600.5883817,25.02451591,1,0,0,0.156843619,94.17776456,0.96,625.4754801,600.4564608,25.0190192,0,0,0,0.271,0,0.96,0,0,0,,,,425.7481119,1201.044843,1110.966479,90.07836319,1201.044843,0,1,0,0,0.383223201,212.8740771,0.925,600.5224554,555.4832713,45.03918416,1,0,0,0.383223168,212.8740347,0.925,600.5223872,555.4832081,45.03917904,0,0,0,0.094183419,0,0.925,0,0,0,0,0,0,0.094183419,0,0.925,0,0,0,1,,,0.101,112.2076144,1110.966479,1110.966479,0,34.43996086,0,,,140.1218983,0,60.25241627,2,726.3292237,0,0,0,73.79504912
23,1,24,0.1016,0,0,0,726.3292109,,,,0,0,1,1251.088378,1251.088378,0,200.1741404,41.53613414,0,,,188.3734846,1251.088378,1201.044843,50.04353511,1251.088378,0,1,0,0,0.156839086,94.19573281,0.96,625.6128976,600.5883817,25.02451591,1,0,0,0.156843598,94.1777518,0.96,625.4754801,600.4564608,25.0190192,0,0,0,0.271,0,0.96,0,0,0,,,,425.7481119,1201.044843,1110.966479,90.07836319,1201.044843,0,1,0,0,0.383223201,212.8740771,0.925,600.5224554,555.4832713,45.03918416,1,0,0,0.383223168,212.8740347,0.925,600.5223872,555.4832081,45.03917904,0,0,0,0.094183419,0,0.925,0,0,0,0,0,0,0.094183419,0,0.925,0,0,0,1,,,0.101,112.2076144,1110.966479,1110.966479,0,34.43996086,0,,,140.1218983,0,60.25241627,2,726.3292109,0,0,0,73.79504783
24,1,25,0.1016,0,0,0,726.3292109,,,,0,0,1,1251.088378,1251.088378,0,200.1741404,41.53613414,0,,,188.3734846,1251.088378,1201.044843,50.04353511,1251.088378,0,1,0,0,0.156839086,94.19573281,0.96,625.6128976,600.5883817,25.02451591,1,0,0,0.156843598,94.1777518,0.96,625.4754801,600.4564608,25.0190192,0,0,0,0.271,0,0.96,0,0,0,,,,425.7481119,1201.044843,1110.966479,90.07836319,1201.044843,0,1,0,0,0.383223201,212.8740771,0.925,600.5224554,555.4832713,45.03918416,1,0,0,0.383223168,212.8740347,0.925,600.5223872,555.4832081,45.03917904,0,0,0,0.094183419,0,0.925,0,0,0,0,0,0,0.094183419,0,0.925,0,0,0,1,,,0.101,112.2076144,1110.966479,1110.966479,0,34.43996086,0,,,140.1218983,0,60.25241627,2,726.3292109,0,0,0,73.79504783
25,1,26,0.1016,0,0,0,726.3292237,,,,0,0,1,1251.088378,1251.088378,0,200.1741404,41.53613414,0,,,188.3734974,1251.088378,1201.044843,50.04353511,1251.088378,0,1,0,0,0.156839086,94.19573281,0.96,625.6128976,600.5883817,25.02451591,1,0,0,0.156843619,94.17776456,0.96,625.4754801,600.4564608,25.0190192,0,0,0,0.271,0,0.96,0,0,0,,,,425.7481119,1201.044843,1110.966479,90.07836319,1201.044843,0,1,0,0,0.383223201,212.8740771,0.925,600.5224554,555.4832713,45.03918416,1,0,0,0.383223168,212.8740347,0.925,600.5223872,555.4832081,45.03917904,0,0,0,0.094183419,0,0.925,0,0,0,0,0,0,0.094183419,0,0.925,0,0,0,1,,,0.101,112.2076144,1110.966479,1110.966479,0,34.43996086,0,,,140.1218983,0,60.25241627,2,726.3292237,0,0,0,73.79504912
26,1,27,0.1016,0,0,0,726.3292237,,,,0,0,1,1251.088378,1251.088378,0,200.1741404,41.53613414,0,,,188.3734974,1251.088378,1201.044843,50.04353511,1251.088378,0,1,0,0,0.156839086,94.19573281,0.96,625.6128976,600.5883817,25.02451591,1,0,0,0.156843619,94.17776456,0.96,625.4754801,600.4564608,25.0190192,0,0,0,0.271,0,0.96,0,0,0,,,,425.7481119,1201.044843,1110.966479,90.07836319,1201.044843,0,1,0,0,0.383223201,212.8740771,0.925,600.5224554,555.4832713,45.03918416,1,0,0,0.383223168,212.8740347,0.925,600.5223872,555.4832081,45.03917904,0,0,0,0.094183419,0,0.925,0,0,0,0,0,0,0.094183419,0,0.925,0,0,0,1,,,0.101,112.2076144,1110.966479,1110.966479,0,34.43996086,0,,,140.1218983,0,60.25241627,2,726.3292237,0,0,0,73.79504912
27,1,28,0.1016,0,0,0,726.3292237,,,,0,0,1,1251.088378,1251.088378,0,200.1741404,41.53613414,0,,,188.3734974,1251.088378,1201.044843,50.04353511,1251.088378,0,1,0,0,0.156839086,94.19573281,0.96,625.6128976,600.5883817,25.02451591,1,0,0,0.156843619,94.17776456,0.96,625.4754801,600.4564608,25.0190192,0,0,0,0.271,0,0.96,0,0,0,,,,425.7481119,1201.044843,1110.966479,90.07836319,1201.044843,0,1,0,0,0.383223201,212.8740771,0.925,600.5224554,555.4832713,45.03918416,1,0,0,0.383223168,212.8740347,0.925,600.5223872,555.4832081,45.03917904,0,0,0,0.094183419,0,0.925,0,0,0,0,0,0,0.094183419,0,0.925,0,0,0,1,,,0.101,112.2076144,1110.966479,1110.966479,0,34.43996086,0,,,140.1218983,0,60.25241627,2,726.3292237,0,0,0,73.79504912
28,1,29,0.1016,0,0,0,726.3292054,,,,0,0,1,1251.088378,1251.088378,0,200.1741404,41.53613414,0,,,188.3734974,1251.088378,1201.044843,50.04353511,1251.088378,0,1,0,0,0.156839086,94.19573281,0.96,625.6128976,600.5883817,25.02451591,1,0,0,0.156843619,94.17776456,0.96,625.4754801,600.4564608,25.0190192,0,0,0,0.271,0,0.96,0,0,0,,,,425.7480936,1201.044843,1110.966479,90.07836319,1201.044843,0,1,0,0,0.383223168,212.8740589,0.925,600.5224554,555.4832713,45.03918416,1,0,0,0.383223168,212.8740347,0.925,600.5223872,555.4832081,45.03917904,0,0,0,0.094183419,0,0.925,0,0,0,0,0,0,0.094183419,0,0.925,0,0,0,1,,,0.101,112.2076144,1110.966479,1110.966479,0,34.43996086,0,,,140.1218983,0,60.25241627,2,726.3292054,0,0,0,73.79504727
29,1,30,0.1016,0,0,0,726.3292237,,,,0,0,1,1251.088378,1251.088378,0,200.1741404,41.53613414,0,,,188.3734974,1251.088378,1201.044843,50.04353511,1251.088378,0,1,0,0,0.156839086,94.19573281,0.96,625.6128976,600.5883817,25.02451591,1,0,0,0.156843619,94.17776456,0.96,625.4754801,600.4564608,25.0190192,0,0,0,0.271,0,0.96,0,0,0,,,,425.7481119,1201.044843,1110.966479,90.07836319,1201.044843,0,1,0,0,0.383223201,212.8740771,0.925,600.5224554,555.4832713,45.03918416,1,0,0,0.383223168,212.8740347,0.925,600.5223872,555.4832081,45.03917904,0,0,0,0.094183419,0,0.925,0,0,0,0,0,0,0.094183419,0,0.925,0,0,0,1,,,0.101,112.2076144,1110.966479,1110.966479,0,34.43996086,0,,,140.1218983,0,60.25241627,2,726.3292237,0,0,0,73.79504912
30,1,31,0.1016,0,0,0,726.3292237,,,,0,0,1,1251.088378,1251.088378,0,200.1741404,41.53613414,0,,,188.3734974,1251.088378,1201.044843,50.04353511,1251.088378,0,1,0,0,0.156839086,94.19573281,0.96,625.6128976,600.5883817,25.02451591,1,0,0,0.156843619,94.17776456,0.96,625.4754801,600.4564608,25.0190192,0,0,0,0.271,0,0.96,0,0,0,,,,425.7481119,1201.044843,1110.966479,90.07836319,1201.044843,0,1,0,0,0.383223201,212.8740771,0.925,600.5224554,555.4832713,45.03918416,1,0,0,0.383223168,212.8740347,0.925,600.5223872,555.4832081,45.03917904,0,0,0,0.094183419,0,0.925,0,0,0,0,0,0,0.094183419,0,0.925,0,0,0,1,,,0.101,112.2076144,1110.966479,1110.966479,0,34.43996086,0,,,140.1218983,0,60.25241627,2,726.3292237,0,0,0,73.79504912
31,1,32,0.1016,0,0,0,726.3292237,,,,0,0,1,1251.088378,1251.088378,0,200.1741404,41.53613414,0,,,188.3734974,1251.088378,1201.044843,50.04353511,1251.088378,0,1,0,0,0.156839086,94.19573281,0.96,625.6128976,600.5883817,25.02451591,1,0,0,0.156843619,94.17776456,0.96,625.4754801,600.4564608,25.0190192,0,0,0,0.271,0,0.96,0,0,0,,,,425.7481119,1201.044843,1110.966479,90.07836319,1201.044843,0,1,0,0,0.383223201,212.8740771,0.925,600.5224554,555.4832713,45.03918416,1,0,0,0.383223168,212.8740347,0.925,600.5223872,555.4832081,45.03917904,0,0,0,0.094183419,0,0.925,0,0,0,0,0,0,0.094183419,0,0.925,0,0,0,1,,,0.101,112.2076144,1110.966479,1110.966479,0,34.43996086,0,,,140.1218983,0,60.25241627,2,726.3292237,0,0,0,73.79504912
32,1,33,0.1016,0,0,0,726.3292237,,,,0,0,1,1251.088378,1251.088378,0,200.1741404,41.53613414,0,,,188.3734974,1251.088378,1201.044843,50.04353511,1251.088378,0,1,0,0,0.156839086,94.19573281,0.96,625.6128976,600.5883817,25.02451591,1,0,0,0.156843619,94.17776456,0.96,625.4754801,600.4564608,25.0190192,0,0,0,0.271,0,0.96,0,0,0,,,,425.7481119,1201.044843,1110.966479,90.07836319,1201.044843,0,1,0,0,0.383223201,212.8740771,0.925,600.5224554,555.4832713,45.03918416,1,0,0,0.383223168,212.8740347,0.925,600.5223872,555.4832081,45.03917904,0,0,0,0.094183419,0,0.925,0,0,0,0,0,0,0.094183419,0,0.925,0,0,0,1,,,0.101,112.2076144,1110.966479,1110.966479,0,34.43996086,0,,,140.1218983,0,60.25241627,2,726.3292237,0,0,0,73.79504912
33,1,34,0.1016,0,1,0,1461.167761,,,,0,0,1,2502.176684,2502.176684,0,400.3482695,83.07226592,0,,,385.2567384,2502.176684,2402.089617,100.0870674,2502.176684,0,1,0,0,0.161182261,130.9018016,0.96,845.9742575,812.1352872,33.8389703,1,0,0,0.160353813,128.3947507,0.96,834.0589422,800.6965845,33.36235769,1,1,0,0.159593221,125.9601861,0.96,822.1434846,789.2577453,32.88573939,,,,851.4958004,2402.089617,2221.932896,180.1567213,2402.089617,0,1,0,0,0.383223201,212.8740771,0.925,600.5224554,555.4832713,45.03918416,1,0,0,0.383222482,212.8736538,0.925,600.5223872,555.4832081,45.03917904,1,1,0,0.383223168,212.8740347,0.925,600.5223872,555.4832081,45.03917904,1,1,0,0.383223168,212.8740347,0.925,600.5223872,555.4832081,45.03917904,1,,,0.101,224.4152225,2221.932896,2221.932896,0,68.87991977,0,,,280.2437886,0,120.5048291,4,1461.167761,0,0,0,148.4546445
34,1,35,0.1016,0,1,0,1461.168142,,,,0,0,1,2502.176684,2502.176684,0,400.3482695,83.07226592,0,,,385.2567384,2502.176684,2402.089617,100.0870674,2502.176684,0,1,0,0,0.161182261,130.9018016,0.96,845.9742575,812.1352872,33.8389703,1,0,0,0.160353813,128.3947507,0.96,834.0589422,800.6965845,33.36235769,1,0,0,0.159593221,125.9601861,0.96,822.1434846,789.2577453,32.88573939,,,,851.4961813,2402.089617,2221.932896,180.1567213,2402.089617,0,1,0,0,0.383223201,212.8740771,0.925,600.5224554,555.4832713,45.03918416,1,0,0,0.383223168,212.8740347,0.925,600.5223872,555.4832081,45.03917904,1,0,0,0.383223168,212.8740347,0.925,600.5223872,555.4832081,45.03917904,1,0,0,0.383223168,212.8740347,0.925,600.5223872,555.4832081,45.03917904,1,,,0.101,224.4152225,2221.932896,2221.932896,0,68.87991977,0,,,280.2437886,0,120.5048291,4,1461.168142,0,0,0,148.4546832
35,1,36,0.1016,0,1,0,1461.168142,,,,0,0,1,2502.176684,2502.176684,0,400.3482695,83.07226592,0,,,385.2567384,2502.176684,2402.089617,100.0870674,2502.176684,0,1,0,0,0.161182261,130.9018016,0.96,845.9742575,812.1352872,33.8389703,1,0,0,0.160353813,128.3947507,0.96,834.0589422,800.6965845,33.36235769,1,0,0,0.159593221,125.9601861,0.96,822.1434846,789.2577453,32.88573939,,,,851.4961813,2402.089617,2221.932896,180.1567213,2402.089617,0,1,0,0,0.383223201,212.8740771,0.925,600.5224554,555.4832713,45.03918416,1,0,0,0.383223168,212.8740347,0.925,600.5223872,555.4832081,45.03917904,1,0,0,0.383223168,212.8740347,0.925,600.5223872,555.4832081,45.03917904,1,0,0,0.383223168,212.8740347,0.925,600.5223872,555.4832081,45.03917904,1,,,0.101,224.4152225,2221.932896,2221.932896,0,68.87991977,0,,,280.2437886,0,120.5048291,4,1461.168142,0,0,0,148.4546832
36,1,37,0.1016,0,1,0,1461.168093,,,,0,0,1,2502.176684,2502.176684,0,400.3482695,83.07226592,0,,,385.2567384,2502.176684,2402.089617,100.0870674,2502.176684,0,1,0,0,0.161182261,130.9018016,0.96,845.9742575,812.1352872,33.8389703,1,0,0,0.160353813,128.3947507,0.96,834.0589422,800.6965845,33.36235769,1,0,0,0.159593221,125.9601861,0.96,822.1434846,789.2577453,32.88573939,,,,851.4961388,2402.089617,2221.932833,180.1567162,2402.089549,6.82E-05,1,0,0,0.383223168,212.8740347,0.925,600.5223872,555.4832081,45.03917904,1,0,0,0.383223168,212.8740347,0.925,600.5223872,555.4832081,45.03917904,1,0,0,0.383223168,212.8740347,0.925,600.5223872,555.4832081,45.03917904,1,0,0,0.383223168,212.8740347,0.925,600.5223872,555.4832081,45.03917904,1,,,0.101,224.4152161,2221.932833,2221.932833,0,68.87991781,0,,,280.2438518,0,120.5048563,4,1461.168093,0,0,0,148.4546783
37,1,38,0.1016,0,1,0,1461.168093,,,,0,0,1,2502.176684,2502.176684,0,400.3482695,83.07226592,0,,,385.2567384,2502.176684,2402.089617,100.0870674,2502.176684,0,1,0,0,0.161182261,130.9018016,0.96,845.9742575,812.1352872,33.8389703,1,0,0,0.160353813,128.3947507,0.96,834.0589422,800.6965845,33.36235769,1,0,0,0.159593221,125.9601861,0.96,822.1434846,789.2577453,32.88573939,,,,851.4961388,2402.089617,2221.932833,180.1567162,2402.089549,6.82E-05,1,0,0,0.383223168,212.8740347,0.925,600.5223872,555.4832081,45.03917904,1,0,0,0.383223168,212.8740347,0.925,600.5223872,555.4832081,45.03917904,1,0,0,0.383223168,212.8740347,0.925,600.5223872,555.4832081,45.03917904,1,0,0,0.383223168,212.8740347,0.925,600.5223872,555.4832081,45.03917904,1,,,0.101,224.4152161,2221.932833,2221.932833,0,68.87991781,0,,,280.2438518,0,120.5048563,4,1461.168093,0,0,0,148.4546783
38,1,39,0.1016,0,1,0,1461.168093,,,,0,0,1,2502.176684,2502.176684,0,400.3482695,83.07226592,0,,,385.2567384,2502.176684,2402.089617,100.0870674,2502.176684,0,1,0,0,0.161182261,130.9018016,0.96,845.9742575,812.1352872,33.8389703,1,0,0,0.160353813,128.3947507,0.96,834.0589422,800.6965845,33.36235769,1,0,0,0.159593221,125.9601861,0.96,822.1434846,789.2577453,32.88573939,,,,851.4961388,2402.089617,2221.932833,180.1567162,2402.089549,6.82E-05,1,0,0,0.383223168,212.8740347,0.925,600.5223872,555.4832081,45.03917904,1,0,0,0.383223168,212.8740347,0.925,600.5223872,555.4832081,45.03917904,1,0,0,0.383223168,212.8740347,0.925,600.5223872,555.4832081,45.03917904,1,0,0,0.383223168,212.8740347,0.925,600.5223872,555.4832081,45.03917904,1,,,0.101,224.4152161,2221.932833,2221.932833,0,68.87991781,0,,,280.2438518,0,120.5048563,4,1461.168093,0,0,0,148.4546783
39,1,40,0.1016,0,1,0,1461.168093,,,,0,0,1,2502.176684,2502.176684,0,400.3482695,83.07226592,0,,,385.2567384,2502.176684,2402.089617,100.0870674,2502.176684,0,1,0,0,0.161182261,130.9018016,0.96,845.9742575,812.1352872,33.8389703,1,0,0,0.160353813,128.3947507,0.96,834.0589422,800.6965845,33.36235769,1,0,0,0.159593221,125.9601861,0.96,822.1434846,789.2577453,32.88573939,,,,851.4961388,2402.089617,2221.932833,180.1567162,2402.089549,6.82E-05,1,0,0,0.383223168,212.8740347,0.925,600.5223872,555.4832081,45.03917904,1,0,0,0.383223168,212.8740347,0.925,600.5223872,555.4832081,45.03917904,1,0,0,0.383223168,212.8740347,0.925,600.5223872,555.4832081,45.03917904,1,0,0,0.383223168,212.8740347,0.925,600.5223872,555.4832081,45.03917904,1,,,0.101,224.4152161,2221.932833,2221.932833,0,68.87991781,0,,,280.2438518,0,120.5048563,4,1461.168093,0,0,0,148.4546783
40,1,41,0.1016,0,1,0,1461.168093,,,,0,0,1,2502.176684,2502.176684,0,400.3482695,83.07226592,0,,,385.2567384,2502.176684,2402.089617,100.0870674,2502.176684,0,1,0,0,0.161182261,130.9018016,0.96,845.9742575,812.1352872,33.8389703,1,0,0,0.160353813,128.3947507,0.96,834.0589422,800.6965845,33.36235769,1,0,0,0.159593221,125.9601861,0.96,822.1434846,789.2577453,32.88573939,,,,851.4961388,2402.089617,2221.932833,180.1567162,2402.089549,6.82E-05,1,0,0,0.383223168,212.8740347,0.925,600.5223872,555.4832081,45.03917904,1,0,0,0.383223168,212.8740347,0.925,600.5223872,555.4832081,45.03917904,1,0,0,0.383223168,212.8740347,0.925,600.5223872,555.4832081,45.03917904,1,0,0,0.383223168,212.8740347,0.925,600.5223872,555.4832081,45.03917904,1,,,0.101,224.4152161,2221.932833,2221.932833,0,68.87991781,0,,,280.2438518,0,120.5048563,4,1461.168093,0,0,0,148.4546783
41,1,42,0.15246,1,1,0,726.3291667,,,,0,0,1,1251.088307,1251.088307,0,200.1741291,41.53613178,0,,,188.3734893,1251.088307,1201.044774,50.04353226,1251.088307,0,1,0,0,0.156838048,94.19985179,0.96,625.6443942,600.6186184,25.02577577,1,0,0,0.156844662,94.17363749,0.96,625.4439124,600.4261559,25.0177565,0,0,1,0.271,0,0.96,0,0,0,,,,425.7480694,1201.044774,1110.966416,90.07835808,1201.044774,0,1,0,0,0.383223168,212.8740347,0.925,600.5223872,555.4832081,45.03917904,1,0,0,0.383223168,212.8740347,0.925,600.5223872,555.4832081,45.03917904,0,0,1,0.094183419,0,0.925,0,0,0,0,0,1,0.094183419,0,0.925,0,0,0,1,,,0.101,112.207608,1110.966416,1110.966416,0,34.4399589,0,,,140.1218903,0,60.25241285,2,726.3291667,0,0,0,110.7361448
42,1,43,0.15246,1,0,0,726.3291667,,,,0,0,1,1251.088307,1251.088307,0,200.1741291,41.53613178,0,,,188.3734893,1251.088307,1201.044774,50.04353226,1251.088307,0,1,0,0,0.156838048,94.19985179,0.96,625.6443942,600.6186184,25.02577577,1,0,0,0.156844662,94.17363749,0.96,625.4439124,600.4261559,25.0177565,0,0,0,0.271,0,0.96,0,0,0,,,,425.7480694,1201.044774,1110.966416,90.07835808,1201.044774,0,1,0,0,0.383223168,212.8740347,0.925,600.5223872,555.4832081,45.03917904,1,0,0,0.383223168,212.8740347,0.925,600.5223872,555.4832081,45.03917904,0,0,0,0.094183419,0,0.925,0,0,0,0,0,0,0.094183419,0,0.925,0,0,0,1,,,0.101,112.207608,1110.966416,1110.966416,0,34.4399589,0,,,140.1218903,0,60.25241285,2,726.3291667,0,0,0,110.7361448
43,1,44,0.15246,1,0,0,726.3291667,,,,0,0,1,1251.088307,1251.088307,0,200.1741291,41.53613178,0,,,188.3734893,1251.088307,1201.044774,50.04353226,1251.088307,0,1,0,0,0.156838048,94.19985179,0.96,625.6443942,600.6186184,25.02577577,1,0,0,0.156844662,94.17363749,0.96,625.4439124,600.4261559,25.0177565,0,0,0,0.271,0,0.96,0,0,0,,,,425.7480694,1201.044774,1110.966416,90.07835808,1201.044774,0,1,0,0,0.383223168,212.8740347,0.925,600.5223872,555.4832081,45.03917904,1,0,0,0.383223168,212.8740347,0.925,600.5223872,555.4832081,45.03917904,0,0,0,0.094183419,0,0.925,0,0,0,0,0,0,0.094183419,0,0.925,0,0,0,1,,,0.101,112.207608,1110.966416,1110.966416,0,34.4399589,0,,,140.1218903,0,60.25241285,2,726.3291667,0,0,0,110.7361448
44,1,45,0.15246,1,0,0,726.3291667,,,,0,0,1,1251.088307,1251.088307,0,200.1741291,41.53613178,0,,,188.3734893,1251.088307,1201.044774,50.04353226,1251.088307,0,1,0,0,0.156838048,94.19985179,0.96,625.6443942,600.6186184,25.02577577,1,0,0,0.156844662,94.17363749,0.96,625.4439124,600.4261559,25.0177565,0,0,0,0.271,0,0.96,0,0,0,,,,425.7480694,1201.044774,1110.966416,90.07835808,1201.044774,0,1,0,0,0.383223168,212.8740347,0.925,600.5223872,555.4832081,45.03917904,1,0,0,0.383223168,212.8740347,0.925,600.5223872,555.4832081,45.03917904,0,0,0,0.094183419,0,0.925,0,0,0,0,0,0,0.094183419,0,0.925,0,0,0,1,,,0.101,112.207608,1110.966416,1110.966416,0,34.4399589,0,,,140.1218903,0,60.25241285,2,726.3291667,0,0,0,110.7361448
45,1,46,0.15246,1,0,0,726.3291667,,,,0,0,1,1251.088307,1251.088307,0,200.1741291,41.53613178,0,,,188.3734893,1251.088307,1201.044774,50.04353226,1251.088307,0,1,0,0,0.156838048,94.19985179,0.96,625.6443942,600.6186184,25.02577577,1,0,0,0.156844662,94.17363749,0.96,625.4439124,600.4261559,25.0177565,0,0,0,0.271,0,0.96,0,0,0,,,,425.7480694,1201.044774,1110.966416,90.07835808,1201.044774,0,1,0,0,0.383223168,212.8740347,0.925,600.5223872,555.4832081,45.03917904,1,0,0,0.383223168,212.8740347,0.925,600.5223872,555.4832081,45.03917904,0,0,0,0.094183419,0,0.925,0,0,0,0,0,0,0.094183419,0,0.925,0,0,0,1,,,0.101,112.207608,1110.966416,1110.966416,0,34.4399589,0,,,140.1218903,0,60.25241285,2,726.3291667,0,0,0,110.7361448
46,1,47,0.1016,0,0,0,726.3291667,,,,0,0,1,1251.088307,1251.088307,0,200.1741291,41.53613178,0,,,188.3734893,1251.088307,1201.044774,50.04353226,1251.088307,0,1,0,0,0.156838048,94.19985179,0.96,625.6443942,600.6186184,25.02577577,1,0,0,0.156844662,94.17363749,0.96,625.4439124,600.4261559,25.0177565,0,0,0,0.271,0,0.96,0,0,0,,,,425.7480694,1201.044774,1110.966416,90.07835808,1201.044774,0,1,0,0,0.383223168,212.8740347,0.925,600.5223872,555.4832081,45.03917904,1,0,0,0.383223168,212.8740347,0.925,600.5223872,555.4832081,45.03917904,0,0,0,0.094183419,0,0.925,0,0,0,0,0,0,0.094183419,0,0.925,0,0,0,1,,,0.101,112.207608,1110.966416,1110.966416,0,34.4399589,0,,,140.1218903,0,60.25241285,2,726.3291667,0,0,0,73.79504334
47,1,48,0.1016,0,0,0,726.3291667,,,,0,0,1,1251.088307,1251.088307,0,200.1741291,41.53613178,0,,,188.3734893,1251.088307,1201.044774,50.04353226,1251.088307,0,1,0,0,0.156838048,94.19985179,0.96,625.6443942,600.6186184,25.02577577,1,0,0,0.156844662,94.17363749,0.96,625.4439124,600.4261559,25.0177565,0,0,0,0.271,0,0.96,0,0,0,,,,425.7480694,1201.044774,1110.966416,90.07835808,1201.044774,0,1,0,0,0.383223168,212.8740347,0.925,600.5223872,555.4832081,45.03917904,1,0,0,0.383223168,212.8740347,0.925,600.5223872,555.4832081,45.03917904,0,0,0,0.094183419,0,0.925,0,0,0,0,0,0,0.094183419,0,0.925,0,0,0,1,,,0.101,112.207608,1110.966416,1110.966416,0,34.4399589,0,,,140.1218903,0,60.25241285,2,726.3291667,0,0,0,73.79504334
48,1,49,0.1016,0,0,0,726.3291667,,,,0,0,1,1251.088307,1251.088307,0,200.1741291,41.53613178,0,,,188.3734893,1251.088307,1201.044774,50.04353226,1251.088307,0,1,0,0,0.156838048,94.19985179,0.96,625.6443942,600.6186184,25.02577577,1,0,0,0.156844662,94.17363749,0.96,625.4439124,600.4261559,25.0177565,0,0,0,0.271,0,0.96,0,0,0,,,,425.7480694,1201.044774,1110.966416,90.07835808,1201.044774,0,1,0,0,0.383223168,212.8740347,0.925,600.5223872,555.4832081,45.03917904,1,0,0,0.383223168,212.8740347,0.925,600.5223872,555.4832081,45.03917904,0,0,0,0.094183419,0,0.925,0,0,0,0,0,0,0.094183419,0,0.925,0,0,0,1,,,0.101,112.207608,1110.966416,1110.966416,0,34.4399589,0,,,140.1218903,0,60.25241285,2,726.3291667,0,0,0,73.79504334
49,1,50,0.1016,0,0,0,726.3291667,,,,0,0,1,1251.088307,1251.088307,0,200.1741291,41.53613178,0,,,188.3734893,1251.088307,1201.044774,50.04353226,1251.088307,0,1,0,0,0.156838048,94.19985179,0.96,625.6443942,600.6186184,25.02577577,1,0,0,0.156844662,94.17363749,0.96,625.4439124,600.4261559,25.0177565,0,0,0,0.271,0,0.96,0,0,0,,,,425.7480694,1201.044774,1110.966416,90.07835808,1201.044774,0,1,0,0,0.383223168,212.8740347,0.925,600.5223872,555.4832081,45.03917904,1,0,0,0.383223168,212.8740347,0.925,600.5223872,555.4832081,45.03917904,0,0,0,0.094183419,0,0.925,0,0,0,0,0,0,0.094183419,0,0.925,0,0,0,1,,,0.101,112.207608,1110.966416,1110.966416,0,34.4399589,0,,,140.1218903,0,60.25241285,2,726.3291667,0,0,0,73.79504334
50,1,51,0.1016,0,0,0,726.3291667,,,,0,0,1,1251.088307,1251.088307,0,200.1741291,41.53613178,0,,,188.3734893,1251.088307,1201.044774,50.04353226,1251.088307,0,1,0,0,0.156838048,94.19985179,0.96,625.6443942,600.6186184,25.02577577,1,0,0,0.156844662,94.17363749,0.96,625.4439124,600.4261559,25.0177565,0,0,0,0.271,0,0.96,0,0,0,,,,425.7480694,1201.044774,1110.966416,90.07835808,1201.044774,0,1,0,0,0.383223168,212.8740347,0.925,600.5223872,555.4832081,45.03917904,1,0,0,0.383223168,212.8740347,0.925,600.5223872,555.4832081,45.03917904,0,0,0,0.094183419,0,0.925,0,0,0,0,0,0,0.094183419,0,0.925,0,0,0,1,,,0.101,112.207608,1110.966416,1110.966416,0,34.4399589,0,,,140.1218903,0,60.25241285,2,726.3291667,0,0,0,73.79504334
51,1,52,0.1016,0,0,0,726.3291667,,,,0,0,1,1251.088307,1251.088307,0,200.1741291,41.53613178,0,,,188.3734893,1251.088307,1201.044774,50.04353226,1251.088307,0,1,0,0,0.156838048,94.19985179,0.96,625.6443942,600.6186184,25.02577577,1,0,0,0.156844662,94.17363749,0.96,625.4439124,600.4261559,25.0177565,0,0,0,0.271,0,0.96,0,0,0,,,,425.7480694,1201.044774,1110.966416,90.07835808,1201.044774,0,1,0,0,0.383223168,212.8740347,0.925,600.5223872,555.4832081,45.03917904,1,0,0,0.383223168,212.8740347,0.925,600.5223872,555.4832081,45.03917904,0,0,0,0.094183419,0,0.925,0,0,0,0,0,0,0.094183419,0,0.925,0,0,0,1,,,0.101,112.207608,1110.966416,1110.966416,0,34.4399589,0,,,140.1218903,0,60.25241285,2,726.3291667,0,0,0,73.79504334
52,1,53,0.1016,0,0,0,726.3291667,,,,0,0,1,1251.088307,1251.088307,0,200.1741291,41.53613178,0,,,188.3734893,1251.088307,1201.044774,50.04353226,1251.088307,0,1,0,0,0.156838048,94.19985179,0.96,625.6443942,600.6186184,25.02577577,1,0,0,0.156844662,94.17363749,0.96,625.4439124,600.4261559,25.0177565,0,0,0,0.271,0,0.96,0,0,0,,,,425.7480694,1201.044774,1110.966416,90.07835808,1201.044774,0,1,0,0,0.383223168,212.8740347,0.925,600.5223872,555.4832081,45.03917904,1,0,0,0.383223168,212.8740347,0.925,600.5223872,555.4832081,45.03917904,0,0,0,0.094183419,0,0.925,0,0,0,0,0,0,0.094183419,0,0.925,0,0,0,1,,,0.101,112.207608,1110.966416,1110.966416,0,34.4399589,0,,,140.1218903,0,60.25241285,2,726.3291667,0,0,0,73.79504334
53,1,54,0.1016,0,0,0,726.3291667,,,,0,0,1,1251.088307,1251.088307,0,200.1741291,41.53613178,0,,,188.3734893,1251.088307,1201.044774,50.04353226,1251.088307,0,1,0,0,0.156838048,94.19985179,0.96,625.6443942,600.6186184,25.02577577,1,0,0,0.156844662,94.17363749,0.96,625.4439124,600.4261559,25.0177565,0,0,0,0.271,0,0.96,0,0,0,,,,425.7480694,1201.044774,1110.966416,90.07835808,1201.044774,0,1,0,0,0.383223168,212.8740347,0.925,600.5223872,555.4832081,45.03917904,1,0,0,0.383223168,212.8740347,0.925,600.5223872,555.4832081,45.03917904,0,0,0,0.094183419,0,0.925,0,0,0,0,0,0,0.094183419,0,0.925,0,0,0,1,,,0.101,112.207608,1110.966416,1110.966416,0,34.4399589,0,,,140.1218903,0,60.25241285,2,726.3291667,0,0,0,73.79504334
54,1,55,0.1016,0,0,0,726.3291667,,,,0,0,1,1251.088307,1251.088307,0,200.1741291,41.53613178,0,,,188.3734893,1251.088307,1201.044774,50.04353226,1251.088307,0,1,0,0,0.156838048,94.19985179,0.96,625.6443942,600.6186184,25.02577577,1,0,0,0.156844662,94.17363749,0.96,625.4439124,600.4261559,25.0177565,0,0,0,0.271,0,0.96,0,0,0,,,,425.7480694,1201.044774,1110.966416,90.07835808,1201.044774,0,1,0,0,0.383223168,212.8740347,0.925,600.5223872,555.4832081,45.03917904,1,0,0,0.383223168,212.8740347,0.925,600.5223872,555.4832081,45.03917904,0,0,0,0.094183419,0,0.925,0,0,0,0,0,0,0.094183419,0,0.925,0,0,0,1,,,0.101,112.207608,1110.966416,1110.966416,0,34.4399589,0,,,140.1218903,0,60.25241285,2,726.3291667,0,0,0,73.79504334
55,1,56,0.1016,0,0,0,726.3291667,,,,0,0,1,1251.088307,1251.088307,0,200.1741291,41.53613178,0,,,188.3734893,1251.088307,1201.044774,50.04353226,1251.088307,0,1,0,0,0.156838048,94.19985179,0.96,625.6443942,600.6186184,25.02577577,1,0,0,0.156844662,94.17363749,0.96,625.4439124,600.4261559,25.0177565,0,0,0,0.271,0,0.96,0,0,0,,,,425.7480694,1201.044774,1110.966416,90.07835808,1201.044774,0,1,0,0,0.383223168,212.8740347,0.925,600.5223872,555.4832081,45.03917904,1,0,0,0.383223168,212.8740347,0.925,600.5223872,555.4832081,45.03917904,0,0,0,0.094183419,0,0.925,0,0,0,0,0,0,0.094183419,0,0.925,0,0,0,1,,,0.101,112.207608,1110.966416,1110.966416,0,34.4399589,0,,,140.1218903,0,60.25241285,2,726.3291667,0,0,0,73.79504334
56,1,57,0.1016,0,0,0,726.3291667,,,,0,0,1,1251.088307,1251.088307,0,200.1741291,41.53613178,0,,,188.3734893,1251.088307,1201.044774,50.04353226,1251.088307,0,1,0,0,0.156838048,94.19985179,0.96,625.6443942,600.6186184,25.02577577,1,0,0,0.156844662,94.17363749,0.96,625.4439124,600.4261559,25.0177565,0,0,0,0.271,0,0.96,0,0,0,,,,425.7480694,1201.044774,1110.966416,90.07835808,1201.044774,0,1,0,0,0.383223168,212.8740347,0.925,600.5223872,555.4832081,45.03917904,1,0,0,0.383223168,212.8740347,0.925,600.5223872,555.4832081,45.03917904,0,0,0,0.094183419,0,0.925,0,0,0,0,0,0,0.094183419,0,0.925,0,0,0,1,,,0.101,112.207608,1110.966416,1110.966416,0,34.4399589,0,,,140.1218903,0,60.25241285,2,726.3291667,0,0,0,73.79504334
57,1,58,0.1016,0,1,0,1461.196173,,,,0,0,1,2502.176613,2502.176613,0,400.3482581,83.07226356,0,,,385.2848183,2502.176613,2402.089549,100.0870645,2502.176613,0,1,0,0,0.160917133,130.1135703,0.96,842.2656226,808.5749977,33.6906249,1,0,0,0.160906693,130.0822752,0.96,842.1176759,808.4329689,33.68470704,1,1,0,0.159332451,125.0889727,0.96,817.7933147,785.0815821,32.71173259,,,,851.4961388,2402.089549,2221.932833,180.1567162,2402.089549,0,1,0,0,0.383223168,212.8740347,0.925,600.5223872,555.4832081,45.03917904,1,0,0,0.383223168,212.8740347,0.925,600.5223872,555.4832081,45.03917904,1,1,0,0.383223168,212.8740347,0.925,600.5223872,555.4832081,45.03917904,1,1,0,0.383223168,212.8740347,0.925,600.5223872,555.4832081,45.03917904,1,,,0.101,224.4152161,2221.932833,2221.932833,0,68.87991781,0,,,280.2437807,0,120.5048257,4,1461.196173,0,0,0,148.4575312
58,1,59,0.1016,0,1,0,1461.19615,,,,0,0,1,2502.176613,2502.176613,0,400.3482581,83.07226356,0,,,385.2848183,2502.176613,2402.089549,100.0870645,2502.176613,0,1,0,0,0.160917133,130.1135703,0.96,842.2656226,808.5749977,33.6906249,1,0,0,0.160906693,130.0822752,0.96,842.1176759,808.4329689,33.68470704,1,0,0,0.159332451,125.0889727,0.96,817.7933147,785.0815821,32.71173259,,,,851.496116,2402.089549,2221.932833,180.1567162,2402.089549,0,1,0,0,0.383223168,212.8740347,0.925,600.5223872,555.4832081,45.03917904,1,0,0,0.383223127,212.8740119,0.925,600.5223872,555.4832081,45.03917904,1,0,0,0.383223168,212.8740347,0.925,600.5223872,555.4832081,45.03917904,1,0,0,0.383223168,212.8740347,0.925,600.5223872,555.4832081,45.03917904,1,,,0.101,224.4152161,2221.932833,2221.932833,0,68.87991781,0,,,280.2437807,0,120.5048257,4,1461.19615,0,0,0,148.4575289
59,1,60,0.1016,0,1,0,1461.19615,,,,0,0,1,2502.176613,2502.176613,0,400.3482581,83.07226356,0,,,385.2848183,2502.176613,2402.089549,100.0870645,2502.176613,0,1,0,0,0.160917133,130.1135703,0.96,842.2656226,808.5749977,33.6906249,1,0,0,0.160906693,130.0822752,0.96,842.1176759,808.4329689,33.68470704,1,0,0,0.159332451,125.0889727,0.96,817.7933147,785.0815821,32.71173259,,,,851.496116,2402.089549,2221.932833,180.1567162,2402.089549,0,1,0,0,0.383223168,212.8740347,0.925,600.5223872,555.4832081,45.03917904,1,0,0,0.383223127,212.8740119,0.925,600.5223872,555.4832081,45.03917904,1,0,0,0.383223168,212.8740347,0.925,600.5223872,555.4832081,45.03917904,1,0,0,0.383223168,212.8740347,0.925,600.5223872,555.4832081,45.03917904,1,,,0.101,224.4152161,2221.932833,2221.932833,0,68.87991781,0,,,280.2437807,0,120.5048257,4,1461.19615,0,0,0,148.4575289
60,1,61,0.1016,0,1,0,1461.196173,,,,0,0,1,2502.176613,2502.176613,0,400.3482581,83.07226356,0,,,385.2848183,2502.176613,2402.089549,100.0870645,2502.176613,0,1,0,0,0.160917133,130.1135703,0.96,842.2656226,808.5749977,33.6906249,1,0,0,0.160906693,130.0822752,0.96,842.1176759,808.4329689,33.68470704,1,0,0,0.159332451,125.0889727,0.96,817.7933147,785.0815821,32.71173259,,,,851.4961388,2402.089549,2221.932833,180.1567162,2402.089549,0,1,0,0,0.383223168,212.8740347,0.925,600.5223872,555.4832081,45.03917904,1,0,0,0.383223168,212.8740347,0.925,600.5223872,555.4832081,45.03917904,1,0,0,0.383223168,212.8740347,0.925,600.5223872,555.4832081,45.03917904,1,0,0,0.383223168,212.8740347,0.925,600.5223872,555.4832081,45.03917904,1,,,0.101,224.4152161,2221.932833,2221.932833,0,68.87991781,0,,,280.2437807,0,120.5048257,4,1461.196173,0,0,0,148.4575312
61,1,62,0.1016,0,1,0,1461.196173,,,,0,0,1,2502.176613,2502.176613,0,400.3482581,83.07226356,0,,,385.2848183,2502.176613,2402.089549,100.0870645,2502.176613,0,1,0,0,0.160917133,130.1135703,0.96,842.2656226,808.5749977,33.6906249,1,0,0,0.160906693,130.0822752,0.96,842.1176759,808.4329689,33.68470704,1,0,0,0.159332451,125.0889727,0.96,817.7933147,785.0815821,32.71173259,,,,851.4961388,2402.089549,2221.932833,180.1567162,2402.089549,0,1,0,0,0.383223168,212.8740347,0.925,600.5223872,555.4832081,45.03917904,1,0,0,0.383223168,212.8740347,0.925,600.5223872,555.4832081,45.03917904,1,0,0,0.383223168,212.8740347,0.925,600.5223872,555.4832081,45.03917904,1,0,0,0.383223168,212.8740347,0.925,600.5223872,555.4832081,45.03917904,1,,,0.101,224.4152161,2221.932833,2221.932833,0,68.87991781,0,,,280.2437807,0,120.5048257,4,1461.196173,0,0,0,148.4575312
62,1,63,0.1016,0,1,0,1461.196173,,,,0,0,1,2502.176613,2502.176613,0,400.3482581,83.07226356,0,,,385.2848183,2502.176613,2402.089549,100.0870645,2502.176613,0,1,0,0,0.160917133,130.1135703,0.96,842.2656226,808.5749977,33.6906249,1,0,0,0.160906693,130.0822752,0.96,842.1176759,808.4329689,33.68470704,1,0,0,0.159332451,125.0889727,0.96,817.7933147,785.0815821,32.71173259,,,,851.4961388,2402.089549,2221.932833,180.1567162,2402.089549,0,1,0,0,0.383223168,212.8740347,0.925,600.5223872,555.4832081,45.03917904,1,0,0,0.383223168,212.8740347,0.925,600.5223872,555.4832081,45.03917904,1,0,0,0.383223168,212.8740347,0.925,600.5223872,555.4832081,45.03917904,1,0,0,0.383223168,212.8740347,0.925,600.5223872,555.4832081,45.03917904,1,,,0.101,224.4152161,2221.932833,2221.932833,0,68.87991781,0,,,280.2437807,0,120.5048257,4,1461.196173,0,0,0,148.4575312
63,1,64,0.1016,0,1,0,1461.196173,,,,0,0,1,2502.176613,2502.176613,0,400.3482581,83.07226356,0,,,385.2848183,2502.176613,2402.089549,100.0870645,2502.176613,0,1,0,0,0.160917133,130.1135703,0.96,842.2656226,808.5749977,33.6906249,1,0,0,0.160906693,130.0822752,0.96,842.1176759,808.4329689,33.68470704,1,0,0,0.159332451,125.0889727,0.96,817.7933147,785.0815821,32.71173259,,,,851.4961388,2402.089549,2221.932833,180.1567162,2402.089549,0,1,0,0,0.383223168,212.8740347,0.925,600.5223872,555.4832081,45.03917904,1,0,0,0.383223168,212.8740347,0.925,600.5223872,555.4832081,45.03917904,1,0,0,0.383223168,212.8740347,0.925,600.5223872,555.4832081,45.03917904,1,0,0,0.383223168,212.8740347,0.925,600.5223872,555.4832081,45.03917904,1,,,0.101,224.4152161,2221.932833,2221.932833,0,68.87991781,0,,,280.2437807,0,120.5048257,4,1461.196173,0,0,0,148.4575312
64,1,65,0.1016,0,1,0,1461.356545,,,,0,0,1,2502.357867,2502.357867,0,400.3772588,83.07828119,0,,,385.3209329,2502.357867,2402.263553,100.0943147,2502.357867,0,1,0,0,0.160917133,130.1135703,0.96,842.2656226,808.5749977,33.6906249,1,0,0,0.160906693,130.0822752,0.96,842.1176759,808.4329689,33.68470704,1,0,0,0.159343136,125.1250873,0.96,817.9745688,785.255586,32.71898275,,,,851.6041396,2402.263553,2222.093786,180.1697664,2402.263553,0,1,0,0,0.38330653,212.9820354,0.925,600.6963911,555.6441618,45.05222933,1,0,0,0.383223168,212.8740347,0.925,600.5223872,555.4832081,45.03917904,1,0,0,0.383223168,212.8740347,0.925,600.5223872,555.4832081,45.03917904,1,0,0,0.383223168,212.8740347,0.925,600.5223872,555.4832081,45.03917904,1,,,0.101,224.4314724,2222.093786,2222.093786,0,68.88490737,0,,,280.2640811,0,120.5135549,4,1461.356545,0,0,0,148.473825
65,1,66,0.15246,1,1,0,726.6770305,,,,0,0,1,1251.269561,1251.269561,0,200.2031297,41.54214942,0,,,188.59688,1251.269561,1201.218778,50.05078243,1251.269561,0,1,0,0,0.156067515,98.21068749,0.96,655.5034829,629.2833436,26.22013931,1,0,0,0.158035658,90.38619254,0.96,595.7660778,571.9354347,23.83064311,0,0,1,0.271,0,0.96,0,0,0,,,,425.8562861,1201.218778,1111.12737,90.09140837,1201.218778,0,1,0,0,0.383306918,212.9822514,0.925,600.6963911,555.6441618,45.05222933,1,0,0,0.383223168,212.8740347,0.925,600.5223872,555.4832081,45.03917904,0,0,1,0.094183419,0,0.925,0,0,0,0,0,1,0.094183419,0,0.925,0,0,0,1,,,0.101,112.2238644,1111.12737,1111.12737,0,34.44494847,0,,,140.1421908,0,60.26114204,2,726.6770305,0,0,0,110.7891801
66,1,67,0.15246,1,0,0,726.6770305,,,,0,0,1,1251.269561,1251.269561,0,200.2031297,41.54214942,0,,,188.59688,1251.269561,1201.218778,50.05078243,1251.269561,0,1,0,0,0.156067515,98.21068749,0.96,655.5034829,629.2833436,26.22013931,1,0,0,0.158035658,90.38619254,0.96,595.7660778,571.9354347,23.83064311,0,0,0,0.271,0,0.96,0,0,0,,,,425.8562861,1201.218778,1111.12737,90.09140837,1201.218778,0,1,0,0,0.383306918,212.9822514,0.925,600.6963911,555.6441618,45.05222933,1,0,0,0.383223168,212.8740347,0.925,600.5223872,555.4832081,45.03917904,0,0,0,0.094183419,0,0.925,0,0,0,0,0,0,0.094183419,0,0.925,0,0,0,1,,,0.101,112.2238644,1111.12737,1111.12737,0,34.44494847,0,,,140.1421908,0,60.26114204,2,726.6770305,0,0,0,110.7891801
67,1,68,0.15246,1,0,0,726.6770305,,,,0,0,1,1251.269561,1251.269561,0,200.2031297,41.54214942,0,,,188.59688,1251.269561,1201.218778,50.05078243,1251.269561,0,1,0,0,0.156067515,98.21068749,0.96,655.5034829,629.2833436,26.22013931,1,0,0,0.158035658,90.38619254,0.96,595.7660778,571.9354347,23.83064311,0,0,0,0.271,0,0.96,0,0,0,,,,425.8562861,1201.218778,1111.12737,90.09140837,1201.218778,0,1,0,0,0.383306918,212.9822514,0.925,600.6963911,555.6441618,45.05222933,1,0,0,0.383223168,212.8740347,0.925,600.5223872,555.4832081,45.03917904,0,0,0,0.094183419,0,0.925,0,0,0,0,0,0,0.094183419,0,0.925,0,0,0,1,,,0.101,112.2238644,1111.12737,1111.12737,0,34.44494847,0,,,140.1421908,0,60.26114204,2,726.6770305,0,0,0,110.7891801
68,1,69,0.15246,1,0,0,726.6770305,,,,0,0,1,1251.269561,1251.269561,0,200.2031297,41.54214942,0,,,188.59688,1251.269561,1201.218778,50.05078243,1251.269561,0,1,0,0,0.156067515,98.21068749,0.96,655.5034829,629.2833436,26.22013931,1,0,0,0.158035658,90.38619254,0.96,595.7660778,571.9354347,23.83064311,0,0,0,0.271,0,0.96,0,0,0,,,,425.8562861,1201.218778,1111.12737,90.09140837,1201.218778,0,1,0,0,0.383306918,212.9822514,0.925,600.6963911,555.6441618,45.05222933,1,0,0,0.383223168,212.8740347,0.925,600.5223872,555.4832081,45.03917904,0,0,0,0.094183419,0,0.925,0,0,0,0,0,0,0.094183419,0,0.925,0,0,0,1,,,0.101,112.2238644,1111.12737,1111.12737,0,34.44494847,0,,,140.1421908,0,60.26114204,2,726.6770305,0,0,0,110.7891801
69,1,70,0.15246,1,0,0,726.6770305,,,,0,0,1,1251.269561,1251.269561,0,200.2031297,41.54214942,0,,,188.59688,1251.269561,1201.218778,50.05078243,1251.269561,0,1,0,0,0.156067515,98.21068749,0.96,655.5034829,629.2833436,26.22013931,1,0,0,0.158035658,90.38619254,0.96,595.7660778,571.9354347,23.83064311,0,0,0,0.271,0,0.96,0,0,0,,,,425.8562861,1201.218778,1111.12737,90.09140837,1201.218778,0,1,0,0,0.383306918,212.9822514,0.925,600.6963911,555.6441618,45.05222933,1,0,0,0.383223168,212.8740347,0.925,600.5223872,555.4832081,45.03917904,0,0,0,0.094183419,0,0.925,0,0,0,0,0,0,0.094183419,0,0.925,0,0,0,1,,,0.101,112.2238644,1111.12737,1111.12737,0,34.44494847,0,,,140.1421908,0,60.26114204,2,726.6770305,0,0,0,110.7891801
70,1,71,0.1016,0,0,0,726.6770305,,,,0,0,1,1251.269561,1251.269561,0,200.2031297,41.54214942,0,,,188.59688,1251.269561,1201.218778,50.05078243,1251.269561,0,1,0,0,0.156067515,98.21068749,0.96,655.5034829,629.2833436,26.22013931,1,0,0,0.158035658,90.38619254,0.96,595.7660778,571.9354347,23.83064311,0,0,0,0.271,0,0.96,0,0,0,,,,425.8562861,1201.218778,1111.12737,90.09140837,1201.218778,0,1,0,0,0.383306918,212.9822514,0.925,600.6963911,555.6441618,45.05222933,1,0,0,0.383223168,212.8740347,0.925,600.5223872,555.4832081,45.03917904,0,0,0,0.094183419,0,0.925,0,0,0,0,0,0,0.094183419,0,0.925,0,0,0,1,,,0.101,112.2238644,1111.12737,1111.12737,0,34.44494847,0,,,140.1421908,0,60.26114204,2,726.6770305,0,0,0,73.83038629
71,1,72,0.1016,0,0,0,726.6770305,,,,0,0,1,1251.269561,1251.269561,0,200.2031297,41.54214942,0,,,188.59688,1251.269561,1201.218778,50.05078243,1251.269561,0,1,0,0,0.156067515,98.21068749,0.96,655.5034829,629.2833436,26.22013931,1,0,0,0.158035658,90.38619254,0.96,595.7660778,571.9354347,23.83064311,0,0,0,0.271,0,0.96,0,0,0,,,,425.8562861,1201.218778,1111.12737,90.09140837,1201.218778,0,1,0,0,0.383306918,212.9822514,0.925,600.6963911,555.6441618,45.05222933,1,0,0,0.383223168,212.8740347,0.925,600.5223872,555.4832081,45.03917904,0,0,0,0.094183419,0,0.925,0,0,0,0,0,0,0.094183419,0,0.925,0,0,0,1,,,0.101,112.2238644,1111.12737,1111.12737,0,34.44494847,0,,,140.1421908,0,60.26114204,2,726.6770305,0,0,0,73.83038629
72,1,73,0.1016,0,0,0,726.6770305,,,,0,0,1,1251.269561,1251.269561,0,200.2031297,41.54214942,0,,,188.59688,1251.269561,1201.218778,50.05078243,1251.269561,0,1,0,0,0.156067515,98.21068749,0.96,655.5034829,629.2833436,26.22013931,1,0,0,0.158035658,90.38619254,0.96,595.7660778,571.9354347,23.83064311,0,0,0,0.271,0,0.96,0,0,0,,,,425.8562861,1201.218778,1111.12737,90.09140837,1201.218778,0,1,0,0,0.383306918,212.9822514,0.925,600.6963911,555.6441618,45.05222933,1,0,0,0.383223168,212.8740347,0.925,600.5223872,555.4832081,45.03917904,0,0,0,0.094183419,0,0.925,0,0,0,0,0,0,0.094183419,0,0.925,0,0,0,1,,,0.101,112.2238644,1111.12737,1111.12737,0,34.44494847,0,,,140.1421908,0,60.26114204,2,726.6770305,0,0,0,73.83038629
73,1,74,0.1016,0,0,0,726.6770305,,,,0,0,1,1251.269561,1251.269561,0,200.2031297,41.54214942,0,,,188.59688,1251.269561,1201.218778,50.05078243,1251.269561,0,1,0,0,0.156067515,98.21068749,0.96,655.5034829,629.2833436,26.22013931,1,0,0,0.158035658,90.38619254,0.96,595.7660778,571.9354347,23.83064311,0,0,0,0.271,0,0.96,0,0,0,,,,425.8562861,1201.218778,1111.12737,90.09140837,1201.218778,0,1,0,0,0.383306918,212.9822514,0.925,600.6963911,555.6441618,45.05222933,1,0,0,0.383223168,212.8740347,0.925,600.5223872,555.4832081,45.03917904,0,0,0,0.094183419,0,0.925,0,0,0,0,0,0,0.094183419,0,0.925,0,0,0,1,,,0.101,112.2238644,1111.12737,1111.12737,0,34.44494847,0,,,140.1421908,0,60.26114204,2,726.6770305,0,0,0,73.83038629
74,1,75,0.1016,0,0,0,726.6770305,,,,0,0,1,1251.269561,1251.269561,0,200.2031297,41.54214942,0,,,188.59688,1251.269561,1201.218778,50.05078243,1251.269561,0,1,0,0,0.156067515,98.21068749,0.96,655.5034829,629.2833436,26.22013931,1,0,0,0.158035658,90.38619254,0.96,595.7660778,571.9354347,23.83064311,0,0,0,0.271,0,0.96,0,0,0,,,,425.8562861,1201.218778,1111.12737,90.09140837,1201.218778,0,1,0,0,0.383306918,212.9822514,0.925,600.6963911,555.6441618,45.05222933,1,0,0,0.383223168,212.8740347,0.925,600.5223872,555.4832081,45.03917904,0,0,0,0.094183419,0,0.925,0,0,0,0,0,0,0.094183419,0,0.925,0,0,0,1,,,0.101,112.2238644,1111.12737,1111.12737,0,34.44494847,0,,,140.1421908,0,60.26114204,2,726.6770305,0,0,0,73.83038629
75,1,76,0.1016,0,0,0,726.6770305,,,,0,0,1,1251.269561,1251.269561,0,200.2031297,41.54214942,0,,,188.59688,1251.269561,1201.218778,50.05078243,1251.269561,0,1,0,0,0.156067515,98.21068749,0.96,655.5034829,629.2833436,26.22013931,1,0,0,0.158035658,90.38619254,0.96,595.7660778,571.9354347,23.83064311,0,0,0,0.271,0,0.96,0,0,0,,,,425.8562861,1201.218778,1111.12737,90.09140837,1201.218778,0,1,0,0,0.383306918,212.9822514,0.925,600.6963911,555.6441618,45.05222933,1,0,0,0.383223168,212.8740347,0.925,600.5223872,555.4832081,45.03917904,0,0,0,0.094183419,0,0.925,0,0,0,0,0,0,0.094183419,0,0.925,0,0,0,1,,,0.101,112.2238644,1111.12737,1111.12737,0,34.44494847,0,,,140.1421908,0,60.26114204,2,726.6770305,0,0,0,73.83038629
76,1,77,0.1016,0,0,0,726.6770305,,,,0,0,1,1251.269561,1251.269561,0,200.2031297,41.54214942,0,,,188.59688,1251.269561,1201.218778,50.05078243,1251.269561,0,1,0,0,0.156067515,98.21068749,0.96,655.5034829,629.2833436,26.22013931,1,0,0,0.158035658,90.38619254,0.96,595.7660778,571.9354347,23.83064311,0,0,0,0.271,0,0.96,0,0,0,,,,425.8562861,1201.218778,1111.12737,90.09140837,1201.218778,0,1,0,0,0.383306918,212.9822514,0.925,600.6963911,555.6441618,45.05222933,1,0,0,0.383223168,212.8740347,0.925,600.5223872,555.4832081,45.03917904,0,0,0,0.094183419,0,0.925,0,0,0,0,0,0,0.094183419,0,0.925,0,0,0,1,,,0.101,112.2238644,1111.12737,1111.12737,0,34.44494847,0,,,140.1421908,0,60.26114204,2,726.6770305,0,0,0,73.83038629
77,1,78,0.1016,0,0,0,726.5525575,,,,0,0,1,1251.269561,1251.269561,0,200.2031297,41.54214942,0,,,188.59688,1251.269561,1201.218778,50.05078243,1251.269561,0,1,0,0,0.156067515,98.21068749,0.96,655.5034829,629.2833436,26.22013931,1,0,0,0.158035658,90.38619254,0.96,595.7660778,571.9354347,23.83064311,0,0,0,0.271,0,0.96,0,0,0,,,,425.7480694,1201.218778,1110.966416,90.07835808,1201.044774,0.174003937,1,0,0,0.383223168,212.8740347,0.925,600.5223872,555.4832081,45.03917904,1,0,0,0.383223168,212.8740347,0.925,600.5223872,555.4832081,45.03917904,0,0,0,0.094183419,0,0.925,0,0,0,0,0,0,0.094183419,0,0.925,0,0,0,1,,,0.101,112.207608,1110.966416,1110.966416,0,34.4399589,0,,,140.3031444,0,60.33035211,2,726.5525575,0,0,0,73.81773984
78,1,79,0.1016,0,0,0,726.5525575,,,,0,0,1,1251.269561,1251.269561,0,200.2031297,41.54214942,0,,,188.59688,1251.269561,1201.218778,50.05078243,1251.269561,0,1,0,0,0.156067515,98.21068749,0.96,655.5034829,629.2833436,26.22013931,1,0,0,0.158035658,90.38619254,0.96,595.7660778,571.9354347,23.83064311,0,0,0,0.271,0,0.96,0,0,0,,,,425.7480694,1201.218778,1110.966416,90.07835808,1201.044774,0.174003937,1,0,0,0.383223168,212.8740347,0.925,600.5223872,555.4832081,45.03917904,1,0,0,0.383223168,212.8740347,0.925,600.5223872,555.4832081,45.03917904,0,0,0,0.094183419,0,0.925,0,0,0,0,0,0,0.094183419,0,0.925,0,0,0,1,,,0.101,112.207608,1110.966416,1110.966416,0,34.4399589,0,,,140.3031444,0,60.33035211,2,726.5525575,0,0,0,73.81773984
79,1,80,0.1016,0,0,0,726.5525575,,,,0,0,1,1251.269561,1251.269561,0,200.2031297,41.54214942,0,,,188.59688,1251.269561,1201.218778,50.05078243,1251.269561,0,1,0,0,0.156067515,98.21068749,0.96,655.5034829,629.2833436,26.22013931,1,0,0,0.158035658,90.38619254,0.96,595.7660778,571.9354347,23.83064311,0,0,0,0.271,0,0.96,0,0,0,,,,425.7480694,1201.218778,1110.966416,90.07835808,1201.044774,0.174003937,1,0,0,0.383223168,212.8740347,0.925,600.5223872,555.4832081,45.03917904,1,0,0,0.383223168,212.8740347,0.925,600.5223872,555.4832081,45.03917904,0,0,0,0.094183419,0,0.925,0,0,0,0,0,0,0.094183419,0,0.925,0,0,0,1,,,0.101,112.207608,1110.966416,1110.966416,0,34.4399589,0,,,140.3031444,0,60.33035211,2,726.5525575,0,0,0,73.81773984
80,1,81,0.1016,0,0,0,726.5525575,,,,0,0,1,1251.269561,1251.269561,0,200.2031297,41.54214942,0,,,188.59688,1251.269561,1201.218778,50.05078243,1251.269561,0,1,0,0,0.156067515,98.21068749,0.96,655.5034829,629.2833436,26.22013931,1,0,0,0.158035658,90.38619254,0.96,595.7660778,571.9354347,23.83064311,0,0,0,0.271,0,0.96,0,0,0,,,,425.7480694,1201.218778,1110.966416,90.07835808,1201.044774,0.174003937,1,0,0,0.383223168,212.8740347,0.925,600.5223872,555.4832081,45.03917904,1,0,0,0.383223168,212.8740347,0.925,600.5223872,555.4832081,45.03917904,0,0,0,0.094183419,0,0.925,0,0,0,0,0,0,0.094183419,0,0.925,0,0,0,1,,,0.101,112.207608,1110.966416,1110.966416,0,34.4399589,0,,,140.3031444,0,60.33035211,2,726.5525575,0,0,0,73.81773984
81,1,82,0.1016,0,1,0,1461.095563,,,,0,0,1,2502.176613,2502.176613,0,400.3482581,83.07226356,0,,,385.184208,2502.176613,2402.089549,100.0870645,2502.176613,0,1,0,0,0.160353809,128.394736,0.96,834.0588711,800.6965162,33.36235484,1,0,0,0.160353809,128.394736,0.96,834.0588711,800.6965162,33.36235484,1,1,0,0.160353809,128.394736,0.96,834.0588711,800.6965162,33.36235484,,,,851.4961388,2402.089549,2221.932833,180.1567162,2402.089549,0,1,0,0,0.383223168,212.8740347,0.925,600.5223872,555.4832081,45.03917904,1,0,0,0.383223168,212.8740347,0.925,600.5223872,555.4832081,45.03917904,1,1,0,0.383223168,212.8740347,0.925,600.5223872,555.4832081,45.03917904,1,1,0,0.383223168,212.8740347,0.925,600.5223872,555.4832081,45.03917904,1,,,0.101,224.4152161,2221.932833,2221.932833,0,68.87991781,0,,,280.2437807,0,120.5048257,4,1461.095563,0,0,0,148.4473092
82,1,83,0.1016,0,1,0,1461.095563,,,,0,0,1,2502.176613,2502.176613,0,400.3482581,83.07226356,0,,,385.184208,2502.176613,2402.089549,100.0870645,2502.176613,0,1,0,0,0.160353809,128.394736,0.96,834.0588711,800.6965162,33.36235484,1,0,0,0.160353809,128.394736,0.96,834.0588711,800.6965162,33.36235484,1,0,0,0.160353809,128.394736,0.96,834.0588711,800.6965162,33.36235484,,,,851.4961388,2402.089549,2221.932833,180.1567162,2402.089549,0,1,0,0,0.383223168,212.8740347,0.925,600.5223872,555.4832081,45.03917904,1,0,0,0.383223168,212.8740347,0.925,600.5223872,555.4832081,45.03917904,1,0,0,0.383223168,212.8740347,0.925,600.5223872,555.4832081,45.03917904,1,0,0,0.383223168,212.8740347,0.925,600.5223872,555.4832081,45.03917904,1,,,0.101,224.4152161,2221.932833,2221.932833,0,68.87991781,0,,,280.2437807,0,120.5048257,4,1461.095563,0,0,0,148.4473092
83,1,84,0.1016,0,1,0,1461.095563,,,,0,0,1,2502.176613,2502.176613,0,400.3482581,83.07226356,0,,,385.184208,2502.176613,2402.089549,100.0870645,2502.176613,0,1,0,0,0.160353809,128.394736,0.96,834.0588711,800.6965162,33.36235484,1,0,0,0.160353809,128.394736,0.96,834.0588711,800.6965162,33.36235484,1,0,0,0.160353809,128.394736,0.96,834.0588711,800.6965162,33.36235484,,,,851.4961388,2402.089549,2221.932833,180.1567162,2402.089549,0,1,0,0,0.383223168,212.8740347,0.925,600.5223872,555.4832081,45.03917904,1,0,0,0.383223168,212.8740347,0.925,600.5223872,555.4832081,45.03917904,1,0,0,0.383223168,212.8740347,0.925,600.5223872,555.4832081,45.03917904,1,0,0,0.383223168,212.8740347,0.925,600.5223872,555.4832081,45.03917904,1,,,0.101,224.4152161,2221.932833,2221.932833,0,68.87991781,0,,,280.2437807,0,120.5048257,4,1461.095563,0,0,0,148.4473092
84,1,85,0.1016,0,1,0,1461.095563,,,,0,0,1,2502.176613,2502.176613,0,400.3482581,83.07226356,0,,,385.184208,2502.176613,2402.089549,100.0870645,2502.176613,0,1,0,0,0.160353809,128.394736,0.96,834.0588711,800.6965162,33.36235484,1,0,0,0.160353809,128.394736,0.96,834.0588711,800.6965162,33.36235484,1,0,0,0.160353809,128.394736,0.96,834.0588711,800.6965162,33.36235484,,,,851.4961388,2402.089549,2221.932833,180.1567162,2402.089549,0,1,0,0,0.383223168,212.8740347,0.925,600.5223872,555.4832081,45.03917904,1,0,0,0.383223168,212.8740347,0.925,600.5223872,555.4832081,45.03917904,1,0,0,0.383223168,212.8740347,0.925,600.5223872,555.4832081,45.03917904,1,0,0,0.383223168,212.8740347,0.925,600.5223872,555.4832081,45.03917904,1,,,0.101,224.4152161,2221.932833,2221.932833,0,68.87991781,0,,,280.2437807,0,120.5048257,4,1461.095563,0,0,0,148.4473092
85,1,86,0.1016,0,1,0,1461.095563,,,,0,0,1,2502.176613,2502.176613,0,400.3482581,83.07226356,0,,,385.184208,2502.176613,2402.089549,100.0870645,2502.176613,0,1,0,0,0.160353809,128.394736,0.96,834.0588711,800.6965162,33.36235484,1,0,0,0.160353809,128.394736,0.96,834.0588711,800.6965162,33.36235484,1,0,0,0.160353809,128.394736,0.96,834.0588711,800.6965162,33.36235484,,,,851.4961388,2402.089549,2221.932833,180.1567162,2402.089549,0,1,0,0,0.383223168,212.8740347,0.925,600.5223872,555.4832081,45.03917904,1,0,0,0.383223168,212.8740347,0.925,600.5223872,555.4832081,45.03917904,1,0,0,0.383223168,212.8740347,0.925,600.5223872,555.4832081,45.03917904,1,0,0,0.383223168,212.8740347,0.925,600.5223872,555.4832081,45.03917904,1,,,0.101,224.4152161,2221.932833,2221.932833,0,68.87991781,0,,,280.2437807,0,120.5048257,4,1461.095563,0,0,0,148.4473092
86,1,87,0.1016,0,1,0,1461.095563,,,,0,0,1,2502.176613,2502.176613,0,400.3482581,83.07226356,0,,,385.184208,2502.176613,2402.089549,100.0870645,2502.176613,0,1,0,0,0.160353809,128.394736,0.96,834.0588711,800.6965162,33.36235484,1,0,0,0.160353809,128.394736,0.96,834.0588711,800.6965162,33.36235484,1,0,0,0.160353809,128.394736,0.96,834.0588711,800.6965162,33.36235484,,,,851.4961388,2402.089549,2221.932833,180.1567162,2402.089549,0,1,0,0,0.383223168,212.8740347,0.925,600.5223872,555.4832081,45.03917904,1,0,0,0.383223168,212.8740347,0.925,600.5223872,555.4832081,45.03917904,1,0,0,0.383223168,212.8740347,0.925,600.5223872,555.4832081,45.03917904,1,0,0,0.383223168,212.8740347,0.925,600.5223872,555.4832081,45.03917904,1,,,0.101,224.4152161,2221.932833,2221.932833,0,68.87991781,0,,,280.2437807,0,120.5048257,4,1461.095563,0,0,0,148.4473092
87,1,88,0.1016,0,1,0,1461.095475,,,,0,0,1,2502.176613,2502.176613,0,400.3482581,83.07226356,0,,,385.184208,2502.176613,2402.089549,100.0870645,2502.176613,0,1,0,0,0.160353809,128.394736,0.96,834.0588711,800.6965162,33.36235484,1,0,0,0.160353809,128.394736,0.96,834.0588711,800.6965162,33.36235484,1,0,0,0.160353809,128.394736,0.96,834.0588711,800.6965162,33.36235484,,,,851.4960514,2402.089549,2221.932833,180.1567162,2402.089549,0,1,0,0,0.383223089,212.873991,0.925,600.5223872,555.4832081,45.03917904,1,0,0,0.383223089,212.873991,0.925,600.5223872,555.4832081,45.03917904,1,0,0,0.383223168,212.8740347,0.925,600.5223872,555.4832081,45.03917904,1,0,0,0.383223168,212.8740347,0.925,600.5223872,555.4832081,45.03917904,1,,,0.101,224.4152161,2221.932833,2221.932833,0,68.87991781,0,,,280.2437807,0,120.5048257,4,1461.095475,0,0,0,148.4473003
88,1,89,0.1016,0,1,0,1461.09532,,,,0,0,1,2502.176613,2502.176613,0,400.3482581,83.07226356,0,,,385.184208,2502.176613,2402.089549,100.0870645,2502.176613,0,1,0,0,0.160353809,128.394736,0.96,834.0588711,800.6965162,33.36235484,1,0,0,0.160353809,128.394736,0.96,834.0588711,800.6965162,33.36235484,1,0,0,0.160353809,128.394736,0.96,834.0588711,800.6965162,33.36235484,,,,851.4958958,2402.089549,2221.932833,180.1567162,2402.089549,0,1,0,0,0.383222949,212.8739132,0.925,600.5223872,555.4832081,45.03917904,1,0,0,0.383222949,212.8739132,0.925,600.5223872,555.4832081,45.03917904,1,0,0,0.383223168,212.8740347,0.925,600.5223872,555.4832081,45.03917904,1,0,0,0.383223168,212.8740347,0.925,600.5223872,555.4832081,45.03917904,1,,,0.101,224.4152161,2221.932833,2221.932833,0,68.87991781,0,,,280.2437807,0,120.5048257,4,1461.09532,0,0,0,148.4472845
89,1,90,0.15246,1,1,0,726.5600786,,,,0,0,1,1251.088307,1251.088307,0,200.1741291,41.53613178,0,,,188.6044012,1251.088307,1201.044774,50.04353226,1251.088307,0,1,0,0,0.156028151,98.51075265,0.96,657.672134,631.3652486,26.30688536,1,0,0,0.158147949,90.09364851,0.96,593.4161726,569.6795257,23.7366469,0,0,1,0.271,0,0.96,0,0,0,,,,425.7480694,1201.044774,1110.966416,90.07835808,1201.044774,0,1,0,0,0.383223168,212.8740347,0.925,600.5223872,555.4832081,45.03917904,1,0,0,0.383223168,212.8740347,0.925,600.5223872,555.4832081,45.03917904,0,0,1,0.094183419,0,0.925,0,0,0,0,0,1,0.094183419,0,0.925,0,0,0,1,,,0.101,112.207608,1110.966416,1110.966416,0,34.4399589,0,,,140.1218903,0,60.25241285,2,726.5600786,0,0,0,110.7713496
90,1,91,0.15246,1,0,0,726.5600786,,,,0,0,1,1251.088307,1251.088307,0,200.1741291,41.53613178,0,,,188.6044012,1251.088307,1201.044774,50.04353226,1251.088307,0,1,0,0,0.156028151,98.51075265,0.96,657.672134,631.3652486,26.30688536,1,0,0,0.158147949,90.09364851,0.96,593.4161726,569.6795257,23.7366469,0,0,0,0.271,0,0.96,0,0,0,,,,425.7480694,1201.044774,1110.966416,90.07835808,1201.044774,0,1,0,0,0.383223168,212.8740347,0.925,600.5223872,555.4832081,45.03917904,1,0,0,0.383223168,212.8740347,0.925,600.5223872,555.4832081,45.03917904,0,0,0,0.094183419,0,0.925,0,0,0,0,0,0,0.094183419,0,0.925,0,0,0,1,,,0.101,112.207608,1110.966416,1110.966416,0,34.4399589,0,,,140.1218903,0,60.25241285,2,726.5600786,0,0,0,110.7713496
91,1,92,0.15246,1,0,0,726.5600786,,,,0,0,1,1251.088307,1251.088307,0,200.1741291,41.53613178,0,,,188.6044012,1251.088307,1201.044774,50.04353226,1251.088307,0,1,0,0,0.156028151,98.51075265,0.96,657.672134,631.3652486,26.30688536,1,0,0,0.158147949,90.09364851,0.96,593.4161726,569.6795257,23.7366469,0,0,0,0.271,0,0.96,0,0,0,,,,425.7480694,1201.044774,1110.966416,90.07835808,1201.044774,0,1,0,0,0.383223168,212.8740347,0.925,600.5223872,555.4832081,45.03917904,1,0,0,0.383223168,212.8740347,0.925,600.5223872,555.4832081,45.03917904,0,0,0,0.094183419,0,0.925,0,0,0,0,0,0,0.094183419,0,0.925,0,0,0,1,,,0.101,112.207608,1110.966416,1110.966416,0,34.4399589,0,,,140.1218903,0,60.25241285,2,726.5600786,0,0,0,110.7713496
92,1,93,0.15246,1,0,0,726.5600786,,,,0,0,1,1251.088307,1251.088307,0,200.1741291,41.53613178,0,,,188.6044012,1251.088307,1201.044774,50.04353226,1251.088307,0,1,0,0,0.156028151,98.51075265,0.96,657.672134,631.3652486,26.30688536,1,0,0,0.158147949,90.09364851,0.96,593.4161726,569.6795257,23.7366469,0,0,0,0.271,0,0.96,0,0,0,,,,425.7480694,1201.044774,1110.966416,90.07835808,1201.044774,0,1,0,0,0.383223168,212.8740347,0.925,600.5223872,555.4832081,45.03917904,1,0,0,0.383223168,212.8740347,0.925,600.5223872,555.4832081,45.03917904,0,0,0,0.094183419,0,0.925,0,0,0,0,0,0,0.094183419,0,0.925,0,0,0,1,,,0.101,112.207608,1110.966416,1110.966416,0,34.4399589,0,,,140.1218903,0,60.25241285,2,726.5600786,0,0,0,110.7713496
93,1,94,0.15246,1,0,0,726.5600786,,,,0,0,1,1251.088307,1251.088307,0,200.1741291,41.53613178,0,,,188.6044012,1251.088307,1201.044774,50.04353226,1251.088307,0,1,0,0,0.156028151,98.51075265,0.96,657.672134,631.3652486,26.30688536,1,0,0,0.158147949,90.09364851,0.96,593.4161726,569.6795257,23.7366469,0,0,0,0.271,0,0.96,0,0,0,,,,425.7480694,1201.044774,1110.966416,90.07835808,1201.044774,0,1,0,0,0.383223168,212.8740347,0.925,600.5223872,555.4832081,45.03917904,1,0,0,0.383223168,212.8740347,0.925,600.5223872,555.4832081,45.03917904,0,0,0,0.094183419,0,0.925,0,0,0,0,0,0,0.094183419,0,0.925,0,0,0,1,,,0.101,112.207608,1110.966416,1110.966416,0,34.4399589,0,,,140.1218903,0,60.25241285,2,726.5600786,0,0,0,110.7713496
94,1,95,0.1016,0,0,0,726.5600786,,,,0,0,1,1251.088307,1251.088307,0,200.1741291,41.53613178,0,,,188.6044012,1251.088307,1201.044774,50.04353226,1251.088307,0,1,0,0,0.156028151,98.51075265,0.96,657.672134,631.3652486,26.30688536,1,0,0,0.158147949,90.09364851,0.96,593.4161726,569.6795257,23.7366469,0,0,0,0.271,0,0.96,0,0,0,,,,425.7480694,1201.044774,1110.966416,90.07835808,1201.044774,0,1,0,0,0.383223168,212.8740347,0.925,600.5223872,555.4832081,45.03917904,1,0,0,0.383223168,212.8740347,0.925,600.5223872,555.4832081,45.03917904,0,0,0,0.094183419,0,0.925,0,0,0,0,0,0,0.094183419,0,0.925,0,0,0,1,,,0.101,112.207608,1110.966416,1110.966416,0,34.4399589,0,,,140.1218903,0,60.25241285,2,726.5600786,0,0,0,73.81850399
95,1,96,0.1016,0,0,0,726.5600786,,,,0,0,1,1251.088307,1251.088307,0,200.1741291,41.53613178,0,,,188.6044012,1251.088307,1201.044774,50.04353226,1251.088307,0,1,0,0,0.156028151,98.51075265,0.96,657.672134,631.3652486,26.30688536,1,0,0,0.158147949,90.09364851,0.96,593.4161726,569.6795257,23.7366469,0,0,0,0.271,0,0.96,0,0,0,,,,425.7480694,1201.044774,1110.966416,90.07835808,1201.044774,0,1,0,0,0.383223168,212.8740347,0.925,600.5223872,555.4832081,45.03917904,1,0,0,0.383223168,212.8740347,0.925,600.5223872,555.4832081,45.03917904,0,0,0,0.094183419,0,0.925,0,0,0,0,0,0,0.094183419,0,0.925,0,0,0,1,,,0.101,112.207608,1110.966416,1110.966416,0,34.4399589,0,,,140.1218903,0,60.25241285,2,726.5600786,0,0,0,73.81850399
96,1,97,0.1016,0,0,0,726.5600786,,,,0,0,1,1251.088307,1251.088307,0,200.1741291,41.53613178,0,,,188.6044012,1251.088307,1201.044774,50.04353226,1251.088307,0,1,0,0,0.156028151,98.51075265,0.96,657.672134,631.3652486,26.30688536,1,0,0,0.158147949,90.09364851,0.96,593.4161726,569.6795257,23.7366469,0,0,0,0.271,0,0.96,0,0,0,,,,425.7480694,1201.044774,1110.966416,90.07835808,1201.044774,0,1,0,0,0.383223168,212.8740347,0.925,600.5223872,555.4832081,45.03917904,1,0,0,0.383223168,212.8740347,0.925,600.5223872,555.4832081,45.03917904,0,0,0,0.094183419,0,0.925,0,0,0,0,0,0,0.094183419,0,0.925,0,0,0,1,,,0.101,112.207608,1110.966416,1110.966416,0,34.4399589,0,,,140.1218903,0,60.25241285,2,726.5600786,0,0,0,73.81850399
97,1,98,0.1016,0,0,0,726.5600786,,,,0,0,1,1251.088307,1251.088307,0,200.1741291,41.53613178,0,,,188.6044012,1251.088307,1201.044774,50.04353226,1251.088307,0,1,0,0,0.156028151,98.51075265,0.96,657.672134,631.3652486,26.30688536,1,0,0,0.158147949,90.09364851,0.96,593.4161726,569.6795257,23.7366469,0,0,0,0.271,0,0.96,0,0,0,,,,425.7480694,1201.044774,1110.966416,90.07835808,1201.044774,0,1,0,0,0.383223168,212.8740347,0.925,600.5223872,555.4832081,45.03917904,1,0,0,0.383223168,212.8740347,0.925,600.5223872,555.4832081,45.03917904,0,0,0,0.094183419,0,0.925,0,0,0,0,0,0,0.094183419,0,0.925,0,0,0,1,,,0.101,112.207608,1110.966416,1110.966416,0,34.4399589,0,,,140.1218903,0,60.25241285,2,726.5600786,0,0,0,73.81850399
98,1,99,0.1016,0,0,0,726.5600786,,,,0,0,1,1251.088307,1251.088307,0,200.1741291,41.53613178,0,,,188.6044012,1251.088307,1201.044774,50.04353226,1251.088307,0,1,0,0,0.156028151,98.51075265,0.96,657.672134,631.3652486,26.30688536,1,0,0,0.158147949,90.09364851,0.96,593.4161726,569.6795257,23.7366469,0,0,0,0.271,0,0.96,0,0,0,,,,425.7480694,1201.044774,1110.966416,90.07835808,1201.044774,0,1,0,0,0.383223168,212.8740347,0.925,600.5223872,555.4832081,45.03917904,1,0,0,0.383223168,212.8740347,0.925,600.5223872,555.4832081,45.03917904,0,0,0,0.094183419,0,0.925,0,0,0,0,0,0,0.094183419,0,0.925,0,0,0,1,,,0.101,112.207608,1110.966416,1110.966416,0,34.4399589,0,,,140.1218903,0,60.25241285,2,726.5600786,0,0,0,73.81850399
99,1,100,0.1016,0,0,0,726.5600786,,,,0,0,1,1251.088307,1251.088307,0,200.1741291,41.53613178,0,,,188.6044012,1251.088307,1201.044774,50.04353226,1251.088307,0,1,0,0,0.156028151,98.51075265,0.96,657.672134,631.3652486,26.30688536,1,0,0,0.158147949,90.09364851,0.96,593.4161726,569.6795257,23.7366469,0,0,0,0.271,0,0.96,0,0,0,,,,425.7480694,1201.044774,1110.966416,90.07835808,1201.044774,0,1,0,0,0.383223168,212.8740347,0.925,600.5223872,555.4832081,45.03917904,1,0,0,0.383223168,212.8740347,0.925,600.5223872,555.4832081,45.03917904,0,0,0,0.094183419,0,0.925,0,0,0,0,0,0,0.094183419,0,0.925,0,0,0,1,,,0.101,112.207608,1110.966416,1110.966416,0,34.4399589,0,,,140.1218903,0,60.25241285,2,726.5600786,0,0,0,73.81850399
100,1,101,0.1016,0,0,0,726.5600786,,,,0,0,1,1251.088307,1251.088307,0,200.1741291,41.53613178,0,,,188.6044012,1251.088307,1201.044774,50.04353226,1251.088307,0,1,0,0,0.156028151,98.51075265,0.96,657.672134,631.3652486,26.30688536,1,0,0,0.158147949,90.09364851,0.96,593.4161726,569.6795257,23.7366469,0,0,0,0.271,0,0.96,0,0,0,,,,425.7480694,1201.044774,1110.966416,90.07835808,1201.044774,0,1,0,0,0.383223168,212.8740347,0.925,600.5223872,555.4832081,45.03917904,1,0,0,0.383223168,212.8740347,0.925,600.5223872,555.4832081,45.03917904,0,0,0,0.094183419,0,0.925,0,0,0,0,0,0,0.094183419,0,0.925,0,0,0,1,,,0.101,112.207608,1110.966416,1110.966416,0,34.4399589,0,,,140.1218903,0,60.25241285,2,726.5600786,0,0,0,73.81850399
101,1,102,0.1016,0,0,0,726.5600786,,,,0,0,1,1251.088307,1251.088307,0,200.1741291,41.53613178,0,,,188.6044012,1251.088307,1201.044774,50.04353226,1251.088307,0,1,0,0,0.156028151,98.51075265,0.96,657.672134,631.3652486,26.30688536,1,0,0,0.158147949,90.09364851,0.96,593.4161726,569.6795257,23.7366469,0,0,0,0.271,0,0.96,0,0,0,,,,425.7480694,1201.044774,1110.966416,90.07835808,1201.044774,0,1,0,0,0.383223168,212.8740347,0.925,600.5223872,555.4832081,45.03917904,1,0,0,0.383223168,212.8740347,0.925,600.5223872,555.4832081,45.03917904,0,0,0,0.094183419,0,0.925,0,0,0,0,0,0,0.094183419,0,0.925,0,0,0,1,,,0.101,112.207608,1110.966416,1110.966416,0,34.4399589,0,,,140.1218903,0,60.25241285,2,726.5600786,0,0,0,73.81850399
102,1,103,0.1016,0,0,0,726.5600786,,,,0,0,1,1251.088307,1251.088307,0,200.1741291,41.53613178,0,,,188.6044012,1251.088307,1201.044774,50.04353226,1251.088307,0,1,0,0,0.156028151,98.51075265,0.96,657.672134,631.3652486,26.30688536,1,0,0,0.158147949,90.09364851,0.96,593.4161726,569.6795257,23.7366469,0,0,0,0.271,0,0.96,0,0,0,,,,425.7480694,1201.044774,1110.966416,90.07835808,1201.044774,0,1,0,0,0.383223168,212.8740347,0.925,600.5223872,555.4832081,45.03917904,1,0,0,0.383223168,212.8740347,0.925,600.5223872,555.4832081,45.03917904,0,0,0,0.094183419,0,0.925,0,0,0,0,0,0,0.094183419,0,0.925,0,0,0,1,,,0.101,112.207608,1110.966416,1110.966416,0,34.4399589,0,,,140.1218903,0,60.25241285,2,726.5600786,0,0,0,73.81850399
103,1,104,0.1016,0,0,0,726.5600786,,,,0,0,1,1251.088307,1251.088307,0,200.1741291,41.53613178,0,,,188.6044012,1251.088307,1201.044774,50.04353226,1251.088307,0,1,0,0,0.156028151,98.51075265,0.96,657.672134,631.3652486,26.30688536,1,0,0,0.158147949,90.09364851,0.96,593.4161726,569.6795257,23.7366469,0,0,0,0.271,0,0.96,0,0,0,,,,425.7480694,1201.044774,1110.966416,90.07835808,1201.044774,0,1,0,0,0.383223168,212.8740347,0.925,600.5223872,555.4832081,45.03917904,1,0,0,0.383223168,212.8740347,0.925,600.5223872,555.4832081,45.03917904,0,0,0,0.094183419,0,0.925,0,0,0,0,0,0,0.094183419,0,0.925,0,0,0,1,,,0.101,112.207608,1110.966416,1110.966416,0,34.4399589,0,,,140.1218903,0,60.25241285,2,726.5600786,0,0,0,73.81850399
104,1,105,0.1016,0,0,0,726.5600786,,,,0,0,1,1251.088307,1251.088307,0,200.1741291,41.53613178,0,,,188.6044012,1251.088307,1201.044774,50.04353226,1251.088307,0,1,0,0,0.156028151,98.51075265,0.96,657.672134,631.3652486,26.30688536,1,0,0,0.158147949,90.09364851,0.96,593.4161726,569.6795257,23.7366469,0,0,0,0.271,0,0.96,0,0,0,,,,425.7480694,1201.044774,1110.966416,90.07835808,1201.044774,0,1,0,0,0.383223168,212.8740347,0.925,600.5223872,555.4832081,45.03917904,1,0,0,0.383223168,212.8740347,0.925,600.5223872,555.4832081,45.03917904,0,0,0,0.094183419,0,0.925,0,0,0,0,0,0,0.094183419,0,0.925,0,0,0,1,,,0.101,112.207608,1110.966416,1110.966416,0,34.4399589,0,,,140.1218903,0,60.25241285,2,726.5600786,0,0,0,73.81850399
105,1,106,0.1016,0,1,0,1461.917512,,,,0,0,1,2501.088307,2501.088307,0,400.1741291,83.03613178,0,,,386.7532081,2501.088307,2401.044774,100.0435323,2501.088307,0,1,0,0,0.162938556,135.8605065,0.96,868.5566176,833.8143529,34.7422647,1,0,0,0.162926396,135.8274898,0.96,868.4103501,833.6739361,34.736414,1,1,0,0.156859375,115.0652118,0.96,764.1213389,733.5564854,30.56485356,,,,850.846696,2401.044774,2220.966416,180.0783581,2401.044774,0,1,0,0,0.383223168,212.8740347,0.925,600.5223872,555.4832081,45.03917904,1,0,0,0.383223168,212.8740347,0.925,600.5223872,555.4832081,45.03917904,1,1,0,0.382971736,212.5493133,0.925,600,555,45,1,1,0,0.382971736,212.5493133,0.925,600,555,45,1,,,0.101,224.317608,2220.966416,2220.966416,0,68.8499589,0,,,280.1218903,0,120.4524128,4,1461.917512,0,0,0,148.5308192
106,1,107,0.1016,0,1,0,1461.917512,,,,0,0,1,2501.088307,2501.088307,0,400.1741291,83.03613178,0,,,386.7532081,2501.088307,2401.044774,100.0435323,2501.088307,0,1,0,0,0.162938556,135.8605065,0.96,868.5566176,833.8143529,34.7422647,1,0,0,0.162926396,135.8274898,0.96,868.4103501,833.6739361,34.736414,1,0,0,0.156859375,115.0652118,0.96,764.1213389,733.5564854,30.56485356,,,,850.846696,2401.044774,2220.966416,180.0783581,2401.044774,0,1,0,0,0.383223168,212.8740347,0.925,600.5223872,555.4832081,45.03917904,1,0,0,0.383223168,212.8740347,0.925,600.5223872,555.4832081,45.03917904,1,0,0,0.382971736,212.5493133,0.925,600,555,45,1,0,0,0.382971736,212.5493133,0.925,600,555,45,1,,,0.101,224.317608,2220.966416,2220.966416,0,68.8499589,0,,,280.1218903,0,120.4524128,4,1461.917512,0,0,0,148.5308192
107,1,108,0.1016,0,1,0,1461.917512,,,,0,0,1,2501.088307,2501.088307,0,400.1741291,83.03613178,0,,,386.7532081,2501.088307,2401.044774,100.0435323,2501.088307,0,1,0,0,0.162938556,135.8605065,0.96,868.5566176,833.8143529,34.7422647,1,0,0,0.162926396,135.8274898,0.96,868.4103501,833.6739361,34.736414,1,0,0,0.156859375,115.0652118,0.96,764.1213389,733.5564854,30.56485356,,,,850.846696,2401.044774,2220.966416,180.0783581,2401.044774,0,1,0,0,0.383223168,212.8740347,0.925,600.5223872,555.4832081,45.03917904,1,0,0,0.383223168,212.8740347,0.925,600.5223872,555.4832081,45.03917904,1,0,0,0.382971736,212.5493133,0.925,600,555,45,1,0,0,0.382971736,212.5493133,0.925,600,555,45,1,,,0.101,224.317608,2220.966416,2220.966416,0,68.8499589,0,,,280.1218903,0,120.4524128,4,1461.917512,0,0,0,148.5308192
108,1,109,0.1016,0,1,0,1461.917512,,,,0,0,1,2501.088307,2501.088307,0,400.1741291,83.03613178,0,,,386.7532081,2501.088307,2401.044774,100.0435323,2501.088307,0,1,0,0,0.162938556,135.8605065,0.96,868.5566176,833.8143529,34.7422647,1,0,0,0.162926396,135.8274898,0.96,868.4103501,833.6739361,34.736414,1,0,0,0.156859375,115.0652118,0.96,764.1213389,733.5564854,30.56485356,,,,850.846696,2401.044774,2220.966416,180.0783581,2401.044774,0,1,0,0,0.383223168,212.8740347,0.925,600.5223872,555.4832081,45.03917904,1,0,0,0.383223168,212.8740347,0.925,600.5223872,555.4832081,45.03917904,1,0,0,0.382971736,212.5493133,0.925,600,555,45,1,0,0,0.382971736,212.5493133,0.925,600,555,45,1,,,0.101,224.317608,2220.966416,2220.966416,0,68.8499589,0,,,280.1218903,0,120.4524128,4,1461.917512,0,0,0,148.5308192
109,1,110,0.1016,0,1,0,1461.917512,,,,0,0,1,2501.088307,2501.088307,0,400.1741291,83.03613178,0,,,386.7532081,2501.088307,2401.044774,100.0435323,2501.088307,0,1,0,0,0.162938556,135.8605065,0.96,868.5566176,833.8143529,34.7422647,1,0,0,0.162926396,135.8274898,0.96,868.4103501,833.6739361,34.736414,1,0,0,0.156859375,115.0652118,0.96,764.1213389,733.5564854,30.56485356,,,,850.846696,2401.044774,2220.966416,180.0783581,2401.044774,0,1,0,0,0.383223168,212.8740347,0.925,600.5223872,555.4832081,45.03917904,1,0,0,0.383223168,212.8740347,0.925,600.5223872,555.4832081,45.03917904,1,0,0,0.382971736,212.5493133,0.925,600,555,45,1,0,0,0.382971736,212.5493133,0.925,600,555,45,1,,,0.101,224.317608,2220.966416,2220.966416,0,68.8499589,0,,,280.1218903,0,120.4524128,4,1461.917512,0,0,0,148.5308192
110,1,111,0.1016,0,1,0,1461.917425,,,,0,0,1,2501.088307,2501.088307,0,400.1741291,83.03613178,0,,,386.7532081,2501.088307,2401.044774,100.0435323,2501.088307,0,1,0,0,0.162938556,135.8605065,0.96,868.5566176,833.8143529,34.7422647,1,0,0,0.162926396,135.8274898,0.96,868.4103501,833.6739361,34.736414,1,0,0,0.156859375,115.0652118,0.96,764.1213389,733.5564854,30.56485356,,,,850.8466086,2401.044774,2220.966416,180.0783581,2401.044774,0,1,0,0,0.383223089,212.873991,0.925,600.5223872,555.4832081,45.03917904,1,0,0,0.383223089,212.873991,0.925,600.5223872,555.4832081,45.03917904,1,0,0,0.382971736,212.5493133,0.925,600,555,45,1,0,0,0.382971736,212.5493133,0.925,600,555,45,1,,,0.101,224.317608,2220.966416,2220.966416,0,68.8499589,0,,,280.1218903,0,120.4524128,4,1461.917425,0,0,0,148.5308104
111,1,112,0.1016,0,1,0,1461.917433,,,,0,0,1,2501.088307,2501.088307,0,400.1741291,83.03613178,0,,,386.7532081,2501.088307,2401.044774,100.0435323,2501.088307,0,1,0,0,0.162938556,135.8605065,0.96,868.5566176,833.8143529,34.7422647,1,0,0,0.162926396,135.8274898,0.96,868.4103501,833.6739361,34.736414,1,0,0,0.156859375,115.0652118,0.96,764.1213389,733.5564854,30.56485356,,,,850.8466166,2401.044774,2220.966416,180.0783581,2401.044774,0,1,0,0,0.383223168,212.8740347,0.925,600.5223872,555.4832081,45.03917904,1,0,0,0.383223025,212.8739553,0.925,600.5223872,555.4832081,45.03917904,1,0,0,0.382971736,212.5493133,0.925,600,555,45,1,0,0,0.382971736,212.5493133,0.925,600,555,45,1,,,0.101,224.317608,2220.966416,2220.966416,0,68.8499589,0,,,280.1218903,0,120.4524128,4,1461.917433,0,0,0,148.5308112
112,1,113,0.1016,0,1,0,1461.917468,,,,0,0,1,2501.088307,2501.088307,0,400.1741291,83.03613178,0,,,386.7532081,2501.088307,2401.044774,100.0435323,2501.088307,0,1,0,0,0.162938556,135.8605065,0.96,868.5566176,833.8143529,34.7422647,1,0,0,0.162926396,135.8274898,0.96,868.4103501,833.6739361,34.736414,1,0,0,0.156859375,115.0652118,0.96,764.1213389,733.5564854,30.56485356,,,,850.8466523,2401.044774,2220.966416,180.0783581,2401.044774,0,1,0,0,0.383223168,212.8740347,0.925,600.5223872,555.4832081,45.03917904,1,0,0,0.383223089,212.873991,0.925,600.5223872,555.4832081,45.03917904,1,0,0,0.382971736,212.5493133,0.925,600,555,45,1,0,0,0.382971736,212.5493133,0.925,600,555,45,1,,,0.101,224.317608,2220.966416,2220.966416,0,68.8499589,0,,,280.1218903,0,120.4524128,4,1461.917468,0,0,0,148.5308148
113,1,114,0.15246,1,1,0,726.329218,,,,0,0,1,1251.088716,1251.088716,0,200.1741946,41.53614538,0,,,188.3735406,1251.088716,1201.045168,50.04354865,1251.088716,0,1,0,0,0.156841346,94.18677029,0.96,625.5443581,600.5225838,25.02177432,1,0,0,0.156841346,94.18677029,0.96,625.5443581,600.5225838,25.02177432,0,0,1,0.271,0,0.96,0,0,0,,,,425.7480694,1201.045168,1110.966416,90.07835808,1201.044774,0.000393249,1,0,0,0.383223168,212.8740347,0.925,600.5223872,555.4832081,45.03917904,1,0,0,0.383223168,212.8740347,0.925,600.5223872,555.4832081,45.03917904,0,0,1,0.094183419,0,0.925,0,0,0,0,0,1,0.094183419,0,0.925,0,0,0,1,,,0.101,112.207608,1110.966416,1110.966416,0,34.4399589,0,,,140.1223,0,60.25258899,2,726.329218,0,0,0,110.7361526
114,1,115,0.15246,1,0,0,726.329218,,,,0,0,1,1251.088716,1251.088716,0,200.1741946,41.53614538,0,,,188.3735406,1251.088716,1201.045168,50.04354865,1251.088716,0,1,0,0,0.156841346,94.18677029,0.96,625.5443581,600.5225838,25.02177432,1,0,0,0.156841346,94.18677029,0.96,625.5443581,600.5225838,25.02177432,0,0,0,0.271,0,0.96,0,0,0,,,,425.7480694,1201.045168,1110.966416,90.07835808,1201.044774,0.000393249,1,0,0,0.383223168,212.8740347,0.925,600.5223872,555.4832081,45.03917904,1,0,0,0.383223168,212.8740347,0.925,600.5223872,555.4832081,45.03917904,0,0,0,0.094183419,0,0.925,0,0,0,0,0,0,0.094183419,0,0.925,0,0,0,1,,,0.101,112.207608,1110.966416,1110.966416,0,34.4399589,0,,,140.1223,0,60.25258899,2,726.329218,0,0,0,110.7361526
115,1,116,0.15246,1,0,0,726.329218,,,,0,0,1,1251.088716,1251.088716,0,200.1741946,41.53614538,0,,,188.3735406,1251.088716,1201.045168,50.04354865,1251.088716,0,1,0,0,0.156841346,94.18677029,0.96,625.5443581,600.5225838,25.02177432,1,0,0,0.156841346,94.18677029,0.96,625.5443581,600.5225838,25.02177432,0,0,0,0.271,0,0.96,0,0,0,,,,425.7480694,1201.045168,1110.966416,90.07835808,1201.044774,0.000393249,1,0,0,0.383223168,212.8740347,0.925,600.5223872,555.4832081,45.03917904,1,0,0,0.383223168,212.8740347,0.925,600.5223872,555.4832081,45.03917904,0,0,0,0.094183419,0,0.925,0,0,0,0,0,0,0.094183419,0,0.925,0,0,0,1,,,0.101,112.207608,1110.966416,1110.966416,0,34.4399589,0,,,140.1223,0,60.25258899,2,726.329218,0,0,0,110.7361526
116,1,117,0.15246,1,0,0,726.329218,,,,0,0,1,1251.088716,1251.088716,0,200.1741946,41.53614538,0,,,188.3735406,1251.088716,1201.045168,50.04354865,1251.088716,0,1,0,0,0.156841346,94.18677029,0.96,625.5443581,600.5225838,25.02177432,1,0,0,0.156841346,94.18677029,0.96,625.5443581,600.5225838,25.02177432,0,0,0,0.271,0,0.96,0,0,0,,,,425.7480694,1201.045168,1110.966416,90.07835808,1201.044774,0.000393249,1,0,0,0.383223168,212.8740347,0.925,600.5223872,555.4832081,45.03917904,1,0,0,0.383223168,212.8740347,0.925,600.5223872,555.4832081,45.03917904,0,0,0,0.094183419,0,0.925,0,0,0,0,0,0,0.094183419,0,0.925,0,0,0,1,,,0.101,112.207608,1110.966416,1110.966416,0,34.4399589,0,,,140.1223,0,60.25258899,2,726.329218,0,0,0,110.7361526
117,1,118,0.15246,1,0,0,726.329218,,,,0,0,1,1251.088716,1251.088716,0,200.1741946,41.53614538,0,,,188.3735406,1251.088716,1201.045168,50.04354865,1251.088716,0,1,0,0,0.156841346,94.18677029,0.96,625.5443581,600.5225838,25.02177432,1,0,0,0.156841346,94.18677029,0.96,625.5443581,600.5225838,25.02177432,0,0,0,0.271,0,0.96,0,0,0,,,,425.7480694,1201.045168,1110.966416,90.07835808,1201.044774,0.000393249,1,0,0,0.383223168,212.8740347,0.925,600.5223872,555.4832081,45.03917904,1,0,0,0.383223168,212.8740347,0.925,600.5223872,555.4832081,45.03917904,0,0,0,0.094183419,0,0.925,0,0,0,0,0,0,0.094183419,0,0.925,0,0,0,1,,,0.101,112.207608,1110.966416,1110.966416,0,34.4399589,0,,,140.1223,0,60.25258899,2,726.329218,0,0,0,110.7361526
118,1,119,0.1016,0,0,0,726.329218,,,,0,0,1,1251.088716,1251.088716,0,200.1741946,41.53614538,0,,,188.3735406,1251.088716,1201.045168,50.04354865,1251.088716,0,1,0,0,0.156841346,94.18677029,0.96,625.5443581,600.5225838,25.02177432,1,0,0,0.156841346,94.18677029,0.96,625.5443581,600.5225838,25.02177432,0,0,0,0.271,0,0.96,0,0,0,,,,425.7480694,1201.045168,1110.966416,90.07835808,1201.044774,0.000393249,1,0,0,0.383223168,212.8740347,0.925,600.5223872,555.4832081,45.03917904,1,0,0,0.383223168,212.8740347,0.925,600.5223872,555.4832081,45.03917904,0,0,0,0.094183419,0,0.925,0,0,0,0,0,0,0.094183419,0,0.925,0,0,0,1,,,0.101,112.207608,1110.966416,1110.966416,0,34.4399589,0,,,140.1223,0,60.25258899,2,726.329218,0,0,0,73.79504855
119,1,120,0.1016,0,0,0,726.329218,,,,0,0,1,1251.088716,1251.088716,0,200.1741946,41.53614538,0,,,188.3735406,1251.088716,1201.045168,50.04354865,1251.088716,0,1,0,0,0.156841346,94.18677029,0.96,625.5443581,600.5225838,25.02177432,1,0,0,0.156841346,94.18677029,0.96,625.5443581,600.5225838,25.02177432,0,0,0,0.271,0,0.96,0,0,0,,,,425.7480694,1201.045168,1110.966416,90.07835808,1201.044774,0.000393249,1,0,0,0.383223168,212.8740347,0.925,600.5223872,555.4832081,45.03917904,1,0,0,0.383223168,212.8740347,0.925,600.5223872,555.4832081,45.03917904,0,0,0,0.094183419,0,0.925,0,0,0,0,0,0,0.094183419,0,0.925,0,0,0,1,,,0.101,112.207608,1110.966416,1110.966416,0,34.4399589,0,,,140.1223,0,60.25258899,2,726.329218,0,0,0,73.79504855
120,1,121,0.1016,0,0,0,726.329218,,,,0,0,1,1251.088716,1251.088716,0,200.1741946,41.53614538,0,,,188.3735406,1251.088716,1201.045168,50.04354865,1251.088716,0,1,0,0,0.156841346,94.18677029,0.96,625.5443581,600.5225838,25.02177432,1,0,0,0.156841346,94.18677029,0.96,625.5443581,600.5225838,25.02177432,0,0,0,0.271,0,0.96,0,0,0,,,,425.7480694,1201.045168,1110.966416,90.07835808,1201.044774,0.000393249,1,0,0,0.383223168,212.8740347,0.925,600.5223872,555.4832081,45.03917904,1,0,0,0.383223168,212.8740347,0.925,600.5223872,555.4832081,45.03917904,0,0,0,0.094183419,0,0.925,0,0,0,0,0,0,0.094183419,0,0.925,0,0,0,1,,,0.101,112.207608,1110.966416,1110.966416,0,34.4399589,0,,,140.1223,0,60.25258899,2,726.329218,0,0,0,73.79504855
121,1,122,0.1016,0,0,0,726.329218,,,,0,0,1,1251.088716,1251.088716,0,200.1741946,41.53614538,0,,,188.3735406,1251.088716,1201.045168,50.04354865,1251.088716,0,1,0,0,0.156841346,94.18677029,0.96,625.5443581,600.5225838,25.02177432,1,0,0,0.156841346,94.18677029,0.96,625.5443581,600.5225838,25.02177432,0,0,0,0.271,0,0.96,0,0,0,,,,425.7480694,1201.045168,1110.966416,90.07835808,1201.044774,0.000393249,1,0,0,0.383223168,212.8740347,0.925,600.5223872,555.4832081,45.03917904,1,0,0,0.383223168,212.8740347,0.925,600.5223872,555.4832081,45.03917904,0,0,0,0.094183419,0,0.925,0,0,0,0,0,0,0.094183419,0,0.925,0,0,0,1,,,0.101,112.207608,1110.966416,1110.966416,0,34.4399589,0,,,140.1223,0,60.25258899,2,726.329218,0,0,0,73.79504855
122,1,123,0.1016,0,0,0,726.3291538,,,,0,0,1,1251.088307,1251.088307,0,200.1741291,41.53613178,0,,,188.3734763,1251.088307,1201.044774,50.04353226,1251.088307,0,1,0,0,0.156841346,94.18677029,0.96,625.5443581,600.5225838,25.02177432,1,0,0,0.156841342,94.18670605,0.96,625.5439485,600.5221905,25.02175794,0,0,0,0.271,0,0.96,0,0,0,,,,425.7480694,1201.044774,1110.966416,90.07835808,1201.044774,0,1,0,0,0.383223168,212.8740347,0.925,600.5223872,555.4832081,45.03917904,1,0,0,0.383223168,212.8740347,0.925,600.5223872,555.4832081,45.03917904,0,0,0,0.094183419,0,0.925,0,0,0,0,0,0,0.094183419,0,0.925,0,0,0,1,,,0.101,112.207608,1110.966416,1110.966416,0,34.4399589,0,,,140.1218903,0,60.25241285,2,726.3291538,0,0,0,73.79504203
123,1,124,0.1016,0,0,0,726.329218,,,,0,0,1,1251.088716,1251.088716,0,200.1741946,41.53614538,0,,,188.3735406,1251.088716,1201.045168,50.04354865,1251.088716,0,1,0,0,0.156841346,94.18677029,0.96,625.5443581,600.5225838,25.02177432,1,0,0,0.156841346,94.18677029,0.96,625.5443581,600.5225838,25.02177432,0,0,0,0.271,0,0.96,0,0,0,,,,425.7480694,1201.045168,1110.966416,90.07835808,1201.044774,0.000393249,1,0,0,0.383223168,212.8740347,0.925,600.5223872,555.4832081,45.03917904,1,0,0,0.383223168,212.8740347,0.925,600.5223872,555.4832081,45.03917904,0,0,0,0.094183419,0,0.925,0,0,0,0,0,0,0.094183419,0,0.925,0,0,0,1,,,0.101,112.207608,1110.966416,1110.966416,0,34.4399589,0,,,140.1223,0,60.25258899,2,726.329218,0,0,0,73.79504855
124,1,125,0.1016,0,0,0,726.329218,,,,0,0,1,1251.088716,1251.088716,0,200.1741946,41.53614538,0,,,188.3735406,1251.088716,1201.045168,50.04354865,1251.088716,0,1,0,0,0.156841346,94.18677029,0.96,625.5443581,600.5225838,25.02177432,1,0,0,0.156841346,94.18677029,0.96,625.5443581,600.5225838,25.02177432,0,0,0,0.271,0,0.96,0,0,0,,,,425.7480694,1201.045168,1110.966416,90.07835808,1201.044774,0.000393249,1,0,0,0.383223168,212.8740347,0.925,600.5223872,555.4832081,45.03917904,1,0,0,0.383223168,212.8740347,0.925,600.5223872,555.4832081,45.03917904,0,0,0,0.094183419,0,0.925,0,0,0,0,0,0,0.094183419,0,0.925,0,0,0,1,,,0.101,112.207608,1110.966416,1110.966416,0,34.4399589,0,,,140.1223,0,60.25258899,2,726.329218,0,0,0,73.79504855
125,1,126,0.1016,0,0,0,726.329218,,,,0,0,1,1251.088716,1251.088716,0,200.1741946,41.53614538,0,,,188.3735406,1251.088716,1201.045168,50.04354865,1251.088716,0,1,0,0,0.156841346,94.18677029,0.96,625.5443581,600.5225838,25.02177432,1,0,0,0.156841346,94.18677029,0.96,625.5443581,600.5225838,25.02177432,0,0,0,0.271,0,0.96,0,0,0,,,,425.7480694,1201.045168,1110.966416,90.07835808,1201.044774,0.000393249,1,0,0,0.383223168,212.8740347,0.925,600.5223872,555.4832081,45.03917904,1,0,0,0.383223168,212.8740347,0.925,600.5223872,555.4832081,45.03917904,0,0,0,0.094183419,0,0.925,0,0,0,0,0,0,0.094183419,0,0.925,0,0,0,1,,,0.101,112.207608,1110.966416,1110.966416,0,34.4399589,0,,,140.1223,0,60.25258899,2,726.329218,0,0,0,73.79504855
126,1,127,0.1016,0,0,0,726.329218,,,,0,0,1,1251.088716,1251.088716,0,200.1741946,41.53614538,0,,,188.3735406,1251.088716,1201.045168,50.04354865,1251.088716,0,1,0,0,0.156841346,94.18677029,0.96,625.5443581,600.5225838,25.02177432,1,0,0,0.156841346,94.18677029,0.96,625.5443581,600.5225838,25.02177432,0,0,0,0.271,0,0.96,0,0,0,,,,425.7480694,1201.045168,1110.966416,90.07835808,1201.044774,0.000393249,1,0,0,0.383223168,212.8740347,0.925,600.5223872,555.4832081,45.03917904,1,0,0,0.383223168,212.8740347,0.925,600.5223872,555.4832081,45.03917904,0,0,0,0.094183419,0,0.925,0,0,0,0,0,0,0.094183419,0,0.925,0,0,0,1,,,0.101,112.207608,1110.966416,1110.966416,0,34.4399589,0,,,140.1223,0,60.25258899,2,726.329218,0,0,0,73.79504855
127,1,128,0.1016,0,0,0,726.329218,,,,0,0,1,1251.088716,1251.088716,0,200.1741946,41.53614538,0,,,188.3735406,1251.088716,1201.045168,50.04354865,1251.088716,0,1,0,0,0.156841346,94.18677029,0.96,625.5443581,600.5225838,25.02177432,1,0,0,0.156841346,94.18677029,0.96,625.5443581,600.5225838,25.02177432,0,0,0,0.271,0,0.96,0,0,0,,,,425.7480694,1201.045168,1110.966416,90.07835808,1201.044774,0.000393248,1,0,0,0.383223168,212.8740347,0.925,600.5223872,555.4832081,45.03917904,1,0,0,0.383223168,212.8740347,0.925,600.5223872,555.4832081,45.03917904,0,0,0,0.094183419,0,0.925,0,0,0,0,0,0,0.094183419,0,0.925,0,0,0,1,,,0.101,112.207608,1110.966416,1110.966416,0,34.4399589,0,,,140.1223,0,60.25258899,2,726.329218,0,0,0,73.79504855
128,1,129,0.1016,0,0,0,726.329218,,,,0,0,1,1251.088716,1251.088716,0,200.1741946,41.53614538,0,,,188.3735406,1251.088716,1201.045168,50.04354865,1251.088716,0,1,0,0,0.156841346,94.18677029,0.96,625.5443581,600.5225838,25.02177432,1,0,0,0.156841346,94.18677029,0.96,625.5443581,600.5225838,25.02177432,0,0,0,0.271,0,0.96,0,0,0,,,,425.7480694,1201.045168,1110.966416,90.07835808,1201.044774,0.000393248,1,0,0,0.383223168,212.8740347,0.925,600.5223872,555.4832081,45.03917904,1,0,0,0.383223168,212.8740347,0.925,600.5223872,555.4832081,45.03917904,0,0,0,0.094183419,0,0.925,0,0,0,0,0,0,0.094183419,0,0.925,0,0,0,1,,,0.101,112.207608,1110.966416,1110.966416,0,34.4399589,0,,,140.1223,0,60.25258899,2,726.329218,0,0,0,73.79504855
129,1,130,0.1016,0,1,0,1461.095563,,,,0,0,1,2502.176613,2502.176613,0,400.3482581,83.07226356,0,,,385.184208,2502.176613,2402.089549,100.0870645,2502.176613,0,1,0,0,0.160353809,128.394736,0.96,834.0588711,800.6965162,33.36235484,1,0,0,0.160353809,128.394736,0.96,834.0588711,800.6965162,33.36235484,1,1,0,0.160353809,128.394736,0.96,834.0588711,800.6965162,33.36235484,,,,851.4961388,2402.089549,2221.932833,180.1567162,2402.089549,0,1,0,0,0.383223168,212.8740347,0.925,600.5223872,555.4832081,45.03917904,1,0,0,0.383223168,212.8740347,0.925,600.5223872,555.4832081,45.03917904,1,1,0,0.383223168,212.8740347,0.925,600.5223872,555.4832081,45.03917904,1,1,0,0.383223168,212.8740347,0.925,600.5223872,555.4832081,45.03917904,1,,,0.101,224.4152161,2221.932833,2221.932833,0,68.87991781,0,,,280.2437807,0,120.5048257,4,1461.095563,0,0,0,148.4473092
130,1,131,0.1016,0,1,0,1461.095563,,,,0,0,1,2502.176613,2502.176613,0,400.3482581,83.07226356,0,,,385.184208,2502.176613,2402.089549,100.0870645,2502.176613,0,1,0,0,0.160353809,128.394736,0.96,834.0588711,800.6965162,33.36235484,1,0,0,0.160353809,128.394736,0.96,834.0588711,800.6965162,33.36235484,1,0,0,0.160353809,128.394736,0.96,834.0588711,800.6965162,33.36235484,,,,851.4961388,2402.089549,2221.932833,180.1567162,2402.089549,0,1,0,0,0.383223168,212.8740347,0.925,600.5223872,555.4832081,45.03917904,1,0,0,0.383223168,212.8740347,0.925,600.5223872,555.4832081,45.03917904,1,0,0,0.383223168,212.8740347,0.925,600.5223872,555.4832081,45.03917904,1,0,0,0.383223168,212.8740347,0.925,600.5223872,555.4832081,45.03917904,1,,,0.101,224.4152161,2221.932833,2221.932833,0,68.87991781,0,,,280.2437807,0,120.5048257,4,1461.095563,0,0,0,148.4473092
131,1,132,0.1016,0,1,0,1461.095563,,,,0,0,1,2502.176613,2502.176613,0,400.3482581,83.07226356,0,,,385.184208,2502.176613,2402.089549,100.0870645,2502.176613,0,1,0,0,0.160353809,128.394736,0.96,834.0588711,800.6965162,33.36235484,1,0,0,0.160353809,128.394736,0.96,834.0588711,800.6965162,33.36235484,1,0,0,0.160353809,128.394736,0.96,834.0588711,800.6965162,33.36235484,,,,851.4961388,2402.089549,2221.932833,180.1567162,2402.089549,0,1,0,0,0.383223168,212.8740347,0.925,600.5223872,555.4832081,45.03917904,1,0,0,0.383223168,212.8740347,0.925,600.5223872,555.4832081,45.03917904,1,0,0,0.383223168,212.8740347,0.925,600.5223872,555.4832081,45.03917904,1,0,0,0.383223168,212.8740347,0.925,600.5223872,555.4832081,45.03917904,1,,,0.101,224.4152161,2221.932833,2221.932833,0,68.87991781,0,,,280.2437807,0,120.5048257,4,1461.095563,0,0,0,148.4473092
132,1,133,0.1016,0,1,0,1461.095563,,,,0,0,1,2502.176613,2502.176613,0,400.3482581,83.07226356,0,,,385.184208,2502.176613,2402.089549,100.0870645,2502.176613,0,1,0,0,0.160353809,128.394736,0.96,834.0588711,800.6965162,33.36235484,1,0,0,0.160353809,128.394736,0.96,834.0588711,800.6965162,33.36235484,1,0,0,0.160353809,128.394736,0.96,834.0588711,800.6965162,33.36235484,,,,851.4961388,2402.089549,2221.932833,180.1567162,2402.089549,0,1,0,0,0.383223168,212.8740347,0.925,600.5223872,555.4832081,45.03917904,1,0,0,0.383223168,212.8740347,0.925,600.5223872,555.4832081,45.03917904,1,0,0,0.383223168,212.8740347,0.925,600.5223872,555.4832081,45.03917904,1,0,0,0.383223168,212.8740347,0.925,600.5223872,555.4832081,45.03917904,1,,,0.101,224.4152161,2221.932833,2221.932833,0,68.87991781,0,,,280.2437807,0,120.5048257,4,1461.095563,0,0,0,148.4473092
133,1,134,0.1016,0,1,0,1461.095563,,,,0,0,1,2502.176613,2502.176613,0,400.3482581,83.07226356,0,,,385.184208,2502.176613,2402.089549,100.0870645,2502.176613,0,1,0,0,0.160353809,128.394736,0.96,834.0588711,800.6965162,33.36235484,1,0,0,0.160353809,128.394736,0.96,834.0588711,800.6965162,33.36235484,1,0,0,0.160353809,128.394736,0.96,834.0588711,800.6965162,33.36235484,,,,851.4961388,2402.089549,2221.932833,180.1567162,2402.089549,0,1,0,0,0.383223168,212.8740347,0.925,600.5223872,555.4832081,45.03917904,1,0,0,0.383223168,212.8740347,0.925,600.5223872,555.4832081,45.03917904,1,0,0,0.383223168,212.8740347,0.925,600.5223872,555.4832081,45.03917904,1,0,0,0.383223168,212.8740347,0.925,600.5223872,555.4832081,45.03917904,1,,,0.101,224.4152161,2221.932833,2221.932833,0,68.87991781,0,,,280.2437807,0,120.5048257,4,1461.095563,0,0,0,148.4473092
134,1,135,0.1016,0,1,0,1461.095519,,,,0,0,1,2502.176613,2502.176613,0,400.3482581,83.07226356,0,,,385.184208,2502.176613,2402.089549,100.0870645,2502.176613,0,1,0,0,0.160353809,128.394736,0.96,834.0588711,800.6965162,33.36235484,1,0,0,0.160353809,128.394736,0.96,834.0588711,800.6965162,33.36235484,1,0,0,0.160353809,128.394736,0.96,834.0588711,800.6965162,33.36235484,,,,851.4960951,2402.089549,2221.932833,180.1567162,2402.089549,0,1,0,0,0.383223168,212.8740347,0.925,600.5223872,555.4832081,45.03917904,1,0,0,0.383223089,212.873991,0.925,600.5223872,555.4832081,45.03917904,1,0,0,0.383223168,212.8740347,0.925,600.5223872,555.4832081,45.03917904,1,0,0,0.383223168,212.8740347,0.925,600.5223872,555.4832081,45.03917904,1,,,0.101,224.4152161,2221.932833,2221.932833,0,68.87991781,0,,,280.2437807,0,120.5048257,4,1461.095519,0,0,0,148.4473047
135,1,136,0.1016,0,1,0,1461.095563,,,,0,0,1,2502.176613,2502.176613,0,400.3482581,83.07226356,0,,,385.184208,2502.176613,2402.089549,100.0870645,2502.176613,0,1,0,0,0.160353809,128.394736,0.96,834.0588711,800.6965162,33.36235484,1,0,0,0.160353809,128.394736,0.96,834.0588711,800.6965162,33.36235484,1,0,0,0.160353809,128.394736,0.96,834.0588711,800.6965162,33.36235484,,,,851.4961388,2402.089549,2221.932833,180.1567162,2402.089549,0,1,0,0,0.383223168,212.8740347,0.925,600.5223872,555.4832081,45.03917904,1,0,0,0.383223168,212.8740347,0.925,600.5223872,555.4832081,45.03917904,1,0,0,0.383223168,212.8740347,0.925,600.5223872,555.4832081,45.03917904,1,0,0,0.383223168,212.8740347,0.925,600.5223872,555.4832081,45.03917904,1,,,0.101,224.4152161,2221.932833,2221.932833,0,68.87991781,0,,,280.2437807,0,120.5048257,4,1461.095563,0,0,0,148.4473092
136,1,137,0.1016,0,1,0,1461.095563,,,,0,0,1,2502.176613,2502.176613,0,400.3482581,83.07226356,0,,,385.184208,2502.176613,2402.089549,100.0870645,2502.176613,0,1,0,0,0.160353809,128.394736,0.96,834.0588711,800.6965162,33.36235484,1,0,0,0.160353809,128.394736,0.96,834.0588711,800.6965162,33.36235484,1,0,0,0.160353809,128.394736,0.96,834.0588711,800.6965162,33.36235484,,,,851.4961388,2402.089549,2221.932833,180.1567162,2402.089549,0,1,0,0,0.383223168,212.8740347,0.925,600.5223872,555.4832081,45.03917904,1,0,0,0.383223168,212.8740347,0.925,600.5223872,555.4832081,45.03917904,1,0,0,0.383223168,212.8740347,0.925,600.5223872,555.4832081,45.03917904,1,0,0,0.383223168,212.8740347,0.925,600.5223872,555.4832081,45.03917904,1,,,0.101,224.4152161,2221.932833,2221.932833,0,68.87991781,0,,,280.2437807,0,120.5048257,4,1461.095563,0,0,0,148.4473092
137,1,138,0.13994,0,1,0,1461.095563,,,,0,0,1,2502.176613,2502.176613,0,400.3482581,83.07226356,0,,,385.184208,2502.176613,2402.089549,100.0870645,2502.176613,0,1,0,0,0.160353809,128.394736,0.96,834.0588711,800.6965162,33.36235484,1,0,0,0.160353809,128.394736,0.96,834.0588711,800.6965162,33.36235484,1,0,0,0.160353809,128.394736,0.96,834.0588711,800.6965162,33.36235484,,,,851.4961388,2402.089549,2221.932833,180.1567162,2402.089549,0,1,0,0,0.383223168,212.8740347,0.925,600.5223872,555.4832081,45.03917904,1,0,0,0.383223168,212.8740347,0.925,600.5223872,555.4832081,45.03917904,1,0,0,0.383223168,212.8740347,0.925,600.5223872,555.4832081,45.03917904,1,0,0,0.383223168,212.8740347,0.925,600.5223872,555.4832081,45.03917904,1,,,0.101,224.4152161,2221.932833,2221.932833,0,68.87991781,0,,,280.2437807,0,120.5048257,4,1461.095563,0,0,0,204.4657131
138,1,139,0.13994,0,0,0,1461.095563,,,,0,0,1,2502.176613,2502.176613,0,400.3482581,83.07226356,0,,,385.184208,2502.176613,2402.089549,100.0870645,2502.176613,0,1,0,0,0.160353809,128.394736,0.96,834.0588711,800.6965162,33.36235484,1,0,0,0.160353809,128.394736,0.96,834.0588711,800.6965162,33.36235484,1,0,0,0.160353809,128.394736,0.96,834.0588711,800.6965162,33.36235484,,,,851.4961388,2402.089549,2221.932833,180.1567162,2402.089549,0,1,0,0,0.383223168,212.8740347,0.925,600.5223872,555.4832081,45.03917904,1,0,0,0.383223168,212.8740347,0.925,600.5223872,555.4832081,45.03917904,1,0,0,0.383223168,212.8740347,0.925,600.5223872,555.4832081,45.03917904,1,0,0,0.383223168,212.8740347,0.925,600.5223872,555.4832081,45.03917904,1,,,0.101,224.4152161,2221.932833,2221.932833,0,68.87991781,0,,,280.2437807,0,120.5048257,4,1461.095563,0,0,0,204.4657131
139,1,140,0.13994,0,0,0,1461.095519,,,,0,0,1,2502.176613,2502.176613,0,400.3482581,83.07226356,0,,,385.184208,2502.176613,2402.089549,100.0870645,2502.176613,0,1,0,0,0.160353809,128.394736,0.96,834.0588711,800.6965162,33.36235484,1,0,0,0.160353809,128.394736,0.96,834.0588711,800.6965162,33.36235484,1,0,0,0.160353809,128.394736,0.96,834.0588711,800.6965162,33.36235484,,,,851.4960951,2402.089549,2221.932833,180.1567162,2402.089549,0,1,0,0,0.383223168,212.8740347,0.925,600.5223872,555.4832081,45.03917904,1,0,0,0.383223089,212.873991,0.925,600.5223872,555.4832081,45.03917904,1,0,0,0.383223168,212.8740347,0.925,600.5223872,555.4832081,45.03917904,1,0,0,0.383223168,212.8740347,0.925,600.5223872,555.4832081,45.03917904,1,,,0.101,224.4152161,2221.932833,2221.932833,0,68.87991781,0,,,280.2437807,0,120.5048257,4,1461.095519,0,0,0,204.465707
140,1,141,0.13994,0,0,0,1461.095563,,,,0,0,1,2502.176613,2502.176613,0,400.3482581,83.07226356,0,,,385.184208,2502.176613,2402.089549,100.0870645,2502.176613,0,1,0,0,0.160353809,128.394736,0.96,834.0588711,800.6965162,33.36235484,1,0,0,0.160353809,128.394736,0.96,834.0588711,800.6965162,33.36235484,1,0,0,0.160353809,128.394736,0.96,834.0588711,800.6965162,33.36235484,,,,851.4961388,2402.089549,2221.932833,180.1567162,2402.089549,0,1,0,0,0.383223168,212.8740347,0.925,600.5223872,555.4832081,45.03917904,1,0,0,0.383223168,212.8740347,0.925,600.5223872,555.4832081,45.03917904,1,0,0,0.383223168,212.8740347,0.925,600.5223872,555.4832081,45.03917904,1,0,0,0.383223168,212.8740347,0.925,600.5223872,555.4832081,45.03917904,1,,,0.101,224.4152161,2221.932833,2221.932833,0,68.87991781,0,,,280.2437807,0,120.5048257,4,1461.095563,0,0,0,204.4657131
141,1,142,0.13994,0,0,0,1461.095519,,,,0,0,1,2502.176613,2502.176613,0,400.3482581,83.07226356,0,,,385.184208,2502.176613,2402.089549,100.0870645,2502.176613,0,1,0,0,0.160353809,128.394736,0.96,834.0588711,800.6965162,33.36235484,1,0,0,0.160353809,128.394736,0.96,834.0588711,800.6965162,33.36235484,1,0,0,0.160353809,128.394736,0.96,834.0588711,800.6965162,33.36235484,,,,851.4960951,2402.089549,2221.932833,180.1567162,2402.089549,0,1,0,0,0.383223168,212.8740347,0.925,600.5223872,555.4832081,45.03917904,1,0,0,0.383223089,212.873991,0.925,600.5223872,555.4832081,45.03917904,1,0,0,0.383223168,212.8740347,0.925,600.5223872,555.4832081,45.03917904,1,0,0,0.383223168,212.8740347,0.925,600.5223872,555.4832081,45.03917904,1,,,0.101,224.4152161,2221.932833,2221.932833,0,68.87991781,0,,,280.2437807,0,120.5048257,4,1461.095519,0,0,0,204.465707
142,1,143,0.1016,0,0,0,1461.095563,,,,0,0,1,2502.176613,2502.176613,0,400.3482581,83.07226356,0,,,385.184208,2502.176613,2402.089549,100.0870645,2502.176613,0,1,0,0,0.160353809,128.394736,0.96,834.0588711,800.6965162,33.36235484,1,0,0,0.160353809,128.394736,0.96,834.0588711,800.6965162,33.36235484,1,0,0,0.160353809,128.394736,0.96,834.0588711,800.6965162,33.36235484,,,,851.4961388,2402.089549,2221.932833,180.1567162,2402.089549,0,1,0,0,0.383223168,212.8740347,0.925,600.5223872,555.4832081,45.03917904,1,0,0,0.383223168,212.8740347,0.925,600.5223872,555.4832081,45.03917904,1,0,0,0.383223168,212.8740347,0.925,600.5223872,555.4832081,45.03917904,1,0,0,0.383223168,212.8740347,0.925,600.5223872,555.4832081,45.03917904,1,,,0.101,224.4152161,2221.932833,2221.932833,0,68.87991781,0,,,280.2437807,0,120.5048257,4,1461.095563,0,0,0,148.4473092
143,1,144,0.1016,0,0,0,1461.095563,,,,0,0,1,2502.176613,2502.176613,0,400.3482581,83.07226356,0,,,385.184208,2502.176613,2402.089549,100.0870645,2502.176613,0,1,0,0,0.160353809,128.394736,0.96,834.0588711,800.6965162,33.36235484,1,0,0,0.160353809,128.394736,0.96,834.0588711,800.6965162,33.36235484,1,0,0,0.160353809,128.394736,0.96,834.0588711,800.6965162,33.36235484,,,,851.4961388,2402.089549,2221.932833,180.1567162,2402.089549,0,1,0,0,0.383223168,212.8740347,0.925,600.5223872,555.4832081,45.03917904,1,0,0,0.383223168,212.8740347,0.925,600.5223872,555.4832081,45.03917904,1,0,0,0.383223168,212.8740347,0.925,600.5223872,555.4832081,45.03917904,1,0,0,0.383223168,212.8740347,0.925,600.5223872,555.4832081,45.03917904,1,,,0.101,224.4152161,2221.932833,2221.932833,0,68.87991781,0,,,280.2437807,0,120.5048257,4,1461.095563,0,0,0,148.4473092
144,1,145,0.1016,0,0,0,1461.095518,,,,0,0,1,2502.176613,2502.176613,0,400.3482581,83.07226356,0,,,385.184208,2502.176613,2402.089549,100.0870645,2502.176613,0,1,0,0,0.160353809,128.394736,0.96,834.0588711,800.6965162,33.36235484,1,0,0,0.160353809,128.394736,0.96,834.0588711,800.6965162,33.36235484,1,0,0,0.160353809,128.394736,0.96,834.0588711,800.6965162,33.36235484,,,,851.4960941,2402.089549,2221.932833,180.1567162,2402.089549,0,1,0,0,0.383223168,212.8740347,0.925,600.5223872,555.4832081,45.03917904,1,0,0,0.383223168,212.8740347,0.925,600.5223872,555.4832081,45.03917904,1,0,0,0.383223087,212.8739899,0.925,600.5223872,555.4832081,45.03917904,1,0,0,0.383223168,212.8740347,0.925,600.5223872,555.4832081,45.03917904,1,,,0.101,224.4152161,2221.932833,2221.932833,0,68.87991781,0,,,280.2437807,0,120.5048257,4,1461.095518,0,0,0,148.4473046
145,1,146,0.1016,0,0,0,1461.095563,,,,0,0,1,2502.176613,2502.176613,0,400.3482581,83.07226356,0,,,385.184208,2502.176613,2402.089549,100.0870645,2502.176613,0,1,0,0,0.160353809,128.394736,0.96,834.0588711,800.6965162,33.36235484,1,0,0,0.160353809,128.394736,0.96,834.0588711,800.6965162,33.36235484,1,0,0,0.160353809,128.394736,0.96,834.0588711,800.6965162,33.36235484,,,,851.4961388,2402.089549,2221.932833,180.1567162,2402.089549,0,1,0,0,0.383223168,212.8740347,0.925,600.5223872,555.4832081,45.03917904,1,0,0,0.383223168,212.8740347,0.925,600.5223872,555.4832081,45.03917904,1,0,0,0.383223168,212.8740347,0.925,600.5223872,555.4832081,45.03917904,1,0,0,0.383223168,212.8740347,0.925,600.5223872,555.4832081,45.03917904,1,,,0.101,224.4152161,2221.932833,2221.932833,0,68.87991781,0,,,280.2437807,0,120.5048257,4,1461.095563,0,0,0,148.4473092
146,1,147,0.1016,0,0,0,1461.095519,,,,0,0,1,2502.176613,2502.176613,0,400.3482581,83.07226356,0,,,385.184208,2502.176613,2402.089549,100.0870645,2502.176613,0,1,0,0,0.160353809,128.394736,0.96,834.0588711,800.6965162,33.36235484,1,0,0,0.160353809,128.394736,0.96,834.0588711,800.6965162,33.36235484,1,0,0,0.160353809,128.394736,0.96,834.0588711,800.6965162,33.36235484,,,,851.4960951,2402.089549,2221.932833,180.1567162,2402.089549,0,1,0,0,0.383223168,212.8740347,0.925,600.5223872,555.4832081,45.03917904,1,0,0,0.383223089,212.873991,0.925,600.5223872,555.4832081,45.03917904,1,0,0,0.383223168,212.8740347,0.925,600.5223872,555.4832081,45.03917904,1,0,0,0.383223168,212.8740347,0.925,600.5223872,555.4832081,45.03917904,1,,,0.101,224.4152161,2221.932833,2221.932833,0,68.87991781,0,,,280.2437807,0,120.5048257,4,1461.095519,0,0,0,148.4473047
147,1,148,0.1016,0,0,0,1461.095519,,,,0,0,1,2502.176613,2502.176613,0,400.3482581,83.07226356,0,,,385.184208,2502.176613,2402.089549,100.0870645,2502.176613,0,1,0,0,0.160353809,128.394736,0.96,834.0588711,800.6965162,33.36235484,1,0,0,0.160353809,128.394736,0.96,834.0588711,800.6965162,33.36235484,1,0,0,0.160353809,128.394736,0.96,834.0588711,800.6965162,33.36235484,,,,851.4960951,2402.089549,2221.932833,180.1567162,2402.089549,0,1,0,0,0.383223168,212.8740347,0.925,600.5223872,555.4832081,45.03917904,1,0,0,0.383223089,212.873991,0.925,600.5223872,555.4832081,45.03917904,1,0,0,0.383223168,212.8740347,0.925,600.5223872,555.4832081,45.03917904,1,0,0,0.383223168,212.8740347,0.925,600.5223872,555.4832081,45.03917904,1,,,0.101,224.4152161,2221.932833,2221.932833,0,68.87991781,0,,,280.2437807,0,120.5048257,4,1461.095519,0,0,0,148.4473047
148,1,149,0.1016,0,0,0,1461.095563,,,,0,0,1,2502.176613,2502.176613,0,400.3482581,83.07226356,0,,,385.184208,2502.176613,2402.089549,100.0870645,2502.176613,0,1,0,0,0.160353809,128.394736,0.96,834.0588711,800.6965162,33.36235484,1,0,0,0.160353809,128.394736,0.96,834.0588711,800.6965162,33.36235484,1,0,0,0.160353809,128.394736,0.96,834.0588711,800.6965162,33.36235484,,,,851.4961388,2402.089549,2221.932833,180.1567162,2402.089549,0,1,0,0,0.383223168,212.8740347,0.925,600.5223872,555.4832081,45.03917904,1,0,0,0.383223168,212.8740347,0.925,600.5223872,555.4832081,45.03917904,1,0,0,0.383223168,212.8740347,0.925,600.5223872,555.4832081,45.03917904,1,0,0,0.383223168,212.8740347,0.925,600.5223872,555.4832081,45.03917904,1,,,0.101,224.4152161,2221.932833,2221.932833,0,68.87991781,0,,,280.2437807,0,120.5048257,4,1461.095563,0,0,0,148.4473092
149,1,150,0.1016,0,0,0,1461.095563,,,,0,0,1,2502.176613,2502.176613,0,400.3482581,83.07226356,0,,,385.184208,2502.176613,2402.089549,100.0870645,2502.176613,0,1,0,0,0.160353809,128.394736,0.96,834.0588711,800.6965162,33.36235484,1,0,0,0.160353809,128.394736,0.96,834.0588711,800.6965162,33.36235484,1,0,0,0.160353809,128.394736,0.96,834.0588711,800.6965162,33.36235484,,,,851.4961388,2402.089549,2221.932833,180.1567162,2402.089549,0,1,0,0,0.383223168,212.8740347,0.925,600.5223872,555.4832081,45.03917904,1,0,0,0.383223168,212.8740347,0.925,600.5223872,555.4832081,45.03917904,1,0,0,0.383223168,212.8740347,0.925,600.5223872,555.4832081,45.03917904,1,0,0,0.383223168,212.8740347,0.925,600.5223872,555.4832081,45.03917904,1,,,0.101,224.4152161,2221.932833,2221.932833,0,68.87991781,0,,,280.2437807,0,120.5048257,4,1461.095563,0,0,0,148.4473092
150,1,151,0.1016,0,0,0,1461.095563,,,,0,0,1,2502.176613,2502.176613,0,400.3482581,83.07226356,0,,,385.184208,2502.176613,2402.089549,100.0870645,2502.176613,0,1,0,0,0.160353809,128.394736,0.96,834.0588711,800.6965162,33.36235484,1,0,0,0.160353809,128.394736,0.96,834.0588711,800.6965162,33.36235484,1,0,0,0.160353809,128.394736,0.96,834.0588711,800.6965162,33.36235484,,,,851.4961388,2402.089549,2221.932833,180.1567162,2402.089549,0,1,0,0,0.383223168,212.8740347,0.925,600.5223872,555.4832081,45.03917904,1,0,0,0.383223168,212.8740347,0.925,600.5223872,555.4832081,45.03917904,1,0,0,0.383223168,212.8740347,0.925,600.5223872,555.4832081,45.03917904,1,0,0,0.383223168,212.8740347,0.925,600.5223872,555.4832081,45.03917904,1,,,0.101,224.4152161,2221.932833,2221.932833,0,68.87991781,0,,,280.2437807,0,120.5048257,4,1461.095563,0,0,0,148.4473092
151,1,152,0.1016,0,0,0,1461.095563,,,,0,0,1,2502.176613,2502.176613,0,400.3482581,83.07226356,0,,,385.184208,2502.176613,2402.089549,100.0870645,2502.176613,0,1,0,0,0.160353809,128.394736,0.96,834.0588711,800.6965162,33.36235484,1,0,0,0.160353809,128.394736,0.96,834.0588711,800.6965162,33.36235484,1,0,0,0.160353809,128.394736,0.96,834.0588711,800.6965162,33.36235484,,,,851.4961388,2402.089549,2221.932833,180.1567162,2402.089549,0,1,0,0,0.383223168,212.8740347,0.925,600.5223872,555.4832081,45.03917904,1,0,0,0.383223168,212.8740347,0.925,600.5223872,555.4832081,45.03917904,1,0,0,0.383223168,212.8740347,0.925,600.5223872,555.4832081,45.03917904,1,0,0,0.383223168,212.8740347,0.925,600.5223872,555.4832081,45.03917904,1,,,0.101,224.4152161,2221.932833,2221.932833,0,68.87991781,0,,,280.2437807,0,120.5048257,4,1461.095563,0,0,0,148.4473092
152,1,153,0.1016,0,0,0,1461.095563,,,,0,0,1,2502.176613,2502.176613,0,400.3482581,83.07226356,0,,,385.184208,2502.176613,2402.089549,100.0870645,2502.176613,0,1,0,0,0.160353809,128.394736,0.96,834.0588711,800.6965162,33.36235484,1,0,0,0.160353809,128.394736,0.96,834.0588711,800.6965162,33.36235484,1,0,0,0.160353809,128.394736,0.96,834.0588711,800.6965162,33.36235484,,,,851.4961388,2402.089549,2221.932833,180.1567162,2402.089549,0,1,0,0,0.383223168,212.8740347,0.925,600.5223872,555.4832081,45.03917904,1,0,0,0.383223168,212.8740347,0.925,600.5223872,555.4832081,45.03917904,1,0,0,0.383223168,212.8740347,0.925,600.5223872,555.4832081,45.03917904,1,0,0,0.383223168,212.8740347,0.925,600.5223872,555.4832081,45.03917904,1,,,0.101,224.4152161,2221.932833,2221.932833,0,68.87991781,0,,,280.2437807,0,120.5048257,4,1461.095563,0,0,0,148.4473092
153,1,154,0.1016,0,1,0,1461.09517,,,,0,0,1,2502.176613,2502.176613,0,400.3482581,83.07226356,0,,,385.184208,2502.176613,2402.089549,100.0870645,2502.176613,0,1,0,0,0.160353809,128.394736,0.96,834.0588711,800.6965162,33.36235484,1,0,0,0.160353809,128.394736,0.96,834.0588711,800.6965162,33.36235484,1,0,0,0.160353809,128.394736,0.96,834.0588711,800.6965162,33.36235484,,,,851.4957457,2402.089549,2221.932833,180.1567162,2402.089549,0,1,0,0,0.383223168,212.8740347,0.925,600.5223872,555.4832081,45.03917904,1,0,0,0.383223168,212.8740347,0.925,600.5223872,555.4832081,45.03917904,1,0,0,0.38322246,212.8736416,0.925,600.5223872,555.4832081,45.03917904,1,0,0,0.383223168,212.8740347,0.925,600.5223872,555.4832081,45.03917904,1,,,0.101,224.4152161,2221.932833,2221.932833,0,68.87991781,0,,,280.2437807,0,120.5048257,4,1461.09517,0,0,0,148.4472693
154,1,155,0.1016,0,1,0,1461.095519,,,,0,0,1,2502.176613,2502.176613,0,400.3482581,83.07226356,0,,,385.184208,2502.176613,2402.089549,100.0870645,2502.176613,0,1,0,0,0.160353809,128.394736,0.96,834.0588711,800.6965162,33.36235484,1,0,0,0.160353809,128.394736,0.96,834.0588711,800.6965162,33.36235484,1,0,0,0.160353809,128.394736,0.96,834.0588711,800.6965162,33.36235484,,,,851.4960951,2402.089549,2221.932833,180.1567162,2402.089549,0,1,0,0,0.383223168,212.8740347,0.925,600.5223872,555.4832081,45.03917904,1,0,0,0.383223089,212.873991,0.925,600.5223872,555.4832081,45.03917904,1,0,0,0.383223168,212.8740347,0.925,600.5223872,555.4832081,45.03917904,1,0,0,0.383223168,212.8740347,0.925,600.5223872,555.4832081,45.03917904,1,,,0.101,224.4152161,2221.932833,2221.932833,0,68.87991781,0,,,280.2437807,0,120.5048257,4,1461.095519,0,0,0,148.4473047
155,1,156,0.1016,0,1,0,1461.095563,,,,0,0,1,2502.176613,2502.176613,0,400.3482581,83.07226356,0,,,385.184208,2502.176613,2402.089549,100.0870645,2502.176613,0,1,0,0,0.160353809,128.394736,0.96,834.0588711,800.6965162,33.36235484,1,0,0,0.160353809,128.394736,0.96,834.0588711,800.6965162,33.36235484,1,0,0,0.160353809,128.394736,0.96,834.0588711,800.6965162,33.36235484,,,,851.4961388,2402.089549,2221.932833,180.1567162,2402.089549,0,1,0,0,0.383223168,212.8740347,0.925,600.5223872,555.4832081,45.03917904,1,0,0,0.383223168,212.8740347,0.925,600.5223872,555.4832081,45.03917904,1,0,0,0.383223168,212.8740347,0.925,600.5223872,555.4832081,45.03917904,1,0,0,0.383223168,212.8740347,0.925,600.5223872,555.4832081,45.03917904,1,,,0.101,224.4152161,2221.932833,2221.932833,0,68.87991781,0,,,280.2437807,0,120.5048257,4,1461.095563,0,0,0,148.4473092
156,1,157,0.1016,0,1,0,1461.095519,,,,0,0,1,2502.176613,2502.176613,0,400.3482581,83.07226356,0,,,385.184208,2502.176613,2402.089549,100.0870645,2502.176613,0,1,0,0,0.160353809,128.394736,0.96,834.0588711,800.6965162,33.36235484,1,0,0,0.160353809,128.394736,0.96,834.0588711,800.6965162,33.36235484,1,0,0,0.160353809,128.394736,0.96,834.0588711,800.6965162,33.36235484,,,,851.4960951,2402.089549,2221.932833,180.1567162,2402.089549,0,1,0,0,0.383223168,212.8740347,0.925,600.5223872,555.4832081,45.03917904,1,0,0,0.383223089,212.873991,0.925,600.5223872,555.4832081,45.03917904,1,0,0,0.383223168,212.8740347,0.925,600.5223872,555.4832081,45.03917904,1,0,0,0.383223168,212.8740347,0.925,600.5223872,555.4832081,45.03917904,1,,,0.101,224.4152161,2221.932833,2221.932833,0,68.87991781,0,,,280.2437807,0,120.5048257,4,1461.095519,0,0,0,148.4473047
157,1,158,0.1016,0,1,0,1461.095519,,,,0,0,1,2502.176613,2502.176613,0,400.3482581,83.07226356,0,,,385.184208,2502.176613,2402.089549,100.0870645,2502.176613,0,1,0,0,0.160353809,128.394736,0.96,834.0588711,800.6965162,33.36235484,1,0,0,0.160353809,128.394736,0.96,834.0588711,800.6965162,33.36235484,1,0,0,0.160353809,128.394736,0.96,834.0588711,800.6965162,33.36235484,,,,851.4960951,2402.089549,2221.932833,180.1567162,2402.089549,0,1,0,0,0.383223168,212.8740347,0.925,600.5223872,555.4832081,45.03917904,1,0,0,0.383223089,212.873991,0.925,600.5223872,555.4832081,45.03917904,1,0,0,0.383223168,212.8740347,0.925,600.5223872,555.4832081,45.03917904,1,0,0,0.383223168,212.8740347,0.925,600.5223872,555.4832081,45.03917904,1,,,0.101,224.4152161,2221.932833,2221.932833,0,68.87991781,0,,,280.2437807,0,120.5048257,4,1461.095519,0,0,0,148.4473047
158,1,159,0.1016,0,1,0,1461.095398,,,,0,0,1,2502.176613,2502.176613,0,400.3482581,83.07226356,0,,,385.184208,2502.176613,2402.089549,100.0870645,2502.176613,0,1,0,0,0.160353809,128.394736,0.96,834.0588711,800.6965162,33.36235484,1,0,0,0.160353809,128.394736,0.96,834.0588711,800.6965162,33.36235484,1,0,0,0.160353809,128.394736,0.96,834.0588711,800.6965162,33.36235484,,,,851.4959736,2402.089549,2221.932833,180.1567162,2402.089549,0,1,0,0,0.383223168,212.8740347,0.925,600.5223872,555.4832081,45.03917904,1,0,0,0.383223089,212.873991,0.925,600.5223872,555.4832081,45.03917904,1,0,0,0.383222949,212.8739132,0.925,600.5223872,555.4832081,45.03917904,1,0,0,0.383223168,212.8740347,0.925,600.5223872,555.4832081,45.03917904,1,,,0.101,224.4152161,2221.932833,2221.932833,0,68.87991781,0,,,280.2437807,0,120.5048257,4,1461.095398,0,0,0,148.4472924
159,1,160,0.1016,0,1,0,1461.095022,,,,0,0,1,2502.176613,2502.176613,0,400.3482581,83.07226356,0,,,385.184208,2502.176613,2402.089549,100.0870645,2502.176613,0,1,0,0,0.160353809,128.394736,0.96,834.0588711,800.6965162,33.36235484,1,0,0,0.160353809,128.394736,0.96,834.0588711,800.6965162,33.36235484,1,0,0,0.160353809,128.394736,0.96,834.0588711,800.6965162,33.36235484,,,,851.4955976,2402.089549,2221.932833,180.1567162,2402.089549,0,1,0,0,0.383223168,212.8740347,0.925,600.5223872,555.4832081,45.03917904,1,0,0,0.383223089,212.873991,0.925,600.5223872,555.4832081,45.03917904,1,0,0,0.383222272,212.8735372,0.925,600.5223872,555.4832081,45.03917904,1,0,0,0.383223168,212.8740347,0.925,600.5223872,555.4832081,45.03917904,1,,,0.101,224.4152161,2221.932833,2221.932833,0,68.87991781,0,,,280.2437807,0,120.5048257,4,1461.095022,0,0,0,148.4472542
160,1,161,0.1016,0,1,0,1461.095441,,,,0,0,1,2502.176613,2502.176613,0,400.3482581,83.07226356,0,,,385.184208,2502.176613,2402.089549,100.0870645,2502.176613,0,1,0,0,0.160353809,128.394736,0.96,834.0588711,800.6965162,33.36235484,1,0,0,0.160353809,128.394736,0.96,834.0588711,800.6965162,33.36235484,1,0,0,0.160353809,128.394736,0.96,834.0588711,800.6965162,33.36235484,,,,851.4960173,2402.089549,2221.932833,180.1567162,2402.089549,0,1,0,0,0.383223168,212.8740347,0.925,600.5223872,555.4832081,45.03917904,1,0,0,0.383223168,212.8740347,0.925,600.5223872,555.4832081,45.03917904,1,0,0,0.383222949,212.8739132,0.925,600.5223872,555.4832081,45.03917904,1,0,0,0.383223168,212.8740347,0.925,600.5223872,555.4832081,45.03917904,1,,,0.101,224.4152161,2221.932833,2221.932833,0,68.87991781,0,,,280.2437807,0,120.5048257,4,1461.095441,0,0,0,148.4472968
161,1,162,0.13994,0,1,0,1461.095563,,,,0,0,1,2502.176613,2502.176613,0,400.3482581,83.07226356,0,,,385.184208,2502.176613,2402.089549,100.0870645,2502.176613,0,1,0,0,0.160353809,128.394736,0.96,834.0588711,800.6965162,33.36235484,1,0,0,0.160353809,128.394736,0.96,834.0588711,800.6965162,33.36235484,1,0,0,0.160353809,128.394736,0.96,834.0588711,800.6965162,33.36235484,,,,851.4961388,2402.089549,2221.932833,180.1567162,2402.089549,0,1,0,0,0.383223168,212.8740347,0.925,600.5223872,555.4832081,45.03917904,1,0,0,0.383223168,212.8740347,0.925,600.5223872,555.4832081,45.03917904,1,0,0,0.383223168,212.8740347,0.925,600.5223872,555.4832081,45.03917904,1,0,0,0.383223168,212.8740347,0.925,600.5223872,555.4832081,45.03917904,1,,,0.101,224.4152161,2221.932833,2221.932833,0,68.87991781,0,,,280.2437807,0,120.5048257,4,1461.095563,0,0,0,204.4657131
162,1,163,0.13994,0,0,0,1461.095563,,,,0,0,1,2502.176613,2502.176613,0,400.3482581,83.07226356,0,,,385.184208,2502.176613,2402.089549,100.0870645,2502.176613,0,1,0,0,0.160353809,128.394736,0.96,834.0588711,800.6965162,33.36235484,1,0,0,0.160353809,128.394736,0.96,834.0588711,800.6965162,33.36235484,1,0,0,0.160353809,128.394736,0.96,834.0588711,800.6965162,33.36235484,,,,851.4961388,2402.089549,2221.932833,180.1567162,2402.089549,0,1,0,0,0.383223168,212.8740347,0.925,600.5223872,555.4832081,45.03917904,1,0,0,0.383223168,212.8740347,0.925,600.5223872,555.4832081,45.03917904,1,0,0,0.383223168,212.8740347,0.925,600.5223872,555.4832081,45.03917904,1,0,0,0.383223168,212.8740347,0.925,600.5223872,555.4832081,45.03917904,1,,,0.101,224.4152161,2221.932833,2221.932833,0,68.87991781,0,,,280.2437807,0,120.5048257,4,1461.095563,0,0,0,204.4657131
163,1,164,0.13994,0,0,0,1461.095563,,,,0,0,1,2502.176613,2502.176613,0,400.3482581,83.07226356,0,,,385.184208,2502.176613,2402.089549,100.0870645,2502.176613,0,1,0,0,0.160353809,128.394736,0.96,834.0588711,800.6965162,33.36235484,1,0,0,0.160353809,128.394736,0.96,834.0588711,800.6965162,33.36235484,1,0,0,0.160353809,128.394736,0.96,834.0588711,800.6965162,33.36235484,,,,851.4961388,2402.089549,2221.932833,180.1567162,2402.089549,0,1,0,0,0.383223168,212.8740347,0.925,600.5223872,555.4832081,45.03917904,1,0,0,0.383223168,212.8740347,0.925,600.5223872,555.4832081,45.03917904,1,0,0,0.383223168,212.8740347,0.925,600.5223872,555.4832081,45.03917904,1,0,0,0.383223168,212.8740347,0.925,600.5223872,555.4832081,45.03917904,1,,,0.101,224.4152161,2221.932833,2221.932833,0,68.87991781,0,,,280.2437807,0,120.5048257,4,1461.095563,0,0,0,204.4657131
164,1,165,0.13994,0,0,0,1461.095563,,,,0,0,1,2502.176613,2502.176613,0,400.3482581,83.07226356,0,,,385.184208,2502.176613,2402.089549,100.0870645,2502.176613,0,1,0,0,0.160353809,128.394736,0.96,834.0588711,800.6965162,33.36235484,1,0,0,0.160353809,128.394736,0.96,834.0588711,800.6965162,33.36235484,1,0,0,0.160353809,128.394736,0.96,834.0588711,800.6965162,33.36235484,,,,851.4961388,2402.089549,2221.932833,180.1567162,2402.089549,0,1,0,0,0.383223168,212.8740347,0.925,600.5223872,555.4832081,45.03917904,1,0,0,0.383223168,212.8740347,0.925,600.5223872,555.4832081,45.03917904,1,0,0,0.383223168,212.8740347,0.925,600.5223872,555.4832081,45.03917904,1,0,0,0.383223168,212.8740347,0.925,600.5223872,555.4832081,45.03917904,1,,,0.101,224.4152161,2221.932833,2221.932833,0,68.87991781,0,,,280.2437807,0,120.5048257,4,1461.095563,0,0,0,204.4657131
165,1,166,0.13994,0,0,0,1461.095563,,,,0,0,1,2502.176613,2502.176613,0,400.3482581,83.07226356,0,,,385.184208,2502.176613,2402.089549,100.0870645,2502.176613,0,1,0,0,0.160353809,128.394736,0.96,834.0588711,800.6965162,33.36235484,1,0,0,0.160353809,128.394736,0.96,834.0588711,800.6965162,33.36235484,1,0,0,0.160353809,128.394736,0.96,834.0588711,800.6965162,33.36235484,,,,851.4961388,2402.089549,2221.932833,180.1567162,2402.089549,0,1,0,0,0.383223168,212.8740347,0.925,600.5223872,555.4832081,45.03917904,1,0,0,0.383223168,212.8740347,0.925,600.5223872,555.4832081,45.03917904,1,0,0,0.383223168,212.8740347,0.925,600.5223872,555.4832081,45.03917904,1,0,0,0.383223168,212.8740347,0.925,600.5223872,555.4832081,45.03917904,1,,,0.101,224.4152161,2221.932833,2221.932833,0,68.87991781,0,,,280.2437807,0,120.5048257,4,1461.095563,0,0,0,204.4657131
166,1,167,0.1016,0,0,0,1461.095563,,,,0,0,1,2502.176613,2502.176613,0,400.3482581,83.07226356,0,,,385.184208,2502.176613,2402.089549,100.0870645,2502.176613,0,1,0,0,0.160353809,128.394736,0.96,834.0588711,800.6965162,33.36235484,1,0,0,0.160353809,128.394736,0.96,834.0588711,800.6965162,33.36235484,1,0,0,0.160353809,128.394736,0.96,834.0588711,800.6965162,33.36235484,,,,851.4961388,2402.089549,2221.932833,180.1567162,2402.089549,0,1,0,0,0.383223168,212.8740347,0.925,600.5223872,555.4832081,45.03917904,1,0,0,0.383223168,212.8740347,0.925,600.5223872,555.4832081,45.03917904,1,0,0,0.383223168,212.8740347,0.925,600.5223872,555.4832081,45.03917904,1,0,0,0.383223168,212.8740347,0.925,600.5223872,555.4832081,45.03917904,1,,,0.101,224.4152161,2221.932833,2221.932833,0,68.87991781,0,,,280.2437807,0,120.5048257,4,1461.095563,0,0,0,148.4473092
167,1,168,0.1016,0,0,0,1461.095563,,,,0,0,1,2502.176613,2502.176613,0,400.3482581,83.07226356,0,,,385.184208,2502.176613,2402.089549,100.0870645,2502.176613,0,1,0,0,0.160353809,128.394736,0.96,834.0588711,800.6965162,33.36235484,1,0,0,0.160353809,128.394736,0.96,834.0588711,800.6965162,33.36235484,1,0,0,0.160353809,128.394736,0.96,834.0588711,800.6965162,33.36235484,,,,851.4961388,2402.089549,2221.932833,180.1567162,2402.089549,0,1,0,0,0.383223168,212.8740347,0.925,600.5223872,555.4832081,45.03917904,1,0,0,0.383223168,212.8740347,0.925,600.5223872,555.4832081,45.03917904,1,0,0,0.383223168,212.8740347,0.925,600.5223872,555.4832081,45.03917904,1,0,0,0.383223168,212.8740347,0.925,600.5223872,555.4832081,45.03917904,1,,,0.101,224.4152161,2221.932833,2221.932833,0,68.87991781,0,,,280.2437807,0,120.5048257,4,1461.095563,0,0,0,148.4473092
