,Day,Time,LMP,peak_hour,bypass_pretreatment_flow,power_from_grid,intake.op_mode,intake.startup,intake.shutdown,intake.energy_intensity,intake.power_consumption,intake.recovery,intake.feed_flowrate,intake.product_flowrate,intake.reject_flowrate,intake.feed_cost,intake.chemical_cost,pretreatment.op_mode,pretreatment.startup,pretreatment.shutdown,pretreatment.power_consumption,pretreatment.feed_flowrate,pretreatment.product_flowrate,pretreatment.reject_flowrate,pretreatment.inlet_flowrate,pretreatment.leftover_flow,pretreatment.uf_pumps[1].op_mode,pretreatment.uf_pumps[1].startup,pretreatment.uf_pumps[1].shutdown,pretreatment.uf_pumps[1].energy_intensity,pretreatment.uf_pumps[1].power_consumption,pretreatment.uf_pumps[1].recovery,pretreatment.uf_pumps[1].feed_flowrate,pretreatment.uf_pumps[1].product_flowrate,pretreatment.uf_pumps[1].reject_flowrate,pretreatment.uf_pumps[2].op_mode,pretreatment.uf_pumps[2].startup,pretreatment.uf_pumps[2].shutdown,pretreatment.uf_pumps[2].energy_intensity,pretreatment.uf_pumps[2].power_consumption,pretreatment.uf_pumps[2].recovery,pretreatment.uf_pumps[2].feed_flowrate,pretreatment.uf_pumps[2].product_flowrate,pretreatment.uf_pumps[2].reject_flowrate,pretreatment.uf_pumps[3].op_mode,pretreatment.uf_pumps[3].startup,pretreatment.uf_pumps[3].shutdown,pretreatment.uf_pumps[3].energy_intensity,pretreatment.uf_pumps[3].power_consumption,pretreatment.uf_pumps[3].recovery,pretreatment.uf_pumps[3].feed_flowrate,pretreatment.uf_pumps[3].product_flowrate,pretreatment.uf_pumps[3].reject_flowrate,reverse_osmosis.op_mode,reverse_osmosis.startup,reverse_osmosis.shutdown,reverse_osmosis.power_consumption,reverse_osmosis.feed_flowrate,reverse_osmosis.product_flowrate,reverse_osmosis.reject_flowrate,reverse_osmosis.inlet_flowrate,reverse_osmosis.leftover_flow,reverse_osmosis.ro_skid[1].op_mode,reverse_osmosis.ro_skid[1].startup,reverse_osmosis.ro_skid[1].shutdown,reverse_osmosis.ro_skid[1].energy_intensity,reverse_osmosis.ro_skid[1].power_consumption,reverse_osmosis.ro_skid[1].recovery,reverse_osmosis.ro_skid[1].feed_flowrate,reverse_osmosis.ro_skid[1].product_flowrate,reverse_osmosis.ro_skid[1].reject_flowrate,reverse_osmosis.ro_skid[2].op_mode,reverse_osmosis.ro_skid[2].startup,reverse_osmosis.ro_skid[2].shutdown,reverse_osmosis.ro_skid[2].energy_intensity,reverse_osmosis.ro_skid[2].power_consumption,reverse_osmosis.ro_skid[2].recovery,reverse_osmosis.ro_skid[2].feed_flowrate,reverse_osmosis.ro_skid[2].product_flowrate,reverse_osmosis.ro_skid[2].reject_flowrate,reverse_osmosis.ro_skid[3].op_mode,reverse_osmosis.ro_skid[3].startup,reverse_osmosis.ro_skid[3].shutdown,reverse_osmosis.ro_skid[3].energy_intensity,reverse_osmosis.ro_skid[3].power_consumption,reverse_osmosis.ro_skid[3].recovery,reverse_osmosis.ro_skid[3].feed_flowrate,reverse_osmosis.ro_skid[3].product_flowrate,reverse_osmosis.ro_skid[3].reject_flowrate,reverse_osmosis.ro_skid[4].op_mode,reverse_osmosis.ro_skid[4].startup,reverse_osmosis.ro_skid[4].shutdown,reverse_osmosis.ro_skid[4].energy_intensity,reverse_osmosis.ro_skid[4].power_consumption,reverse_osmosis.ro_skid[4].recovery,reverse_osmosis.ro_skid[4].feed_flowrate,reverse_osmosis.ro_skid[4].product_flowrate,reverse_osmosis.ro_skid[4].reject_flowrate,posttreatment.op_mode,posttreatment.startup,posttreatment.shutdown,posttreatment.energy_intensity,posttreatment.power_consumption,posttreatment.feed_flowrate,posttreatment.product_flowrate,posttreatment.reject_flowrate,posttreatment.chemical_cost,brine_discharge.op_mode,brine_discharge.startup,brine_discharge.shutdown,brine_discharge.feed_flowrate,brine_discharge.power_consumption,brine_discharge.brine_cost,num_skids_online,net_power_consumption,water_revenue,demand_response_revenue,emissions_cost,energy_cost
0,1,1,0.105754717,0,0,1459.482898,,,,0,0,1,2500,2500,0,400,83,0,,,385.0656446,2500,2400,100,2500,0,1,0,0,0.162299128,134.1017638,0.96,860.6906198,826.262995,34.42762479,1,0,0,0.160021031,127.3473881,0.96,828.975595,795.8165712,33.1590238,1,0,0,0.158906345,123.6164928,0.96,810.3337852,777.9204338,32.41335141,,,,850.1972532,2400,2220,180,2400,0,1,0,0,0.382971736,212.5493133,0.925,600,555,45,1,0,0,0.382971736,212.5493133,0.925,600,555,45,1,0,0,0.382971736,212.5493133,0.925,600,555,45,1,0,0,0.382971736,212.5493133,0.925,600,555,45,1,,,0.101,224.22,2220,2220,0,68.82,0,,,280,0,120.4,4,1459.482898,0,0,0,154.3472008
1,1,2,0.105566038,0,0,1459.482898,,,,0,0,1,2500,2500,0,400,83,0,,,385.0656446,2500,2400,100,2500,0,1,0,0,0.162299128,134.1017638,0.96,860.6906198,826.262995,34.42762479,1,0,0,0.160021031,127.3473881,0.96,828.975595,795.8165712,33.1590238,1,0,0,0.158906345,123.6164928,0.96,810.3337852,777.9204338,32.41335141,,,,850.1972532,2400,2220,180,2400,0,1,0,0,0.382971736,212.5493133,0.925,600,555,45,1,0,0,0.382971736,212.5493133,0.925,600,555,45,1,0,0,0.382971736,212.5493133,0.925,600,555,45,1,0,0,0.382971736,212.5493133,0.925,600,555,45,1,,,0.101,224.22,2220,2220,0,68.82,0,,,280,0,120.4,4,1459.482898,0,0,0,154.071827
2,1,3,0.106066038,0,0,1459.482898,,,,0,0,1,2500,2500,0,400,83,0,,,385.0656446,2500,2400,100,2500,0,1,0,0,0.162299128,134.1017638,0.96,860.6906198,826.262995,34.42762479,1,0,0,0.160021031,127.3473881,0.96,828.975595,795.8165712,33.1590238,1,0,0,0.158906345,123.6164928,0.96,810.3337852,777.9204338,32.41335141,,,,850.1972532,2400,2220,180,2400,0,1,0,0,0.382971736,212.5493133,0.925,600,555,45,1,0,0,0.382971736,212.5493133,0.925,600,555,45,1,0,0,0.382971736,212.5493133,0.925,600,555,45,1,0,0,0.382971736,212.5493133,0.925,600,555,45,1,,,0.101,224.22,2220,2220,0,68.82,0,,,280,0,120.4,4,1459.482898,0,0,0,154.8015685
3,1,4,0.107207547,0,0,1459.482898,,,,0,0,1,2500,2500,0,400,83,0,,,385.0656446,2500,2400,100,2500,0,1,0,0,0.162299128,134.1017638,0.96,860.6906198,826.262995,34.42762479,1,0,0,0.160021031,127.3473881,0.96,828.975595,795.8165712,33.1590238,1,0,0,0.158906345,123.6164928,0.96,810.3337852,777.9204338,32.41335141,,,,850.1972532,2400,2220,180,2400,0,1,0,0,0.382971736,212.5493133,0.925,600,555,45,1,0,0,0.382971736,212.5493133,0.925,600,555,45,1,0,0,0.382971736,212.5493133,0.925,600,555,45,1,0,0,0.382971736,212.5493133,0.925,600,555,45,1,,,0.101,224.22,2220,2220,0,68.82,0,,,280,0,120.4,4,1459.482898,0,0,0,156.4675814
4,1,5,0.109981132,0,0,1459.482898,,,,0,0,1,2500,2500,0,400,83,0,,,385.0656446,2500,2400,100,2500,0,1,0,0,0.162299128,134.1017638,0.96,860.6906198,826.262995,34.42762479,1,0,0,0.160021031,127.3473881,0.96,828.975595,795.8165712,33.1590238,1,0,0,0.158906345,123.6164928,0.96,810.3337852,777.9204338,32.41335141,,,,850.1972532,2400,2220,180,2400,0,1,0,0,0.382971736,212.5493133,0.925,600,555,45,1,0,0,0.382971736,212.5493133,0.925,600,555,45,1,0,0,0.382971736,212.5493133,0.925,600,555,45,1,0,0,0.382971736,212.5493133,0.925,600,555,45,1,,,0.101,224.22,2220,2220,0,68.82,0,,,280,0,120.4,4,1459.482898,0,0,0,160.5155812
5,1,6,0.115301887,0,0,1459.482898,,,,0,0,1,2500,2500,0,400,83,0,,,385.0656446,2500,2400,100,2500,0,1,0,0,0.162299128,134.1017638,0.96,860.6906198,826.262995,34.42762479,1,0,0,0.160021031,127.3473881,0.96,828.975595,795.8165712,33.1590238,1,0,0,0.158906345,123.6164928,0.96,810.3337852,777.9204338,32.41335141,,,,850.1972532,2400,2220,180,2400,0,1,0,0,0.382971736,212.5493133,0.925,600,555,45,1,0,0,0.382971736,212.5493133,0.925,600,555,45,1,0,0,0.382971736,212.5493133,0.925,600,555,45,1,0,0,0.382971736,212.5493133,0.925,600,555,45,1,,,0.101,224.22,2220,2220,0,68.82,0,,,280,0,120.4,4,1459.482898,0,0,0,168.2811322
6,1,7,0.104735849,0,0,1459.482898,,,,0,0,1,2500,2500,0,400,83,0,,,385.0656446,2500,2400,100,2500,0,1,0,0,0.162299128,134.1017638,0.96,860.6906198,826.262995,34.42762479,1,0,0,0.160021031,127.3473881,0.96,828.975595,795.8165712,33.1590238,1,0,0,0.158906345,123.6164928,0.96,810.3337852,777.9204338,32.41335141,,,,850.1972532,2400,2220,180,2400,0,1,0,0,0.382971736,212.5493133,0.925,600,555,45,1,0,0,0.382971736,212.5493133,0.925,600,555,45,1,0,0,0.382971736,212.5493133,0.925,600,555,45,1,0,0,0.382971736,212.5493133,0.925,600,555,45,1,,,0.101,224.22,2220,2220,0,68.82,0,,,280,0,120.4,4,1459.482898,0,0,0,152.8601804
7,1,8,0.098216981,0,0,1459.482898,,,,0,0,1,2500,2500,0,400,83,0,,,385.0656446,2500,2400,100,2500,0,1,0,0,0.162299128,134.1017638,0.96,860.6906198,826.262995,34.42762479,1,0,0,0.160021031,127.3473881,0.96,828.975595,795.8165712,33.1590238,1,0,0,0.158906345,123.6164928,0.96,810.3337852,777.9204338,32.41335141,,,,850.1972532,2400,2220,180,2400,0,1,0,0,0.382971736,212.5493133,0.925,600,555,45,1,0,0,0.382971736,212.5493133,0.925,600,555,45,1,0,0,0.382971736,212.5493133,0.925,600,555,45,1,0,0,0.382971736,212.5493133,0.925,600,555,45,1,,,0.101,224.22,2220,2220,0,68.82,0,,,280,0,120.4,4,1459.482898,0,0,0,143.346004
8,1,9,0.091320755,0,0,1459.482898,,,,0,0,1,2500,2500,0,400,83,0,,,385.0656446,2500,2400,100,2500,0,1,0,0,0.162299128,134.1017638,0.96,860.6906198,826.262995,34.42762479,1,0,0,0.160021031,127.3473881,0.96,828.975595,795.8165712,33.1590238,1,0,0,0.158906345,123.6164928,0.96,810.3337852,777.9204338,32.41335141,,,,850.1972532,2400,2220,180,2400,0,1,0,0,0.382971736,212.5493133,0.925,600,555,45,1,0,0,0.382971736,212.5493133,0.925,600,555,45,1,0,0,0.382971736,212.5493133,0.925,600,555,45,1,0,0,0.382971736,212.5493133,0.925,600,555,45,1,,,0.101,224.22,2220,2220,0,68.82,0,,,280,0,120.4,4,1459.482898,0,0,0,133.2810801
9,1,10,0.081169811,0,0,1459.482898,,,,0,0,1,2500,2500,0,400,83,0,,,385.0656446,2500,2400,100,2500,0,1,0,0,0.162299128,134.1017638,0.96,860.6906198,826.262995,34.42762479,1,0,0,0.160021031,127.3473881,0.96,828.975595,795.8165712,33.1590238,1,0,0,0.158906345,123.6164928,0.96,810.3337852,777.9204338,32.41335141,,,,850.1972532,2400,2220,180,2400,0,1,0,0,0.382971736,212.5493133,0.925,600,555,45,1,0,0,0.382971736,212.5493133,0.925,600,555,45,1,0,0,0.382971736,212.5493133,0.925,600,555,45,1,0,0,0.382971736,212.5493133,0.925,600,555,45,1,,,0.101,224.22,2220,2220,0,68.82,0,,,280,0,120.4,4,1459.482898,0,0,0,118.465951
10,1,11,0.079603774,0,0,1459.482898,,,,0,0,1,2500,2500,0,400,83,0,,,385.0656446,2500,2400,100,2500,0,1,0,0,0.162299128,134.1017638,0.96,860.6906198,826.262995,34.42762479,1,0,0,0.160021031,127.3473881,0.96,828.975595,795.8165712,33.1590238,1,0,0,0.158906345,123.6164928,0.96,810.3337852,777.9204338,32.41335141,,,,850.1972532,2400,2220,180,2400,0,1,0,0,0.382971736,212.5493133,0.925,600,555,45,1,0,0,0.382971736,212.5493133,0.925,600,555,45,1,0,0,0.382971736,212.5493133,0.925,600,555,45,1,0,0,0.382971736,212.5493133,0.925,600,555,45,1,,,0.101,224.22,2220,2220,0,68.82,0,,,280,0,120.4,4,1459.482898,0,0,0,116.1803468
11,1,12,0.07840566,0,0,1459.482898,,,,0,0,1,2500,2500,0,400,83,0,,,385.0656446,2500,2400,100,2500,0,1,0,0,0.162299128,134.1017638,0.96,860.6906198,826.262995,34.42762479,1,0,0,0.160021031,127.3473881,0.96,828.975595,795.8165712,33.1590238,1,0,0,0.158906345,123.6164928,0.96,810.3337852,777.9204338,32.41335141,,,,850.1972532,2400,2220,180,2400,0,1,0,0,0.382971736,212.5493133,0.925,600,555,45,1,0,0,0.382971736,212.5493133,0.925,600,555,45,1,0,0,0.382971736,212.5493133,0.925,600,555,45,1,0,0,0.382971736,212.5493133,0.925,600,555,45,1,,,0.101,224.22,2220,2220,0,68.82,0,,,280,0,120.4,4,1459.482898,0,0,0,114.4317199
12,1,13,0.08359434,0,0,1459.482898,,,,0,0,1,2500,2500,0,400,83,0,,,385.0656446,2500,2400,100,2500,0,1,0,0,0.162299128,134.1017638,0.96,860.6906198,826.262995,34.42762479,1,0,0,0.160021031,127.3473881,0.96,828.975595,795.8165712,33.1590238,1,0,0,0.158906345,123.6164928,0.96,810.3337852,777.9204338,32.41335141,,,,850.1972532,2400,2220,180,2400,0,1,0,0,0.382971736,212.5493133,0.925,600,555,45,1,0,0,0.382971736,212.5493133,0.925,600,555,45,1,0,0,0.382971736,212.5493133,0.925,600,555,45,1,0,0,0.382971736,212.5493133,0.925,600,555,45,1,,,0.101,224.22,2220,2220,0,68.82,0,,,280,0,120.4,4,1459.482898,0,0,0,122.0045096
13,1,14,0.088679245,0,0,1459.482898,,,,0,0,1,2500,2500,0,400,83,0,,,385.0656446,2500,2400,100,2500,0,1,0,0,0.162299128,134.1017638,0.96,860.6906198,826.262995,34.42762479,1,0,0,0.160021031,127.3473881,0.96,828.975595,795.8165712,33.1590238,1,0,0,0.158906345,123.6164928,0.96,810.3337852,777.9204338,32.41335141,,,,850.1972532,2400,2220,180,2400,0,1,0,0,0.382971736,212.5493133,0.925,600,555,45,1,0,0,0.382971736,212.5493133,0.925,600,555,45,1,0,0,0.382971736,212.5493133,0.925,600,555,45,1,0,0,0.382971736,212.5493133,0.925,600,555,45,1,,,0.101,224.22,2220,2220,0,68.82,0,,,280,0,120.4,4,1459.482898,0,0,0,129.4258415
14,1,15,0.09604717,0,0,1459.482898,,,,0,0,1,2500,2500,0,400,83,0,,,385.0656446,2500,2400,100,2500,0,1,0,0,0.162299128,134.1017638,0.96,860.6906198,826.262995,34.42762479,1,0,0,0.160021031,127.3473881,0.96,828.975595,795.8165712,33.1590238,1,0,0,0.158906345,123.6164928,0.96,810.3337852,777.9204338,32.41335141,,,,850.1972532,2400,2220,180,2400,0,1,0,0,0.382971736,212.5493133,0.925,600,555,45,1,0,0,0.382971736,212.5493133,0.925,600,555,45,1,0,0,0.382971736,212.5493133,0.925,600,555,45,1,0,0,0.382971736,212.5493133,0.925,600,555,45,1,,,0.101,224.22,2220,2220,0,68.82,0,,,280,0,120.4,4,1459.482898,0,0,0,140.179202
15,1,16,0.097943396,0,0,1459.482898,,,,0,0,1,2500,2500,0,400,83,0,,,385.0656446,2500,2400,100,2500,0,1,0,0,0.162299128,134.1017638,0.96,860.6906198,826.262995,34.42762479,1,0,0,0.160021031,127.3473881,0.96,828.975595,795.8165712,33.1590238,1,0,0,0.158906345,123.6164928,0.96,810.3337852,777.9204338,32.41335141,,,,850.1972532,2400,2220,180,2400,0,1,0,0,0.382971736,212.5493133,0.925,600,555,45,1,0,0,0.382971736,212.5493133,0.925,600,555,45,1,0,0,0.382971736,212.5493133,0.925,600,555,45,1,0,0,0.382971736,212.5493133,0.925,600,555,45,1,,,0.101,224.22,2220,2220,0,68.82,0,,,280,0,120.4,4,1459.482898,0,0,0,142.9467114
16,1,17,0.115075472,0,0,737.8253198,,,,0,0,1,1250,1250,0,200,41.5,0,,,200.6166932,1250,1200,50,1250,0,1,0,0,0.162299128,134.1017638,0.96,860.6906198,826.262995,34.42762479,1,0,0,0.177972554,66.51492946,0.96,389.3093802,373.737005,15.57237521,0,0,1,0.271,0,0.96,0,0,0,,,,425.0986266,1200,1110,90,1200,0,1,0,0,0.382971736,212.5493133,0.925,600,555,45,1,0,0,0.382971736,212.5493133,0.925,600,555,45,0,0,1,0.087248178,0,0.88,0,0,0,0,0,1,0.087248178,0,0.88,0,0,0,1,,,0.101,112.11,1110,1110,0,34.41,0,,,140,0,60.2,2,737.8253198,0,0,0,84.90559693
17,1,18,3.574311321,1,0,0,,,,0,0,1,0,0,0,0,0,0,,,0,0,0,0,0,0,0,0,1,0.271,0,0.96,0,0,0,0,0,1,0.271,0,0.96,0,0,0,0,0,0,0.271,0,0.96,0,0,0,,,,0,0,0,0,0,0,0,0,1,0.087248178,0,0.88,0,0,0,0,0,1,0.087248178,0,0.88,0,0,0,0,0,0,0.087248178,0,0.88,0,0,0,0,0,0,0.087248178,0,0.88,0,0,0,1,,,0.101,0,0,0,0,0,0,,,0,0,0,0,0,0,0,0,0
18,1,19,4.734849057,1,0,0,,,,0,0,1,0,0,0,0,0,0,,,0,0,0,0,0,0,0,0,0,0.271,0,0.96,0,0,0,0,0,0,0.271,0,0.96,0,0,0,0,0,0,0.271,0,0.96,0,0,0,,,,0,0,0,0,0,0,0,0,0,0.087248178,0,0.88,0,0,0,0,0,0,0.087248178,0,0.88,0,0,0,0,0,0,0.087248178,0,0.88,0,0,0,0,0,0,0.087248178,0,0.88,0,0,0,1,,,0.101,0,0,0,0,0,0,,,0,0,0,0,0,0,0,0,0
19,1,20,2.383122642,1,0,0,,,,0,0,1,0,0,0,0,0,0,,,0,0,0,0,0,0,0,0,0,0.271,0,0.96,0,0,0,0,0,0,0.271,0,0.96,0,0,0,0,0,0,0.271,0,0.96,0,0,0,,,,0,0,0,0,0,0,0,0,0,0.087248178,0,0.88,0,0,0,0,0,0,0.087248178,0,0.88,0,0,0,0,0,0,0.087248178,0,0.88,0,0,0,0,0,0,0.087248178,0,0.88,0,0,0,1,,,0.101,0,0,0,0,0,0,,,0,0,0,0,0,0,0,0,0
20,1,21,0.713028302,1,0,0,,,,0,0,1,0,0,0,0,0,0,,,0,0,0,0,0,0,0,0,0,0.271,0,0.96,0,0,0,0,0,0,0.271,0,0.96,0,0,0,0,0,0,0.271,0,0.96,0,0,0,,,,0,0,0,0,0,0,0,0,0,0.087248178,0,0.88,0,0,0,0,0,0,0.087248178,0,0.88,0,0,0,0,0,0,0.087248178,0,0.88,0,0,0,0,0,0,0.087248178,0,0.88,0,0,0,1,,,0.101,0,0,0,0,0,0,,,0,0,0,0,0,0,0,0,0
21,1,22,0.145283019,1,0,0,,,,0,0,1,0,0,0,0,0,0,,,0,0,0,0,0,0,0,0,0,0.271,0,0.96,0,0,0,0,0,0,0.271,0,0.96,0,0,0,0,0,0,0.271,0,0.96,0,0,0,,,,0,0,0,0,0,0,0,0,0,0.087248178,0,0.88,0,0,0,0,0,0,0.087248178,0,0.88,0,0,0,0,0,0,0.087248178,0,0.88,0,0,0,0,0,0,0.087248178,0,0.88,0,0,0,1,,,0.101,0,0,0,0,0,0,,,0,0,0,0,0,0,0,0,0
22,1,23,0.113698113,0,0,569.0854844,,,,0,0,1,1083.333606,1083.333606,0,173.333377,35.96667573,0,,,167.7415608,1083.333606,1040.000262,43.33334425,1083.333606,0,1,1,0,0.161282318,83.88293848,0.96,541.7708649,520.1000303,21.6708346,1,1,0,0.161297528,83.85862236,0.96,541.5627414,519.9002317,21.66250966,0,0,0,0.271,0,0.96,0,0,0,,,,308.9087236,1040.000262,915.2,124.8,1040,0.000262043,1,1,0,0.337531385,154.4543618,0.88,520,457.6,62.4,1,1,0,0.337531385,154.4543618,0.88,520,457.6,62.4,0,0,0,0.087248178,0,0.88,0,0,0,0,0,0,0.087248178,0,0.88,0,0,0,0,,,0.101,92.4352,915.2,0,915.2,28.3712,1,,,1083.333606,0,465.8334507,2,569.0854844,0,0,0,64.70394571
23,1,24,0.109745283,0,0,569.0854844,,,,0,0,1,1083.333606,1083.333606,0,173.333377,35.96667573,0,,,167.7415608,1083.333606,1040.000262,43.33334425,1083.333606,0,1,0,0,0.161282318,83.88293848,0.96,541.7708649,520.1000303,21.6708346,1,0,0,0.161297528,83.85862236,0.96,541.5627414,519.9002317,21.66250966,0,0,0,0.271,0,0.96,0,0,0,,,,308.9087236,1040.000262,915.2,124.8,1040,0.000262043,1,0,0,0.337531385,154.4543618,0.88,520,457.6,62.4,1,0,0,0.337531385,154.4543618,0.88,520,457.6,62.4,0,0,0,0.087248178,0,0.88,0,0,0,0,0,0,0.087248178,0,0.88,0,0,0,0,,,0.101,92.4352,915.2,0,915.2,28.3712,1,,,1083.333606,0,465.8334507,2,569.0854844,0,0,0,62.45444754
24,1,25,0.105754717,0,0,1460.074929,,,,0,0,1,2500.001474,2500.001474,0,400.0002359,83.00004895,0,,,385.6568527,2500.001474,2400.001415,100.000059,2500.001474,0,1,0,0,0.162380541,134.3283574,0.96,861.7126895,827.244182,34.46850758,1,0,0,0.161813563,132.7325466,0.96,854.4590901,820.2807265,34.1783636,1,1,0,0.15760751,118.5959486,0.96,783.8296948,752.476507,31.35318779,,,,850.1979437,2400.001415,2220.001309,180.0001062,2400.001415,0,1,0,0,0.382971906,212.5495332,0.925,600.0003539,555.0003273,45.00002654,1,0,0,0.382971906,212.5495332,0.925,600.0003539,555.0003273,45.00002654,1,1,0,0.382971736,212.5494387,0.925,600.0003539,555.0003273,45.00002654,1,1,0,0.382971736,212.5494387,0.925,600.0003539,555.0003273,45.00002654,1,,,0.101,224.2201322,2220.001309,2220.001309,0,68.82004059,0,,,280.0001651,0,120.400071,4,1460.074929,0,0,0,154.4098109
25,1,26,0.105566038,0,0,1460.075118,,,,0,0,1,2500.001474,2500.001474,0,400.0002359,83.00004895,0,,,385.6568527,2500.001474,2400.001415,100.000059,2500.001474,0,1,0,0,0.162380541,134.3283574,0.96,861.7126895,827.244182,34.46850758,1,0,0,0.161813563,132.7325466,0.96,854.4590901,820.2807265,34.1783636,1,0,0,0.15760751,118.5959486,0.96,783.8296948,752.476507,31.35318779,,,,850.1981327,2400.001415,2220.001309,180.0001062,2400.001415,0,1,0,0,0.382971906,212.5495332,0.925,600.0003539,555.0003273,45.00002654,1,0,0,0.382971906,212.5495332,0.925,600.0003539,555.0003273,45.00002654,1,0,0,0.382971906,212.5495332,0.925,600.0003539,555.0003273,45.00002654,1,0,0,0.382971906,212.5495332,0.925,600.0003539,555.0003273,45.00002654,1,,,0.101,224.2201322,2220.001309,2220.001309,0,68.82004059,0,,,280.0001651,0,120.400071,4,1460.075118,0,0,0,154.1343454
26,1,27,0.106066038,0,0,1460.075118,,,,0,0,1,2500.001474,2500.001474,0,400.0002359,83.00004895,0,,,385.6568527,2500.001474,2400.001415,100.000059,2500.001474,0,1,0,0,0.162380541,134.3283574,0.96,861.7126895,827.244182,34.46850758,1,0,0,0.161813563,132.7325466,0.96,854.4590901,820.2807265,34.1783636,1,0,0,0.15760751,118.5959486,0.96,783.8296948,752.476507,31.35318779,,,,850.1981327,2400.001415,2220.001309,180.0001062,2400.001415,0,1,0,0,0.382971906,212.5495332,0.925,600.0003539,555.0003273,45.00002654,1,0,0,0.382971906,212.5495332,0.925,600.0003539,555.0003273,45.00002654,1,0,0,0.382971906,212.5495332,0.925,600.0003539,555.0003273,45.00002654,1,0,0,0.382971906,212.5495332,0.925,600.0003539,555.0003273,45.00002654,1,,,0.101,224.2201322,2220.001309,2220.001309,0,68.82004059,0,,,280.0001651,0,120.400071,4,1460.075118,0,0,0,154.8643829
27,1,28,0.107207547,0,0,1460.075118,,,,0,0,1,2500.001474,2500.001474,0,400.0002359,83.00004895,0,,,385.6568527,2500.001474,2400.001415,100.000059,2500.001474,0,1,0,0,0.162380541,134.3283574,0.96,861.7126895,827.244182,34.46850758,1,0,0,0.161813563,132.7325466,0.96,854.4590901,820.2807265,34.1783636,1,0,0,0.15760751,118.5959486,0.96,783.8296948,752.476507,31.35318779,,,,850.1981327,2400.001415,2220.001309,180.0001062,2400.001415,0,1,0,0,0.382971906,212.5495332,0.925,600.0003539,555.0003273,45.00002654,1,0,0,0.382971906,212.5495332,0.925,600.0003539,555.0003273,45.00002654,1,0,0,0.382971906,212.5495332,0.925,600.0003539,555.0003273,45.00002654,1,0,0,0.382971906,212.5495332,0.925,600.0003539,555.0003273,45.00002654,1,,,0.101,224.2201322,2220.001309,2220.001309,0,68.82004059,0,,,280.0001651,0,120.400071,4,1460.075118,0,0,0,156.5310718
28,1,29,0.109981132,0,0,1460.075118,,,,0,0,1,2500.001474,2500.001474,0,400.0002359,83.00004895,0,,,385.6568527,2500.001474,2400.001415,100.000059,2500.001474,0,1,0,0,0.162380541,134.3283574,0.96,861.7126895,827.244182,34.46850758,1,0,0,0.161813563,132.7325466,0.96,854.4590901,820.2807265,34.1783636,1,0,0,0.15760751,118.5959486,0.96,783.8296948,752.476507,31.35318779,,,,850.1981327,2400.001415,2220.001309,180.0001062,2400.001415,0,1,0,0,0.382971906,212.5495332,0.925,600.0003539,555.0003273,45.00002654,1,0,0,0.382971906,212.5495332,0.925,600.0003539,555.0003273,45.00002654,1,0,0,0.382971906,212.5495332,0.925,600.0003539,555.0003273,45.00002654,1,0,0,0.382971906,212.5495332,0.925,600.0003539,555.0003273,45.00002654,1,,,0.101,224.2201322,2220.001309,2220.001309,0,68.82004059,0,,,280.0001651,0,120.400071,4,1460.075118,0,0,0,160.5807142
29,1,30,0.115301887,0,0,1460.075118,,,,0,0,1,2500.001474,2500.001474,0,400.0002359,83.00004895,0,,,385.6568527,2500.001474,2400.001415,100.000059,2500.001474,0,1,0,0,0.162380541,134.3283574,0.96,861.7126895,827.244182,34.46850758,1,0,0,0.161813563,132.7325466,0.96,854.4590901,820.2807265,34.1783636,1,0,0,0.15760751,118.5959486,0.96,783.8296948,752.476507,31.35318779,,,,850.1981327,2400.001415,2220.001309,180.0001062,2400.001415,0,1,0,0,0.382971906,212.5495332,0.925,600.0003539,555.0003273,45.00002654,1,0,0,0.382971906,212.5495332,0.925,600.0003539,555.0003273,45.00002654,1,0,0,0.382971906,212.5495332,0.925,600.0003539,555.0003273,45.00002654,1,0,0,0.382971906,212.5495332,0.925,600.0003539,555.0003273,45.00002654,1,,,0.101,224.2201322,2220.001309,2220.001309,0,68.82004059,0,,,280.0001651,0,120.400071,4,1460.075118,0,0,0,168.3494162
30,1,31,0.104735849,0,0,1460.075118,,,,0,0,1,2500.001474,2500.001474,0,400.0002359,83.00004895,0,,,385.6568527,2500.001474,2400.001415,100.000059,2500.001474,0,1,0,0,0.162380541,134.3283574,0.96,861.7126895,827.244182,34.46850758,1,0,0,0.161813563,132.7325466,0.96,854.4590901,820.2807265,34.1783636,1,0,0,0.15760751,118.5959486,0.96,783.8296948,752.476507,31.35318779,,,,850.1981327,2400.001415,2220.001309,180.0001062,2400.001415,0,1,0,0,0.382971906,212.5495332,0.925,600.0003539,555.0003273,45.00002654,1,0,0,0.382971906,212.5495332,0.925,600.0003539,555.0003273,45.00002654,1,0,0,0.382971906,212.5495332,0.925,600.0003539,555.0003273,45.00002654,1,0,0,0.382971906,212.5495332,0.925,600.0003539,555.0003273,45.00002654,1,,,0.101,224.2201322,2220.001309,2220.001309,0,68.82004059,0,,,280.0001651,0,120.400071,4,1460.075118,0,0,0,152.9222071
31,1,32,0.098216981,0,0,1460.075118,,,,0,0,1,2500.001474,2500.001474,0,400.0002359,83.00004895,0,,,385.6568527,2500.001474,2400.001415,100.000059,2500.001474,0,1,0,0,0.162380541,134.3283574,0.96,861.7126895,827.244182,34.46850758,1,0,0,0.161813563,132.7325466,0.96,854.4590901,820.2807265,34.1783636,1,0,0,0.15760751,118.5959486,0.96,783.8296948,752.476507,31.35318779,,,,850.1981327,2400.001415,2220.001309,180.0001062,2400.001415,0,1,0,0,0.382971906,212.5495332,0.925,600.0003539,555.0003273,45.00002654,1,0,0,0.382971906,212.5495332,0.925,600.0003539,555.0003273,45.00002654,1,0,0,0.382971906,212.5495332,0.925,600.0003539,555.0003273,45.00002654,1,0,0,0.382971906,212.5495332,0.925,600.0003539,555.0003273,45.00002654,1,,,0.101,224.2201322,2220.001309,2220.001309,0,68.82004059,0,,,280.0001651,0,120.400071,4,1460.075118,0,0,0,143.4041701
32,1,33,0.091320755,0,0,1460.075118,,,,0,0,1,2500.001474,2500.001474,0,400.0002359,83.00004895,0,,,385.6568527,2500.001474,2400.001415,100.000059,2500.001474,0,1,0,0,0.162380541,134.3283574,0.96,861.7126895,827.244182,34.46850758,1,0,0,0.161813563,132.7325466,0.96,854.4590901,820.2807265,34.1783636,1,0,0,0.15760751,118.5959486,0.96,783.8296948,752.476507,31.35318779,,,,850.1981327,2400.001415,2220.001309,180.0001062,2400.001415,0,1,0,0,0.382971906,212.5495332,0.925,600.0003539,555.0003273,45.00002654,1,0,0,0.382971906,212.5495332,0.925,600.0003539,555.0003273,45.00002654,1,0,0,0.382971906,212.5495332,0.925,600.0003539,555.0003273,45.00002654,1,0,0,0.382971906,212.5495332,0.925,600.0003539,555.0003273,45.00002654,1,,,0.101,224.2201322,2220.001309,2220.001309,0,68.82004059,0,,,280.0001651,0,120.400071,4,1460.075118,0,0,0,133.3351621
33,1,34,0.081169811,0,0,1460.075118,,,,0,0,1,2500.001474,2500.001474,0,400.0002359,83.00004895,0,,,385.6568527,2500.001474,2400.001415,100.000059,2500.001474,0,1,0,0,0.162380541,134.3283574,0.96,861.7126895,827.244182,34.46850758,1,0,0,0.161813563,132.7325466,0.96,854.4590901,820.2807265,34.1783636,1,0,0,0.15760751,118.5959486,0.96,783.8296948,752.476507,31.35318779,,,,850.1981327,2400.001415,2220.001309,180.0001062,2400.001415,0,1,0,0,0.382971906,212.5495332,0.925,600.0003539,555.0003273,45.00002654,1,0,0,0.382971906,212.5495332,0.925,600.0003539,555.0003273,45.00002654,1,0,0,0.382971906,212.5495332,0.925,600.0003539,555.0003273,45.00002654,1,0,0,0.382971906,212.5495332,0.925,600.0003539,555.0003273,45.00002654,1,,,0.101,224.2201322,2220.001309,2220.001309,0,68.82004059,0,,,280.0001651,0,120.400071,4,1460.075118,0,0,0,118.5140213
34,1,35,0.079603774,0,0,1460.075118,,,,0,0,1,2500.001474,2500.001474,0,400.0002359,83.00004895,0,,,385.6568527,2500.001474,2400.001415,100.000059,2500.001474,0,1,0,0,0.162380541,134.3283574,0.96,861.7126895,827.244182,34.46850758,1,0,0,0.161813563,132.7325466,0.96,854.4590901,820.2807265,34.1783636,1,0,0,0.15760751,118.5959486,0.96,783.8296948,752.476507,31.35318779,,,,850.1981327,2400.001415,2220.001309,180.0001062,2400.001415,0,1,0,0,0.382971906,212.5495332,0.925,600.0003539,555.0003273,45.00002654,1,0,0,0.382971906,212.5495332,0.925,600.0003539,555.0003273,45.00002654,1,0,0,0.382971906,212.5495332,0.925,600.0003539,555.0003273,45.00002654,1,0,0,0.382971906,212.5495332,0.925,600.0003539,555.0003273,45.00002654,1,,,0.101,224.2201322,2220.001309,2220.001309,0,68.82004059,0,,,280.0001651,0,120.400071,4,1460.075118,0,0,0,116.2274897
35,1,36,0.07840566,0,0,1460.075118,,,,0,0,1,2500.001474,2500.001474,0,400.0002359,83.00004895,0,,,385.6568527,2500.001474,2400.001415,100.000059,2500.001474,0,1,0,0,0.162380541,134.3283574,0.96,861.7126895,827.244182,34.46850758,1,0,0,0.161813563,132.7325466,0.96,854.4590901,820.2807265,34.1783636,1,0,0,0.15760751,118.5959486,0.96,783.8296948,752.476507,31.35318779,,,,850.1981327,2400.001415,2220.001309,180.0001062,2400.001415,0,1,0,0,0.382971906,212.5495332,0.925,600.0003539,555.0003273,45.00002654,1,0,0,0.382971906,212.5495332,0.925,600.0003539,555.0003273,45.00002654,1,0,0,0.382971906,212.5495332,0.925,600.0003539,555.0003273,45.00002654,1,0,0,0.382971906,212.5495332,0.925,600.0003539,555.0003273,45.00002654,1,,,0.101,224.2201322,2220.001309,2220.001309,0,68.82004059,0,,,280.0001651,0,120.400071,4,1460.075118,0,0,0,114.4781533
36,1,37,0.08359434,0,0,1460.075118,,,,0,0,1,2500.001474,2500.001474,0,400.0002359,83.00004895,0,,,385.6568527,2500.001474,2400.001415,100.000059,2500.001474,0,1,0,0,0.162380541,134.3283574,0.96,861.7126895,827.244182,34.46850758,1,0,0,0.161813563,132.7325466,0.96,854.4590901,820.2807265,34.1783636,1,0,0,0.15760751,118.5959486,0.96,783.8296948,752.476507,31.35318779,,,,850.1981327,2400.001415,2220.001309,180.0001062,2400.001415,0,1,0,0,0.382971906,212.5495332,0.925,600.0003539,555.0003273,45.00002654,1,0,0,0.382971906,212.5495332,0.925,600.0003539,555.0003273,45.00002654,1,0,0,0.382971906,212.5495332,0.925,600.0003539,555.0003273,45.00002654,1,0,0,0.382971906,212.5495332,0.925,600.0003539,555.0003273,45.00002654,1,,,0.101,224.2201322,2220.001309,2220.001309,0,68.82004059,0,,,280.0001651,0,120.400071,4,1460.075118,0,0,0,122.0540158
37,1,38,0.088679245,0,0,1460.075118,,,,0,0,1,2500.001474,2500.001474,0,400.0002359,83.00004895,0,,,385.6568527,2500.001474,2400.001415,100.000059,2500.001474,0,1,0,0,0.162380541,134.3283574,0.96,861.7126895,827.244182,34.46850758,1,0,0,0.161813563,132.7325466,0.96,854.4590901,820.2807265,34.1783636,1,0,0,0.15760751,118.5959486,0.96,783.8296948,752.476507,31.35318779,,,,850.1981327,2400.001415,2220.001309,180.0001062,2400.001415,0,1,0,0,0.382971906,212.5495332,0.925,600.0003539,555.0003273,45.00002654,1,0,0,0.382971906,212.5495332,0.925,600.0003539,555.0003273,45.00002654,1,0,0,0.382971906,212.5495332,0.925,600.0003539,555.0003273,45.00002654,1,0,0,0.382971906,212.5495332,0.925,600.0003539,555.0003273,45.00002654,1,,,0.101,224.2201322,2220.001309,2220.001309,0,68.82004059,0,,,280.0001651,0,120.400071,4,1460.075118,0,0,0,129.4783591
38,1,39,0.09604717,0,0,1460.075118,,,,0,0,1,2500.001474,2500.001474,0,400.0002359,83.00004895,0,,,385.6568527,2500.001474,2400.001415,100.000059,2500.001474,0,1,0,0,0.162380541,134.3283574,0.96,861.7126895,827.244182,34.46850758,1,0,0,0.161813563,132.7325466,0.96,854.4590901,820.2807265,34.1783636,1,0,0,0.15760751,118.5959486,0.96,783.8296948,752.476507,31.35318779,,,,850.1981327,2400.001415,2220.001309,180.0001062,2400.001415,0,1,0,0,0.382971906,212.5495332,0.925,600.0003539,555.0003273,45.00002654,1,0,0,0.382971906,212.5495332,0.925,600.0003539,555.0003273,45.00002654,1,0,0,0.382971906,212.5495332,0.925,600.0003539,555.0003273,45.00002654,1,0,0,0.382971906,212.5495332,0.925,600.0003539,555.0003273,45.00002654,1,,,0.101,224.2201322,2220.001309,2220.001309,0,68.82004059,0,,,280.0001651,0,120.400071,4,1460.075118,0,0,0,140.236083
39,1,40,0.097943396,0,0,1460.074929,,,,0,0,1,2500.001474,2500.001474,0,400.0002359,83.00004895,0,,,385.6568527,2500.001474,2400.001415,100.000059,2500.001474,0,1,0,0,0.162380541,134.3283574,0.96,861.7126895,827.244182,34.46850758,1,0,0,0.161813563,132.7325466,0.96,854.4590901,820.2807265,34.1783636,1,0,0,0.15760751,118.5959486,0.96,783.8296948,752.476507,31.35318779,,,,850.1979437,2400.001415,2220.001309,180.0001062,2400.001415,0,1,0,0,0.382971906,212.5495332,0.925,600.0003539,555.0003273,45.00002654,1,0,0,0.382971906,212.5495332,0.925,600.0003539,555.0003273,45.00002654,1,0,0,0.382971736,212.5494387,0.925,600.0003539,555.0003273,45.00002654,1,0,0,0.382971736,212.5494387,0.925,600.0003539,555.0003273,45.00002654,1,,,0.101,224.2201322,2220.001309,2220.001309,0,68.82004059,0,,,280.0001651,0,120.400071,4,1460.074929,0,0,0,143.0046969
40,1,41,0.115075472,0,0,737.9335631,,,,0,0,1,1250.000737,1250.000737,0,200.000118,41.50002448,0,,,200.7244306,1250.000737,1200.000708,50.00002949,1250.000737,0,1,0,0,0.162380541,134.3283574,0.96,861.7126895,827.244182,34.46850758,1,0,0,0.178121826,66.3960732,0.96,388.2880477,372.7565258,15.53152191,0,0,1,0.271,0,0.96,0,0,0,,,,425.0990664,1200.000708,1110.000655,90.00005308,1200.000708,0,1,0,0,0.382971906,212.5495332,0.925,600.0003539,555.0003273,45.00002654,1,0,0,0.382971906,212.5495332,0.925,600.0003539,555.0003273,45.00002654,0,0,1,0.087248178,0,0.88,0,0,0,0,0,1,0.087248178,0,0.88,0,0,0,1,,,0.101,112.1100661,1110.000655,1110.000655,0,34.41002029,0,,,140.0000826,0,60.2000355,2,737.9335631,0,0,0,84.91805308
41,1,42,3.574311321,1,0,0,,,,0,0,1,0,0,0,0,0,0,,,0,0,0,0,0,0,0,0,1,0.271,0,0.96,0,0,0,0,0,1,0.271,0,0.96,0,0,0,0,0,0,0.271,0,0.96,0,0,0,,,,0,0,0,0,0,0,0,0,1,0.087248178,0,0.88,0,0,0,0,0,1,0.087248178,0,0.88,0,0,0,0,0,0,0.087248178,0,0.88,0,0,0,0,0,0,0.087248178,0,0.88,0,0,0,1,,,0.101,0,0,0,0,0,0,,,0,0,0,0,0,0,0,0,0
42,1,43,4.734849057,1,0,0,,,,0,0,1,0,0,0,0,0,0,,,0,0,0,0,0,0,0,0,0,0.271,0,0.96,0,0,0,0,0,0,0.271,0,0.96,0,0,0,0,0,0,0.271,0,0.96,0,0,0,,,,0,0,0,0,0,0,0,0,0,0.087248178,0,0.88,0,0,0,0,0,0,0.087248178,0,0.88,0,0,0,0,0,0,0.087248178,0,0.88,0,0,0,0,0,0,0.087248178,0,0.88,0,0,0,1,,,0.101,0,0,0,0,0,0,,,0,0,0,0,0,0,0,0,0
43,1,44,2.383122642,1,0,0,,,,0,0,1,0,0,0,0,0,0,,,0,0,0,0,0,0,0,0,0,0.271,0,0.96,0,0,0,0,0,0,0.271,0,0.96,0,0,0,0,0,0,0.271,0,0.96,0,0,0,,,,0,0,0,0,0,0,0,0,0,0.087248178,0,0.88,0,0,0,0,0,0,0.087248178,0,0.88,0,0,0,0,0,0,0.087248178,0,0.88,0,0,0,0,0,0,0.087248178,0,0.88,0,0,0,1,,,0.101,0,0,0,0,0,0,,,0,0,0,0,0,0,0,0,0
44,1,45,0.713028302,1,0,0,,,,0,0,1,0,0,0,0,0,0,,,0,0,0,0,0,0,0,0,0,0.271,0,0.96,0,0,0,0,0,0,0.271,0,0.96,0,0,0,0,0,0,0.271,0,0.96,0,0,0,,,,0,0,0,0,0,0,0,0,0,0.087248178,0,0.88,0,0,0,0,0,0,0.087248178,0,0.88,0,0,0,0,0,0,0.087248178,0,0.88,0,0,0,0,0,0,0.087248178,0,0.88,0,0,0,1,,,0.101,0,0,0,0,0,0,,,0,0,0,0,0,0,0,0,0
45,1,46,0.145283019,1,0,0,,,,0,0,1,0,0,0,0,0,0,,,0,0,0,0,0,0,0,0,0,0.271,0,0.96,0,0,0,0,0,0,0.271,0,0.96,0,0,0,0,0,0,0.271,0,0.96,0,0,0,,,,0,0,0,0,0,0,0,0,0,0.087248178,0,0.88,0,0,0,0,0,0,0.087248178,0,0.88,0,0,0,0,0,0,0.087248178,0,0.88,0,0,0,0,0,0,0.087248178,0,0.88,0,0,0,1,,,0.101,0,0,0,0,0,0,,,0,0,0,0,0,0,0,0,0
46,1,47,0.113698113,0,0,569.5609826,,,,0,0,1,1083.333333,1083.333333,0,173.3333333,35.96666667,0,,,168.217059,1083.333333,1040,43.33333333,1083.333333,0,1,1,0,0.15749582,91.91939977,0.96,607.9486714,583.6307246,24.31794686,1,1,0,0.16718404,76.29765924,0.96,475.3846619,456.3692754,19.01538648,0,0,0,0.271,0,0.96,0,0,0,,,,308.9087236,1040,915.2,124.8,1040,0,1,1,0,0.337531385,154.4543618,0.88,520,457.6,62.4,1,1,0,0.337531385,154.4543618,0.88,520,457.6,62.4,0,0,0,0.087248178,0,0.88,0,0,0,0,0,0,0.087248178,0,0.88,0,0,0,0,,,0.101,92.4352,915.2,0,915.2,28.3712,1,,,1083.333333,0,465.8333333,2,569.5609826,0,0,0,64.75800896
47,1,48,0.109745283,0,0,569.5609826,,,,0,0,1,1083.333333,1083.333333,0,173.3333333,35.96666667,0,,,168.217059,1083.333333,1040,43.33333333,1083.333333,0,1,0,0,0.15749582,91.91939977,0.96,607.9486714,583.6307246,24.31794686,1,0,0,0.16718404,76.29765924,0.96,475.3846619,456.3692754,19.01538648,0,0,0,0.271,0,0.96,0,0,0,,,,308.9087236,1040,915.2,124.8,1040,0,1,0,0,0.337531385,154.4543618,0.88,520,457.6,62.4,1,0,0,0.337531385,154.4543618,0.88,520,457.6,62.4,0,0,0,0.087248178,0,0.88,0,0,0,0,0,0,0.087248178,0,0.88,0,0,0,0,,,0.101,92.4352,915.2,0,915.2,28.3712,1,,,1083.333333,0,465.8333333,2,569.5609826,0,0,0,62.50663122
48,1,49,0.105754717,0,0,1460.028184,,,,0,0,1,2499.409299,2499.409299,0,399.9054878,82.98038872,0,,,386.0427674,2499.409299,2399.432927,99.97637195,2499.409299,0,1,0,0,0.162628078,135.0124199,0.96,864.782635,830.1913296,34.5913054,1,0,0,0.162529733,134.7415151,0.96,863.5696498,829.0268638,34.54278599,1,1,0,0.157101483,116.2888323,0.96,771.057014,740.2147334,30.84228056,,,,849.8226906,2399.432927,2219.432927,180,2399.432927,0,1,0,0,0.382971736,212.5493133,0.925,600,555,45,1,0,0,0.382971736,212.5493133,0.925,600,555,45,1,1,0,0.382971736,212.5493133,0.925,600,555,45,1,1,0,0.382687861,212.1747507,0.924929049,599.4329268,554.4329268,45,1,,,0.101,224.1627256,2219.432927,2219.432927,0,68.80242073,0,,,279.9763719,0,120.3898399,4,1460.028184,0,0,0,154.4048674
49,1,50,0.105566038,0,0,1460.028184,,,,0,0,1,2499.409299,2499.409299,0,399.9054878,82.98038872,0,,,386.0427674,2499.409299,2399.432927,99.97637195,2499.409299,0,1,0,0,0.162628078,135.0124199,0.96,864.782635,830.1913296,34.5913054,1,0,0,0.162529733,134.7415151,0.96,863.5696498,829.0268638,34.54278599,1,0,0,0.157101483,116.2888323,0.96,771.057014,740.2147334,30.84228056,,,,849.8226906,2399.432927,2219.432927,180,2399.432927,0,1,0,0,0.382971736,212.5493133,0.925,600,555,45,1,0,0,0.382971736,212.5493133,0.925,600,555,45,1,0,0,0.382971736,212.5493133,0.925,600,555,45,1,0,0,0.382687861,212.1747507,0.924929049,599.4329268,554.4329268,45,1,,,0.101,224.1627256,2219.432927,2219.432927,0,68.80242073,0,,,279.9763719,0,120.3898399,4,1460.028184,0,0,0,154.1293907
50,1,51,0.106066038,0,0,1460.028184,,,,0,0,1,2499.409299,2499.409299,0,399.9054878,82.98038872,0,,,386.0427674,2499.409299,2399.432927,99.97637195,2499.409299,0,1,0,0,0.162628078,135.0124199,0.96,864.782635,830.1913296,34.5913054,1,0,0,0.162529733,134.7415151,0.96,863.5696498,829.0268638,34.54278599,1,0,0,0.157101483,116.2888323,0.96,771.057014,740.2147334,30.84228056,,,,849.8226906,2399.432927,2219.432927,180,2399.432927,0,1,0,0,0.382971736,212.5493133,0.925,600,555,45,1,0,0,0.382971736,212.5493133,0.925,600,555,45,1,0,0,0.382971736,212.5493133,0.925,600,555,45,1,0,0,0.382687861,212.1747507,0.924929049,599.4329268,554.4329268,45,1,,,0.101,224.1627256,2219.432927,2219.432927,0,68.80242073,0,,,279.9763719,0,120.3898399,4,1460.028184,0,0,0,154.8594048
51,1,52,0.107207547,0,0,1460.028184,,,,0,0,1,2499.409299,2499.409299,0,399.9054878,82.98038872,0,,,386.0427674,2499.409299,2399.432927,99.97637195,2499.409299,0,1,0,0,0.162628078,135.0124199,0.96,864.782635,830.1913296,34.5913054,1,0,0,0.162529733,134.7415151,0.96,863.5696498,829.0268638,34.54278599,1,0,0,0.157101483,116.2888323,0.96,771.057014,740.2147334,30.84228056,,,,849.8226906,2399.432927,2219.432927,180,2399.432927,0,1,0,0,0.382971736,212.5493133,0.925,600,555,45,1,0,0,0.382971736,212.5493133,0.925,600,555,45,1,0,0,0.382971736,212.5493133,0.925,600,555,45,1,0,0,0.382687861,212.1747507,0.924929049,599.4329268,554.4329268,45,1,,,0.101,224.1627256,2219.432927,2219.432927,0,68.80242073,0,,,279.9763719,0,120.3898399,4,1460.028184,0,0,0,156.5260401
52,1,53,0.109981132,0,0,1460.028184,,,,0,0,1,2499.409299,2499.409299,0,399.9054878,82.98038872,0,,,386.0427674,2499.409299,2399.432927,99.97637195,2499.409299,0,1,0,0,0.162628078,135.0124199,0.96,864.782635,830.1913296,34.5913054,1,0,0,0.162529733,134.7415151,0.96,863.5696498,829.0268638,34.54278599,1,0,0,0.157101483,116.2888323,0.96,771.057014,740.2147334,30.84228056,,,,849.8226906,2399.432927,2219.432927,180,2399.432927,0,1,0,0,0.382971736,212.5493133,0.925,600,555,45,1,0,0,0.382971736,212.5493133,0.925,600,555,45,1,0,0,0.382971736,212.5493133,0.925,600,555,45,1,0,0,0.382687861,212.1747507,0.924929049,599.4329268,554.4329268,45,1,,,0.101,224.1627256,2219.432927,2219.432927,0,68.80242073,0,,,279.9763719,0,120.3898399,4,1460.028184,0,0,0,160.5755524
53,1,54,0.115301887,0,0,1460.028184,,,,0,0,1,2499.409299,2499.409299,0,399.9054878,82.98038872,0,,,386.0427674,2499.409299,2399.432927,99.97637195,2499.409299,0,1,0,0,0.162628078,135.0124199,0.96,864.782635,830.1913296,34.5913054,1,0,0,0.162529733,134.7415151,0.96,863.5696498,829.0268638,34.54278599,1,0,0,0.157101483,116.2888323,0.96,771.057014,740.2147334,30.84228056,,,,849.8226906,2399.432927,2219.432927,180,2399.432927,0,1,0,0,0.382971736,212.5493133,0.925,600,555,45,1,0,0,0.382971736,212.5493133,0.925,600,555,45,1,0,0,0.382971736,212.5493133,0.925,600,555,45,1,0,0,0.382687861,212.1747507,0.924929049,599.4329268,554.4329268,45,1,,,0.101,224.1627256,2219.432927,2219.432927,0,68.80242073,0,,,279.9763719,0,120.3898399,4,1460.028184,0,0,0,168.3440046
54,1,55,0.104735849,0,0,1460.028184,,,,0,0,1,2499.409299,2499.409299,0,399.9054878,82.98038872,0,,,386.0427674,2499.409299,2399.432927,99.97637195,2499.409299,0,1,0,0,0.162628078,135.0124199,0.96,864.782635,830.1913296,34.5913054,1,0,0,0.162529733,134.7415151,0.96,863.5696498,829.0268638,34.54278599,1,0,0,0.157101483,116.2888323,0.96,771.057014,740.2147334,30.84228056,,,,849.8226906,2399.432927,2219.432927,180,2399.432927,0,1,0,0,0.382971736,212.5493133,0.925,600,555,45,1,0,0,0.382971736,212.5493133,0.925,600,555,45,1,0,0,0.382971736,212.5493133,0.925,600,555,45,1,0,0,0.382687861,212.1747507,0.924929049,599.4329268,554.4329268,45,1,,,0.101,224.1627256,2219.432927,2219.432927,0,68.80242073,0,,,279.9763719,0,120.3898399,4,1460.028184,0,0,0,152.9172914
55,1,56,0.098216981,0,0,1460.028184,,,,0,0,1,2499.409299,2499.409299,0,399.9054878,82.98038872,0,,,386.0427674,2499.409299,2399.432927,99.97637195,2499.409299,0,1,0,0,0.162628078,135.0124199,0.96,864.782635,830.1913296,34.5913054,1,0,0,0.162529733,134.7415151,0.96,863.5696498,829.0268638,34.54278599,1,0,0,0.157101483,116.2888323,0.96,771.057014,740.2147334,30.84228056,,,,849.8226906,2399.432927,2219.432927,180,2399.432927,0,1,0,0,0.382971736,212.5493133,0.925,600,555,45,1,0,0,0.382971736,212.5493133,0.925,600,555,45,1,0,0,0.382971736,212.5493133,0.925,600,555,45,1,0,0,0.382687861,212.1747507,0.924929049,599.4329268,554.4329268,45,1,,,0.101,224.1627256,2219.432927,2219.432927,0,68.80242073,0,,,279.9763719,0,120.3898399,4,1460.028184,0,0,0,143.3995604
56,1,57,0.091320755,0,0,1460.028184,,,,0,0,1,2499.409299,2499.409299,0,399.9054878,82.98038872,0,,,386.0427674,2499.409299,2399.432927,99.97637195,2499.409299,0,1,0,0,0.162628078,135.0124199,0.96,864.782635,830.1913296,34.5913054,1,0,0,0.162529733,134.7415151,0.96,863.5696498,829.0268638,34.54278599,1,0,0,0.157101483,116.2888323,0.96,771.057014,740.2147334,30.84228056,,,,849.8226906,2399.432927,2219.432927,180,2399.432927,0,1,0,0,0.382971736,212.5493133,0.925,600,555,45,1,0,0,0.382971736,212.5493133,0.925,600,555,45,1,0,0,0.382971736,212.5493133,0.925,600,555,45,1,0,0,0.382687861,212.1747507,0.924929049,599.4329268,554.4329268,45,1,,,0.101,224.1627256,2219.432927,2219.432927,0,68.80242073,0,,,279.9763719,0,120.3898399,4,1460.028184,0,0,0,133.330876
57,1,58,0.081169811,0,0,1460.028184,,,,0,0,1,2499.409299,2499.409299,0,399.9054878,82.98038872,0,,,386.0427674,2499.409299,2399.432927,99.97637195,2499.409299,0,1,0,0,0.162628078,135.0124199,0.96,864.782635,830.1913296,34.5913054,1,0,0,0.162529733,134.7415151,0.96,863.5696498,829.0268638,34.54278599,1,0,0,0.157101483,116.2888323,0.96,771.057014,740.2147334,30.84228056,,,,849.8226906,2399.432927,2219.432927,180,2399.432927,0,1,0,0,0.382971736,212.5493133,0.925,600,555,45,1,0,0,0.382971736,212.5493133,0.925,600,555,45,1,0,0,0.382971736,212.5493133,0.925,600,555,45,1,0,0,0.382687861,212.1747507,0.924929049,599.4329268,554.4329268,45,1,,,0.101,224.1627256,2219.432927,2219.432927,0,68.80242073,0,,,279.9763719,0,120.3898399,4,1460.028184,0,0,0,118.5102117
58,1,59,0.079603774,0,0,1460.028184,,,,0,0,1,2499.409299,2499.409299,0,399.9054878,82.98038872,0,,,386.0427674,2499.409299,2399.432927,99.97637195,2499.409299,0,1,0,0,0.162628078,135.0124199,0.96,864.782635,830.1913296,34.5913054,1,0,0,0.162529733,134.7415151,0.96,863.5696498,829.0268638,34.54278599,1,0,0,0.157101483,116.2888323,0.96,771.057014,740.2147334,30.84228056,,,,849.8226906,2399.432927,2219.432927,180,2399.432927,0,1,0,0,0.382971736,212.5493133,0.925,600,555,45,1,0,0,0.382971736,212.5493133,0.925,600,555,45,1,0,0,0.382971736,212.5493133,0.925,600,555,45,1,0,0,0.382687861,212.1747507,0.924929049,599.4329268,554.4329268,45,1,,,0.101,224.1627256,2219.432927,2219.432927,0,68.80242073,0,,,279.9763719,0,120.3898399,4,1460.028184,0,0,0,116.2237536
59,1,60,0.07840566,0,0,1460.028184,,,,0,0,1,2499.409299,2499.409299,0,399.9054878,82.98038872,0,,,386.0427674,2499.409299,2399.432927,99.97637195,2499.409299,0,1,0,0,0.162628078,135.0124199,0.96,864.782635,830.1913296,34.5913054,1,0,0,0.162529733,134.7415151,0.96,863.5696498,829.0268638,34.54278599,1,0,0,0.157101483,116.2888323,0.96,771.057014,740.2147334,30.84228056,,,,849.8226906,2399.432927,2219.432927,180,2399.432927,0,1,0,0,0.382971736,212.5493133,0.925,600,555,45,1,0,0,0.382971736,212.5493133,0.925,600,555,45,1,0,0,0.382971736,212.5493133,0.925,600,555,45,1,0,0,0.382687861,212.1747507,0.924929049,599.4329268,554.4329268,45,1,,,0.101,224.1627256,2219.432927,2219.432927,0,68.80242073,0,,,279.9763719,0,120.3898399,4,1460.028184,0,0,0,114.4744733
60,1,61,0.08359434,0,0,1460.028184,,,,0,0,1,2499.409299,2499.409299,0,399.9054878,82.98038872,0,,,386.0427674,2499.409299,2399.432927,99.97637195,2499.409299,0,1,0,0,0.162628078,135.0124199,0.96,864.782635,830.1913296,34.5913054,1,0,0,0.162529733,134.7415151,0.96,863.5696498,829.0268638,34.54278599,1,0,0,0.157101483,116.2888323,0.96,771.057014,740.2147334,30.84228056,,,,849.8226906,2399.432927,2219.432927,180,2399.432927,0,1,0,0,0.382971736,212.5493133,0.925,600,555,45,1,0,0,0.382971736,212.5493133,0.925,600,555,45,1,0,0,0.382971736,212.5493133,0.925,600,555,45,1,0,0,0.382687861,212.1747507,0.924929049,599.4329268,554.4329268,45,1,,,0.101,224.1627256,2219.432927,2219.432927,0,68.80242073,0,,,279.9763719,0,120.3898399,4,1460.028184,0,0,0,122.0500924
61,1,62,0.088679245,0,0,1460.028184,,,,0,0,1,2499.409299,2499.409299,0,399.9054878,82.98038872,0,,,386.0427674,2499.409299,2399.432927,99.97637195,2499.409299,0,1,0,0,0.162628078,135.0124199,0.96,864.782635,830.1913296,34.5913054,1,0,0,0.162529733,134.7415151,0.96,863.5696498,829.0268638,34.54278599,1,0,0,0.157101483,116.2888323,0.96,771.057014,740.2147334,30.84228056,,,,849.8226906,2399.432927,2219.432927,180,2399.432927,0,1,0,0,0.382971736,212.5493133,0.925,600,555,45,1,0,0,0.382971736,212.5493133,0.925,600,555,45,1,0,0,0.382971736,212.5493133,0.925,600,555,45,1,0,0,0.382687861,212.1747507,0.924929049,599.4329268,554.4329268,45,1,,,0.101,224.1627256,2219.432927,2219.432927,0,68.80242073,0,,,279.9763719,0,120.3898399,4,1460.028184,0,0,0,129.474197
62,1,63,0.09604717,0,0,1460.028184,,,,0,0,1,2499.409299,2499.409299,0,399.9054878,82.98038872,0,,,386.0427674,2499.409299,2399.432927,99.97637195,2499.409299,0,1,0,0,0.162628078,135.0124199,0.96,864.782635,830.1913296,34.5913054,1,0,0,0.162529733,134.7415151,0.96,863.5696498,829.0268638,34.54278599,1,0,0,0.157101483,116.2888323,0.96,771.057014,740.2147334,30.84228056,,,,849.8226906,2399.432927,2219.432927,180,2399.432927,0,1,0,0,0.382971736,212.5493133,0.925,600,555,45,1,0,0,0.382971736,212.5493133,0.925,600,555,45,1,0,0,0.382971736,212.5493133,0.925,600,555,45,1,0,0,0.382687861,212.1747507,0.924929049,599.4329268,554.4329268,45,1,,,0.101,224.1627256,2219.432927,2219.432927,0,68.80242073,0,,,279.9763719,0,120.3898399,4,1460.028184,0,0,0,140.2315751
63,1,64,0.097943396,0,0,1460.028184,,,,0,0,1,2499.409299,2499.409299,0,399.9054878,82.98038872,0,,,386.0427674,2499.409299,2399.432927,99.97637195,2499.409299,0,1,0,0,0.162628078,135.0124199,0.96,864.782635,830.1913296,34.5913054,1,0,0,0.162529733,134.7415151,0.96,863.5696498,829.0268638,34.54278599,1,0,0,0.157101483,116.2888323,0.96,771.057014,740.2147334,30.84228056,,,,849.8226906,2399.432927,2219.432927,180,2399.432927,0,1,0,0,0.382971736,212.5493133,0.925,600,555,45,1,0,0,0.382971736,212.5493133,0.925,600,555,45,1,0,0,0.382971736,212.5493133,0.925,600,555,45,1,0,0,0.382687861,212.1747507,0.924929049,599.4329268,554.4329268,45,1,,,0.101,224.1627256,2219.432927,2219.432927,0,68.80242073,0,,,279.9763719,0,120.3898399,4,1460.028184,0,0,0,143.0001186
64,1,65,0.115075472,0,0,738.2591205,,,,0,0,1,1250,1250,0,200,41.5,0,,,201.050494,1250,1200,50,1250,0,1,0,0,0.162628078,135.0124199,0.96,864.782635,830.1913296,34.5913054,1,0,0,0.178573623,66.03807402,0.96,385.217365,369.8086704,15.4086946,0,0,1,0.271,0,0.96,0,0,0,,,,425.0986266,1200,1110,90,1200,0,1,0,0,0.382971736,212.5493133,0.925,600,555,45,1,0,0,0.382971736,212.5493133,0.925,600,555,45,0,0,1,0.087248178,0,0.88,0,0,0,0,0,1,0.087248178,0,0.88,0,0,0,1,,,0.101,112.11,1110,1110,0,34.41,0,,,140,0,60.2,2,738.2591205,0,0,0,84.95551676
65,1,66,3.574311321,1,0,0,,,,0,0,1,0,0,0,0,0,0,,,0,0,0,0,0,0,0,0,1,0.271,0,0.96,0,0,0,0,0,1,0.271,0,0.96,0,0,0,0,0,0,0.271,0,0.96,0,0,0,,,,0,0,0,0,0,0,0,0,1,0.087248178,0,0.88,0,0,0,0,0,1,0.087248178,0,0.88,0,0,0,0,0,0,0.087248178,0,0.88,0,0,0,0,0,0,0.087248178,0,0.88,0,0,0,1,,,0.101,0,0,0,0,0,0,,,0,0,0,0,0,0,0,0,0
66,1,67,4.734849057,1,0,0,,,,0,0,1,0,0,0,0,0,0,,,0,0,0,0,0,0,0,0,0,0.271,0,0.96,0,0,0,0,0,0,0.271,0,0.96,0,0,0,0,0,0,0.271,0,0.96,0,0,0,,,,0,0,0,0,0,0,0,0,0,0.087248178,0,0.88,0,0,0,0,0,0,0.087248178,0,0.88,0,0,0,0,0,0,0.087248178,0,0.88,0,0,0,0,0,0,0.087248178,0,0.88,0,0,0,1,,,0.101,0,0,0,0,0,0,,,0,0,0,0,0,0,0,0,0
67,1,68,2.383122642,1,0,0,,,,0,0,1,0,0,0,0,0,0,,,0,0,0,0,0,0,0,0,0,0.271,0,0.96,0,0,0,0,0,0,0.271,0,0.96,0,0,0,0,0,0,0.271,0,0.96,0,0,0,,,,0,0,0,0,0,0,0,0,0,0.087248178,0,0.88,0,0,0,0,0,0,0.087248178,0,0.88,0,0,0,0,0,0,0.087248178,0,0.88,0,0,0,0,0,0,0.087248178,0,0.88,0,0,0,1,,,0.101,0,0,0,0,0,0,,,0,0,0,0,0,0,0,0,0
68,1,69,0.713028302,1,0,0,,,,0,0,1,0,0,0,0,0,0,,,0,0,0,0,0,0,0,0,0,0.271,0,0.96,0,0,0,0,0,0,0.271,0,0.96,0,0,0,0,0,0,0.271,0,0.96,0,0,0,,,,0,0,0,0,0,0,0,0,0,0.087248178,0,0.88,0,0,0,0,0,0,0.087248178,0,0.88,0,0,0,0,0,0,0.087248178,0,0.88,0,0,0,0,0,0,0.087248178,0,0.88,0,0,0,1,,,0.101,0,0,0,0,0,0,,,0,0,0,0,0,0,0,0,0
69,1,70,0.145283019,1,0,0,,,,0,0,1,0,0,0,0,0,0,,,0,0,0,0,0,0,0,0,0,0.271,0,0.96,0,0,0,0,0,0,0.271,0,0.96,0,0,0,0,0,0,0.271,0,0.96,0,0,0,,,,0,0,0,0,0,0,0,0,0,0.087248178,0,0.88,0,0,0,0,0,0,0.087248178,0,0.88,0,0,0,0,0,0,0.087248178,0,0.88,0,0,0,0,0,0,0.087248178,0,0.88,0,0,0,1,,,0.101,0,0,0,0,0,0,,,0,0,0,0,0,0,0,0,0
70,1,71,0.113698113,0,0,569.0854474,,,,0,0,1,1083.333333,1083.333333,0,173.3333333,35.96666667,0,,,167.7415239,1083.333333,1040,43.33333333,1083.333333,0,1,1,0,0.161282591,83.88250225,0.96,541.7671316,520.0964463,21.67068526,1,1,0,0.161297266,83.8590216,0.96,541.5662018,519.9035537,21.66264807,0,0,0,0.271,0,0.96,0,0,0,,,,308.9087236,1040,915.2,124.8,1040,0,1,1,0,0.337531385,154.4543618,0.88,520,457.6,62.4,1,1,0,0.337531385,154.4543618,0.88,520,457.6,62.4,0,0,0,0.087248178,0,0.88,0,0,0,0,0,0,0.087248178,0,0.88,0,0,0,0,,,0.101,92.4352,915.2,0,915.2,28.3712,1,,,1083.333333,0,465.8333333,2,569.0854474,0,0,0,64.70394151
71,1,72,0.109745283,0,0,569.0854474,,,,0,0,1,1083.333333,1083.333333,0,173.3333333,35.96666667,0,,,167.7415239,1083.333333,1040,43.33333333,1083.333333,0,1,0,0,0.161282591,83.88250225,0.96,541.7671316,520.0964463,21.67068526,1,0,0,0.161297266,83.8590216,0.96,541.5662018,519.9035537,21.66264807,0,0,0,0.271,0,0.96,0,0,0,,,,308.9087236,1040,915.2,124.8,1040,0,1,0,0,0.337531385,154.4543618,0.88,520,457.6,62.4,1,0,0,0.337531385,154.4543618,0.88,520,457.6,62.4,0,0,0,0.087248178,0,0.88,0,0,0,0,0,0,0.087248178,0,0.88,0,0,0,0,,,0.101,92.4352,915.2,0,915.2,28.3712,1,,,1083.333333,0,465.8333333,2,569.0854474,0,0,0,62.45444348
72,1,73,0.105754717,0,0,1459.723431,,,,0,0,1,2500,2500,0,400,83,0,,,385.3061778,2500,2400,100,2500,0,1,0,0,0.161813546,132.7325,0.96,854.4588759,820.2805209,34.17835504,1,0,0,0.161567921,132.0274486,0.96,851.2122427,817.163753,34.04848971,1,1,0,0.158081862,120.5462292,0.96,794.3288813,762.5557261,31.77315525,,,,850.1972532,2400,2220,180,2400,0,1,0,0,0.382971736,212.5493133,0.925,600,555,45,1,0,0,0.382971736,212.5493133,0.925,600,555,45,1,1,0,0.382971736,212.5493133,0.925,600,555,45,1,1,0,0.382971736,212.5493133,0.925,600,555,45,1,,,0.101,224.22,2220,2220,0,68.82,0,,,280,0,120.4,4,1459.723431,0,0,0,154.3726383
73,1,74,0.105566038,0,0,1459.723431,,,,0,0,1,2500,2500,0,400,83,0,,,385.3061778,2500,2400,100,2500,0,1,0,0,0.161813546,132.7325,0.96,854.4588759,820.2805209,34.17835504,1,0,0,0.161567921,132.0274486,0.96,851.2122427,817.163753,34.04848971,1,0,0,0.158081862,120.5462292,0.96,794.3288813,762.5557261,31.77315525,,,,850.1972532,2400,2220,180,2400,0,1,0,0,0.382971736,212.5493133,0.925,600,555,45,1,0,0,0.382971736,212.5493133,0.925,600,555,45,1,0,0,0.382971736,212.5493133,0.925,600,555,45,1,0,0,0.382971736,212.5493133,0.925,600,555,45,1,,,0.101,224.22,2220,2220,0,68.82,0,,,280,0,120.4,4,1459.723431,0,0,0,154.0972192
74,1,75,0.106066038,0,0,1459.723431,,,,0,0,1,2500,2500,0,400,83,0,,,385.3061778,2500,2400,100,2500,0,1,0,0,0.161813546,132.7325,0.96,854.4588759,820.2805209,34.17835504,1,0,0,0.161567921,132.0274486,0.96,851.2122427,817.163753,34.04848971,1,0,0,0.158081862,120.5462292,0.96,794.3288813,762.5557261,31.77315525,,,,850.1972532,2400,2220,180,2400,0,1,0,0,0.382971736,212.5493133,0.925,600,555,45,1,0,0,0.382971736,212.5493133,0.925,600,555,45,1,0,0,0.382971736,212.5493133,0.925,600,555,45,1,0,0,0.382971736,212.5493133,0.925,600,555,45,1,,,0.101,224.22,2220,2220,0,68.82,0,,,280,0,120.4,4,1459.723431,0,0,0,154.8270809
75,1,76,0.107207547,0,0,1459.723431,,,,0,0,1,2500,2500,0,400,83,0,,,385.3061778,2500,2400,100,2500,0,1,0,0,0.161813546,132.7325,0.96,854.4588759,820.2805209,34.17835504,1,0,0,0.161567921,132.0274486,0.96,851.2122427,817.163753,34.04848971,1,0,0,0.158081862,120.5462292,0.96,794.3288813,762.5557261,31.77315525,,,,850.1972532,2400,2220,180,2400,0,1,0,0,0.382971736,212.5493133,0.925,600,555,45,1,0,0,0.382971736,212.5493133,0.925,600,555,45,1,0,0,0.382971736,212.5493133,0.925,600,555,45,1,0,0,0.382971736,212.5493133,0.925,600,555,45,1,,,0.101,224.22,2220,2220,0,68.82,0,,,280,0,120.4,4,1459.723431,0,0,0,156.4933683
76,1,77,0.109981132,0,0,1459.723431,,,,0,0,1,2500,2500,0,400,83,0,,,385.3061778,2500,2400,100,2500,0,1,0,0,0.161813546,132.7325,0.96,854.4588759,820.2805209,34.17835504,1,0,0,0.161567921,132.0274486,0.96,851.2122427,817.163753,34.04848971,1,0,0,0.158081862,120.5462292,0.96,794.3288813,762.5557261,31.77315525,,,,850.1972532,2400,2220,180,2400,0,1,0,0,0.382971736,212.5493133,0.925,600,555,45,1,0,0,0.382971736,212.5493133,0.925,600,555,45,1,0,0,0.382971736,212.5493133,0.925,600,555,45,1,0,0,0.382971736,212.5493133,0.925,600,555,45,1,,,0.101,224.22,2220,2220,0,68.82,0,,,280,0,120.4,4,1459.723431,0,0,0,160.5420353
77,1,78,0.115301887,0,0,1459.723431,,,,0,0,1,2500,2500,0,400,83,0,,,385.3061778,2500,2400,100,2500,0,1,0,0,0.161813546,132.7325,0.96,854.4588759,820.2805209,34.17835504,1,0,0,0.161567921,132.0274486,0.96,851.2122427,817.163753,34.04848971,1,0,0,0.158081862,120.5462292,0.96,794.3288813,762.5557261,31.77315525,,,,850.1972532,2400,2220,180,2400,0,1,0,0,0.382971736,212.5493133,0.925,600,555,45,1,0,0,0.382971736,212.5493133,0.925,600,555,45,1,0,0,0.382971736,212.5493133,0.925,600,555,45,1,0,0,0.382971736,212.5493133,0.925,600,555,45,1,,,0.101,224.22,2220,2220,0,68.82,0,,,280,0,120.4,4,1459.723431,0,0,0,168.3088661
78,1,79,0.104735849,0,0,1459.723431,,,,0,0,1,2500,2500,0,400,83,0,,,385.3061778,2500,2400,100,2500,0,1,0,0,0.161813546,132.7325,0.96,854.4588759,820.2805209,34.17835504,1,0,0,0.161567921,132.0274486,0.96,851.2122427,817.163753,34.04848971,1,0,0,0.158081862,120.5462292,0.96,794.3288813,762.5557261,31.77315525,,,,850.1972532,2400,2220,180,2400,0,1,0,0,0.382971736,212.5493133,0.925,600,555,45,1,0,0,0.382971736,212.5493133,0.925,600,555,45,1,0,0,0.382971736,212.5493133,0.925,600,555,45,1,0,0,0.382971736,212.5493133,0.925,600,555,45,1,,,0.101,224.22,2220,2220,0,68.82,0,,,280,0,120.4,4,1459.723431,0,0,0,152.8853728
79,1,80,0.098216981,0,0,1459.723431,,,,0,0,1,2500,2500,0,400,83,0,,,385.3061778,2500,2400,100,2500,0,1,0,0,0.161813546,132.7325,0.96,854.4588759,820.2805209,34.17835504,1,0,0,0.161567921,132.0274486,0.96,851.2122427,817.163753,34.04848971,1,0,0,0.158081862,120.5462292,0.96,794.3288813,762.5557261,31.77315525,,,,850.1972532,2400,2220,180,2400,0,1,0,0,0.382971736,212.5493133,0.925,600,555,45,1,0,0,0.382971736,212.5493133,0.925,600,555,45,1,0,0,0.382971736,212.5493133,0.925,600,555,45,1,0,0,0.382971736,212.5493133,0.925,600,555,45,1,,,0.101,224.22,2220,2220,0,68.82,0,,,280,0,120.4,4,1459.723431,0,0,0,143.3696285
80,1,81,0.091320755,0,0,1459.723431,,,,0,0,1,2500,2500,0,400,83,0,,,385.3061778,2500,2400,100,2500,0,1,0,0,0.161813546,132.7325,0.96,854.4588759,820.2805209,34.17835504,1,0,0,0.161567921,132.0274486,0.96,851.2122427,817.163753,34.04848971,1,0,0,0.158081862,120.5462292,0.96,794.3288813,762.5557261,31.77315525,,,,850.1972532,2400,2220,180,2400,0,1,0,0,0.382971736,212.5493133,0.925,600,555,45,1,0,0,0.382971736,212.5493133,0.925,600,555,45,1,0,0,0.382971736,212.5493133,0.925,600,555,45,1,0,0,0.382971736,212.5493133,0.925,600,555,45,1,,,0.101,224.22,2220,2220,0,68.82,0,,,280,0,120.4,4,1459.723431,0,0,0,133.3030458
81,1,82,0.081169811,0,0,1459.723431,,,,0,0,1,2500,2500,0,400,83,0,,,385.3061778,2500,2400,100,2500,0,1,0,0,0.161813546,132.7325,0.96,854.4588759,820.2805209,34.17835504,1,0,0,0.161567921,132.0274486,0.96,851.2122427,817.163753,34.04848971,1,0,0,0.158081862,120.5462292,0.96,794.3288813,762.5557261,31.77315525,,,,850.1972532,2400,2220,180,2400,0,1,0,0,0.382971736,212.5493133,0.925,600,555,45,1,0,0,0.382971736,212.5493133,0.925,600,555,45,1,0,0,0.382971736,212.5493133,0.925,600,555,45,1,0,0,0.382971736,212.5493133,0.925,600,555,45,1,,,0.101,224.22,2220,2220,0,68.82,0,,,280,0,120.4,4,1459.723431,0,0,0,118.485475
82,1,83,0.079603774,0,0,1459.723431,,,,0,0,1,2500,2500,0,400,83,0,,,385.3061778,2500,2400,100,2500,0,1,0,0,0.161813546,132.7325,0.96,854.4588759,820.2805209,34.17835504,1,0,0,0.161567921,132.0274486,0.96,851.2122427,817.163753,34.04848971,1,0,0,0.158081862,120.5462292,0.96,794.3288813,762.5557261,31.77315525,,,,850.1972532,2400,2220,180,2400,0,1,0,0,0.382971736,212.5493133,0.925,600,555,45,1,0,0,0.382971736,212.5493133,0.925,600,555,45,1,0,0,0.382971736,212.5493133,0.925,600,555,45,1,0,0,0.382971736,212.5493133,0.925,600,555,45,1,,,0.101,224.22,2220,2220,0,68.82,0,,,280,0,120.4,4,1459.723431,0,0,0,116.1994941
83,1,84,0.07840566,0,0,1459.723431,,,,0,0,1,2500,2500,0,400,83,0,,,385.3061778,2500,2400,100,2500,0,1,0,0,0.161813546,132.7325,0.96,854.4588759,820.2805209,34.17835504,1,0,0,0.161567921,132.0274486,0.96,851.2122427,817.163753,34.04848971,1,0,0,0.158081862,120.5462292,0.96,794.3288813,762.5557261,31.77315525,,,,850.1972532,2400,2220,180,2400,0,1,0,0,0.382971736,212.5493133,0.925,600,555,45,1,0,0,0.382971736,212.5493133,0.925,600,555,45,1,0,0,0.382971736,212.5493133,0.925,600,555,45,1,0,0,0.382971736,212.5493133,0.925,600,555,45,1,,,0.101,224.22,2220,2220,0,68.82,0,,,280,0,120.4,4,1459.723431,0,0,0,114.450579
84,1,85,0.08359434,0,0,1459.723431,,,,0,0,1,2500,2500,0,400,83,0,,,385.3061778,2500,2400,100,2500,0,1,0,0,0.161813546,132.7325,0.96,854.4588759,820.2805209,34.17835504,1,0,0,0.161567921,132.0274486,0.96,851.2122427,817.163753,34.04848971,1,0,0,0.158081862,120.5462292,0.96,794.3288813,762.5557261,31.77315525,,,,850.1972532,2400,2220,180,2400,0,1,0,0,0.382971736,212.5493133,0.925,600,555,45,1,0,0,0.382971736,212.5493133,0.925,600,555,45,1,0,0,0.382971736,212.5493133,0.925,600,555,45,1,0,0,0.382971736,212.5493133,0.925,600,555,45,1,,,0.101,224.22,2220,2220,0,68.82,0,,,280,0,120.4,4,1459.723431,0,0,0,122.0246168
85,1,86,0.088679245,0,0,1459.723431,,,,0,0,1,2500,2500,0,400,83,0,,,385.3061778,2500,2400,100,2500,0,1,0,0,0.161813546,132.7325,0.96,854.4588759,820.2805209,34.17835504,1,0,0,0.161567921,132.0274486,0.96,851.2122427,817.163753,34.04848971,1,0,0,0.158081862,120.5462292,0.96,794.3288813,762.5557261,31.77315525,,,,850.1972532,2400,2220,180,2400,0,1,0,0,0.382971736,212.5493133,0.925,600,555,45,1,0,0,0.382971736,212.5493133,0.925,600,555,45,1,0,0,0.382971736,212.5493133,0.925,600,555,45,1,0,0,0.382971736,212.5493133,0.925,600,555,45,1,,,0.101,224.22,2220,2220,0,68.82,0,,,280,0,120.4,4,1459.723431,0,0,0,129.4471718
86,1,87,0.09604717,0,0,1459.723431,,,,0,0,1,2500,2500,0,400,83,0,,,385.3061778,2500,2400,100,2500,0,1,0,0,0.161813546,132.7325,0.96,854.4588759,820.2805209,34.17835504,1,0,0,0.161567921,132.0274486,0.96,851.2122427,817.163753,34.04848971,1,0,0,0.158081862,120.5462292,0.96,794.3288813,762.5557261,31.77315525,,,,850.1972532,2400,2220,180,2400,0,1,0,0,0.382971736,212.5493133,0.925,600,555,45,1,0,0,0.382971736,212.5493133,0.925,600,555,45,1,0,0,0.382971736,212.5493133,0.925,600,555,45,1,0,0,0.382971736,212.5493133,0.925,600,555,45,1,,,0.101,224.22,2220,2220,0,68.82,0,,,280,0,120.4,4,1459.723431,0,0,0,140.2023045
87,1,88,0.097943396,0,0,1459.723431,,,,0,0,1,2500,2500,0,400,83,0,,,385.3061778,2500,2400,100,2500,0,1,0,0,0.161813546,132.7325,0.96,854.4588759,820.2805209,34.17835504,1,0,0,0.161567921,132.0274486,0.96,851.2122427,817.163753,34.04848971,1,0,0,0.158081862,120.5462292,0.96,794.3288813,762.5557261,31.77315525,,,,850.1972532,2400,2220,180,2400,0,1,0,0,0.382971736,212.5493133,0.925,600,555,45,1,0,0,0.382971736,212.5493133,0.925,600,555,45,1,0,0,0.382971736,212.5493133,0.925,600,555,45,1,0,0,0.382971736,212.5493133,0.925,600,555,45,1,,,0.101,224.22,2220,2220,0,68.82,0,,,280,0,120.4,4,1459.723431,0,0,0,142.97027
88,1,89,0.115075472,0,0,737.1790273,,,,0,0,1,1250,1250,0,200,41.5,0,,,199.9704007,1250,1200,50,1250,0,1,0,0,0.161813546,132.7325,0.96,854.4588759,820.2805209,34.17835504,1,0,0,0.177072561,67.23790079,0.96,395.5411241,379.7194791,15.82164496,0,0,1,0.271,0,0.96,0,0,0,,,,425.0986266,1200,1110,90,1200,0,1,0,0,0.382971736,212.5493133,0.925,600,555,45,1,0,0,0.382971736,212.5493133,0.925,600,555,45,0,0,1,0.087248178,0,0.88,0,0,0,0,0,1,0.087248178,0,0.88,0,0,0,1,,,0.101,112.11,1110,1110,0,34.41,0,,,140,0,60.2,2,737.1790273,0,0,0,84.83122452
89,1,90,3.574311321,1,0,0,,,,0,0,1,0,0,0,0,0,0,,,0,0,0,0,0,0,0,0,1,0.271,0,0.96,0,0,0,0,0,1,0.271,0,0.96,0,0,0,0,0,0,0.271,0,0.96,0,0,0,,,,0,0,0,0,0,0,0,0,1,0.087248178,0,0.88,0,0,0,0,0,1,0.087248178,0,0.88,0,0,0,0,0,0,0.087248178,0,0.88,0,0,0,0,0,0,0.087248178,0,0.88,0,0,0,1,,,0.101,0,0,0,0,0,0,,,0,0,0,0,0,0,0,0,0
90,1,91,4.734849057,1,0,0,,,,0,0,1,0,0,0,0,0,0,,,0,0,0,0,0,0,0,0,0,0.271,0,0.96,0,0,0,0,0,0,0.271,0,0.96,0,0,0,0,0,0,0.271,0,0.96,0,0,0,,,,0,0,0,0,0,0,0,0,0,0.087248178,0,0.88,0,0,0,0,0,0,0.087248178,0,0.88,0,0,0,0,0,0,0.087248178,0,0.88,0,0,0,0,0,0,0.087248178,0,0.88,0,0,0,1,,,0.101,0,0,0,0,0,0,,,0,0,0,0,0,0,0,0,0
91,1,92,2.383122642,1,0,0,,,,0,0,1,0,0,0,0,0,0,,,0,0,0,0,0,0,0,0,0,0.271,0,0.96,0,0,0,0,0,0,0.271,0,0.96,0,0,0,0,0,0,0.271,0,0.96,0,0,0,,,,0,0,0,0,0,0,0,0,0,0.087248178,0,0.88,0,0,0,0,0,0,0.087248178,0,0.88,0,0,0,0,0,0,0.087248178,0,0.88,0,0,0,0,0,0,0.087248178,0,0.88,0,0,0,1,,,0.101,0,0,0,0,0,0,,,0,0,0,0,0,0,0,0,0
92,1,93,0.713028302,1,0,0,,,,0,0,1,0,0,0,0,0,0,,,0,0,0,0,0,0,0,0,0,0.271,0,0.96,0,0,0,0,0,0,0.271,0,0.96,0,0,0,0,0,0,0.271,0,0.96,0,0,0,,,,0,0,0,0,0,0,0,0,0,0.087248178,0,0.88,0,0,0,0,0,0,0.087248178,0,0.88,0,0,0,0,0,0,0.087248178,0,0.88,0,0,0,0,0,0,0.087248178,0,0.88,0,0,0,1,,,0.101,0,0,0,0,0,0,,,0,0,0,0,0,0,0,0,0
93,1,94,0.145283019,1,0,0,,,,0,0,1,0,0,0,0,0,0,,,0,0,0,0,0,0,0,0,0,0.271,0,0.96,0,0,0,0,0,0,0.271,0,0.96,0,0,0,0,0,0,0.271,0,0.96,0,0,0,,,,0,0,0,0,0,0,0,0,0,0.087248178,0,0.88,0,0,0,0,0,0,0.087248178,0,0.88,0,0,0,0,0,0,0.087248178,0,0.88,0,0,0,0,0,0,0.087248178,0,0.88,0,0,0,1,,,0.101,0,0,0,0,0,0,,,0,0,0,0,0,0,0,0,0
94,1,95,0.113698113,0,0,569.0854531,,,,0,0,1,1083.333333,1083.333333,0,173.3333333,35.96666667,0,,,167.7415295,1083.333333,1040,43.33333333,1083.333333,0,1,1,0,0.161280587,83.88570743,0.96,541.794562,520.1227795,21.67178248,1,1,0,0.161299281,83.85582212,0.96,541.5387713,519.8772205,21.66155085,0,0,0,0.271,0,0.96,0,0,0,,,,308.9087236,1040,915.2,124.8,1040,0,1,1,0,0.337531385,154.4543618,0.88,520,457.6,62.4,1,1,0,0.337531385,154.4543618,0.88,520,457.6,62.4,0,0,0,0.087248178,0,0.88,0,0,0,0,0,0,0.087248178,0,0.88,0,0,0,0,,,0.101,92.4352,915.2,0,915.2,28.3712,1,,,1083.333333,0,465.8333333,2,569.0854531,0,0,0,64.70394215
95,1,96,0.109745283,0,0,569.0854531,,,,0,0,1,1083.333333,1083.333333,0,173.3333333,35.96666667,0,,,167.7415295,1083.333333,1040,43.33333333,1083.333333,0,1,0,0,0.161280587,83.88570743,0.96,541.794562,520.1227795,21.67178248,1,0,0,0.161299281,83.85582212,0.96,541.5387713,519.8772205,21.66155085,0,0,0,0.271,0,0.96,0,0,0,,,,308.9087236,1040,915.2,124.8,1040,0,1,0,0,0.337531385,154.4543618,0.88,520,457.6,62.4,1,0,0,0.337531385,154.4543618,0.88,520,457.6,62.4,0,0,0,0.087248178,0,0.88,0,0,0,0,0,0,0.087248178,0,0.88,0,0,0,0,,,0.101,92.4352,915.2,0,915.2,28.3712,1,,,1083.333333,0,465.8333333,2,569.0854531,0,0,0,62.4544441
96,1,97,0.105754717,0,0,1459.872358,,,,0,0,1,2500,2500,0,400,83,0,,,385.4551044,2500,2400,100,2500,0,1,0,0,0.163357685,136.9891577,0.96,873.5251054,838.5841012,34.94100422,1,0,0,0.159903083,126.9697697,0.96,827.127124,794.042039,33.08508496,1,1,0,0.158327229,121.4961771,0.96,799.3477706,767.3738598,31.97391083,,,,850.1972532,2400,2220,180,2400,0,1,0,0,0.382971736,212.5493133,0.925,600,555,45,1,0,0,0.382971736,212.5493133,0.925,600,555,45,1,1,0,0.382971736,212.5493133,0.925,600,555,45,1,1,0,0.382971736,212.5493133,0.925,600,555,45,1,,,0.101,224.22,2220,2220,0,68.82,0,,,280,0,120.4,4,1459.872358,0,0,0,154.388388
97,1,98,0.105566038,0,0,1459.872358,,,,0,0,1,2500,2500,0,400,83,0,,,385.4551044,2500,2400,100,2500,0,1,0,0,0.163357685,136.9891577,0.96,873.5251054,838.5841012,34.94100422,1,0,0,0.159903083,126.9697697,0.96,827.127124,794.042039,33.08508496,1,0,0,0.158327229,121.4961771,0.96,799.3477706,767.3738598,31.97391083,,,,850.1972532,2400,2220,180,2400,0,1,0,0,0.382971736,212.5493133,0.925,600,555,45,1,0,0,0.382971736,212.5493133,0.925,600,555,45,1,0,0,0.382971736,212.5493133,0.925,600,555,45,1,0,0,0.382971736,212.5493133,0.925,600,555,45,1,,,0.101,224.22,2220,2220,0,68.82,0,,,280,0,120.4,4,1459.872358,0,0,0,154.1129408
98,1,99,0.106066038,0,0,1459.872358,,,,0,0,1,2500,2500,0,400,83,0,,,385.4551044,2500,2400,100,2500,0,1,0,0,0.163357685,136.9891577,0.96,873.5251054,838.5841012,34.94100422,1,0,0,0.159903083,126.9697697,0.96,827.127124,794.042039,33.08508496,1,0,0,0.158327229,121.4961771,0.96,799.3477706,767.3738598,31.97391083,,,,850.1972532,2400,2220,180,2400,0,1,0,0,0.382971736,212.5493133,0.925,600,555,45,1,0,0,0.382971736,212.5493133,0.925,600,555,45,1,0,0,0.382971736,212.5493133,0.925,600,555,45,1,0,0,0.382971736,212.5493133,0.925,600,555,45,1,,,0.101,224.22,2220,2220,0,68.82,0,,,280,0,120.4,4,1459.872358,0,0,0,154.842877
99,1,100,0.107207547,0,0,1459.872358,,,,0,0,1,2500,2500,0,400,83,0,,,385.4551044,2500,2400,100,2500,0,1,0,0,0.163357685,136.9891577,0.96,873.5251054,838.5841012,34.94100422,1,0,0,0.159903083,126.9697697,0.96,827.127124,794.042039,33.08508496,1,0,0,0.158327229,121.4961771,0.96,799.3477706,767.3738598,31.97391083,,,,850.1972532,2400,2220,180,2400,0,1,0,0,0.382971736,212.5493133,0.925,600,555,45,1,0,0,0.382971736,212.5493133,0.925,600,555,45,1,0,0,0.382971736,212.5493133,0.925,600,555,45,1,0,0,0.382971736,212.5493133,0.925,600,555,45,1,,,0.101,224.22,2220,2220,0,68.82,0,,,280,0,120.4,4,1459.872358,0,0,0,156.5093344
100,1,101,0.109981132,0,0,1459.872358,,,,0,0,1,2500,2500,0,400,83,0,,,385.4551044,2500,2400,100,2500,0,1,0,0,0.163357685,136.9891577,0.96,873.5251054,838.5841012,34.94100422,1,0,0,0.159903083,126.9697697,0.96,827.127124,794.042039,33.08508496,1,0,0,0.158327229,121.4961771,0.96,799.3477706,767.3738598,31.97391083,,,,850.1972532,2400,2220,180,2400,0,1,0,0,0.382971736,212.5493133,0.925,600,555,45,1,0,0,0.382971736,212.5493133,0.925,600,555,45,1,0,0,0.382971736,212.5493133,0.925,600,555,45,1,0,0,0.382971736,212.5493133,0.925,600,555,45,1,,,0.101,224.22,2220,2220,0,68.82,0,,,280,0,120.4,4,1459.872358,0,0,0,160.5584145
101,1,102,0.115301887,0,0,1459.872358,,,,0,0,1,2500,2500,0,400,83,0,,,385.4551044,2500,2400,100,2500,0,1,0,0,0.163357685,136.9891577,0.96,873.5251054,838.5841012,34.94100422,1,0,0,0.159903083,126.9697697,0.96,827.127124,794.042039,33.08508496,1,0,0,0.158327229,121.4961771,0.96,799.3477706,767.3738598,31.97391083,,,,850.1972532,2400,2220,180,2400,0,1,0,0,0.382971736,212.5493133,0.925,600,555,45,1,0,0,0.382971736,212.5493133,0.925,600,555,45,1,0,0,0.382971736,212.5493133,0.925,600,555,45,1,0,0,0.382971736,212.5493133,0.925,600,555,45,1,,,0.101,224.22,2220,2220,0,68.82,0,,,280,0,120.4,4,1459.872358,0,0,0,168.3260376
102,1,103,0.104735849,0,0,1459.872358,,,,0,0,1,2500,2500,0,400,83,0,,,385.4551044,2500,2400,100,2500,0,1,0,0,0.163357685,136.9891577,0.96,873.5251054,838.5841012,34.94100422,1,0,0,0.159903083,126.9697697,0.96,827.127124,794.042039,33.08508496,1,0,0,0.158327229,121.4961771,0.96,799.3477706,767.3738598,31.97391083,,,,850.1972532,2400,2220,180,2400,0,1,0,0,0.382971736,212.5493133,0.925,600,555,45,1,0,0,0.382971736,212.5493133,0.925,600,555,45,1,0,0,0.382971736,212.5493133,0.925,600,555,45,1,0,0,0.382971736,212.5493133,0.925,600,555,45,1,,,0.101,224.22,2220,2220,0,68.82,0,,,280,0,120.4,4,1459.872358,0,0,0,152.9009708
103,1,104,0.098216981,0,0,1459.872358,,,,0,0,1,2500,2500,0,400,83,0,,,385.4551044,2500,2400,100,2500,0,1,0,0,0.163357685,136.9891577,0.96,873.5251054,838.5841012,34.94100422,1,0,0,0.159903083,126.9697697,0.96,827.127124,794.042039,33.08508496,1,0,0,0.158327229,121.4961771,0.96,799.3477706,767.3738598,31.97391083,,,,850.1972532,2400,2220,180,2400,0,1,0,0,0.382971736,212.5493133,0.925,600,555,45,1,0,0,0.382971736,212.5493133,0.925,600,555,45,1,0,0,0.382971736,212.5493133,0.925,600,555,45,1,0,0,0.382971736,212.5493133,0.925,600,555,45,1,,,0.101,224.22,2220,2220,0,68.82,0,,,280,0,120.4,4,1459.872358,0,0,0,143.3842556
104,1,105,0.091320755,0,0,1459.872358,,,,0,0,1,2500,2500,0,400,83,0,,,385.4551044,2500,2400,100,2500,0,1,0,0,0.163357685,136.9891577,0.96,873.5251054,838.5841012,34.94100422,1,0,0,0.159903083,126.9697697,0.96,827.127124,794.042039,33.08508496,1,0,0,0.158327229,121.4961771,0.96,799.3477706,767.3738598,31.97391083,,,,850.1972532,2400,2220,180,2400,0,1,0,0,0.382971736,212.5493133,0.925,600,555,45,1,0,0,0.382971736,212.5493133,0.925,600,555,45,1,0,0,0.382971736,212.5493133,0.925,600,555,45,1,0,0,0.382971736,212.5493133,0.925,600,555,45,1,,,0.101,224.22,2220,2220,0,68.82,0,,,280,0,120.4,4,1459.872358,0,0,0,133.3166459
105,1,106,0.081169811,0,0,1459.872358,,,,0,0,1,2500,2500,0,400,83,0,,,385.4551044,2500,2400,100,2500,0,1,0,0,0.163357685,136.9891577,0.96,873.5251054,838.5841012,34.94100422,1,0,0,0.159903083,126.9697697,0.96,827.127124,794.042039,33.08508496,1,0,0,0.158327229,121.4961771,0.96,799.3477706,767.3738598,31.97391083,,,,850.1972532,2400,2220,180,2400,0,1,0,0,0.382971736,212.5493133,0.925,600,555,45,1,0,0,0.382971736,212.5493133,0.925,600,555,45,1,0,0,0.382971736,212.5493133,0.925,600,555,45,1,0,0,0.382971736,212.5493133,0.925,600,555,45,1,,,0.101,224.22,2220,2220,0,68.82,0,,,280,0,120.4,4,1459.872358,0,0,0,118.4975634
106,1,107,0.079603774,0,0,1459.872358,,,,0,0,1,2500,2500,0,400,83,0,,,385.4551044,2500,2400,100,2500,0,1,0,0,0.163357685,136.9891577,0.96,873.5251054,838.5841012,34.94100422,1,0,0,0.159903083,126.9697697,0.96,827.127124,794.042039,33.08508496,1,0,0,0.158327229,121.4961771,0.96,799.3477706,767.3738598,31.97391083,,,,850.1972532,2400,2220,180,2400,0,1,0,0,0.382971736,212.5493133,0.925,600,555,45,1,0,0,0.382971736,212.5493133,0.925,600,555,45,1,0,0,0.382971736,212.5493133,0.925,600,555,45,1,0,0,0.382971736,212.5493133,0.925,600,555,45,1,,,0.101,224.22,2220,2220,0,68.82,0,,,280,0,120.4,4,1459.872358,0,0,0,116.2113492
107,1,108,0.07840566,0,0,1459.872358,,,,0,0,1,2500,2500,0,400,83,0,,,385.4551044,2500,2400,100,2500,0,1,0,0,0.163357685,136.9891577,0.96,873.5251054,838.5841012,34.94100422,1,0,0,0.159903083,126.9697697,0.96,827.127124,794.042039,33.08508496,1,0,0,0.158327229,121.4961771,0.96,799.3477706,767.3738598,31.97391083,,,,850.1972532,2400,2220,180,2400,0,1,0,0,0.382971736,212.5493133,0.925,600,555,45,1,0,0,0.382971736,212.5493133,0.925,600,555,45,1,0,0,0.382971736,212.5493133,0.925,600,555,45,1,0,0,0.382971736,212.5493133,0.925,600,555,45,1,,,0.101,224.22,2220,2220,0,68.82,0,,,280,0,120.4,4,1459.872358,0,0,0,114.4622557
108,1,109,0.08359434,0,0,1459.872358,,,,0,0,1,2500,2500,0,400,83,0,,,385.4551044,2500,2400,100,2500,0,1,0,0,0.163357685,136.9891577,0.96,873.5251054,838.5841012,34.94100422,1,0,0,0.159903083,126.9697697,0.96,827.127124,794.042039,33.08508496,1,0,0,0.158327229,121.4961771,0.96,799.3477706,767.3738598,31.97391083,,,,850.1972532,2400,2220,180,2400,0,1,0,0,0.382971736,212.5493133,0.925,600,555,45,1,0,0,0.382971736,212.5493133,0.925,600,555,45,1,0,0,0.382971736,212.5493133,0.925,600,555,45,1,0,0,0.382971736,212.5493133,0.925,600,555,45,1,,,0.101,224.22,2220,2220,0,68.82,0,,,280,0,120.4,4,1459.872358,0,0,0,122.0370662
109,1,110,0.088679245,0,0,1459.872358,,,,0,0,1,2500,2500,0,400,83,0,,,385.4551044,2500,2400,100,2500,0,1,0,0,0.163357685,136.9891577,0.96,873.5251054,838.5841012,34.94100422,1,0,0,0.159903083,126.9697697,0.96,827.127124,794.042039,33.08508496,1,0,0,0.158327229,121.4961771,0.96,799.3477706,767.3738598,31.97391083,,,,850.1972532,2400,2220,180,2400,0,1,0,0,0.382971736,212.5493133,0.925,600,555,45,1,0,0,0.382971736,212.5493133,0.925,600,555,45,1,0,0,0.382971736,212.5493133,0.925,600,555,45,1,0,0,0.382971736,212.5493133,0.925,600,555,45,1,,,0.101,224.22,2220,2220,0,68.82,0,,,280,0,120.4,4,1459.872358,0,0,0,129.4603785
110,1,111,0.09604717,0,0,1459.872358,,,,0,0,1,2500,2500,0,400,83,0,,,385.4551044,2500,2400,100,2500,0,1,0,0,0.163357685,136.9891577,0.96,873.5251054,838.5841012,34.94100422,1,0,0,0.159903083,126.9697697,0.96,827.127124,794.042039,33.08508496,1,0,0,0.158327229,121.4961771,0.96,799.3477706,767.3738598,31.97391083,,,,850.1972532,2400,2220,180,2400,0,1,0,0,0.382971736,212.5493133,0.925,600,555,45,1,0,0,0.382971736,212.5493133,0.925,600,555,45,1,0,0,0.382971736,212.5493133,0.925,600,555,45,1,0,0,0.382971736,212.5493133,0.925,600,555,45,1,,,0.101,224.22,2220,2220,0,68.82,0,,,280,0,120.4,4,1459.872358,0,0,0,140.2166085
111,1,112,0.097943396,0,0,1459.872358,,,,0,0,1,2500,2500,0,400,83,0,,,385.4551044,2500,2400,100,2500,0,1,0,0,0.163357685,136.9891577,0.96,873.5251054,838.5841012,34.94100422,1,0,0,0.159903083,126.9697697,0.96,827.127124,794.042039,33.08508496,1,0,0,0.158327229,121.4961771,0.96,799.3477706,767.3738598,31.97391083,,,,850.1972532,2400,2220,180,2400,0,1,0,0,0.382971736,212.5493133,0.925,600,555,45,1,0,0,0.382971736,212.5493133,0.925,600,555,45,1,0,0,0.382971736,212.5493133,0.925,600,555,45,1,0,0,0.382971736,212.5493133,0.925,600,555,45,1,,,0.101,224.22,2220,2220,0,68.82,0,,,280,0,120.4,4,1459.872358,0,0,0,142.9848564
112,1,113,0.115075472,0,0,739.2109404,,,,0,0,1,1250,1250,0,200,41.5,0,,,202.0023138,1250,1200,50,1250,0,1,0,0,0.163357685,136.9891577,0.96,873.5251054,838.5841012,34.94100422,1,0,0,0.179884605,65.01315611,0.96,376.4748946,361.4158988,15.05899578,0,0,1,0.271,0,0.96,0,0,0,,,,425.0986266,1200,1110,90,1200,0,1,0,0,0.382971736,212.5493133,0.925,600,555,45,1,0,0,0.382971736,212.5493133,0.925,600,555,45,0,0,1,0.087248178,0,0.88,0,0,0,0,0,1,0.087248178,0,0.88,0,0,0,1,,,0.101,112.11,1110,1110,0,34.41,0,,,140,0,60.2,2,739.2109404,0,0,0,85.06504787
113,1,114,3.574311321,1,0,0,,,,0,0,1,0,0,0,0,0,0,,,0,0,0,0,0,0,0,0,1,0.271,0,0.96,0,0,0,0,0,1,0.271,0,0.96,0,0,0,0,0,0,0.271,0,0.96,0,0,0,,,,0,0,0,0,0,0,0,0,1,0.087248178,0,0.88,0,0,0,0,0,1,0.087248178,0,0.88,0,0,0,0,0,0,0.087248178,0,0.88,0,0,0,0,0,0,0.087248178,0,0.88,0,0,0,1,,,0.101,0,0,0,0,0,0,,,0,0,0,0,0,0,0,0,0
114,1,115,4.734849057,1,0,0,,,,0,0,1,0,0,0,0,0,0,,,0,0,0,0,0,0,0,0,0,0.271,0,0.96,0,0,0,0,0,0,0.271,0,0.96,0,0,0,0,0,0,0.271,0,0.96,0,0,0,,,,0,0,0,0,0,0,0,0,0,0.087248178,0,0.88,0,0,0,0,0,0,0.087248178,0,0.88,0,0,0,0,0,0,0.087248178,0,0.88,0,0,0,0,0,0,0.087248178,0,0.88,0,0,0,1,,,0.101,0,0,0,0,0,0,,,0,0,0,0,0,0,0,0,0
115,1,116,2.383122642,1,0,0,,,,0,0,1,0,0,0,0,0,0,,,0,0,0,0,0,0,0,0,0,0.271,0,0.96,0,0,0,0,0,0,0.271,0,0.96,0,0,0,0,0,0,0.271,0,0.96,0,0,0,,,,0,0,0,0,0,0,0,0,0,0.087248178,0,0.88,0,0,0,0,0,0,0.087248178,0,0.88,0,0,0,0,0,0,0.087248178,0,0.88,0,0,0,0,0,0,0.087248178,0,0.88,0,0,0,1,,,0.101,0,0,0,0,0,0,,,0,0,0,0,0,0,0,0,0
116,1,117,0.713028302,1,0,0,,,,0,0,1,0,0,0,0,0,0,,,0,0,0,0,0,0,0,0,0,0.271,0,0.96,0,0,0,0,0,0,0.271,0,0.96,0,0,0,0,0,0,0.271,0,0.96,0,0,0,,,,0,0,0,0,0,0,0,0,0,0.087248178,0,0.88,0,0,0,0,0,0,0.087248178,0,0.88,0,0,0,0,0,0,0.087248178,0,0.88,0,0,0,0,0,0,0.087248178,0,0.88,0,0,0,1,,,0.101,0,0,0,0,0,0,,,0,0,0,0,0,0,0,0,0
117,1,118,0.145283019,1,0,0,,,,0,0,1,0,0,0,0,0,0,,,0,0,0,0,0,0,0,0,0,0.271,0,0.96,0,0,0,0,0,0,0.271,0,0.96,0,0,0,0,0,0,0.271,0,0.96,0,0,0,,,,0,0,0,0,0,0,0,0,0,0.087248178,0,0.88,0,0,0,0,0,0,0.087248178,0,0.88,0,0,0,0,0,0,0.087248178,0,0.88,0,0,0,0,0,0,0.087248178,0,0.88,0,0,0,1,,,0.101,0,0,0,0,0,0,,,0,0,0,0,0,0,0,0,0
118,1,119,0.113698113,0,0,569.0995036,,,,0,0,1,1083.333333,1083.333333,0,173.3333333,35.96666667,0,,,167.7555801,1083.333333,1040,43.33333333,1083.333333,0,1,1,0,0.160488241,85.20935778,0.96,553.0607554,530.9383252,22.12243022,1,1,0,0.162153677,82.54622228,0.96,530.2725779,509.0616748,21.21090312,0,0,0,0.271,0,0.96,0,0,0,,,,308.9087236,1040,915.2,124.8,1040,0,1,1,0,0.337531385,154.4543618,0.88,520,457.6,62.4,1,1,0,0.337531385,154.4543618,0.88,520,457.6,62.4,0,0,0,0.087248178,0,0.88,0,0,0,0,0,0,0.087248178,0,0.88,0,0,0,0,,,0.101,92.4352,915.2,0,915.2,28.3712,1,,,1083.333333,0,465.8333333,2,569.0995036,0,0,0,64.70553967
119,1,120,0.109745283,0,0,569.0995036,,,,0,0,1,1083.333333,1083.333333,0,173.3333333,35.96666667,0,,,167.7555801,1083.333333,1040,43.33333333,1083.333333,0,1,0,0,0.160488241,85.20935778,0.96,553.0607554,530.9383252,22.12243022,1,0,0,0.162153677,82.54622228,0.96,530.2725779,509.0616748,21.21090312,0,0,0,0.271,0,0.96,0,0,0,,,,308.9087236,1040,915.2,124.8,1040,0,1,0,0,0.337531385,154.4543618,0.88,520,457.6,62.4,1,0,0,0.337531385,154.4543618,0.88,520,457.6,62.4,0,0,0,0.087248178,0,0.88,0,0,0,0,0,0,0.087248178,0,0.88,0,0,0,0,,,0.101,92.4352,915.2,0,915.2,28.3712,1,,,1083.333333,0,465.8333333,2,569.0995036,0,0,0,62.45598608
120,1,121,0.10545283,0,0,1460.164747,,,,0,0,1,2500,2500,0,400,83,0,,,385.7478262,2500,2400,100,2500,0,1,0,0,0.16255122,134.800799,0.96,863.8354066,829.2819903,34.55341626,1,0,0,0.161828876,132.7762145,0.96,854.6593185,820.4729458,34.18637274,1,1,0,0.157509617,118.1708126,0.96,781.5052749,750.2450639,31.260211,,,,850.1969206,2400,2220,180,2400,0,1,0,0,0.382971736,212.5493133,0.925,600,555,45,1,0,0,0.382971736,212.5493133,0.925,600,555,45,1,1,0,0.382971736,212.5493133,0.925,600,555,45,1,1,0,0.382971136,212.5489807,0.925,600,555,45,1,,,0.101,224.22,2220,2220,0,68.82,0,,,280,0,120.4,4,1460.164747,0,0,0,153.9785048
121,1,122,0.105122642,0,0,1460.165079,,,,0,0,1,2500,2500,0,400,83,0,,,385.7478262,2500,2400,100,2500,0,1,0,0,0.16255122,134.800799,0.96,863.8354066,829.2819903,34.55341626,1,0,0,0.161828876,132.7762145,0.96,854.6593185,820.4729458,34.18637274,1,0,0,0.157509617,118.1708126,0.96,781.5052749,750.2450639,31.260211,,,,850.1972532,2400,2220,180,2400,0,1,0,0,0.382971736,212.5493133,0.925,600,555,45,1,0,0,0.382971736,212.5493133,0.925,600,555,45,1,0,0,0.382971736,212.5493133,0.925,600,555,45,1,0,0,0.382971736,212.5493133,0.925,600,555,45,1,,,0.101,224.22,2220,2220,0,68.82,0,,,280,0,120.4,4,1460.165079,0,0,0,153.4964109
122,1,123,0.10495283,0,0,1460.165079,,,,0,0,1,2500,2500,0,400,83,0,,,385.7478262,2500,2400,100,2500,0,1,0,0,0.16255122,134.800799,0.96,863.8354066,829.2819903,34.55341626,1,0,0,0.161828876,132.7762145,0.96,854.6593185,820.4729458,34.18637274,1,0,0,0.157509617,118.1708126,0.96,781.5052749,750.2450639,31.260211,,,,850.1972532,2400,2220,180,2400,0,1,0,0,0.382971736,212.5493133,0.925,600,555,45,1,0,0,0.382971736,212.5493133,0.925,600,555,45,1,0,0,0.382971736,212.5493133,0.925,600,555,45,1,0,0,0.382971736,212.5493133,0.925,600,555,45,1,,,0.101,224.22,2220,2220,0,68.82,0,,,280,0,120.4,4,1460.165079,0,0,0,153.2484573
123,1,124,0.104943396,0,0,1460.165079,,,,0,0,1,2500,2500,0,400,83,0,,,385.7478262,2500,2400,100,2500,0,1,0,0,0.16255122,134.800799,0.96,863.8354066,829.2819903,34.55341626,1,0,0,0.161828876,132.7762145,0.96,854.6593185,820.4729458,34.18637274,1,0,0,0.157509617,118.1708126,0.96,781.5052749,750.2450639,31.260211,,,,850.1972532,2400,2220,180,2400,0,1,0,0,0.382971736,212.5493133,0.925,600,555,45,1,0,0,0.382971736,212.5493133,0.925,600,555,45,1,0,0,0.382971736,212.5493133,0.925,600,555,45,1,0,0,0.382971736,212.5493133,0.925,600,555,45,1,,,0.101,224.22,2220,2220,0,68.82,0,,,280,0,120.4,4,1460.165079,0,0,0,153.2346821
124,1,125,0.105349057,0,0,1460.165079,,,,0,0,1,2500,2500,0,400,83,0,,,385.7478262,2500,2400,100,2500,0,1,0,0,0.16255122,134.800799,0.96,863.8354066,829.2819903,34.55341626,1,0,0,0.161828876,132.7762145,0.96,854.6593185,820.4729458,34.18637274,1,0,0,0.157509617,118.1708126,0.96,781.5052749,750.2450639,31.260211,,,,850.1972532,2400,2220,180,2400,0,1,0,0,0.382971736,212.5493133,0.925,600,555,45,1,0,0,0.382971736,212.5493133,0.925,600,555,45,1,0,0,0.382971736,212.5493133,0.925,600,555,45,1,0,0,0.382971736,212.5493133,0.925,600,555,45,1,,,0.101,224.22,2220,2220,0,68.82,0,,,280,0,120.4,4,1460.165079,0,0,0,153.8270142
125,1,126,0.105641509,0,0,1460.165079,,,,0,0,1,2500,2500,0,400,83,0,,,385.7478262,2500,2400,100,2500,0,1,0,0,0.16255122,134.800799,0.96,863.8354066,829.2819903,34.55341626,1,0,0,0.161828876,132.7762145,0.96,854.6593185,820.4729458,34.18637274,1,0,0,0.157509617,118.1708126,0.96,781.5052749,750.2450639,31.260211,,,,850.1972532,2400,2220,180,2400,0,1,0,0,0.382971736,212.5493133,0.925,600,555,45,1,0,0,0.382971736,212.5493133,0.925,600,555,45,1,0,0,0.382971736,212.5493133,0.925,600,555,45,1,0,0,0.382971736,212.5493133,0.925,600,555,45,1,,,0.101,224.22,2220,2220,0,68.82,0,,,280,0,120.4,4,1460.165079,0,0,0,154.2540424
126,1,127,0.098415094,0,0,1460.165079,,,,0,0,1,2500,2500,0,400,83,0,,,385.7478262,2500,2400,100,2500,0,1,0,0,0.16255122,134.800799,0.96,863.8354066,829.2819903,34.55341626,1,0,0,0.161828876,132.7762145,0.96,854.6593185,820.4729458,34.18637274,1,0,0,0.157509617,118.1708126,0.96,781.5052749,750.2450639,31.260211,,,,850.1972532,2400,2220,180,2400,0,1,0,0,0.382971736,212.5493133,0.925,600,555,45,1,0,0,0.382971736,212.5493133,0.925,600,555,45,1,0,0,0.382971736,212.5493133,0.925,600,555,45,1,0,0,0.382971736,212.5493133,0.925,600,555,45,1,,,0.101,224.22,2220,2220,0,68.82,0,,,280,0,120.4,4,1460.165079,0,0,0,143.7022835
127,1,128,0.083839623,0,0,1460.165079,,,,0,0,1,2500,2500,0,400,83,0,,,385.7478262,2500,2400,100,2500,0,1,0,0,0.16255122,134.800799,0.96,863.8354066,829.2819903,34.55341626,1,0,0,0.161828876,132.7762145,0.96,854.6593185,820.4729458,34.18637274,1,0,0,0.157509617,118.1708126,0.96,781.5052749,750.2450639,31.260211,,,,850.1972532,2400,2220,180,2400,0,1,0,0,0.382971736,212.5493133,0.925,600,555,45,1,0,0,0.382971736,212.5493133,0.925,600,555,45,1,0,0,0.382971736,212.5493133,0.925,600,555,45,1,0,0,0.382971736,212.5493133,0.925,600,555,45,1,,,0.101,224.22,2220,2220,0,68.82,0,,,280,0,120.4,4,1460.165079,0,0,0,122.4196898
128,1,129,0.067462264,0,0,1460.165079,,,,0,0,1,2500,2500,0,400,83,0,,,385.7478262,2500,2400,100,2500,0,1,0,0,0.16255122,134.800799,0.96,863.8354066,829.2819903,34.55341626,1,0,0,0.161828876,132.7762145,0.96,854.6593185,820.4729458,34.18637274,1,0,0,0.157509617,118.1708126,0.96,781.5052749,750.2450639,31.260211,,,,850.1972532,2400,2220,180,2400,0,1,0,0,0.382971736,212.5493133,0.925,600,555,45,1,0,0,0.382971736,212.5493133,0.925,600,555,45,1,0,0,0.382971736,212.5493133,0.925,600,555,45,1,0,0,0.382971736,212.5493133,0.925,600,555,45,1,,,0.101,224.22,2220,2220,0,68.82,0,,,280,0,120.4,4,1460.165079,0,0,0,98.50604207
129,1,130,0.060292453,0,0,1460.164747,,,,0,0,1,2500,2500,0,400,83,0,,,385.7478262,2500,2400,100,2500,0,1,0,0,0.16255122,134.800799,0.96,863.8354066,829.2819903,34.55341626,1,0,0,0.161828876,132.7762145,0.96,854.6593185,820.4729458,34.18637274,1,0,0,0.157509617,118.1708126,0.96,781.5052749,750.2450639,31.260211,,,,850.1969206,2400,2220,180,2400,0,1,0,0,0.382971136,212.5489807,0.925,600,555,45,1,0,0,0.382971736,212.5493133,0.925,600,555,45,1,0,0,0.382971736,212.5493133,0.925,600,555,45,1,0,0,0.382971736,212.5493133,0.925,600,555,45,1,,,0.101,224.22,2220,2220,0,68.82,0,,,280,0,120.4,4,1460.164747,0,0,0,88.03691437
130,1,131,0.057339623,0,0,1460.164747,,,,0,0,1,2500,2500,0,400,83,0,,,385.7478262,2500,2400,100,2500,0,1,0,0,0.16255122,134.800799,0.96,863.8354066,829.2819903,34.55341626,1,0,0,0.161828876,132.7762145,0.96,854.6593185,820.4729458,34.18637274,1,0,0,0.157509617,118.1708126,0.96,781.5052749,750.2450639,31.260211,,,,850.1969206,2400,2220,180,2400,0,1,0,0,0.382971136,212.5489807,0.925,600,555,45,1,0,0,0.382971736,212.5493133,0.925,600,555,45,1,0,0,0.382971736,212.5493133,0.925,600,555,45,1,0,0,0.382971736,212.5493133,0.925,600,555,45,1,,,0.101,224.22,2220,2220,0,68.82,0,,,280,0,120.4,4,1460.164747,0,0,0,83.7252961
131,1,132,0.055707547,0,0,1460.164414,,,,0,0,1,2500,2500,0,400,83,0,,,385.7478262,2500,2400,100,2500,0,1,0,0,0.16255122,134.800799,0.96,863.8354066,829.2819903,34.55341626,1,0,0,0.161828876,132.7762145,0.96,854.6593185,820.4729458,34.18637274,1,0,0,0.157509617,118.1708126,0.96,781.5052749,750.2450639,31.260211,,,,850.196588,2400,2220,180,2400,0,1,0,0,0.382971136,212.5489807,0.925,600,555,45,1,0,0,0.382971736,212.5493133,0.925,600,555,45,1,0,0,0.382971136,212.5489807,0.925,600,555,45,1,0,0,0.382971736,212.5493133,0.925,600,555,45,1,,,0.101,224.22,2220,2220,0,68.82,0,,,280,0,120.4,4,1460.164414,0,0,0,81.34217773
132,1,133,0.059575472,0,0,1460.164414,,,,0,0,1,2500,2500,0,400,83,0,,,385.7478262,2500,2400,100,2500,0,1,0,0,0.16255122,134.800799,0.96,863.8354066,829.2819903,34.55341626,1,0,0,0.161828876,132.7762145,0.96,854.6593185,820.4729458,34.18637274,1,0,0,0.157509617,118.1708126,0.96,781.5052749,750.2450639,31.260211,,,,850.196588,2400,2220,180,2400,0,1,0,0,0.382971136,212.5489807,0.925,600,555,45,1,0,0,0.382971736,212.5493133,0.925,600,555,45,1,0,0,0.382971136,212.5489807,0.925,600,555,45,1,0,0,0.382971736,212.5493133,0.925,600,555,45,1,,,0.101,224.22,2220,2220,0,68.82,0,,,280,0,120.4,4,1460.164414,0,0,0,86.98998417
133,1,134,0.062566038,0,0,1460.164414,,,,0,0,1,2500,2500,0,400,83,0,,,385.7478262,2500,2400,100,2500,0,1,0,0,0.16255122,134.800799,0.96,863.8354066,829.2819903,34.55341626,1,0,0,0.161828876,132.7762145,0.96,854.6593185,820.4729458,34.18637274,1,0,0,0.157509617,118.1708126,0.96,781.5052749,750.2450639,31.260211,,,,850.196588,2400,2220,180,2400,0,1,0,0,0.382971136,212.5489807,0.925,600,555,45,1,0,0,0.382971736,212.5493133,0.925,600,555,45,1,0,0,0.382971136,212.5489807,0.925,600,555,45,1,0,0,0.382971736,212.5493133,0.925,600,555,45,1,,,0.101,224.22,2220,2220,0,68.82,0,,,280,0,120.4,4,1460.164414,0,0,0,91.35670222
134,1,135,0.069584906,0,0,1460.165079,,,,0,0,1,2500,2500,0,400,83,0,,,385.7478262,2500,2400,100,2500,0,1,0,0,0.16255122,134.800799,0.96,863.8354066,829.2819903,34.55341626,1,0,0,0.161828876,132.7762145,0.96,854.6593185,820.4729458,34.18637274,1,0,0,0.157509617,118.1708126,0.96,781.5052749,750.2450639,31.260211,,,,850.1972532,2400,2220,180,2400,0,1,0,0,0.382971736,212.5493133,0.925,600,555,45,1,0,0,0.382971736,212.5493133,0.925,600,555,45,1,0,0,0.382971736,212.5493133,0.925,600,555,45,1,0,0,0.382971736,212.5493133,0.925,600,555,45,1,,,0.101,224.22,2220,2220,0,68.82,0,,,280,0,120.4,4,1460.165079,0,0,0,101.6054498
135,1,136,0.078679245,0,0,1460.164747,,,,0,0,1,2500,2500,0,400,83,0,,,385.7478262,2500,2400,100,2500,0,1,0,0,0.16255122,134.800799,0.96,863.8354066,829.2819903,34.55341626,1,0,0,0.161828876,132.7762145,0.96,854.6593185,820.4729458,34.18637274,1,0,0,0.157509617,118.1708126,0.96,781.5052749,750.2450639,31.260211,,,,850.1969206,2400,2220,180,2400,0,1,0,0,0.382971136,212.5489807,0.925,600,555,45,1,0,0,0.382971736,212.5493133,0.925,600,555,45,1,0,0,0.382971736,212.5493133,0.925,600,555,45,1,0,0,0.382971736,212.5493133,0.925,600,555,45,1,,,0.101,224.22,2220,2220,0,68.82,0,,,280,0,120.4,4,1460.164747,0,0,0,114.8846598
136,1,137,0.10140566,0,0,1460.164747,,,,0,0,1,2500,2500,0,400,83,0,,,385.7478262,2500,2400,100,2500,0,1,0,0,0.16255122,134.800799,0.96,863.8354066,829.2819903,34.55341626,1,0,0,0.161828876,132.7762145,0.96,854.6593185,820.4729458,34.18637274,1,0,0,0.157509617,118.1708126,0.96,781.5052749,750.2450639,31.260211,,,,850.1969206,2400,2220,180,2400,0,1,0,0,0.382971136,212.5489807,0.925,600,555,45,1,0,0,0.382971736,212.5493133,0.925,600,555,45,1,0,0,0.382971736,212.5493133,0.925,600,555,45,1,0,0,0.382971736,212.5493133,0.925,600,555,45,1,,,0.101,224.22,2220,2220,0,68.82,0,,,280,0,120.4,4,1460.164747,0,0,0,148.0689699
137,1,138,0.686716981,0,0,589.2454677,,,,0,0,1,1083.333333,1083.333333,0,173.3333333,35.96666667,0,,,167.741526,1083.333333,1040,43.33333333,1083.333333,0,1,0,0,0.161285342,83.87809944,0.96,541.7294571,520.0602788,21.66917828,1,0,0,0.161294519,83.86342652,0.96,541.6038762,519.9397212,21.66415505,0,0,1,0.271,0,0.96,0,0,0,,,,325.5539417,1040,950,90,1040,0,1,0,0,0.34268836,162.7769709,0.913461538,520,475,45,1,0,0,0.34268836,162.7769709,0.913461538,520,475,45,0,0,1,0.087248178,0,0.88,0,0,0,0,0,1,0.087248178,0,0.88,0,0,0,1,,,0.101,95.95,950,950,0,29.45,0,,,133.3333333,0,57.33333333,2,589.2454677,0,0,0,404.6448686
138,1,139,1.802632075,0,0,569.0854495,,,,0,0,1,1083.333333,1083.333333,0,173.3333333,35.96666667,0,,,167.741526,1083.333333,1040,43.33333333,1083.333333,0,1,0,0,0.161285342,83.87809944,0.96,541.7294571,520.0602788,21.66917828,1,0,0,0.161294519,83.86342652,0.96,541.6038762,519.9397212,21.66415505,0,0,0,0.271,0,0.96,0,0,0,,,,308.9087236,1040,915.2,124.8,1040,0,1,0,0,0.337531385,154.4543618,0.88,520,457.6,62.4,1,0,0,0.337531385,154.4543618,0.88,520,457.6,62.4,0,0,0,0.087248178,0,0.88,0,0,0,0,0,0,0.087248178,0,0.88,0,0,0,1,,,0.101,92.4352,915.2,915.2,0,28.3712,0,,,168.1333333,0,72.29733333,2,569.0854495,0,0,0,1025.851685
139,1,140,0.191198113,0,0,589.2454677,,,,0,0,1,1083.333333,1083.333333,0,173.3333333,35.96666667,0,,,167.741526,1083.333333,1040,43.33333333,1083.333333,0,1,0,0,0.161285342,83.87809944,0.96,541.7294571,520.0602788,21.66917828,1,0,0,0.161294519,83.86342652,0.96,541.6038762,519.9397212,21.66415505,0,0,0,0.271,0,0.96,0,0,0,,,,325.5539417,1040,950,90,1040,0,1,0,0,0.34268836,162.7769709,0.913461538,520,475,45,1,0,0,0.34268836,162.7769709,0.913461538,520,475,45,0,0,0,0.087248178,0,0.88,0,0,0,0,0,0,0.087248178,0,0.88,0,0,0,1,,,0.101,95.95,950,950,0,29.45,0,,,133.3333333,0,57.33333333,2,589.2454677,0,0,0,112.6626215
140,1,141,0.125169811,0,0,1460.052158,,,,0,0,1,2500.446311,2500.446311,0,400.0714097,83.01481751,0,,,385.328597,2500.446311,2400.428458,100.0178524,2500.446311,0,1,0,0,0.161813546,132.7325,0.96,854.4588759,820.2805209,34.17835504,1,0,0,0.161397285,131.5323247,0.96,848.916621,814.9599562,33.95666484,1,1,0,0.15821442,121.0637724,0.96,797.0708137,765.1879811,31.88283255,,,,850.4635319,2400.428458,2220.396324,180.0321344,2400.428458,0,1,0,0,0.383104399,212.7206161,0.925,600.2756276,555.2549555,45.02067207,1,0,0,0.383045295,212.6442893,0.925,600.1528306,555.1413683,45.0114623,1,1,0,0.382971736,212.5493133,0.925,600,555,45,1,1,0,0.382971736,212.5493133,0.925,600,555,45,1,,,0.101,224.2600287,2220.396324,2220.396324,0,68.83228604,0,,,280.0499868,0,120.4214943,4,1460.052158,0,0,0,182.7544526
141,1,142,0.115509434,0,0,1460.052158,,,,0,0,1,2500.446311,2500.446311,0,400.0714097,83.01481751,0,,,385.328597,2500.446311,2400.428458,100.0178524,2500.446311,0,1,0,0,0.161813546,132.7325,0.96,854.4588759,820.2805209,34.17835504,1,0,0,0.161397285,131.5323247,0.96,848.916621,814.9599562,33.95666484,1,0,0,0.15821442,121.0637724,0.96,797.0708137,765.1879811,31.88283255,,,,850.4635319,2400.428458,2220.396324,180.0321344,2400.428458,0,1,0,0,0.383104399,212.7206161,0.925,600.2756276,555.2549555,45.02067207,1,0,0,0.383045295,212.6442893,0.925,600.1528306,555.1413683,45.0114623,1,0,0,0.382971736,212.5493133,0.925,600,555,45,1,0,0,0.382971736,212.5493133,0.925,600,555,45,1,,,0.101,224.2600287,2220.396324,2220.396324,0,68.83228604,0,,,280.0499868,0,120.4214943,4,1460.052158,0,0,0,168.6497983
142,1,143,0.111292453,0,0,1460.052158,,,,0,0,1,2500.446311,2500.446311,0,400.0714097,83.01481751,0,,,385.328597,2500.446311,2400.428458,100.0178524,2500.446311,0,1,0,0,0.161813546,132.7325,0.96,854.4588759,820.2805209,34.17835504,1,0,0,0.161397285,131.5323247,0.96,848.916621,814.9599562,33.95666484,1,0,0,0.15821442,121.0637724,0.96,797.0708137,765.1879811,31.88283255,,,,850.4635319,2400.428458,2220.396324,180.0321344,2400.428458,0,1,0,0,0.383104399,212.7206161,0.925,600.2756276,555.2549555,45.02067207,1,0,0,0.383045295,212.6442893,0.925,600.1528306,555.1413683,45.0114623,1,0,0,0.382971736,212.5493133,0.925,600,555,45,1,0,0,0.382971736,212.5493133,0.925,600,555,45,1,,,0.101,224.2600287,2220.396324,2220.396324,0,68.83228604,0,,,280.0499868,0,120.4214943,4,1460.052158,0,0,0,162.4927861
143,1,144,0.10845283,0,0,1460.052158,,,,0,0,1,2500.446311,2500.446311,0,400.0714097,83.01481751,0,,,385.328597,2500.446311,2400.428458,100.0178524,2500.446311,0,1,0,0,0.161813546,132.7325,0.96,854.4588759,820.2805209,34.17835504,1,0,0,0.161397285,131.5323247,0.96,848.916621,814.9599562,33.95666484,1,0,0,0.15821442,121.0637724,0.96,797.0708137,765.1879811,31.88283255,,,,850.4635319,2400.428458,2220.396324,180.0321344,2400.428458,0,1,0,0,0.383104399,212.7206161,0.925,600.2756276,555.2549555,45.02067207,1,0,0,0.383045295,212.6442893,0.925,600.1528306,555.1413683,45.0114623,1,0,0,0.382971736,212.5493133,0.925,600,555,45,1,0,0,0.382971736,212.5493133,0.925,600,555,45,1,,,0.101,224.2600287,2220.396324,2220.396324,0,68.83228604,0,,,280.0499868,0,120.4214943,4,1460.052158,0,0,0,158.3467884
144,1,145,0.10545283,0,0,1460.052158,,,,0,0,1,2500.446311,2500.446311,0,400.0714097,83.01481751,0,,,385.328597,2500.446311,2400.428458,100.0178524,2500.446311,0,1,0,0,0.161813546,132.7325,0.96,854.4588759,820.2805209,34.17835504,1,0,0,0.161397285,131.5323247,0.96,848.916621,814.9599562,33.95666484,1,0,0,0.15821442,121.0637724,0.96,797.0708137,765.1879811,31.88283255,,,,850.4635319,2400.428458,2220.396324,180.0321344,2400.428458,0,1,0,0,0.383104399,212.7206161,0.925,600.2756276,555.2549555,45.02067207,1,0,0,0.383045295,212.6442893,0.925,600.1528306,555.1413683,45.0114623,1,0,0,0.382971736,212.5493133,0.925,600,555,45,1,0,0,0.382971736,212.5493133,0.925,600,555,45,1,,,0.101,224.2600287,2220.396324,2220.396324,0,68.83228604,0,,,280.0499868,0,120.4214943,4,1460.052158,0,0,0,153.966632
145,1,146,0.105122642,0,0,1460.052158,,,,0,0,1,2500.446311,2500.446311,0,400.0714097,83.01481751,0,,,385.328597,2500.446311,2400.428458,100.0178524,2500.446311,0,1,0,0,0.161813546,132.7325,0.96,854.4588759,820.2805209,34.17835504,1,0,0,0.161397285,131.5323247,0.96,848.916621,814.9599562,33.95666484,1,0,0,0.15821442,121.0637724,0.96,797.0708137,765.1879811,31.88283255,,,,850.4635319,2400.428458,2220.396324,180.0321344,2400.428458,0,1,0,0,0.383104399,212.7206161,0.925,600.2756276,555.2549555,45.02067207,1,0,0,0.383045295,212.6442893,0.925,600.1528306,555.1413683,45.0114623,1,0,0,0.382971736,212.5493133,0.925,600,555,45,1,0,0,0.382971736,212.5493133,0.925,600,555,45,1,,,0.101,224.2600287,2220.396324,2220.396324,0,68.83228604,0,,,280.0499868,0,120.4214943,4,1460.052158,0,0,0,153.4845403
146,1,147,0.10495283,0,0,1460.052158,,,,0,0,1,2500.446311,2500.446311,0,400.0714097,83.01481751,0,,,385.328597,2500.446311,2400.428458,100.0178524,2500.446311,0,1,0,0,0.161813546,132.7325,0.96,854.4588759,820.2805209,34.17835504,1,0,0,0.161397285,131.5323247,0.96,848.916621,814.9599562,33.95666484,1,0,0,0.15821442,121.0637724,0.96,797.0708137,765.1879811,31.88283255,,,,850.4635319,2400.428458,2220.396324,180.0321344,2400.428458,0,1,0,0,0.383104399,212.7206161,0.925,600.2756276,555.2549555,45.02067207,1,0,0,0.383045295,212.6442893,0.925,600.1528306,555.1413683,45.0114623,1,0,0,0.382971736,212.5493133,0.925,600,555,45,1,0,0,0.382971736,212.5493133,0.925,600,555,45,1,,,0.101,224.2600287,2220.396324,2220.396324,0,68.83228604,0,,,280.0499868,0,120.4214943,4,1460.052158,0,0,0,153.2366059
147,1,148,0.104943396,0,0,1460.052158,,,,0,0,1,2500.446311,2500.446311,0,400.0714097,83.01481751,0,,,385.328597,2500.446311,2400.428458,100.0178524,2500.446311,0,1,0,0,0.161813546,132.7325,0.96,854.4588759,820.2805209,34.17835504,1,0,0,0.161397285,131.5323247,0.96,848.916621,814.9599562,33.95666484,1,0,0,0.15821442,121.0637724,0.96,797.0708137,765.1879811,31.88283255,,,,850.4635319,2400.428458,2220.396324,180.0321344,2400.428458,0,1,0,0,0.383104399,212.7206161,0.925,600.2756276,555.2549555,45.02067207,1,0,0,0.383045295,212.6442893,0.925,600.1528306,555.1413683,45.0114623,1,0,0,0.382971736,212.5493133,0.925,600,555,45,1,0,0,0.382971736,212.5493133,0.925,600,555,45,1,,,0.101,224.2600287,2220.396324,2220.396324,0,68.83228604,0,,,280.0499868,0,120.4214943,4,1460.052158,0,0,0,153.2228318
148,1,149,0.105349057,0,0,1460.052158,,,,0,0,1,2500.446311,2500.446311,0,400.0714097,83.01481751,0,,,385.328597,2500.446311,2400.428458,100.0178524,2500.446311,0,1,0,0,0.161813546,132.7325,0.96,854.4588759,820.2805209,34.17835504,1,0,0,0.161397285,131.5323247,0.96,848.916621,814.9599562,33.95666484,1,0,0,0.15821442,121.0637724,0.96,797.0708137,765.1879811,31.88283255,,,,850.4635319,2400.428458,2220.396324,180.0321344,2400.428458,0,1,0,0,0.383104399,212.7206161,0.925,600.2756276,555.2549555,45.02067207,1,0,0,0.383045295,212.6442893,0.925,600.1528306,555.1413683,45.0114623,1,0,0,0.382971736,212.5493133,0.925,600,555,45,1,0,0,0.382971736,212.5493133,0.925,600,555,45,1,,,0.101,224.2600287,2220.396324,2220.396324,0,68.83228604,0,,,280.0499868,0,120.4214943,4,1460.052158,0,0,0,153.815118
149,1,150,0.105641509,0,0,1460.052158,,,,0,0,1,2500.446311,2500.446311,0,400.0714097,83.01481751,0,,,385.328597,2500.446311,2400.428458,100.0178524,2500.446311,0,1,0,0,0.161813546,132.7325,0.96,854.4588759,820.2805209,34.17835504,1,0,0,0.161397285,131.5323247,0.96,848.916621,814.9599562,33.95666484,1,0,0,0.15821442,121.0637724,0.96,797.0708137,765.1879811,31.88283255,,,,850.4635319,2400.428458,2220.396324,180.0321344,2400.428458,0,1,0,0,0.383104399,212.7206161,0.925,600.2756276,555.2549555,45.02067207,1,0,0,0.383045295,212.6442893,0.925,600.1528306,555.1413683,45.0114623,1,0,0,0.382971736,212.5493133,0.925,600,555,45,1,0,0,0.382971736,212.5493133,0.925,600,555,45,1,,,0.101,224.2600287,2220.396324,2220.396324,0,68.83228604,0,,,280.0499868,0,120.4214943,4,1460.052158,0,0,0,154.2421132
150,1,151,0.098415094,0,0,1460.052158,,,,0,0,1,2500.446311,2500.446311,0,400.0714097,83.01481751,0,,,385.328597,2500.446311,2400.428458,100.0178524,2500.446311,0,1,0,0,0.161813546,132.7325,0.96,854.4588759,820.2805209,34.17835504,1,0,0,0.161397285,131.5323247,0.96,848.916621,814.9599562,33.95666484,1,0,0,0.15821442,121.0637724,0.96,797.0708137,765.1879811,31.88283255,,,,850.4635319,2400.428458,2220.396324,180.0321344,2400.428458,0,1,0,0,0.383104399,212.7206161,0.925,600.2756276,555.2549555,45.02067207,1,0,0,0.383045295,212.6442893,0.925,600.1528306,555.1413683,45.0114623,1,0,0,0.382971736,212.5493133,0.925,600,555,45,1,0,0,0.382971736,212.5493133,0.925,600,555,45,1,,,0.101,224.2600287,2220.396324,2220.396324,0,68.83228604,0,,,280.0499868,0,120.4214943,4,1460.052158,0,0,0,143.6911703
151,1,152,0.083839623,0,0,1460.052158,,,,0,0,1,2500.446311,2500.446311,0,400.0714097,83.01481751,0,,,385.328597,2500.446311,2400.428458,100.0178524,2500.446311,0,1,0,0,0.161813546,132.7325,0.96,854.4588759,820.2805209,34.17835504,1,0,0,0.161397285,131.5323247,0.96,848.916621,814.9599562,33.95666484,1,0,0,0.15821442,121.0637724,0.96,797.0708137,765.1879811,31.88283255,,,,850.4635319,2400.428458,2220.396324,180.0321344,2400.428458,0,1,0,0,0.383104399,212.7206161,0.925,600.2756276,555.2549555,45.02067207,1,0,0,0.383045295,212.6442893,0.925,600.1528306,555.1413683,45.0114623,1,0,0,0.382971736,212.5493133,0.925,600,555,45,1,0,0,0.382971736,212.5493133,0.925,600,555,45,1,,,0.101,224.2600287,2220.396324,2220.396324,0,68.83228604,0,,,280.0499868,0,120.4214943,4,1460.052158,0,0,0,122.4102225
152,1,153,0.067462264,0,0,1460.052158,,,,0,0,1,2500.446311,2500.446311,0,400.0714097,83.01481751,0,,,385.328597,2500.446311,2400.428458,100.0178524,2500.446311,0,1,0,0,0.161813546,132.7325,0.96,854.4588759,820.2805209,34.17835504,1,0,0,0.161397285,131.5323247,0.96,848.916621,814.9599562,33.95666484,1,0,0,0.15821442,121.0637724,0.96,797.0708137,765.1879811,31.88283255,,,,850.4635319,2400.428458,2220.396324,180.0321344,2400.428458,0,1,0,0,0.383104399,212.7206161,0.925,600.2756276,555.2549555,45.02067207,1,0,0,0.383045295,212.6442893,0.925,600.1528306,555.1413683,45.0114623,1,0,0,0.382971736,212.5493133,0.925,600,555,45,1,0,0,0.382971736,212.5493133,0.925,600,555,45,1,,,0.101,224.2600287,2220.396324,2220.396324,0,68.83228604,0,,,280.0499868,0,120.4214943,4,1460.052158,0,0,0,98.49842411
153,1,154,0.060292453,0,0,1460.052158,,,,0,0,1,2500.446311,2500.446311,0,400.0714097,83.01481751,0,,,385.328597,2500.446311,2400.428458,100.0178524,2500.446311,0,1,0,0,0.161813546,132.7325,0.96,854.4588759,820.2805209,34.17835504,1,0,0,0.161397285,131.5323247,0.96,848.916621,814.9599562,33.95666484,1,0,0,0.15821442,121.0637724,0.96,797.0708137,765.1879811,31.88283255,,,,850.4635319,2400.428458,2220.396324,180.0321344,2400.428458,0,1,0,0,0.383104399,212.7206161,0.925,600.2756276,555.2549555,45.02067207,1,0,0,0.383045295,212.6442893,0.925,600.1528306,555.1413683,45.0114623,1,0,0,0.382971736,212.5493133,0.925,600,555,45,1,0,0,0.382971736,212.5493133,0.925,600,555,45,1,,,0.101,224.2600287,2220.396324,2220.396324,0,68.83228604,0,,,280.0499868,0,120.4214943,4,1460.052158,0,0,0,88.03012609
154,1,155,0.057339623,0,0,1460.052158,,,,0,0,1,2500.446311,2500.446311,0,400.0714097,83.01481751,0,,,385.328597,2500.446311,2400.428458,100.0178524,2500.446311,0,1,0,0,0.161813546,132.7325,0.96,854.4588759,820.2805209,34.17835504,1,0,0,0.161397285,131.5323247,0.96,848.916621,814.9599562,33.95666484,1,0,0,0.15821442,121.0637724,0.96,797.0708137,765.1879811,31.88283255,,,,850.4635319,2400.428458,2220.396324,180.0321344,2400.428458,0,1,0,0,0.383104399,212.7206161,0.925,600.2756276,555.2549555,45.02067207,1,0,0,0.383045295,212.6442893,0.925,600.1528306,555.1413683,45.0114623,1,0,0,0.382971736,212.5493133,0.925,600,555,45,1,0,0,0.382971736,212.5493133,0.925,600,555,45,1,,,0.101,224.2600287,2220.396324,2220.396324,0,68.83228604,0,,,280.0499868,0,120.4214943,4,1460.052158,0,0,0,83.71884028
155,1,156,0.055707547,0,0,1460.052158,,,,0,0,1,2500.446311,2500.446311,0,400.0714097,83.01481751,0,,,385.328597,2500.446311,2400.428458,100.0178524,2500.446311,0,1,0,0,0.161813546,132.7325,0.96,854.4588759,820.2805209,34.17835504,1,0,0,0.161397285,131.5323247,0.96,848.916621,814.9599562,33.95666484,1,0,0,0.15821442,121.0637724,0.96,797.0708137,765.1879811,31.88283255,,,,850.4635319,2400.428458,2220.396324,180.0321344,2400.428458,0,1,0,0,0.383104399,212.7206161,0.925,600.2756276,555.2549555,45.02067207,1,0,0,0.383045295,212.6442893,0.925,600.1528306,555.1413683,45.0114623,1,0,0,0.382971736,212.5493133,0.925,600,555,45,1,0,0,0.382971736,212.5493133,0.925,600,555,45,1,,,0.101,224.2600287,2220.396324,2220.396324,0,68.83228604,0,,,280.0499868,0,120.4214943,4,1460.052158,0,0,0,81.33592419
156,1,157,0.059575472,0,0,1460.052158,,,,0,0,1,2500.446311,2500.446311,0,400.0714097,83.01481751,0,,,385.328597,2500.446311,2400.428458,100.0178524,2500.446311,0,1,0,0,0.161813546,132.7325,0.96,854.4588759,820.2805209,34.17835504,1,0,0,0.161397285,131.5323247,0.96,848.916621,814.9599562,33.95666484,1,0,0,0.15821442,121.0637724,0.96,797.0708137,765.1879811,31.88283255,,,,850.4635319,2400.428458,2220.396324,180.0321344,2400.428458,0,1,0,0,0.383104399,212.7206161,0.925,600.2756276,555.2549555,45.02067207,1,0,0,0.383045295,212.6442893,0.925,600.1528306,555.1413683,45.0114623,1,0,0,0.382971736,212.5493133,0.925,600,555,45,1,0,0,0.382971736,212.5493133,0.925,600,555,45,1,,,0.101,224.2600287,2220.396324,2220.396324,0,68.83228604,0,,,280.0499868,0,120.4214943,4,1460.052158,0,0,0,86.98329644
157,1,158,0.062566038,0,0,1460.052158,,,,0,0,1,2500.446311,2500.446311,0,400.0714097,83.01481751,0,,,385.328597,2500.446311,2400.428458,100.0178524,2500.446311,0,1,0,0,0.161813546,132.7325,0.96,854.4588759,820.2805209,34.17835504,1,0,0,0.161397285,131.5323247,0.96,848.916621,814.9599562,33.95666484,1,0,0,0.15821442,121.0637724,0.96,797.0708137,765.1879811,31.88283255,,,,850.4635319,2400.428458,2220.396324,180.0321344,2400.428458,0,1,0,0,0.383104399,212.7206161,0.925,600.2756276,555.2549555,45.02067207,1,0,0,0.383045295,212.6442893,0.925,600.1528306,555.1413683,45.0114623,1,0,0,0.382971736,212.5493133,0.925,600,555,45,1,0,0,0.382971736,212.5493133,0.925,600,555,45,1,,,0.101,224.2600287,2220.396324,2220.396324,0,68.83228604,0,,,280.0499868,0,120.4214943,4,1460.052158,0,0,0,91.34967878
158,1,159,0.069584906,0,0,1460.052158,,,,0,0,1,2500.446311,2500.446311,0,400.0714097,83.01481751,0,,,385.328597,2500.446311,2400.428458,100.0178524,2500.446311,0,1,0,0,0.161813546,132.7325,0.96,854.4588759,820.2805209,34.17835504,1,0,0,0.161397285,131.5323247,0.96,848.916621,814.9599562,33.95666484,1,0,0,0.15821442,121.0637724,0.96,797.0708137,765.1879811,31.88283255,,,,850.4635319,2400.428458,2220.396324,180.0321344,2400.428458,0,1,0,0,0.383104399,212.7206161,0.925,600.2756276,555.2549555,45.02067207,1,0,0,0.383045295,212.6442893,0.925,600.1528306,555.1413683,45.0114623,1,0,0,0.382971736,212.5493133,0.925,600,555,45,1,0,0,0.382971736,212.5493133,0.925,600,555,45,1,,,0.101,224.2600287,2220.396324,2220.396324,0,68.83228604,0,,,280.0499868,0,120.4214943,4,1460.052158,0,0,0,101.5975921
159,1,160,0.078679245,0,0,1460.052158,,,,0,0,1,2500.446311,2500.446311,0,400.0714097,83.01481751,0,,,385.328597,2500.446311,2400.428458,100.0178524,2500.446311,0,1,0,0,0.161813546,132.7325,0.96,854.4588759,820.2805209,34.17835504,1,0,0,0.161397285,131.5323247,0.96,848.916621,814.9599562,33.95666484,1,0,0,0.15821442,121.0637724,0.96,797.0708137,765.1879811,31.88283255,,,,850.4635319,2400.428458,2220.396324,180.0321344,2400.428458,0,1,0,0,0.383104399,212.7206161,0.925,600.2756276,555.2549555,45.02067207,1,0,0,0.383045295,212.6442893,0.925,600.1528306,555.1413683,45.0114623,1,0,0,0.382971736,212.5493133,0.925,600,555,45,1,0,0,0.382971736,212.5493133,0.925,600,555,45,1,,,0.101,224.2600287,2220.396324,2220.396324,0,68.83228604,0,,,280.0499868,0,120.4214943,4,1460.052158,0,0,0,114.8758014
160,1,161,0.10140566,0,0,1460.052158,,,,0,0,1,2500.446311,2500.446311,0,400.0714097,83.01481751,0,,,385.328597,2500.446311,2400.428458,100.0178524,2500.446311,0,1,0,0,0.161813546,132.7325,0.96,854.4588759,820.2805209,34.17835504,1,0,0,0.161397285,131.5323247,0.96,848.916621,814.9599562,33.95666484,1,0,0,0.15821442,121.0637724,0.96,797.0708137,765.1879811,31.88283255,,,,850.4635319,2400.428458,2220.396324,180.0321344,2400.428458,0,1,0,0,0.383104399,212.7206161,0.925,600.2756276,555.2549555,45.02067207,1,0,0,0.383045295,212.6442893,0.925,600.1528306,555.1413683,45.0114623,1,0,0,0.382971736,212.5493133,0.925,600,555,45,1,0,0,0.382971736,212.5493133,0.925,600,555,45,1,,,0.101,224.2600287,2220.396324,2220.396324,0,68.83228604,0,,,280.0499868,0,120.4214943,4,1460.052158,0,0,0,148.0575527
161,1,162,0.686716981,0,0,590.197329,,,,0,0,1,1083.333333,1083.333333,0,173.3333333,35.96666667,0,,,168.6933872,1083.333333,1040,43.33333333,1083.333333,0,1,0,0,0.156538214,95.49224444,0.96,635.4428439,610.0251302,25.41771376,1,0,0,0.170245165,73.20114281,0.96,447.8904894,429.9748698,17.91561958,0,0,1,0.271,0,0.96,0,0,0,,,,325.5539417,1040,950,90,1040,0,1,0,0,0.34268836,162.7769709,0.913461538,520,475,45,1,0,0,0.34268836,162.7769709,0.913461538,520,475,45,0,0,1,0.087248178,0,0.88,0,0,0,0,0,1,0.087248178,0,0.88,0,0,0,1,,,0.101,95.95,950,950,0,29.45,0,,,133.3333333,0,57.33333333,2,590.197329,0,0,0,405.2985279
162,1,163,1.802632075,0,0,570.0373108,,,,0,0,1,1083.333333,1083.333333,0,173.3333333,35.96666667,0,,,168.6933872,1083.333333,1040,43.33333333,1083.333333,0,1,0,0,0.156538214,95.49224444,0.96,635.4428439,610.0251302,25.41771376,1,0,0,0.170245165,73.20114281,0.96,447.8904894,429.9748698,17.91561958,0,0,0,0.271,0,0.96,0,0,0,,,,308.9087236,1040,915.2,124.8,1040,0,1,0,0,0.337531385,154.4543618,0.88,520,457.6,62.4,1,0,0,0.337531385,154.4543618,0.88,520,457.6,62.4,0,0,0,0.087248178,0,0.88,0,0,0,0,0,0,0.087248178,0,0.88,0,0,0,1,,,0.101,92.4352,915.2,915.2,0,28.3712,0,,,168.1333333,0,72.29733333,2,570.0373108,0,0,0,1027.56754
163,1,164,0.191198113,0,0,725.464191,,,,0,0,1,1250,1250,0,200,41.5,0,,,188.2555645,1250,1200,50,1250,0,1,0,0,0.156538214,95.49224444,0.96,635.4428439,610.0251302,25.41771376,1,0,0,0.157232663,92.76332002,0.96,614.5571561,589.9748698,24.58228624,0,0,0,0.271,0,0.96,0,0,0,,,,425.0986266,1200,1110,90,1200,0,1,0,0,0.382971736,212.5493133,0.925,600,555,45,1,0,0,0.382971736,212.5493133,0.925,600,555,45,0,0,0,0.087248178,0,0.88,0,0,0,0,0,0,0.087248178,0,0.88,0,0,0,1,,,0.101,112.11,1110,1110,0,34.41,0,,,140,0,60.2,2,725.464191,0,0,0,138.7073844
164,1,165,0.125169811,0,0,1459.373581,,,,0,0,1,2500,2500,0,400,83,0,,,384.9563283,2500,2400,100,2500,0,1,0,0,0.162036887,133.366173,0.96,857.354763,823.0605725,34.29419052,1,0,0,0.159543322,125.7950777,0.96,821.3226185,788.4697138,32.85290474,1,1,0,0.159543322,125.7950777,0.96,821.3226185,788.4697138,32.85290474,,,,850.1972532,2400,2220,180,2400,0,1,0,0,0.382971736,212.5493133,0.925,600,555,45,1,0,0,0.382971736,212.5493133,0.925,600,555,45,1,1,0,0.382971736,212.5493133,0.925,600,555,45,1,1,0,0.382971736,212.5493133,0.925,600,555,45,1,,,0.101,224.22,2220,2220,0,68.82,0,,,280,0,120.4,4,1459.373581,0,0,0,182.6695154
165,1,166,0.115509434,0,0,1459.373581,,,,0,0,1,2500,2500,0,400,83,0,,,384.9563283,2500,2400,100,2500,0,1,0,0,0.162036887,133.366173,0.96,857.354763,823.0605725,34.29419052,1,0,0,0.159543322,125.7950777,0.96,821.3226185,788.4697138,32.85290474,1,0,0,0.159543322,125.7950777,0.96,821.3226185,788.4697138,32.85290474,,,,850.1972532,2400,2220,180,2400,0,1,0,0,0.382971736,212.5493133,0.925,600,555,45,1,0,0,0.382971736,212.5493133,0.925,600,555,45,1,0,0,0.382971736,212.5493133,0.925,600,555,45,1,0,0,0.382971736,212.5493133,0.925,600,555,45,1,,,0.101,224.22,2220,2220,0,68.82,0,,,280,0,120.4,4,1459.373581,0,0,0,168.5714164
166,1,167,0.111292453,0,0,1459.373581,,,,0,0,1,2500,2500,0,400,83,0,,,384.9563283,2500,2400,100,2500,0,1,0,0,0.162036887,133.366173,0.96,857.354763,823.0605725,34.29419052,1,0,0,0.159543322,125.7950777,0.96,821.3226185,788.4697138,32.85290474,1,0,0,0.159543322,125.7950777,0.96,821.3226185,788.4697138,32.85290474,,,,850.1972532,2400,2220,180,2400,0,1,0,0,0.382971736,212.5493133,0.925,600,555,45,1,0,0,0.382971736,212.5493133,0.925,600,555,45,1,0,0,0.382971736,212.5493133,0.925,600,555,45,1,0,0,0.382971736,212.5493133,0.925,600,555,45,1,,,0.101,224.22,2220,2220,0,68.82,0,,,280,0,120.4,4,1459.373581,0,0,0,162.4172657
167,1,168,0.10845283,0,0,1459.373581,,,,0,0,1,2500,2500,0,400,83,0,,,384.9563283,2500,2400,100,2500,0,1,0,0,0.162036887,133.366173,0.96,857.354763,823.0605725,34.29419052,1,0,0,0.159543322,125.7950777,0.96,821.3226185,788.4697138,32.85290474,1,0,0,0.159543322,125.7950777,0.96,821.3226185,788.4697138,32.85290474,,,,850.1972532,2400,2220,180,2400,0,1,0,0,0.382971736,212.5493133,0.925,600,555,45,1,0,0,0.382971736,212.5493133,0.925,600,555,45,1,0,0,0.382971736,212.5493133,0.925,600,555,45,1,0,0,0.382971736,212.5493133,0.925,600,555,45,1,,,0.101,224.22,2220,2220,0,68.82,0,,,280,0,120.4,4,1459.373581,0,0,0,158.2731949
