,Day,Time,LMP,peak_hour,bypass_pretreatment_flow,power_from_grid,intake.op_mode,intake.startup,intake.shutdown,intake.energy_intensity,intake.power_consumption,intake.recovery,intake.feed_flowrate,intake.product_flowrate,intake.reject_flowrate,intake.feed_cost,intake.chemical_cost,pretreatment.op_mode,pretreatment.startup,pretreatment.shutdown,pretreatment.power_consumption,pretreatment.feed_flowrate,pretreatment.product_flowrate,pretreatment.reject_flowrate,pretreatment.inlet_flowrate,pretreatment.leftover_flow,pretreatment.uf_pumps[1].op_mode,pretreatment.uf_pumps[1].startup,pretreatment.uf_pumps[1].shutdown,pretreatment.uf_pumps[1].energy_intensity,pretreatment.uf_pumps[1].power_consumption,pretreatment.uf_pumps[1].recovery,pretreatment.uf_pumps[1].feed_flowrate,pretreatment.uf_pumps[1].product_flowrate,pretreatment.uf_pumps[1].reject_flowrate,pretreatment.uf_pumps[2].op_mode,pretreatment.uf_pumps[2].startup,pretreatment.uf_pumps[2].shutdown,pretreatment.uf_pumps[2].energy_intensity,pretreatment.uf_pumps[2].power_consumption,pretreatment.uf_pumps[2].recovery,pretreatment.uf_pumps[2].feed_flowrate,pretreatment.uf_pumps[2].product_flowrate,pretreatment.uf_pumps[2].reject_flowrate,pretreatment.uf_pumps[3].op_mode,pretreatment.uf_pumps[3].startup,pretreatment.uf_pumps[3].shutdown,pretreatment.uf_pumps[3].energy_intensity,pretreatment.uf_pumps[3].power_consumption,pretreatment.uf_pumps[3].recovery,pretreatment.uf_pumps[3].feed_flowrate,pretreatment.uf_pumps[3].product_flowrate,pretreatment.uf_pumps[3].reject_flowrate,reverse_osmosis.op_mode,reverse_osmosis.startup,reverse_osmosis.shutdown,reverse_osmosis.power_consumption,reverse_osmosis.feed_flowrate,reverse_osmosis.product_flowrate,reverse_osmosis.reject_flowrate,reverse_osmosis.inlet_flowrate,reverse_osmosis.leftover_flow,reverse_osmosis.ro_skid[1].op_mode,reverse_osmosis.ro_skid[1].startup,reverse_osmosis.ro_skid[1].shutdown,reverse_osmosis.ro_skid[1].energy_intensity,reverse_osmosis.ro_skid[1].power_consumption,reverse_osmosis.ro_skid[1].recovery,reverse_osmosis.ro_skid[1].feed_flowrate,reverse_osmosis.ro_skid[1].product_flowrate,reverse_osmosis.ro_skid[1].reject_flowrate,reverse_osmosis.ro_skid[2].op_mode,reverse_osmosis.ro_skid[2].startup,reverse_osmosis.ro_skid[2].shutdown,reverse_osmosis.ro_skid[2].energy_intensity,reverse_osmosis.ro_skid[2].power_consumption,reverse_osmosis.ro_skid[2].recovery,reverse_osmosis.ro_skid[2].feed_flowrate,reverse_osmosis.ro_skid[2].product_flowrate,reverse_osmosis.ro_skid[2].reject_flowrate,reverse_osmosis.ro_skid[3].op_mode,reverse_osmosis.ro_skid[3].startup,reverse_osmosis.ro_skid[3].shutdown,reverse_osmosis.ro_skid[3].energy_intensity,reverse_osmosis.ro_skid[3].power_consumption,reverse_osmosis.ro_skid[3].recovery,reverse_osmosis.ro_skid[3].feed_flowrate,reverse_osmosis.ro_skid[3].product_flowrate,reverse_osmosis.ro_skid[3].reject_flowrate,reverse_osmosis.ro_skid[4].op_mode,reverse_osmosis.ro_skid[4].startup,reverse_osmosis.ro_skid[4].shutdown,reverse_osmosis.ro_skid[4].energy_intensity,reverse_osmosis.ro_skid[4].power_consumption,reverse_osmosis.ro_skid[4].recovery,reverse_osmosis.ro_skid[4].feed_flowrate,reverse_osmosis.ro_skid[4].product_flowrate,reverse_osmosis.ro_skid[4].reject_flowrate,posttreatment.op_mode,posttreatment.startup,posttreatment.shutdown,posttreatment.energy_intensity,posttreatment.power_consumption,posttreatment.feed_flowrate,posttreatment.product_flowrate,posttreatment.reject_flowrate,posttreatment.chemical_cost,brine_discharge.op_mode,brine_discharge.startup,brine_discharge.shutdown,brine_discharge.feed_flowrate,brine_discharge.power_consumption,brine_discharge.brine_cost,num_skids_online,net_power_consumption,water_revenue,demand_response_revenue,emissions_cost,energy_cost
0,1,1,0.1016,0,0,1299.975684,,,,0,0,1,2323.812502,2323.812502,0,371.8100003,77.15057506,0,,,350.7862283,2323.812502,2230.860002,92.95250007,2323.812502,0,1,0,0,0.157384071,117.6119849,0.96,778.430013,747.2928125,31.13720052,1,0,0,0.157384071,117.6119849,0.96,778.430013,747.2928125,31.13720052,1,0,0,0.156955426,115.5622584,0.96,766.9524758,736.2743767,30.67809903,,,,742.0751679,2230.860002,2050.636508,180.2234934,2230.860002,0,1,0,0,0.371436717,197.6006194,0.922002466,576.9941194,531.9900008,45.00411853,1,0,0,0.36224463,186.0890933,0.919457482,558.7111161,513.7111161,45,1,0,0,0.359059263,182.1773958,0.918481058,552.4056993,507.3741713,45.03152799,1,0,0,0.354143475,176.2080595,0.916742654,542.749067,497.5612201,45.18784692,1,,,0.101,207.1142873,2050.636508,2050.636508,0,63.56973175,0,,,273.1759935,8.53E-14,117.4656772,4,1299.975684,0,0,0,132.0775294
1,1,2,0.1016,0,0,1300.068713,,,,0,0,1,2323.812502,2323.812502,0,371.8100003,77.15057506,0,,,350.7862283,2323.812502,2230.860002,92.95250007,2323.812502,0,1,0,0,0.157384071,117.6119849,0.96,778.430013,747.2928125,31.13720052,1,0,0,0.157384071,117.6119849,0.96,778.430013,747.2928125,31.13720052,1,0,0,0.156955426,115.5622584,0.96,766.9524758,736.2743767,30.67809903,,,,742.1524449,2230.860002,2050.792474,180.0675274,2230.860002,0,1,0,0,0.371436717,197.6006194,0.922002466,576.9941194,531.9900008,45.00411853,1,0,0,0.36224463,186.0890933,0.919457482,558.7111161,513.7111161,45,1,0,0,0.359059263,182.1773958,0.918481058,552.4056993,507.3741713,45.03152799,1,0,0,0.354187762,176.2853364,0.917030017,542.749067,497.7171861,45.0318809,1,,,0.101,207.1300399,2050.792474,2050.792474,0,63.5745667,0,,,273.0200275,-1.14E-13,117.3986118,4,1300.068713,0,0,0,132.0869812
2,1,3,0.1016,0,0,1300.072541,,,,0,0,1,2323.812502,2323.812502,0,371.8100003,77.15057506,0,,,350.7862283,2323.812502,2230.860002,92.95250007,2323.812502,0,1,0,0,0.157384071,117.6119849,0.96,778.430013,747.2928125,31.13720052,1,0,0,0.157384071,117.6119849,0.96,778.430013,747.2928125,31.13720052,1,0,0,0.156955426,115.5622584,0.96,766.9524758,736.2743767,30.67809903,,,,742.1556251,2230.860002,2050.798892,180.0611095,2230.860002,0,1,0,0,0.371436717,197.6006194,0.922002466,576.9941194,531.9900008,45.00411853,1,0,0,0.36224463,186.0890933,0.919457482,558.7111161,513.7111161,45,1,0,0,0.359059263,182.1773958,0.918481058,552.4056993,507.3741713,45.03152799,1,0,0,0.354189585,176.2885166,0.917041842,542.749067,497.7236039,45.02546303,1,,,0.101,207.1306881,2050.798892,2050.798892,0,63.57476566,0,,,273.0136096,1.42E-13,117.3958521,4,1300.072541,0,0,0,132.0873702
3,1,4,0.1016,0,0,1300.072541,,,,0,0,1,2323.812502,2323.812502,0,371.8100003,77.15057506,0,,,350.7862283,2323.812502,2230.860002,92.95250007,2323.812502,0,1,0,0,0.157384071,117.6119849,0.96,778.430013,747.2928125,31.13720052,1,0,0,0.157384071,117.6119849,0.96,778.430013,747.2928125,31.13720052,1,0,0,0.156955426,115.5622584,0.96,766.9524758,736.2743767,30.67809903,,,,742.1556251,2230.860002,2050.798892,180.0611095,2230.860002,0,1,0,0,0.371436717,197.6006194,0.922002466,576.9941194,531.9900008,45.00411853,1,0,0,0.36224463,186.0890933,0.919457482,558.7111161,513.7111161,45,1,0,0,0.359059263,182.1773958,0.918481058,552.4056993,507.3741713,45.03152799,1,0,0,0.354189585,176.2885166,0.917041842,542.749067,497.7236039,45.02546303,1,,,0.101,207.1306881,2050.798892,2050.798892,0,63.57476566,0,,,273.0136096,-1.42E-13,117.3958521,4,1300.072541,0,0,0,132.0873702
4,1,5,0.1016,0,0,1300.068713,,,,0,0,1,2323.812502,2323.812502,0,371.8100003,77.15057506,0,,,350.7862283,2323.812502,2230.860002,92.95250007,2323.812502,0,1,0,0,0.157384071,117.6119849,0.96,778.430013,747.2928125,31.13720052,1,0,0,0.157384071,117.6119849,0.96,778.430013,747.2928125,31.13720052,1,0,0,0.156955426,115.5622584,0.96,766.9524758,736.2743767,30.67809903,,,,742.1524449,2230.860002,2050.792474,180.0675274,2230.860002,0,1,0,0,0.371436717,197.6006194,0.922002466,576.9941194,531.9900008,45.00411853,1,0,0,0.36224463,186.0890933,0.919457482,558.7111161,513.7111161,45,1,0,0,0.359059263,182.1773958,0.918481058,552.4056993,507.3741713,45.03152799,1,0,0,0.354187762,176.2853364,0.917030017,542.749067,497.7171861,45.0318809,1,,,0.101,207.1300399,2050.792474,2050.792474,0,63.5745667,0,,,273.0200275,-2.84E-14,117.3986118,4,1300.068713,0,0,0,132.0869812
5,1,6,0.1016,0,0,1300.094127,,,,0,0,1,2323.812502,2323.812502,0,371.8100003,77.15057506,0,,,350.7862283,2323.812502,2230.860002,92.95250007,2323.812502,0,1,0,0,0.157384071,117.6119849,0.96,778.430013,747.2928125,31.13720052,1,0,0,0.157384071,117.6119849,0.96,778.430013,747.2928125,31.13720052,1,0,0,0.156955426,115.5622584,0.96,766.9524758,736.2743767,30.67809903,,,,742.1735653,2230.860002,2050.834987,180.0250143,2230.860002,0,1,0,0,0.371436717,197.6006194,0.922002466,576.9941194,531.9900008,45.00411853,1,0,0,0.36224463,186.0890933,0.919457482,558.7111161,513.7111161,45,1,0,0,0.359062229,182.1827185,0.918500305,552.4056993,507.3848035,45.02089579,1,0,0,0.354196815,176.3011342,0.917088757,542.749067,497.749067,45,1,,,0.101,207.1343337,2050.834987,2050.834987,0,63.57588461,0,,,272.9775144,-2.84E-14,117.3803312,4,1300.094127,0,0,0,132.0895633
6,1,7,0.1016,0,0,1300.094127,,,,0,0,1,2323.812502,2323.812502,0,371.8100003,77.15057506,0,,,350.7862283,2323.812502,2230.860002,92.95250007,2323.812502,0,1,0,0,0.157384071,117.6119849,0.96,778.430013,747.2928125,31.13720052,1,0,0,0.157384071,117.6119849,0.96,778.430013,747.2928125,31.13720052,1,0,0,0.156955426,115.5622584,0.96,766.9524758,736.2743767,30.67809903,,,,742.1735653,2230.860002,2050.834987,180.0250143,2230.860002,0,1,0,0,0.371436717,197.6006194,0.922002466,576.9941194,531.9900008,45.00411853,1,0,0,0.36224463,186.0890933,0.919457482,558.7111161,513.7111161,45,1,0,0,0.359062229,182.1827185,0.918500305,552.4056993,507.3848035,45.02089579,1,0,0,0.354196815,176.3011342,0.917088757,542.749067,497.749067,45,1,,,0.101,207.1343337,2050.834987,2050.834987,0,63.57588461,0,,,272.9775144,8.53E-14,117.3803312,4,1300.094127,0,0,0,132.0895633
7,1,8,0.1016,0,0,1300.094127,,,,0,0,1,2323.812502,2323.812502,0,371.8100003,77.15057506,0,,,350.7862283,2323.812502,2230.860002,92.95250007,2323.812502,0,1,0,0,0.157384071,117.6119849,0.96,778.430013,747.2928125,31.13720052,1,0,0,0.157384071,117.6119849,0.96,778.430013,747.2928125,31.13720052,1,0,0,0.156955426,115.5622584,0.96,766.9524758,736.2743767,30.67809903,,,,742.1735653,2230.860002,2050.834987,180.0250143,2230.860002,0,1,0,0,0.371436717,197.6006194,0.922002466,576.9941194,531.9900008,45.00411853,1,0,0,0.36224463,186.0890933,0.919457482,558.7111161,513.7111161,45,1,0,0,0.359062229,182.1827185,0.918500305,552.4056993,507.3848035,45.02089579,1,0,0,0.354196815,176.3011342,0.917088757,542.749067,497.749067,45,1,,,0.101,207.1343337,2050.834987,2050.834987,0,63.57588461,0,,,272.9775144,-2.84E-14,117.3803312,4,1300.094127,0,0,0,132.0895633
8,1,9,0.1016,0,0,1300.094127,,,,0,0,1,2323.812502,2323.812502,0,371.8100003,77.15057506,0,,,350.7862283,2323.812502,2230.860002,92.95250007,2323.812502,0,1,0,0,0.157384071,117.6119849,0.96,778.430013,747.2928125,31.13720052,1,0,0,0.157384071,117.6119849,0.96,778.430013,747.2928125,31.13720052,1,0,0,0.156955426,115.5622584,0.96,766.9524758,736.2743767,30.67809903,,,,742.1735653,2230.860002,2050.834987,180.0250143,2230.860002,0,1,0,0,0.371436717,197.6006194,0.922002466,576.9941194,531.9900008,45.00411853,1,0,0,0.36224463,186.0890933,0.919457482,558.7111161,513.7111161,45,1,0,0,0.359062229,182.1827185,0.918500305,552.4056993,507.3848035,45.02089579,1,0,0,0.354196815,176.3011342,0.917088757,542.749067,497.749067,45,1,,,0.101,207.1343337,2050.834987,2050.834987,0,63.57588461,0,,,272.9775144,0,117.3803312,4,1300.094127,0,0,0,132.0895633
9,1,10,0.1016,0,0,1300.094127,,,,0,0,1,2323.812502,2323.812502,0,371.8100003,77.15057506,0,,,350.7862283,2323.812502,2230.860002,92.95250007,2323.812502,0,1,0,0,0.157384071,117.6119849,0.96,778.430013,747.2928125,31.13720052,1,0,0,0.157384071,117.6119849,0.96,778.430013,747.2928125,31.13720052,1,0,0,0.156955426,115.5622584,0.96,766.9524758,736.2743767,30.67809903,,,,742.1735653,2230.860002,2050.834987,180.0250143,2230.860002,0,1,0,0,0.371436717,197.6006194,0.922002466,576.9941194,531.9900008,45.00411853,1,0,0,0.36224463,186.0890933,0.919457482,558.7111161,513.7111161,45,1,0,0,0.359062229,182.1827185,0.918500305,552.4056993,507.3848035,45.02089579,1,0,0,0.354196815,176.3011342,0.917088757,542.749067,497.749067,45,1,,,0.101,207.1343337,2050.834987,2050.834987,0,63.57588461,0,,,272.9775144,0,117.3803312,4,1300.094127,0,0,0,132.0895633
10,1,11,0.1016,0,0,1300.106699,,,,0,0,1,2323.812502,2323.812502,0,371.8100003,77.15057506,0,,,350.7862283,2323.812502,2230.860002,92.95250007,2323.812502,0,1,0,0,0.157384071,117.6119849,0.96,778.430013,747.2928125,31.13720052,1,0,0,0.157384071,117.6119849,0.96,778.430013,747.2928125,31.13720052,1,0,0,0.156955426,115.5622584,0.96,766.9524758,736.2743767,30.67809903,,,,742.1840263,2230.860002,2050.855883,180.0041185,2230.860002,0,1,0,0,0.371436717,197.6006194,0.922002466,576.9941194,531.9900008,45.00411853,1,0,0,0.36224463,186.0890933,0.919457482,558.7111161,513.7111161,45,1,0,0,0.359068059,182.1931794,0.918538132,552.4056993,507.4056993,45,1,0,0,0.354196815,176.3011342,0.917088757,542.749067,497.749067,45,1,,,0.101,207.1364442,2050.855883,2050.855883,0,63.57653238,0,,,272.9566186,-2.84E-14,117.371346,4,1300.106699,0,0,0,132.0908406
11,1,12,0.1016,0,0,1300.106699,,,,0,0,1,2323.812502,2323.812502,0,371.8100003,77.15057506,0,,,350.7862283,2323.812502,2230.860002,92.95250007,2323.812502,0,1,0,0,0.157384071,117.6119849,0.96,778.430013,747.2928125,31.13720052,1,0,0,0.157384071,117.6119849,0.96,778.430013,747.2928125,31.13720052,1,0,0,0.156955426,115.5622584,0.96,766.9524758,736.2743767,30.67809903,,,,742.1840263,2230.860002,2050.855883,180.0041185,2230.860002,0,1,0,0,0.371436717,197.6006194,0.922002466,576.9941194,531.9900008,45.00411853,1,0,0,0.36224463,186.0890933,0.919457482,558.7111161,513.7111161,45,1,0,0,0.359068059,182.1931794,0.918538132,552.4056993,507.4056993,45,1,0,0,0.354196815,176.3011342,0.917088757,542.749067,497.749067,45,1,,,0.101,207.1364442,2050.855883,2050.855883,0,63.57653238,0,,,272.9566186,-2.84E-14,117.371346,4,1300.106699,0,0,0,132.0908406
12,1,13,0.1016,0,0,1300.106699,,,,0,0,1,2323.812502,2323.812502,0,371.8100003,77.15057506,0,,,350.7862283,2323.812502,2230.860002,92.95250007,2323.812502,0,1,0,0,0.157384071,117.6119849,0.96,778.430013,747.2928125,31.13720052,1,0,0,0.157384071,117.6119849,0.96,778.430013,747.2928125,31.13720052,1,0,0,0.156955426,115.5622584,0.96,766.9524758,736.2743767,30.67809903,,,,742.1840263,2230.860002,2050.855883,180.0041185,2230.860002,0,1,0,0,0.371436717,197.6006194,0.922002466,576.9941194,531.9900008,45.00411853,1,0,0,0.36224463,186.0890933,0.919457482,558.7111161,513.7111161,45,1,0,0,0.359068059,182.1931794,0.918538132,552.4056993,507.4056993,45,1,0,0,0.354196815,176.3011342,0.917088757,542.749067,497.749067,45,1,,,0.101,207.1364442,2050.855883,2050.855883,0,63.57653238,0,,,272.9566186,-2.84E-14,117.371346,4,1300.106699,0,0,0,132.0908406
13,1,14,0.1016,0,0,1300.106699,,,,0,0,1,2323.812502,2323.812502,0,371.8100003,77.15057506,0,,,350.7862283,2323.812502,2230.860002,92.95250007,2323.812502,0,1,0,0,0.157384071,117.6119849,0.96,778.430013,747.2928125,31.13720052,1,0,0,0.157384071,117.6119849,0.96,778.430013,747.2928125,31.13720052,1,0,0,0.156955426,115.5622584,0.96,766.9524758,736.2743767,30.67809903,,,,742.1840263,2230.860002,2050.855883,180.0041185,2230.860002,0,1,0,0,0.371436717,197.6006194,0.922002466,576.9941194,531.9900008,45.00411853,1,0,0,0.36224463,186.0890933,0.919457482,558.7111161,513.7111161,45,1,0,0,0.359068059,182.1931794,0.918538132,552.4056993,507.4056993,45,1,0,0,0.354196815,176.3011342,0.917088757,542.749067,497.749067,45,1,,,0.101,207.1364442,2050.855883,2050.855883,0,63.57653238,0,,,272.9566186,-2.84E-14,117.371346,4,1300.106699,0,0,0,132.0908406
14,1,15,0.1016,0,0,1300.106699,,,,0,0,1,2323.812502,2323.812502,0,371.8100003,77.15057506,0,,,350.7862283,2323.812502,2230.860002,92.95250007,2323.812502,0,1,0,0,0.157384071,117.6119849,0.96,778.430013,747.2928125,31.13720052,1,0,0,0.157384071,117.6119849,0.96,778.430013,747.2928125,31.13720052,1,0,0,0.156955426,115.5622584,0.96,766.9524758,736.2743767,30.67809903,,,,742.1840263,2230.860002,2050.855883,180.0041185,2230.860002,0,1,0,0,0.371436717,197.6006194,0.922002466,576.9941194,531.9900008,45.00411853,1,0,0,0.36224463,186.0890933,0.919457482,558.7111161,513.7111161,45,1,0,0,0.359068059,182.1931794,0.918538132,552.4056993,507.4056993,45,1,0,0,0.354196815,176.3011342,0.917088757,542.749067,497.749067,45,1,,,0.101,207.1364442,2050.855883,2050.855883,0,63.57653238,0,,,272.9566186,-2.84E-14,117.371346,4,1300.106699,0,0,0,132.0908406
15,1,16,0.1016,0,0,1300.106699,,,,0,0,1,2323.812502,2323.812502,0,371.8100003,77.15057506,0,,,350.7862283,2323.812502,2230.860002,92.95250007,2323.812502,0,1,0,0,0.157384071,117.6119849,0.96,778.430013,747.2928125,31.13720052,1,0,0,0.157384071,117.6119849,0.96,778.430013,747.2928125,31.13720052,1,0,0,0.156955426,115.5622584,0.96,766.9524758,736.2743767,30.67809903,,,,742.1840263,2230.860002,2050.855883,180.0041185,2230.860002,0,1,0,0,0.371436717,197.6006194,0.922002466,576.9941194,531.9900008,45.00411853,1,0,0,0.36224463,186.0890933,0.919457482,558.7111161,513.7111161,45,1,0,0,0.359068059,182.1931794,0.918538132,552.4056993,507.4056993,45,1,0,0,0.354196815,176.3011342,0.917088757,542.749067,497.749067,45,1,,,0.101,207.1364442,2050.855883,2050.855883,0,63.57653238,0,,,272.9566186,-2.84E-14,117.371346,4,1300.106699,0,0,0,132.0908406
16,1,17,0.1016,0,0,1299.972879,,,,0,0,1,2323.812502,2323.812502,0,371.8100003,77.15057506,0,,,350.7862283,2323.812502,2230.860002,92.95250007,2323.812502,0,1,0,0,0.157384071,117.6119849,0.96,778.430013,747.2928125,31.13720052,1,0,0,0.157384071,117.6119849,0.96,778.430013,747.2928125,31.13720052,1,0,0,0.156955426,115.5622584,0.96,766.9524758,736.2743767,30.67809903,,,,742.0726745,2230.860002,2050.633432,180.2265695,2230.860002,0,1,0,0,0.371436717,197.6006194,0.922002466,576.9941194,531.9900008,45.00411853,1,0,0,0.36224463,186.0890933,0.919457482,558.7111161,513.7111161,45,1,0,0,0.359005997,182.0818276,0.918135437,552.4056993,507.1832483,45.22245095,1,0,0,0.354196815,176.3011342,0.917088757,542.749067,497.749067,45,1,,,0.101,207.1139767,2050.633432,2050.633432,0,63.5696364,0,,,273.1790696,0,117.4669999,4,1299.972879,0,0,0,132.0772445
17,1,18,0.15246,1,0,589.9511458,,,,0,0,1,1084.245709,1084.245709,0,173.4793135,35.99695755,0,,,167.8531436,1084.245709,1040.875881,43.36982837,1084.245709,0,1,0,0,0.160774011,84.71843146,0.96,548.8969625,526.941084,21.9558785,1,0,0,0.161761205,83.13471213,0.96,535.3487469,513.934797,21.41394987,0,0,1,0.271,0,0.96,0,0,0,,,,326.0605478,1040.875881,950.8658853,90.00999567,1040.875881,0,1,0,0,0.343129403,163.283577,0.913587867,520.8758809,475.8658853,45.00999567,1,0,0,0.34268836,162.7769709,0.913461538,520,475,45,0,0,1,0.087248178,0,0.88,0,0,0,0,0,1,0.087248178,0,0.88,0,0,0,1,,,0.101,96.03745441,950.8658853,950.8658853,0,29.47684244,0,,,133.379824,-1.42E-14,57.35332434,2,589.9511458,0,0,0,89.9439517
18,1,19,0.15246,1,0,589.9511458,,,,0,0,1,1084.245709,1084.245709,0,173.4793135,35.99695755,0,,,167.8531436,1084.245709,1040.875881,43.36982837,1084.245709,0,1,0,0,0.160774011,84.71843146,0.96,548.8969625,526.941084,21.9558785,1,0,0,0.161761205,83.13471213,0.96,535.3487469,513.934797,21.41394987,0,0,0,0.271,0,0.96,0,0,0,,,,326.0605478,1040.875881,950.8658853,90.00999567,1040.875881,0,1,0,0,0.343129403,163.283577,0.913587867,520.8758809,475.8658853,45.00999567,1,0,0,0.34268836,162.7769709,0.913461538,520,475,45,0,0,0,0.087248178,0,0.88,0,0,0,0,0,0,0.087248178,0,0.88,0,0,0,1,,,0.101,96.03745441,950.8658853,950.8658853,0,29.47684244,0,,,133.379824,-1.42E-14,57.35332434,2,589.9511458,0,0,0,89.9439517
19,1,20,0.15246,1,0,589.9511458,,,,0,0,1,1084.245709,1084.245709,0,173.4793135,35.99695755,0,,,167.8531436,1084.245709,1040.875881,43.36982837,1084.245709,0,1,0,0,0.160774011,84.71843146,0.96,548.8969625,526.941084,21.9558785,1,0,0,0.161761205,83.13471213,0.96,535.3487469,513.934797,21.41394987,0,0,0,0.271,0,0.96,0,0,0,,,,326.0605478,1040.875881,950.8658853,90.00999567,1040.875881,0,1,0,0,0.343129403,163.283577,0.913587867,520.8758809,475.8658853,45.00999567,1,0,0,0.34268836,162.7769709,0.913461538,520,475,45,0,0,0,0.087248178,0,0.88,0,0,0,0,0,0,0.087248178,0,0.88,0,0,0,1,,,0.101,96.03745441,950.8658853,950.8658853,0,29.47684244,0,,,133.379824,-1.42E-14,57.35332434,2,589.9511458,0,0,0,89.9439517
20,1,21,0.15246,1,0,589.9511458,,,,0,0,1,1084.245709,1084.245709,0,173.4793135,35.99695755,0,,,167.8531436,1084.245709,1040.875881,43.36982837,1084.245709,0,1,0,0,0.160774011,84.71843146,0.96,548.8969625,526.941084,21.9558785,1,0,0,0.161761205,83.13471213,0.96,535.3487469,513.934797,21.41394987,0,0,0,0.271,0,0.96,0,0,0,,,,326.0605478,1040.875881,950.8658853,90.00999567,1040.875881,0,1,0,0,0.343129403,163.283577,0.913587867,520.8758809,475.8658853,45.00999567,1,0,0,0.34268836,162.7769709,0.913461538,520,475,45,0,0,0,0.087248178,0,0.88,0,0,0,0,0,0,0.087248178,0,0.88,0,0,0,1,,,0.101,96.03745441,950.8658853,950.8658853,0,29.47684244,0,,,133.379824,-1.42E-14,57.35332434,2,589.9511458,0,0,0,89.9439517
21,1,22,0.15246,1,0,589.9511458,,,,0,0,1,1084.245709,1084.245709,0,173.4793135,35.99695755,0,,,167.8531436,1084.245709,1040.875881,43.36982837,1084.245709,0,1,0,0,0.160774011,84.71843146,0.96,548.8969625,526.941084,21.9558785,1,0,0,0.161761205,83.13471213,0.96,535.3487469,513.934797,21.41394987,0,0,0,0.271,0,0.96,0,0,0,,,,326.0605478,1040.875881,950.8658853,90.00999567,1040.875881,0,1,0,0,0.343129403,163.283577,0.913587867,520.8758809,475.8658853,45.00999567,1,0,0,0.34268836,162.7769709,0.913461538,520,475,45,0,0,0,0.087248178,0,0.88,0,0,0,0,0,0,0.087248178,0,0.88,0,0,0,1,,,0.101,96.03745441,950.8658853,950.8658853,0,29.47684244,0,,,133.379824,-1.42E-14,57.35332434,2,589.9511458,0,0,0,89.9439517
22,1,23,0.1016,0,0,1088.159815,,,,0,0,1,1875,1875,0,300,62.25,0,,,282.346875,1875,1800,75,1875,0,1,0,0,0.156859375,94.115625,0.96,625,600,25,1,0,0,0.156859375,94.115625,0.96,625,600,25,1,1,0,0.156859375,94.115625,0.96,625,600,25,,,,637.6479399,1800,1665,135,1800,0,1,0,0,0.382971736,212.5493133,0.925,600,555,45,1,0,0,0.382971736,212.5493133,0.925,600,555,45,1,1,0,0.382971736,212.5493133,0.925,600,555,45,0,0,0,0.087248178,0,0.88,0,0,0,1,,,0.101,168.165,1665,1665,0,51.615,0,,,210,-5.68E-14,90.3,3,1088.159815,0,0,0,110.5570372
23,1,24,0.1016,0,0,1088.159815,,,,0,0,1,1875,1875,0,300,62.25,0,,,282.346875,1875,1800,75,1875,0,1,0,0,0.156859375,94.115625,0.96,625,600,25,1,0,0,0.156859375,94.115625,0.96,625,600,25,1,0,0,0.156859375,94.115625,0.96,625,600,25,,,,637.6479399,1800,1665,135,1800,0,1,0,0,0.382971736,212.5493133,0.925,600,555,45,1,0,0,0.382971736,212.5493133,0.925,600,555,45,1,0,0,0.382971736,212.5493133,0.925,600,555,45,0,0,0,0.087248178,0,0.88,0,0,0,1,,,0.101,168.165,1665,1665,0,51.615,0,,,210,5.68E-14,90.3,3,1088.159815,0,0,0,110.5570372
24,1,25,0.1016,0,0,1088.159815,,,,0,0,1,1875,1875,0,300,62.25,0,,,282.346875,1875,1800,75,1875,0,1,0,0,0.156859375,94.115625,0.96,625,600,25,1,0,0,0.156859375,94.115625,0.96,625,600,25,1,0,0,0.156859375,94.115625,0.96,625,600,25,,,,637.6479399,1800,1665,135,1800,0,1,0,0,0.382971736,212.5493133,0.925,600,555,45,1,0,0,0.382971736,212.5493133,0.925,600,555,45,1,0,0,0.382971736,212.5493133,0.925,600,555,45,0,0,0,0.087248178,0,0.88,0,0,0,1,,,0.101,168.165,1665,1665,0,51.615,0,,,210,5.68E-14,90.3,3,1088.159815,0,0,0,110.5570372
25,1,26,0.1016,0,0,1088.159815,,,,0,0,1,1875,1875,0,300,62.25,0,,,282.346875,1875,1800,75,1875,0,1,0,0,0.156859375,94.115625,0.96,625,600,25,1,0,0,0.156859375,94.115625,0.96,625,600,25,1,0,0,0.156859375,94.115625,0.96,625,600,25,,,,637.6479399,1800,1665,135,1800,0,1,0,0,0.382971736,212.5493133,0.925,600,555,45,1,0,0,0.382971736,212.5493133,0.925,600,555,45,1,0,0,0.382971736,212.5493133,0.925,600,555,45,0,0,0,0.087248178,0,0.88,0,0,0,1,,,0.101,168.165,1665,1665,0,51.615,0,,,210,5.68E-14,90.3,3,1088.159815,0,0,0,110.5570372
26,1,27,0.1016,0,0,1088.159815,,,,0,0,1,1875,1875,0,300,62.25,0,,,282.346875,1875,1800,75,1875,0,1,0,0,0.156859375,94.115625,0.96,625,600,25,1,0,0,0.156859375,94.115625,0.96,625,600,25,1,0,0,0.156859375,94.115625,0.96,625,600,25,,,,637.6479399,1800,1665,135,1800,0,1,0,0,0.382971736,212.5493133,0.925,600,555,45,1,0,0,0.382971736,212.5493133,0.925,600,555,45,1,0,0,0.382971736,212.5493133,0.925,600,555,45,0,0,0,0.087248178,0,0.88,0,0,0,1,,,0.101,168.165,1665,1665,0,51.615,0,,,210,-5.68E-14,90.3,3,1088.159815,0,0,0,110.5570372
27,1,28,0.1016,0,0,1088.159815,,,,0,0,1,1875,1875,0,300,62.25,0,,,282.346875,1875,1800,75,1875,0,1,0,0,0.156859375,94.115625,0.96,625,600,25,1,0,0,0.156859375,94.115625,0.96,625,600,25,1,0,0,0.156859375,94.115625,0.96,625,600,25,,,,637.6479399,1800,1665,135,1800,0,1,0,0,0.382971736,212.5493133,0.925,600,555,45,1,0,0,0.382971736,212.5493133,0.925,600,555,45,1,0,0,0.382971736,212.5493133,0.925,600,555,45,0,0,0,0.087248178,0,0.88,0,0,0,1,,,0.101,168.165,1665,1665,0,51.615,0,,,210,5.68E-14,90.3,3,1088.159815,0,0,0,110.5570372
28,1,29,0.1016,0,0,1088.159815,,,,0,0,1,1875,1875,0,300,62.25,0,,,282.346875,1875,1800,75,1875,0,1,0,0,0.156859375,94.115625,0.96,625,600,25,1,0,0,0.156859375,94.115625,0.96,625,600,25,1,0,0,0.156859375,94.115625,0.96,625,600,25,,,,637.6479399,1800,1665,135,1800,0,1,0,0,0.382971736,212.5493133,0.925,600,555,45,1,0,0,0.382971736,212.5493133,0.925,600,555,45,1,0,0,0.382971736,212.5493133,0.925,600,555,45,0,0,0,0.087248178,0,0.88,0,0,0,1,,,0.101,168.165,1665,1665,0,51.615,0,,,210,-5.68E-14,90.3,3,1088.159815,0,0,0,110.5570372
29,1,30,0.1016,0,0,1088.159815,,,,0,0,1,1875,1875,0,300,62.25,0,,,282.346875,1875,1800,75,1875,0,1,0,0,0.156859375,94.115625,0.96,625,600,25,1,0,0,0.156859375,94.115625,0.96,625,600,25,1,0,0,0.156859375,94.115625,0.96,625,600,25,,,,637.6479399,1800,1665,135,1800,0,1,0,0,0.382971736,212.5493133,0.925,600,555,45,1,0,0,0.382971736,212.5493133,0.925,600,555,45,1,0,0,0.382971736,212.5493133,0.925,600,555,45,0,0,0,0.087248178,0,0.88,0,0,0,1,,,0.101,168.165,1665,1665,0,51.615,0,,,210,-5.68E-14,90.3,3,1088.159815,0,0,0,110.5570372
30,1,31,0.1016,0,0,1088.159815,,,,0,0,1,1875,1875,0,300,62.25,0,,,282.346875,1875,1800,75,1875,0,1,0,0,0.156859375,94.115625,0.96,625,600,25,1,0,0,0.156859375,94.115625,0.96,625,600,25,1,0,0,0.156859375,94.115625,0.96,625,600,25,,,,637.6479399,1800,1665,135,1800,0,1,0,0,0.382971736,212.5493133,0.925,600,555,45,1,0,0,0.382971736,212.5493133,0.925,600,555,45,1,0,0,0.382971736,212.5493133,0.925,600,555,45,0,0,0,0.087248178,0,0.88,0,0,0,1,,,0.101,168.165,1665,1665,0,51.615,0,,,210,-5.68E-14,90.3,3,1088.159815,0,0,0,110.5570372
31,1,32,0.1016,0,0,1088.159815,,,,0,0,1,1875,1875,0,300,62.25,0,,,282.346875,1875,1800,75,1875,0,1,0,0,0.156859375,94.115625,0.96,625,600,25,1,0,0,0.156859375,94.115625,0.96,625,600,25,1,0,0,0.156859375,94.115625,0.96,625,600,25,,,,637.6479399,1800,1665,135,1800,0,1,0,0,0.382971736,212.5493133,0.925,600,555,45,1,0,0,0.382971736,212.5493133,0.925,600,555,45,1,0,0,0.382971736,212.5493133,0.925,600,555,45,0,0,0,0.087248178,0,0.88,0,0,0,1,,,0.101,168.165,1665,1665,0,51.615,0,,,210,5.68E-14,90.3,3,1088.159815,0,0,0,110.5570372
32,1,33,0.1016,0,0,1088.159815,,,,0,0,1,1875,1875,0,300,62.25,0,,,282.346875,1875,1800,75,1875,0,1,0,0,0.156859375,94.115625,0.96,625,600,25,1,0,0,0.156859375,94.115625,0.96,625,600,25,1,0,0,0.156859375,94.115625,0.96,625,600,25,,,,637.6479399,1800,1665,135,1800,0,1,0,0,0.382971736,212.5493133,0.925,600,555,45,1,0,0,0.382971736,212.5493133,0.925,600,555,45,1,0,0,0.382971736,212.5493133,0.925,600,555,45,0,0,0,0.087248178,0,0.88,0,0,0,1,,,0.101,168.165,1665,1665,0,51.615,0,,,210,-5.68E-14,90.3,3,1088.159815,0,0,0,110.5570372
33,1,34,0.1016,0,0,1088.159815,,,,0,0,1,1875,1875,0,300,62.25,0,,,282.346875,1875,1800,75,1875,0,1,0,0,0.156859375,94.115625,0.96,625,600,25,1,0,0,0.156859375,94.115625,0.96,625,600,25,1,0,0,0.156859375,94.115625,0.96,625,600,25,,,,637.6479399,1800,1665,135,1800,0,1,0,0,0.382971736,212.5493133,0.925,600,555,45,1,0,0,0.382971736,212.5493133,0.925,600,555,45,1,0,0,0.382971736,212.5493133,0.925,600,555,45,0,0,0,0.087248178,0,0.88,0,0,0,1,,,0.101,168.165,1665,1665,0,51.615,0,,,210,-5.68E-14,90.3,3,1088.159815,0,0,0,110.5570372
34,1,35,0.1016,0,0,1088.159815,,,,0,0,1,1875,1875,0,300,62.25,0,,,282.346875,1875,1800,75,1875,0,1,0,0,0.156859375,94.115625,0.96,625,600,25,1,0,0,0.156859375,94.115625,0.96,625,600,25,1,0,0,0.156859375,94.115625,0.96,625,600,25,,,,637.6479399,1800,1665,135,1800,0,1,0,0,0.382971736,212.5493133,0.925,600,555,45,1,0,0,0.382971736,212.5493133,0.925,600,555,45,1,0,0,0.382971736,212.5493133,0.925,600,555,45,0,0,0,0.087248178,0,0.88,0,0,0,1,,,0.101,168.165,1665,1665,0,51.615,0,,,210,5.68E-14,90.3,3,1088.159815,0,0,0,110.5570372
35,1,36,0.1016,0,0,1088.159815,,,,0,0,1,1875,1875,0,300,62.25,0,,,282.346875,1875,1800,75,1875,0,1,0,0,0.156859375,94.115625,0.96,625,600,25,1,0,0,0.156859375,94.115625,0.96,625,600,25,1,0,0,0.156859375,94.115625,0.96,625,600,25,,,,637.6479399,1800,1665,135,1800,0,1,0,0,0.382971736,212.5493133,0.925,600,555,45,1,0,0,0.382971736,212.5493133,0.925,600,555,45,1,0,0,0.382971736,212.5493133,0.925,600,555,45,0,0,0,0.087248178,0,0.88,0,0,0,1,,,0.101,168.165,1665,1665,0,51.615,0,,,210,-5.68E-14,90.3,3,1088.159815,0,0,0,110.5570372
36,1,37,0.1016,0,0,1088.159815,,,,0,0,1,1875,1875,0,300,62.25,0,,,282.346875,1875,1800,75,1875,0,1,0,0,0.156859375,94.115625,0.96,625,600,25,1,0,0,0.156859375,94.115625,0.96,625,600,25,1,0,0,0.156859375,94.115625,0.96,625,600,25,,,,637.6479399,1800,1665,135,1800,0,1,0,0,0.382971736,212.5493133,0.925,600,555,45,1,0,0,0.382971736,212.5493133,0.925,600,555,45,1,0,0,0.382971736,212.5493133,0.925,600,555,45,0,0,0,0.087248178,0,0.88,0,0,0,1,,,0.101,168.165,1665,1665,0,51.615,0,,,210,-5.68E-14,90.3,3,1088.159815,0,0,0,110.5570372
37,1,38,0.1016,0,0,1088.159815,,,,0,0,1,1875,1875,0,300,62.25,0,,,282.346875,1875,1800,75,1875,0,1,0,0,0.156859375,94.115625,0.96,625,600,25,1,0,0,0.156859375,94.115625,0.96,625,600,25,1,0,0,0.156859375,94.115625,0.96,625,600,25,,,,637.6479399,1800,1665,135,1800,0,1,0,0,0.382971736,212.5493133,0.925,600,555,45,1,0,0,0.382971736,212.5493133,0.925,600,555,45,1,0,0,0.382971736,212.5493133,0.925,600,555,45,0,0,0,0.087248178,0,0.88,0,0,0,1,,,0.101,168.165,1665,1665,0,51.615,0,,,210,5.68E-14,90.3,3,1088.159815,0,0,0,110.5570372
38,1,39,0.1016,0,0,1088.159815,,,,0,0,1,1875,1875,0,300,62.25,0,,,282.346875,1875,1800,75,1875,0,1,0,0,0.156859375,94.115625,0.96,625,600,25,1,0,0,0.156859375,94.115625,0.96,625,600,25,1,0,0,0.156859375,94.115625,0.96,625,600,25,,,,637.6479399,1800,1665,135,1800,0,1,0,0,0.382971736,212.5493133,0.925,600,555,45,1,0,0,0.382971736,212.5493133,0.925,600,555,45,1,0,0,0.382971736,212.5493133,0.925,600,555,45,0,0,0,0.087248178,0,0.88,0,0,0,1,,,0.101,168.165,1665,1665,0,51.615,0,,,210,5.68E-14,90.3,3,1088.159815,0,0,0,110.5570372
39,1,40,0.1016,0,0,1088.159815,,,,0,0,1,1875,1875,0,300,62.25,0,,,282.346875,1875,1800,75,1875,0,1,0,0,0.156859375,94.115625,0.96,625,600,25,1,0,0,0.156859375,94.115625,0.96,625,600,25,1,0,0,0.156859375,94.115625,0.96,625,600,25,,,,637.6479399,1800,1665,135,1800,0,1,0,0,0.382971736,212.5493133,0.925,600,555,45,1,0,0,0.382971736,212.5493133,0.925,600,555,45,1,0,0,0.382971736,212.5493133,0.925,600,555,45,0,0,0,0.087248178,0,0.88,0,0,0,1,,,0.101,168.165,1665,1665,0,51.615,0,,,210,-5.68E-14,90.3,3,1088.159815,0,0,0,110.5570372
40,1,41,0.1016,0,0,725.4398766,,,,0,0,1,1250,1250,0,200,41.5,0,,,188.23125,1250,1200,50,1250,0,1,0,0,0.156859375,94.115625,0.96,625,600,25,1,0,0,0.156859375,94.115625,0.96,625,600,25,0,0,1,0.271,0,0.96,0,0,0,,,,425.0986266,1200,1110,90,1200,0,1,0,0,0.382971736,212.5493133,0.925,600,555,45,1,0,0,0.382971736,212.5493133,0.925,600,555,45,0,0,1,0.087248178,0,0.88,0,0,0,0,0,0,0.087248178,0,0.88,0,0,0,1,,,0.101,112.11,1110,1110,0,34.41,0,,,140,-5.68E-14,60.2,2,725.4398766,0,0,0,73.70469146
41,1,42,0.15246,1,0,0,,,,0,0,1,0,0,0,0,0,0,,,0,0,0,0,0,0,0,0,1,0.271,0,0.96,0,0,0,0,0,1,0.271,0,0.96,0,0,0,0,0,0,0.271,0,0.96,0,0,0,,,,0,0,0,0,0,0,0,0,1,0.087248178,0,0.88,0,0,0,0,0,1,0.087248178,0,0.88,0,0,0,0,0,0,0.087248178,0,0.88,0,0,0,0,0,0,0.087248178,0,0.88,0,0,0,1,,,0.101,0,0,0,0,0,0,,,0,0,0,0,0,0,2204,0,0
42,1,43,0.15246,1,0,0,,,,0,0,1,0,0,0,0,0,0,,,0,0,0,0,0,0,0,0,0,0.271,0,0.96,0,0,0,0,0,0,0.271,0,0.96,0,0,0,0,0,0,0.271,0,0.96,0,0,0,,,,0,0,0,0,0,0,0,0,0,0.087248178,0,0.88,0,0,0,0,0,0,0.087248178,0,0.88,0,0,0,0,0,0,0.087248178,0,0.88,0,0,0,0,0,0,0.087248178,0,0.88,0,0,0,1,,,0.101,0,0,0,0,0,0,,,0,0,0,0,0,0,2204,0,0
43,1,44,0.15246,1,0,0,,,,0,0,1,0,0,0,0,0,0,,,0,0,0,0,0,0,0,0,0,0.271,0,0.96,0,0,0,0,0,0,0.271,0,0.96,0,0,0,0,0,0,0.271,0,0.96,0,0,0,,,,0,0,0,0,0,0,0,0,0,0.087248178,0,0.88,0,0,0,0,0,0,0.087248178,0,0.88,0,0,0,0,0,0,0.087248178,0,0.88,0,0,0,0,0,0,0.087248178,0,0.88,0,0,0,1,,,0.101,0,0,0,0,0,0,,,0,0,0,0,0,0,2204,0,0
44,1,45,0.15246,1,0,0,,,,0,0,1,0,0,0,0,0,0,,,0,0,0,0,0,0,0,0,0,0.271,0,0.96,0,0,0,0,0,0,0.271,0,0.96,0,0,0,0,0,0,0.271,0,0.96,0,0,0,,,,0,0,0,0,0,0,0,0,0,0.087248178,0,0.88,0,0,0,0,0,0,0.087248178,0,0.88,0,0,0,0,0,0,0.087248178,0,0.88,0,0,0,0,0,0,0.087248178,0,0.88,0,0,0,1,,,0.101,0,0,0,0,0,0,,,0,0,0,0,0,0,2204,0,0
45,1,46,0.15246,1,0,0,,,,0,0,1,0,0,0,0,0,0,,,0,0,0,0,0,0,0,0,0,0.271,0,0.96,0,0,0,0,0,0,0.271,0,0.96,0,0,0,0,0,0,0.271,0,0.96,0,0,0,,,,0,0,0,0,0,0,0,0,0,0.087248178,0,0.88,0,0,0,0,0,0,0.087248178,0,0.88,0,0,0,0,0,0,0.087248178,0,0.88,0,0,0,0,0,0,0.087248178,0,0.88,0,0,0,1,,,0.101,0,0,0,0,0,0,,,0,0,0,0,0,0,2204,0,0
46,1,47,0.1016,0,0,569.0854513,,,,0,0,1,1083.333333,1083.333333,0,173.3333333,35.96666667,0,,,167.7415278,1083.333333,1040,43.33333333,1083.333333,0,1,1,0,0.161289931,83.87076389,0.96,541.6666667,520,21.66666667,1,1,0,0.161289931,83.87076389,0.96,541.6666667,520,21.66666667,0,0,0,0.271,0,0.96,0,0,0,,,,308.9087236,1040,915.2,124.8,1040,0,1,1,0,0.337531385,154.4543618,0.88,520,457.6,62.4,1,1,0,0.337531385,154.4543618,0.88,520,457.6,62.4,0,0,0,0.087248178,0,0.88,0,0,0,0,0,0,0.087248178,0,0.88,0,0,0,0,,,0.101,92.4352,915.2,0,915.2,28.3712,1,,,1083.333333,-5.68E-14,465.8333333,2,569.0854513,0,0,0,57.81908186
47,1,48,0.1016,0,0,569.0854513,,,,0,0,1,1083.333333,1083.333333,0,173.3333333,35.96666667,0,,,167.7415278,1083.333333,1040,43.33333333,1083.333333,0,1,0,0,0.161289931,83.87076389,0.96,541.6666667,520,21.66666667,1,0,0,0.161289931,83.87076389,0.96,541.6666667,520,21.66666667,0,0,0,0.271,0,0.96,0,0,0,,,,308.9087236,1040,915.2,124.8,1040,0,1,0,0,0.337531385,154.4543618,0.88,520,457.6,62.4,1,0,0,0.337531385,154.4543618,0.88,520,457.6,62.4,0,0,0,0.087248178,0,0.88,0,0,0,0,0,0,0.087248178,0,0.88,0,0,0,0,,,0.101,92.4352,915.2,0,915.2,28.3712,1,,,1083.333333,-5.68E-14,465.8333333,2,569.0854513,0,0,0,57.81908186
48,1,49,0.1016,0,0,1300.325511,,,,0,0,1,2324.215452,2324.215452,0,371.8744724,77.16395302,0,,,350.9011239,2324.215452,2231.246834,92.96861809,2324.215452,0,1,0,0,0.157662814,118.8323281,0.96,785.1164897,753.7118301,31.40465959,1,0,0,0.157345974,117.4391484,0.96,777.4742704,746.3752996,31.09897082,1,1,0,0.156777851,114.6296474,0.96,761.6246922,731.1597045,30.46498769,,,,742.2542816,2231.246834,2051.189161,180.0576735,2231.246834,0,1,0,0,0.366415667,191.2643994,0.920588887,567.0147793,521.9875046,45.02727474,1,0,0,0.366294975,191.1163828,0.920584256,566.7655084,521.755404,45.01010444,1,1,0,0.357213597,179.9367497,0.917974453,548.7332733,503.7231261,45.01014715,1,1,0,0.357213597,179.9367497,0.917974453,548.7332733,503.7231261,45.01014715,1,,,0.101,207.1701052,2051.189161,2051.189161,0,63.58686398,0,,,273.0262916,1.42E-13,117.4013054,4,1300.325511,0,0,0,132.1130719
49,1,50,0.1016,0,0,1300.325511,,,,0,0,1,2324.215452,2324.215452,0,371.8744724,77.16395302,0,,,350.9011239,2324.215452,2231.246834,92.96861809,2324.215452,0,1,0,0,0.157662814,118.8323281,0.96,785.1164897,753.7118301,31.40465959,1,0,0,0.157345974,117.4391484,0.96,777.4742704,746.3752996,31.09897082,1,0,0,0.156777851,114.6296474,0.96,761.6246922,731.1597045,30.46498769,,,,742.2542816,2231.246834,2051.189161,180.0576735,2231.246834,0,1,0,0,0.366415667,191.2643994,0.920588887,567.0147793,521.9875046,45.02727474,1,0,0,0.366294975,191.1163828,0.920584256,566.7655084,521.755404,45.01010444,1,0,0,0.357213597,179.9367497,0.917974453,548.7332733,503.7231261,45.01014715,1,0,0,0.357213597,179.9367497,0.917974453,548.7332733,503.7231261,45.01014715,1,,,0.101,207.1701052,2051.189161,2051.189161,0,63.58686398,0,,,273.0262916,2.84E-14,117.4013054,4,1300.325511,0,0,0,132.1130719
50,1,51,0.1016,0,0,1300.325511,,,,0,0,1,2324.215452,2324.215452,0,371.8744724,77.16395302,0,,,350.9011239,2324.215452,2231.246834,92.96861809,2324.215452,0,1,0,0,0.157662814,118.8323281,0.96,785.1164897,753.7118301,31.40465959,1,0,0,0.157345974,117.4391484,0.96,777.4742704,746.3752996,31.09897082,1,0,0,0.156777851,114.6296474,0.96,761.6246922,731.1597045,30.46498769,,,,742.2542816,2231.246834,2051.189161,180.0576735,2231.246834,0,1,0,0,0.366415667,191.2643994,0.920588887,567.0147793,521.9875046,45.02727474,1,0,0,0.366294975,191.1163828,0.920584256,566.7655084,521.755404,45.01010444,1,0,0,0.357213597,179.9367497,0.917974453,548.7332733,503.7231261,45.01014715,1,0,0,0.357213597,179.9367497,0.917974453,548.7332733,503.7231261,45.01014715,1,,,0.101,207.1701052,2051.189161,2051.189161,0,63.58686398,0,,,273.0262916,0,117.4013054,4,1300.325511,0,0,0,132.1130719
51,1,52,0.1016,0,0,1300.320453,,,,0,0,1,2324.215452,2324.215452,0,371.8744724,77.16395302,0,,,350.9011239,2324.215452,2231.246834,92.96861809,2324.215452,0,1,0,0,0.157662814,118.8323281,0.96,785.1164897,753.7118301,31.40465959,1,0,0,0.157345974,117.4391484,0.96,777.4742704,746.3752996,31.09897082,1,0,0,0.156777851,114.6296474,0.96,761.6246922,731.1597045,30.46498769,,,,742.2500754,2231.246834,2051.180726,180.0661079,2231.246834,0,1,0,0,0.366415667,191.2643994,0.920588887,567.0147793,521.9875046,45.02727474,1,0,0,0.366294975,191.1163828,0.920584256,566.7655084,521.755404,45.01010444,1,0,0,0.357213597,179.9367497,0.917974453,548.7332733,503.7231261,45.01014715,1,0,0,0.357211228,179.9325435,0.917959082,548.7332733,503.7146917,45.01858158,1,,,0.101,207.1692534,2051.180726,2051.180726,0,63.58660251,0,,,273.034726,-5.68E-14,117.4049322,4,1300.320453,0,0,0,132.112558
52,1,53,0.1016,0,0,1300.315442,,,,0,0,1,2324.215452,2324.215452,0,371.8744724,77.16395302,0,,,350.9011239,2324.215452,2231.246834,92.96861809,2324.215452,0,1,0,0,0.157662814,118.8323281,0.96,785.1164897,753.7118301,31.40465959,1,0,0,0.157345974,117.4391484,0.96,777.4742704,746.3752996,31.09897082,1,0,0,0.156777851,114.6296474,0.96,761.6246922,731.1597045,30.46498769,,,,742.2459086,2231.246834,2051.172371,180.0744635,2231.246834,0,1,0,0,0.366415667,191.2643994,0.920588887,567.0147793,521.9875046,45.02727474,1,0,0,0.366294975,191.1163828,0.920584256,566.7655084,521.755404,45.01010444,1,0,0,0.35721125,179.9325828,0.917959225,548.7332733,503.7147705,45.01850277,1,0,0,0.357211228,179.9325435,0.917959082,548.7332733,503.7146917,45.01858158,1,,,0.101,207.1684094,2051.172371,2051.172371,0,63.58634349,0,,,273.0430816,-1.71E-13,117.4085251,4,1300.315442,0,0,0,132.1120489
53,1,54,0.1016,0,0,1300.326157,,,,0,0,1,2324.215452,2324.215452,0,371.8744724,77.16395302,0,,,350.9011239,2324.215452,2231.246834,92.96861809,2324.215452,0,1,0,0,0.157662814,118.8323281,0.96,785.1164897,753.7118301,31.40465959,1,0,0,0.157345974,117.4391484,0.96,777.4742704,746.3752996,31.09897082,1,0,0,0.156777851,114.6296474,0.96,761.6246922,731.1597045,30.46498769,,,,742.2548471,2231.246834,2051.189958,180.0568759,2231.246834,0,1,0,0,0.3664177,191.268203,0.920602084,567.0147793,521.9949877,45.01979159,1,0,0,0.366297723,191.1215176,0.920602084,566.7655084,521.7655084,45,1,0,0,0.35721125,179.9325828,0.917959225,548.7332733,503.7147705,45.01850277,1,0,0,0.357211228,179.9325435,0.917959082,548.7332733,503.7146917,45.01858158,1,,,0.101,207.1701858,2051.189958,2051.189958,0,63.58688871,0,,,273.025494,0,117.4009624,4,1300.326157,0,0,0,132.1131375
54,1,55,0.1016,0,0,1300.326157,,,,0,0,1,2324.215452,2324.215452,0,371.8744724,77.16395302,0,,,350.9011239,2324.215452,2231.246834,92.96861809,2324.215452,0,1,0,0,0.157662814,118.8323281,0.96,785.1164897,753.7118301,31.40465959,1,0,0,0.157345974,117.4391484,0.96,777.4742704,746.3752996,31.09897082,1,0,0,0.156777851,114.6296474,0.96,761.6246922,731.1597045,30.46498769,,,,742.2548471,2231.246834,2051.189958,180.0568759,2231.246834,0,1,0,0,0.3664177,191.268203,0.920602084,567.0147793,521.9949877,45.01979159,1,0,0,0.366297723,191.1215176,0.920602084,566.7655084,521.7655084,45,1,0,0,0.35721125,179.9325828,0.917959225,548.7332733,503.7147705,45.01850277,1,0,0,0.357211228,179.9325435,0.917959082,548.7332733,503.7146917,45.01858158,1,,,0.101,207.1701858,2051.189958,2051.189958,0,63.58688871,0,,,273.025494,2.84E-14,117.4009624,4,1300.326157,0,0,0,132.1131375
55,1,56,0.1016,0,0,1300.326157,,,,0,0,1,2324.215452,2324.215452,0,371.8744724,77.16395302,0,,,350.9011239,2324.215452,2231.246834,92.96861809,2324.215452,0,1,0,0,0.157662814,118.8323281,0.96,785.1164897,753.7118301,31.40465959,1,0,0,0.157345974,117.4391484,0.96,777.4742704,746.3752996,31.09897082,1,0,0,0.156777851,114.6296474,0.96,761.6246922,731.1597045,30.46498769,,,,742.2548471,2231.246834,2051.189958,180.0568759,2231.246834,0,1,0,0,0.3664177,191.268203,0.920602084,567.0147793,521.9949877,45.01979159,1,0,0,0.366297723,191.1215176,0.920602084,566.7655084,521.7655084,45,1,0,0,0.35721125,179.9325828,0.917959225,548.7332733,503.7147705,45.01850277,1,0,0,0.357211228,179.9325435,0.917959082,548.7332733,503.7146917,45.01858158,1,,,0.101,207.1701858,2051.189958,2051.189958,0,63.58688871,0,,,273.025494,5.68E-14,117.4009624,4,1300.326157,0,0,0,132.1131375
56,1,57,0.1016,0,0,1300.326157,,,,0,0,1,2324.215452,2324.215452,0,371.8744724,77.16395302,0,,,350.9011239,2324.215452,2231.246834,92.96861809,2324.215452,0,1,0,0,0.157662814,118.8323281,0.96,785.1164897,753.7118301,31.40465959,1,0,0,0.157345974,117.4391484,0.96,777.4742704,746.3752996,31.09897082,1,0,0,0.156777851,114.6296474,0.96,761.6246922,731.1597045,30.46498769,,,,742.2548471,2231.246834,2051.189958,180.0568759,2231.246834,0,1,0,0,0.3664177,191.268203,0.920602084,567.0147793,521.9949877,45.01979159,1,0,0,0.366297723,191.1215176,0.920602084,566.7655084,521.7655084,45,1,0,0,0.35721125,179.9325828,0.917959225,548.7332733,503.7147705,45.01850277,1,0,0,0.357211228,179.9325435,0.917959082,548.7332733,503.7146917,45.01858158,1,,,0.101,207.1701858,2051.189958,2051.189958,0,63.58688871,0,,,273.025494,5.68E-14,117.4009624,4,1300.326157,0,0,0,132.1131375
57,1,58,0.1016,0,0,1300.326157,,,,0,0,1,2324.215452,2324.215452,0,371.8744724,77.16395302,0,,,350.9011239,2324.215452,2231.246834,92.96861809,2324.215452,0,1,0,0,0.157662814,118.8323281,0.96,785.1164897,753.7118301,31.40465959,1,0,0,0.157345974,117.4391484,0.96,777.4742704,746.3752996,31.09897082,1,0,0,0.156777851,114.6296474,0.96,761.6246922,731.1597045,30.46498769,,,,742.2548471,2231.246834,2051.189958,180.0568759,2231.246834,0,1,0,0,0.3664177,191.268203,0.920602084,567.0147793,521.9949877,45.01979159,1,0,0,0.366297723,191.1215176,0.920602084,566.7655084,521.7655084,45,1,0,0,0.35721125,179.9325828,0.917959225,548.7332733,503.7147705,45.01850277,1,0,0,0.357211228,179.9325435,0.917959082,548.7332733,503.7146917,45.01858158,1,,,0.101,207.1701858,2051.189958,2051.189958,0,63.58688871,0,,,273.025494,5.68E-14,117.4009624,4,1300.326157,0,0,0,132.1131375
58,1,59,0.1016,0,0,1300.326157,,,,0,0,1,2324.215452,2324.215452,0,371.8744724,77.16395302,0,,,350.9011239,2324.215452,2231.246834,92.96861809,2324.215452,0,1,0,0,0.157662814,118.8323281,0.96,785.1164897,753.7118301,31.40465959,1,0,0,0.157345974,117.4391484,0.96,777.4742704,746.3752996,31.09897082,1,0,0,0.156777851,114.6296474,0.96,761.6246922,731.1597045,30.46498769,,,,742.2548471,2231.246834,2051.189958,180.0568759,2231.246834,0,1,0,0,0.3664177,191.268203,0.920602084,567.0147793,521.9949877,45.01979159,1,0,0,0.366297723,191.1215176,0.920602084,566.7655084,521.7655084,45,1,0,0,0.35721125,179.9325828,0.917959225,548.7332733,503.7147705,45.01850277,1,0,0,0.357211228,179.9325435,0.917959082,548.7332733,503.7146917,45.01858158,1,,,0.101,207.1701858,2051.189958,2051.189958,0,63.58688871,0,,,273.025494,5.68E-14,117.4009624,4,1300.326157,0,0,0,132.1131375
59,1,60,0.1016,0,0,1300.326157,,,,0,0,1,2324.215452,2324.215452,0,371.8744724,77.16395302,0,,,350.9011239,2324.215452,2231.246834,92.96861809,2324.215452,0,1,0,0,0.157662814,118.8323281,0.96,785.1164897,753.7118301,31.40465959,1,0,0,0.157345974,117.4391484,0.96,777.4742704,746.3752996,31.09897082,1,0,0,0.156777851,114.6296474,0.96,761.6246922,731.1597045,30.46498769,,,,742.2548471,2231.246834,2051.189958,180.0568759,2231.246834,0,1,0,0,0.3664177,191.268203,0.920602084,567.0147793,521.9949877,45.01979159,1,0,0,0.366297723,191.1215176,0.920602084,566.7655084,521.7655084,45,1,0,0,0.35721125,179.9325828,0.917959225,548.7332733,503.7147705,45.01850277,1,0,0,0.357211228,179.9325435,0.917959082,548.7332733,503.7146917,45.01858158,1,,,0.101,207.1701858,2051.189958,2051.189958,0,63.58688871,0,,,273.025494,5.68E-14,117.4009624,4,1300.326157,0,0,0,132.1131375
60,1,61,0.1016,0,0,1300.326157,,,,0,0,1,2324.215452,2324.215452,0,371.8744724,77.16395302,0,,,350.9011239,2324.215452,2231.246834,92.96861809,2324.215452,0,1,0,0,0.157662814,118.8323281,0.96,785.1164897,753.7118301,31.40465959,1,0,0,0.157345974,117.4391484,0.96,777.4742704,746.3752996,31.09897082,1,0,0,0.156777851,114.6296474,0.96,761.6246922,731.1597045,30.46498769,,,,742.2548471,2231.246834,2051.189958,180.0568759,2231.246834,0,1,0,0,0.3664177,191.268203,0.920602084,567.0147793,521.9949877,45.01979159,1,0,0,0.366297723,191.1215176,0.920602084,566.7655084,521.7655084,45,1,0,0,0.35721125,179.9325828,0.917959225,548.7332733,503.7147705,45.01850277,1,0,0,0.357211228,179.9325435,0.917959082,548.7332733,503.7146917,45.01858158,1,,,0.101,207.1701858,2051.189958,2051.189958,0,63.58688871,0,,,273.025494,5.68E-14,117.4009624,4,1300.326157,0,0,0,132.1131375
61,1,62,0.1016,0,0,1300.326157,,,,0,0,1,2324.215452,2324.215452,0,371.8744724,77.16395302,0,,,350.9011239,2324.215452,2231.246834,92.96861809,2324.215452,0,1,0,0,0.157662814,118.8323281,0.96,785.1164897,753.7118301,31.40465959,1,0,0,0.157345974,117.4391484,0.96,777.4742704,746.3752996,31.09897082,1,0,0,0.156777851,114.6296474,0.96,761.6246922,731.1597045,30.46498769,,,,742.2548471,2231.246834,2051.189958,180.0568759,2231.246834,0,1,0,0,0.3664177,191.268203,0.920602084,567.0147793,521.9949877,45.01979159,1,0,0,0.366297723,191.1215176,0.920602084,566.7655084,521.7655084,45,1,0,0,0.35721125,179.9325828,0.917959225,548.7332733,503.7147705,45.01850277,1,0,0,0.357211228,179.9325435,0.917959082,548.7332733,503.7146917,45.01858158,1,,,0.101,207.1701858,2051.189958,2051.189958,0,63.58688871,0,,,273.025494,5.68E-14,117.4009624,4,1300.326157,0,0,0,132.1131375
62,1,63,0.1016,0,0,1300.326157,,,,0,0,1,2324.215452,2324.215452,0,371.8744724,77.16395302,0,,,350.9011239,2324.215452,2231.246834,92.96861809,2324.215452,0,1,0,0,0.157662814,118.8323281,0.96,785.1164897,753.7118301,31.40465959,1,0,0,0.157345974,117.4391484,0.96,777.4742704,746.3752996,31.09897082,1,0,0,0.156777851,114.6296474,0.96,761.6246922,731.1597045,30.46498769,,,,742.2548471,2231.246834,2051.189958,180.0568759,2231.246834,0,1,0,0,0.3664177,191.268203,0.920602084,567.0147793,521.9949877,45.01979159,1,0,0,0.366297723,191.1215176,0.920602084,566.7655084,521.7655084,45,1,0,0,0.35721125,179.9325828,0.917959225,548.7332733,503.7147705,45.01850277,1,0,0,0.357211228,179.9325435,0.917959082,548.7332733,503.7146917,45.01858158,1,,,0.101,207.1701858,2051.189958,2051.189958,0,63.58688871,0,,,273.025494,5.68E-14,117.4009624,4,1300.326157,0,0,0,132.1131375
63,1,64,0.1016,0,0,1300.326157,,,,0,0,1,2324.215452,2324.215452,0,371.8744724,77.16395302,0,,,350.9011239,2324.215452,2231.246834,92.96861809,2324.215452,0,1,0,0,0.157662814,118.8323281,0.96,785.1164897,753.7118301,31.40465959,1,0,0,0.157345974,117.4391484,0.96,777.4742704,746.3752996,31.09897082,1,0,0,0.156777851,114.6296474,0.96,761.6246922,731.1597045,30.46498769,,,,742.2548471,2231.246834,2051.189958,180.0568759,2231.246834,0,1,0,0,0.3664177,191.268203,0.920602084,567.0147793,521.9949877,45.01979159,1,0,0,0.366297723,191.1215176,0.920602084,566.7655084,521.7655084,45,1,0,0,0.35721125,179.9325828,0.917959225,548.7332733,503.7147705,45.01850277,1,0,0,0.357211228,179.9325435,0.917959082,548.7332733,503.7146917,45.01858158,1,,,0.101,207.1701858,2051.189958,2051.189958,0,63.58688871,0,,,273.025494,5.68E-14,117.4009624,4,1300.326157,0,0,0,132.1131375
64,1,65,0.1016,0,0,1300.268635,,,,0,0,1,2324.215452,2324.215452,0,371.8744724,77.16395302,0,,,350.9011239,2324.215452,2231.246834,92.96861809,2324.215452,0,1,0,0,0.157662814,118.8323281,0.96,785.1164897,753.7118301,31.40465959,1,0,0,0.157345974,117.4391484,0.96,777.4742704,746.3752996,31.09897082,1,0,0,0.156777851,114.6296474,0.96,761.6246922,731.1597045,30.46498769,,,,742.2068626,2231.246834,2051.095527,180.1513067,2231.246834,0,1,0,0,0.3664177,191.268203,0.920602084,567.0147793,521.9949877,45.01979159,1,0,0,0.366272066,191.0735725,0.92043561,566.7655084,521.6711564,45.09435197,1,0,0,0.357211228,179.9325435,0.917959082,548.7332733,503.7146917,45.01858158,1,0,0,0.357211228,179.9325435,0.917959082,548.7332733,503.7146917,45.01858158,1,,,0.101,207.1606483,2051.095527,2051.095527,0,63.58396135,0,,,273.1199248,0,117.4415677,4,1300.268635,0,0,0,132.1072933
65,1,66,0.15246,1,0,590.4509851,,,,0,0,1,1084.90308,1084.90308,0,173.5844928,36.01878226,0,,,167.9250634,1084.90308,1041.506957,43.3961232,1084.90308,0,1,0,0,0.161175797,84.05429949,0.96,543.2364134,521.5069568,21.72945653,1,0,0,0.161289931,83.87076389,0.96,541.6666667,520,21.66666667,0,0,1,0.271,0,0.96,0,0,0,,,,326.4254587,1041.506957,951.4897326,90.0172242,1041.506957,0,1,0,0,0.343067768,163.2127294,0.913570213,520.7534784,475.7448663,45.0086121,1,0,0,0.343067768,163.2127294,0.913570213,520.7534784,475.7448663,45.0086121,0,0,1,0.087248178,0,0.88,0,0,0,0,0,1,0.087248178,0,0.88,0,0,0,1,,,0.101,96.100463,951.4897326,951.4897326,0,29.49618171,0,,,133.4133474,0,57.36773938,2,590.4509851,0,0,0,90.02015719
66,1,67,0.15246,1,0,590.4509851,,,,0,0,1,1084.90308,1084.90308,0,173.5844928,36.01878226,0,,,167.9250634,1084.90308,1041.506957,43.3961232,1084.90308,0,1,0,0,0.161175797,84.05429949,0.96,543.2364134,521.5069568,21.72945653,1,0,0,0.161289931,83.87076389,0.96,541.6666667,520,21.66666667,0,0,0,0.271,0,0.96,0,0,0,,,,326.4254587,1041.506957,951.4897326,90.0172242,1041.506957,0,1,0,0,0.343067768,163.2127294,0.913570213,520.7534784,475.7448663,45.0086121,1,0,0,0.343067768,163.2127294,0.913570213,520.7534784,475.7448663,45.0086121,0,0,0,0.087248178,0,0.88,0,0,0,0,0,0,0.087248178,0,0.88,0,0,0,1,,,0.101,96.100463,951.4897326,951.4897326,0,29.49618171,0,,,133.4133474,2.84E-14,57.36773938,2,590.4509851,0,0,0,90.02015719
67,1,68,0.15246,1,0,590.4509851,,,,0,0,1,1084.90308,1084.90308,0,173.5844928,36.01878226,0,,,167.9250634,1084.90308,1041.506957,43.3961232,1084.90308,0,1,0,0,0.161175797,84.05429949,0.96,543.2364134,521.5069568,21.72945653,1,0,0,0.161289931,83.87076389,0.96,541.6666667,520,21.66666667,0,0,0,0.271,0,0.96,0,0,0,,,,326.4254587,1041.506957,951.4897326,90.0172242,1041.506957,0,1,0,0,0.343067768,163.2127294,0.913570213,520.7534784,475.7448663,45.0086121,1,0,0,0.343067768,163.2127294,0.913570213,520.7534784,475.7448663,45.0086121,0,0,0,0.087248178,0,0.88,0,0,0,0,0,0,0.087248178,0,0.88,0,0,0,1,,,0.101,96.100463,951.4897326,951.4897326,0,29.49618171,0,,,133.4133474,0,57.36773938,2,590.4509851,0,0,0,90.02015719
68,1,69,0.15246,1,0,590.4509851,,,,0,0,1,1084.90308,1084.90308,0,173.5844928,36.01878226,0,,,167.9250634,1084.90308,1041.506957,43.3961232,1084.90308,0,1,0,0,0.161175797,84.05429949,0.96,543.2364134,521.5069568,21.72945653,1,0,0,0.161289931,83.87076389,0.96,541.6666667,520,21.66666667,0,0,0,0.271,0,0.96,0,0,0,,,,326.4254587,1041.506957,951.4897326,90.0172242,1041.506957,0,1,0,0,0.343067768,163.2127294,0.913570213,520.7534784,475.7448663,45.0086121,1,0,0,0.343067768,163.2127294,0.913570213,520.7534784,475.7448663,45.0086121,0,0,0,0.087248178,0,0.88,0,0,0,0,0,0,0.087248178,0,0.88,0,0,0,1,,,0.101,96.100463,951.4897326,951.4897326,0,29.49618171,0,,,133.4133474,0,57.36773938,2,590.4509851,0,0,0,90.02015719
69,1,70,0.15246,1,0,590.4509851,,,,0,0,1,1084.90308,1084.90308,0,173.5844928,36.01878226,0,,,167.9250634,1084.90308,1041.506957,43.3961232,1084.90308,0,1,0,0,0.161175797,84.05429949,0.96,543.2364134,521.5069568,21.72945653,1,0,0,0.161289931,83.87076389,0.96,541.6666667,520,21.66666667,0,0,0,0.271,0,0.96,0,0,0,,,,326.4254587,1041.506957,951.4897326,90.0172242,1041.506957,0,1,0,0,0.343067768,163.2127294,0.913570213,520.7534784,475.7448663,45.0086121,1,0,0,0.343067768,163.2127294,0.913570213,520.7534784,475.7448663,45.0086121,0,0,0,0.087248178,0,0.88,0,0,0,0,0,0,0.087248178,0,0.88,0,0,0,1,,,0.101,96.100463,951.4897326,951.4897326,0,29.49618171,0,,,133.4133474,0,57.36773938,2,590.4509851,0,0,0,90.02015719
70,1,71,0.1016,0,0,1093.601165,,,,0,0,1,1875,1875,0,300,62.25,0,,,287.7882255,1875,1800,75,1875,0,1,0,0,0.157956476,120.0469216,0.96,791.6666667,760,31.66666667,1,0,0,0.1612895,83.87053997,0.96,541.6666667,520,21.66666667,1,1,0,0.161289931,83.87076389,0.96,541.6666667,520,21.66666667,,,,637.6479399,1800,1665,135,1800,0,1,0,0,0.382971736,212.5493133,0.925,600,555,45,1,0,0,0.382971736,212.5493133,0.925,600,555,45,1,1,0,0.382971736,212.5493133,0.925,600,555,45,0,0,0,0.087248178,0,0.88,0,0,0,1,,,0.101,168.165,1665,1665,0,51.615,0,,,210,5.68E-14,90.3,3,1093.601165,0,0,0,111.1098784
71,1,72,0.1016,0,0,1093.601165,,,,0,0,1,1875,1875,0,300,62.25,0,,,287.7882255,1875,1800,75,1875,0,1,0,0,0.157956476,120.0469216,0.96,791.6666667,760,31.66666667,1,0,0,0.1612895,83.87053997,0.96,541.6666667,520,21.66666667,1,0,0,0.161289931,83.87076389,0.96,541.6666667,520,21.66666667,,,,637.6479399,1800,1665,135,1800,0,1,0,0,0.382971736,212.5493133,0.925,600,555,45,1,0,0,0.382971736,212.5493133,0.925,600,555,45,1,0,0,0.382971736,212.5493133,0.925,600,555,45,0,0,0,0.087248178,0,0.88,0,0,0,1,,,0.101,168.165,1665,1665,0,51.615,0,,,210,-5.68E-14,90.3,3,1093.601165,0,0,0,111.1098784
72,1,73,0.1016,0,0,1093.601165,,,,0,0,1,1875,1875,0,300,62.25,0,,,287.7882255,1875,1800,75,1875,0,1,0,0,0.157956476,120.0469216,0.96,791.6666667,760,31.66666667,1,0,0,0.1612895,83.87053997,0.96,541.6666667,520,21.66666667,1,0,0,0.161289931,83.87076389,0.96,541.6666667,520,21.66666667,,,,637.6479399,1800,1665,135,1800,0,1,0,0,0.382971736,212.5493133,0.925,600,555,45,1,0,0,0.382971736,212.5493133,0.925,600,555,45,1,0,0,0.382971736,212.5493133,0.925,600,555,45,0,0,0,0.087248178,0,0.88,0,0,0,1,,,0.101,168.165,1665,1665,0,51.615,0,,,210,5.68E-14,90.3,3,1093.601165,0,0,0,111.1098784
73,1,74,0.1016,0,0,1093.601165,,,,0,0,1,1875,1875,0,300,62.25,0,,,287.7882255,1875,1800,75,1875,0,1,0,0,0.157956476,120.0469216,0.96,791.6666667,760,31.66666667,1,0,0,0.1612895,83.87053997,0.96,541.6666667,520,21.66666667,1,0,0,0.161289931,83.87076389,0.96,541.6666667,520,21.66666667,,,,637.6479399,1800,1665,135,1800,0,1,0,0,0.382971736,212.5493133,0.925,600,555,45,1,0,0,0.382971736,212.5493133,0.925,600,555,45,1,0,0,0.382971736,212.5493133,0.925,600,555,45,0,0,0,0.087248178,0,0.88,0,0,0,1,,,0.101,168.165,1665,1665,0,51.615,0,,,210,5.68E-14,90.3,3,1093.601165,0,0,0,111.1098784
74,1,75,0.1016,0,0,1093.601165,,,,0,0,1,1875,1875,0,300,62.25,0,,,287.7882255,1875,1800,75,1875,0,1,0,0,0.157956476,120.0469216,0.96,791.6666667,760,31.66666667,1,0,0,0.1612895,83.87053997,0.96,541.6666667,520,21.66666667,1,0,0,0.161289931,83.87076389,0.96,541.6666667,520,21.66666667,,,,637.6479399,1800,1665,135,1800,0,1,0,0,0.382971736,212.5493133,0.925,600,555,45,1,0,0,0.382971736,212.5493133,0.925,600,555,45,1,0,0,0.382971736,212.5493133,0.925,600,555,45,0,0,0,0.087248178,0,0.88,0,0,0,1,,,0.101,168.165,1665,1665,0,51.615,0,,,210,-5.68E-14,90.3,3,1093.601165,0,0,0,111.1098784
75,1,76,0.1016,0,0,1093.601165,,,,0,0,1,1875,1875,0,300,62.25,0,,,287.7882255,1875,1800,75,1875,0,1,0,0,0.157956476,120.0469216,0.96,791.6666667,760,31.66666667,1,0,0,0.1612895,83.87053997,0.96,541.6666667,520,21.66666667,1,0,0,0.161289931,83.87076389,0.96,541.6666667,520,21.66666667,,,,637.6479399,1800,1665,135,1800,0,1,0,0,0.382971736,212.5493133,0.925,600,555,45,1,0,0,0.382971736,212.5493133,0.925,600,555,45,1,0,0,0.382971736,212.5493133,0.925,600,555,45,0,0,0,0.087248178,0,0.88,0,0,0,1,,,0.101,168.165,1665,1665,0,51.615,0,,,210,-5.68E-14,90.3,3,1093.601165,0,0,0,111.1098784
76,1,77,0.1016,0,0,1093.601165,,,,0,0,1,1875,1875,0,300,62.25,0,,,287.7882255,1875,1800,75,1875,0,1,0,0,0.157956476,120.0469216,0.96,791.6666667,760,31.66666667,1,0,0,0.1612895,83.87053997,0.96,541.6666667,520,21.66666667,1,0,0,0.161289931,83.87076389,0.96,541.6666667,520,21.66666667,,,,637.6479399,1800,1665,135,1800,0,1,0,0,0.382971736,212.5493133,0.925,600,555,45,1,0,0,0.382971736,212.5493133,0.925,600,555,45,1,0,0,0.382971736,212.5493133,0.925,600,555,45,0,0,0,0.087248178,0,0.88,0,0,0,1,,,0.101,168.165,1665,1665,0,51.615,0,,,210,-5.68E-14,90.3,3,1093.601165,0,0,0,111.1098784
77,1,78,0.1016,0,0,1093.601165,,,,0,0,1,1875,1875,0,300,62.25,0,,,287.7882255,1875,1800,75,1875,0,1,0,0,0.157956476,120.0469216,0.96,791.6666667,760,31.66666667,1,0,0,0.1612895,83.87053997,0.96,541.6666667,520,21.66666667,1,0,0,0.161289931,83.87076389,0.96,541.6666667,520,21.66666667,,,,637.6479399,1800,1665,135,1800,0,1,0,0,0.382971736,212.5493133,0.925,600,555,45,1,0,0,0.382971736,212.5493133,0.925,600,555,45,1,0,0,0.382971736,212.5493133,0.925,600,555,45,0,0,0,0.087248178,0,0.88,0,0,0,1,,,0.101,168.165,1665,1665,0,51.615,0,,,210,-5.68E-14,90.3,3,1093.601165,0,0,0,111.1098784
78,1,79,0.1016,0,0,1093.601165,,,,0,0,1,1875,1875,0,300,62.25,0,,,287.7882255,1875,1800,75,1875,0,1,0,0,0.157956476,120.0469216,0.96,791.6666667,760,31.66666667,1,0,0,0.1612895,83.87053997,0.96,541.6666667,520,21.66666667,1,0,0,0.161289931,83.87076389,0.96,541.6666667,520,21.66666667,,,,637.6479399,1800,1665,135,1800,0,1,0,0,0.382971736,212.5493133,0.925,600,555,45,1,0,0,0.382971736,212.5493133,0.925,600,555,45,1,0,0,0.382971736,212.5493133,0.925,600,555,45,0,0,0,0.087248178,0,0.88,0,0,0,1,,,0.101,168.165,1665,1665,0,51.615,0,,,210,-5.68E-14,90.3,3,1093.601165,0,0,0,111.1098784
79,1,80,0.1016,0,0,1093.601389,,,,0,0,1,1875,1875,0,300,62.25,0,,,287.7884494,1875,1800,75,1875,0,1,0,0,0.157956476,120.0469216,0.96,791.6666667,760,31.66666667,1,0,0,0.161289931,83.87076389,0.96,541.6666667,520,21.66666667,1,0,0,0.161289931,83.87076389,0.96,541.6666667,520,21.66666667,,,,637.6479399,1800,1665,135,1800,0,1,0,0,0.382971736,212.5493133,0.925,600,555,45,1,0,0,0.382971736,212.5493133,0.925,600,555,45,1,0,0,0.382971736,212.5493133,0.925,600,555,45,0,0,0,0.087248178,0,0.88,0,0,0,1,,,0.101,168.165,1665,1665,0,51.615,0,,,210,-5.68E-14,90.3,3,1093.601389,0,0,0,111.1099012
80,1,81,0.1016,0,0,1093.601389,,,,0,0,1,1875,1875,0,300,62.25,0,,,287.7884494,1875,1800,75,1875,0,1,0,0,0.157956476,120.0469216,0.96,791.6666667,760,31.66666667,1,0,0,0.161289931,83.87076389,0.96,541.6666667,520,21.66666667,1,0,0,0.161289931,83.87076389,0.96,541.6666667,520,21.66666667,,,,637.6479399,1800,1665,135,1800,0,1,0,0,0.382971736,212.5493133,0.925,600,555,45,1,0,0,0.382971736,212.5493133,0.925,600,555,45,1,0,0,0.382971736,212.5493133,0.925,600,555,45,0,0,0,0.087248178,0,0.88,0,0,0,1,,,0.101,168.165,1665,1665,0,51.615,0,,,210,-5.68E-14,90.3,3,1093.601389,0,0,0,111.1099012
81,1,82,0.1016,0,0,1093.601389,,,,0,0,1,1875,1875,0,300,62.25,0,,,287.7884494,1875,1800,75,1875,0,1,0,0,0.157956476,120.0469216,0.96,791.6666667,760,31.66666667,1,0,0,0.161289931,83.87076389,0.96,541.6666667,520,21.66666667,1,0,0,0.161289931,83.87076389,0.96,541.6666667,520,21.66666667,,,,637.6479399,1800,1665,135,1800,0,1,0,0,0.382971736,212.5493133,0.925,600,555,45,1,0,0,0.382971736,212.5493133,0.925,600,555,45,1,0,0,0.382971736,212.5493133,0.925,600,555,45,0,0,0,0.087248178,0,0.88,0,0,0,1,,,0.101,168.165,1665,1665,0,51.615,0,,,210,-5.68E-14,90.3,3,1093.601389,0,0,0,111.1099012
82,1,83,0.1016,0,0,1093.601389,,,,0,0,1,1875,1875,0,300,62.25,0,,,287.7884494,1875,1800,75,1875,0,1,0,0,0.157956476,120.0469216,0.96,791.6666667,760,31.66666667,1,0,0,0.161289931,83.87076389,0.96,541.6666667,520,21.66666667,1,0,0,0.161289931,83.87076389,0.96,541.6666667,520,21.66666667,,,,637.6479399,1800,1665,135,1800,0,1,0,0,0.382971736,212.5493133,0.925,600,555,45,1,0,0,0.382971736,212.5493133,0.925,600,555,45,1,0,0,0.382971736,212.5493133,0.925,600,555,45,0,0,0,0.087248178,0,0.88,0,0,0,1,,,0.101,168.165,1665,1665,0,51.615,0,,,210,5.68E-14,90.3,3,1093.601389,0,0,0,111.1099012
83,1,84,0.1016,0,0,1093.601389,,,,0,0,1,1875,1875,0,300,62.25,0,,,287.7884494,1875,1800,75,1875,0,1,0,0,0.157956476,120.0469216,0.96,791.6666667,760,31.66666667,1,0,0,0.161289931,83.87076389,0.96,541.6666667,520,21.66666667,1,0,0,0.161289931,83.87076389,0.96,541.6666667,520,21.66666667,,,,637.6479399,1800,1665,135,1800,0,1,0,0,0.382971736,212.5493133,0.925,600,555,45,1,0,0,0.382971736,212.5493133,0.925,600,555,45,1,0,0,0.382971736,212.5493133,0.925,600,555,45,0,0,0,0.087248178,0,0.88,0,0,0,1,,,0.101,168.165,1665,1665,0,51.615,0,,,210,-5.68E-14,90.3,3,1093.601389,0,0,0,111.1099012
84,1,85,0.1016,0,0,1093.601389,,,,0,0,1,1875,1875,0,300,62.25,0,,,287.7884494,1875,1800,75,1875,0,1,0,0,0.157956476,120.0469216,0.96,791.6666667,760,31.66666667,1,0,0,0.161289931,83.87076389,0.96,541.6666667,520,21.66666667,1,0,0,0.161289931,83.87076389,0.96,541.6666667,520,21.66666667,,,,637.6479399,1800,1665,135,1800,0,1,0,0,0.382971736,212.5493133,0.925,600,555,45,1,0,0,0.382971736,212.5493133,0.925,600,555,45,1,0,0,0.382971736,212.5493133,0.925,600,555,45,0,0,0,0.087248178,0,0.88,0,0,0,1,,,0.101,168.165,1665,1665,0,51.615,0,,,210,-5.68E-14,90.3,3,1093.601389,0,0,0,111.1099012
85,1,86,0.1016,0,0,1093.601389,,,,0,0,1,1875,1875,0,300,62.25,0,,,287.7884494,1875,1800,75,1875,0,1,0,0,0.157956476,120.0469216,0.96,791.6666667,760,31.66666667,1,0,0,0.161289931,83.87076389,0.96,541.6666667,520,21.66666667,1,0,0,0.161289931,83.87076389,0.96,541.6666667,520,21.66666667,,,,637.6479399,1800,1665,135,1800,0,1,0,0,0.382971736,212.5493133,0.925,600,555,45,1,0,0,0.382971736,212.5493133,0.925,600,555,45,1,0,0,0.382971736,212.5493133,0.925,600,555,45,0,0,0,0.087248178,0,0.88,0,0,0,1,,,0.101,168.165,1665,1665,0,51.615,0,,,210,5.68E-14,90.3,3,1093.601389,0,0,0,111.1099012
86,1,87,0.1016,0,0,1093.601389,,,,0,0,1,1875,1875,0,300,62.25,0,,,287.7884494,1875,1800,75,1875,0,1,0,0,0.157956476,120.0469216,0.96,791.6666667,760,31.66666667,1,0,0,0.161289931,83.87076389,0.96,541.6666667,520,21.66666667,1,0,0,0.161289931,83.87076389,0.96,541.6666667,520,21.66666667,,,,637.6479399,1800,1665,135,1800,0,1,0,0,0.382971736,212.5493133,0.925,600,555,45,1,0,0,0.382971736,212.5493133,0.925,600,555,45,1,0,0,0.382971736,212.5493133,0.925,600,555,45,0,0,0,0.087248178,0,0.88,0,0,0,1,,,0.101,168.165,1665,1665,0,51.615,0,,,210,-5.68E-14,90.3,3,1093.601389,0,0,0,111.1099012
87,1,88,0.1016,0,0,1093.601389,,,,0,0,1,1875,1875,0,300,62.25,0,,,287.7884494,1875,1800,75,1875,0,1,0,0,0.157956476,120.0469216,0.96,791.6666667,760,31.66666667,1,0,0,0.161289931,83.87076389,0.96,541.6666667,520,21.66666667,1,0,0,0.161289931,83.87076389,0.96,541.6666667,520,21.66666667,,,,637.6479399,1800,1665,135,1800,0,1,0,0,0.382971736,212.5493133,0.925,600,555,45,1,0,0,0.382971736,212.5493133,0.925,600,555,45,1,0,0,0.382971736,212.5493133,0.925,600,555,45,0,0,0,0.087248178,0,0.88,0,0,0,1,,,0.101,168.165,1665,1665,0,51.615,0,,,210,5.68E-14,90.3,3,1093.601389,0,0,0,111.1099012
88,1,89,0.1016,0,0,1093.601389,,,,0,0,1,1875,1875,0,300,62.25,0,,,287.7884494,1875,1800,75,1875,0,1,0,0,0.157956476,120.0469216,0.96,791.6666667,760,31.66666667,1,0,0,0.161289931,83.87076389,0.96,541.6666667,520,21.66666667,1,0,0,0.161289931,83.87076389,0.96,541.6666667,520,21.66666667,,,,637.6479399,1800,1665,135,1800,0,1,0,0,0.382971736,212.5493133,0.925,600,555,45,1,0,0,0.382971736,212.5493133,0.925,600,555,45,1,0,0,0.382971736,212.5493133,0.925,600,555,45,0,0,0,0.087248178,0,0.88,0,0,0,1,,,0.101,168.165,1665,1665,0,51.615,0,,,210,-5.68E-14,90.3,3,1093.601389,0,0,0,111.1099012
89,1,90,0.15246,1,0,589.2454695,,,,0,0,1,1083.333333,1083.333333,0,173.3333333,35.96666667,0,,,167.7415278,1083.333333,1040,43.33333333,1083.333333,0,1,0,0,0.161289931,83.87076389,0.96,541.6666667,520,21.66666667,1,0,0,0.161289931,83.87076389,0.96,541.6666667,520,21.66666667,0,0,1,0.271,0,0.96,0,0,0,,,,325.5539417,1040,950,90,1040,0,1,0,0,0.34268836,162.7769709,0.913461538,520,475,45,1,0,0,0.34268836,162.7769709,0.913461538,520,475,45,0,0,1,0.087248178,0,0.88,0,0,0,0,0,0,0.087248178,0,0.88,0,0,0,1,,,0.101,95.95,950,950,0,29.45,0,,,133.3333333,-1.42E-14,57.33333333,2,589.2454695,0,0,0,89.83636428
90,1,91,0.15246,1,0,589.2454695,,,,0,0,1,1083.333333,1083.333333,0,173.3333333,35.96666667,0,,,167.7415278,1083.333333,1040,43.33333333,1083.333333,0,1,0,0,0.161289931,83.87076389,0.96,541.6666667,520,21.66666667,1,0,0,0.161289931,83.87076389,0.96,541.6666667,520,21.66666667,0,0,0,0.271,0,0.96,0,0,0,,,,325.5539417,1040,950,90,1040,0,1,0,0,0.34268836,162.7769709,0.913461538,520,475,45,1,0,0,0.34268836,162.7769709,0.913461538,520,475,45,0,0,0,0.087248178,0,0.88,0,0,0,0,0,0,0.087248178,0,0.88,0,0,0,1,,,0.101,95.95,950,950,0,29.45,0,,,133.3333333,-1.42E-14,57.33333333,2,589.2454695,0,0,0,89.83636428
91,1,92,0.15246,1,0,589.2454695,,,,0,0,1,1083.333333,1083.333333,0,173.3333333,35.96666667,0,,,167.7415278,1083.333333,1040,43.33333333,1083.333333,0,1,0,0,0.161289931,83.87076389,0.96,541.6666667,520,21.66666667,1,0,0,0.161289931,83.87076389,0.96,541.6666667,520,21.66666667,0,0,0,0.271,0,0.96,0,0,0,,,,325.5539417,1040,950,90,1040,0,1,0,0,0.34268836,162.7769709,0.913461538,520,475,45,1,0,0,0.34268836,162.7769709,0.913461538,520,475,45,0,0,0,0.087248178,0,0.88,0,0,0,0,0,0,0.087248178,0,0.88,0,0,0,1,,,0.101,95.95,950,950,0,29.45,0,,,133.3333333,-1.42E-14,57.33333333,2,589.2454695,0,0,0,89.83636428
92,1,93,0.15246,1,0,589.2454695,,,,0,0,1,1083.333333,1083.333333,0,173.3333333,35.96666667,0,,,167.7415278,1083.333333,1040,43.33333333,1083.333333,0,1,0,0,0.161289931,83.87076389,0.96,541.6666667,520,21.66666667,1,0,0,0.161289931,83.87076389,0.96,541.6666667,520,21.66666667,0,0,0,0.271,0,0.96,0,0,0,,,,325.5539417,1040,950,90,1040,0,1,0,0,0.34268836,162.7769709,0.913461538,520,475,45,1,0,0,0.34268836,162.7769709,0.913461538,520,475,45,0,0,0,0.087248178,0,0.88,0,0,0,0,0,0,0.087248178,0,0.88,0,0,0,1,,,0.101,95.95,950,950,0,29.45,0,,,133.3333333,-1.42E-14,57.33333333,2,589.2454695,0,0,0,89.83636428
93,1,94,0.15246,1,0,589.2454695,,,,0,0,1,1083.333333,1083.333333,0,173.3333333,35.96666667,0,,,167.7415278,1083.333333,1040,43.33333333,1083.333333,0,1,0,0,0.161289931,83.87076389,0.96,541.6666667,520,21.66666667,1,0,0,0.161289931,83.87076389,0.96,541.6666667,520,21.66666667,0,0,0,0.271,0,0.96,0,0,0,,,,325.5539417,1040,950,90,1040,0,1,0,0,0.34268836,162.7769709,0.913461538,520,475,45,1,0,0,0.34268836,162.7769709,0.913461538,520,475,45,0,0,0,0.087248178,0,0.88,0,0,0,0,0,0,0.087248178,0,0.88,0,0,0,1,,,0.101,95.95,950,950,0,29.45,0,,,133.3333333,-1.42E-14,57.33333333,2,589.2454695,0,0,0,89.83636428
94,1,95,0.1016,0,0,976.8140048,,,,0,0,1,1733.717237,1733.717237,0,277.3947579,57.55941226,0,,,271.3842397,1733.717237,1664.368547,69.34868947,1733.717237,0,1,0,0,0.165268272,141.9376617,0.96,894.6165494,858.8318874,35.78466197,1,0,0,0.160696073,129.446578,0.96,839.1006874,805.5366599,33.5640275,0,0,0,0.271,0,0.96,0,0,0,,,,550.9693029,1664.368547,1529.311506,135.0570412,1664.368547,0,1,0,0,0.362421178,186.3023089,0.919460507,559.0769523,514.0491782,45.0277741,1,0,0,0.359186893,182.3369057,0.918559362,552.6457975,507.6379711,45.00782636,1,1,0,0.359183096,182.3300883,0.918534727,552.6457975,507.6243567,45.02144079,0,0,0,0.087248178,0,0.88,0,0,0,1,,,0.101,154.4604621,1529.311506,1529.311506,0,47.40865669,0,,,204.4057307,2.84E-14,87.89446421,3,976.8140048,0,0,0,99.24430288
95,1,96,0.1016,0,0,1297.763564,,,,0,0,1,2308.673719,2308.673719,0,369.387795,76.64796746,0,,,359.2128601,2308.673719,2216.32677,92.34694875,2308.673719,0,1,0,0,0.165268272,141.9376617,0.96,894.6165494,858.8318874,35.78466197,1,0,0,0.160696073,129.446578,0.96,839.1006874,805.5366599,33.5640275,1,1,0,0.159121863,87.82862042,0.96,574.956482,551.9582227,22.99825928,,,,732.887461,2216.32677,2036.269729,180.0570412,2216.32677,0,1,0,0,0.362421178,186.3023089,0.919460507,559.0769523,514.0491782,45.0277741,1,0,0,0.359186893,182.3369057,0.918559362,552.6457975,507.6379711,45.00782636,1,0,0,0.359183096,182.3300883,0.918534727,552.6457975,507.6243567,45.02144079,1,1,0,0.358842504,181.918158,0.918472091,551.9582227,506.9582227,45,1,,,0.101,205.6632426,2036.269729,2036.269729,0,63.12436159,0,,,272.40399,-5.68E-14,117.1337157,4,1297.763564,0,0,0,131.8527781
96,1,97,0.1016,0,0,1297.763564,,,,0,0,1,2308.673719,2308.673719,0,369.387795,76.64796746,0,,,359.2128601,2308.673719,2216.32677,92.34694875,2308.673719,0,1,0,0,0.165268272,141.9376617,0.96,894.6165494,858.8318874,35.78466197,1,0,0,0.160696073,129.446578,0.96,839.1006874,805.5366599,33.5640275,1,0,0,0.159121863,87.82862042,0.96,574.956482,551.9582227,22.99825928,,,,732.887461,2216.32677,2036.269729,180.0570412,2216.32677,0,1,0,0,0.362421178,186.3023089,0.919460507,559.0769523,514.0491782,45.0277741,1,0,0,0.359186893,182.3369057,0.918559362,552.6457975,507.6379711,45.00782636,1,0,0,0.359183096,182.3300883,0.918534727,552.6457975,507.6243567,45.02144079,1,0,0,0.358842504,181.918158,0.918472091,551.9582227,506.9582227,45,1,,,0.101,205.6632426,2036.269729,2036.269729,0,63.12436159,0,,,272.40399,5.68E-14,117.1337157,4,1297.763564,0,0,0,131.8527781
97,1,98,0.1016,0,0,1297.763564,,,,0,0,1,2308.673719,2308.673719,0,369.387795,76.64796746,0,,,359.2128601,2308.673719,2216.32677,92.34694875,2308.673719,0,1,0,0,0.165268272,141.9376617,0.96,894.6165494,858.8318874,35.78466197,1,0,0,0.160696073,129.446578,0.96,839.1006874,805.5366599,33.5640275,1,0,0,0.159121863,87.82862042,0.96,574.956482,551.9582227,22.99825928,,,,732.887461,2216.32677,2036.269729,180.0570412,2216.32677,0,1,0,0,0.362421178,186.3023089,0.919460507,559.0769523,514.0491782,45.0277741,1,0,0,0.359186893,182.3369057,0.918559362,552.6457975,507.6379711,45.00782636,1,0,0,0.359183096,182.3300883,0.918534727,552.6457975,507.6243567,45.02144079,1,0,0,0.358842504,181.918158,0.918472091,551.9582227,506.9582227,45,1,,,0.101,205.6632426,2036.269729,2036.269729,0,63.12436159,0,,,272.40399,-5.68E-14,117.1337157,4,1297.763564,0,0,0,131.8527781
98,1,99,0.1016,0,0,1297.763564,,,,0,0,1,2308.673719,2308.673719,0,369.387795,76.64796746,0,,,359.2128601,2308.673719,2216.32677,92.34694875,2308.673719,0,1,0,0,0.165268272,141.9376617,0.96,894.6165494,858.8318874,35.78466197,1,0,0,0.160696073,129.446578,0.96,839.1006874,805.5366599,33.5640275,1,0,0,0.159121863,87.82862042,0.96,574.956482,551.9582227,22.99825928,,,,732.887461,2216.32677,2036.269729,180.0570412,2216.32677,0,1,0,0,0.362421178,186.3023089,0.919460507,559.0769523,514.0491782,45.0277741,1,0,0,0.359186893,182.3369057,0.918559362,552.6457975,507.6379711,45.00782636,1,0,0,0.359183096,182.3300883,0.918534727,552.6457975,507.6243567,45.02144079,1,0,0,0.358842504,181.918158,0.918472091,551.9582227,506.9582227,45,1,,,0.101,205.6632426,2036.269729,2036.269729,0,63.12436159,0,,,272.40399,-5.68E-14,117.1337157,4,1297.763564,0,0,0,131.8527781
99,1,100,0.1016,0,0,1297.763564,,,,0,0,1,2308.673719,2308.673719,0,369.387795,76.64796746,0,,,359.2128601,2308.673719,2216.32677,92.34694875,2308.673719,0,1,0,0,0.165268272,141.9376617,0.96,894.6165494,858.8318874,35.78466197,1,0,0,0.160696073,129.446578,0.96,839.1006874,805.5366599,33.5640275,1,0,0,0.159121863,87.82862042,0.96,574.956482,551.9582227,22.99825928,,,,732.887461,2216.32677,2036.269729,180.0570412,2216.32677,0,1,0,0,0.362421178,186.3023089,0.919460507,559.0769523,514.0491782,45.0277741,1,0,0,0.359186893,182.3369057,0.918559362,552.6457975,507.6379711,45.00782636,1,0,0,0.359183096,182.3300883,0.918534727,552.6457975,507.6243567,45.02144079,1,0,0,0.358842504,181.918158,0.918472091,551.9582227,506.9582227,45,1,,,0.101,205.6632426,2036.269729,2036.269729,0,63.12436159,0,,,272.40399,-2.84E-14,117.1337157,4,1297.763564,0,0,0,131.8527781
100,1,101,0.1016,0,0,1297.763564,,,,0,0,1,2308.673719,2308.673719,0,369.387795,76.64796746,0,,,359.2128601,2308.673719,2216.32677,92.34694875,2308.673719,0,1,0,0,0.165268272,141.9376617,0.96,894.6165494,858.8318874,35.78466197,1,0,0,0.160696073,129.446578,0.96,839.1006874,805.5366599,33.5640275,1,0,0,0.159121863,87.82862042,0.96,574.956482,551.9582227,22.99825928,,,,732.887461,2216.32677,2036.269729,180.0570412,2216.32677,0,1,0,0,0.362421178,186.3023089,0.919460507,559.0769523,514.0491782,45.0277741,1,0,0,0.359186893,182.3369057,0.918559362,552.6457975,507.6379711,45.00782636,1,0,0,0.359183096,182.3300883,0.918534727,552.6457975,507.6243567,45.02144079,1,0,0,0.358842504,181.918158,0.918472091,551.9582227,506.9582227,45,1,,,0.101,205.6632426,2036.269729,2036.269729,0,63.12436159,0,,,272.40399,-2.84E-14,117.1337157,4,1297.763564,0,0,0,131.8527781
101,1,102,0.1016,0,0,1297.763564,,,,0,0,1,2308.673719,2308.673719,0,369.387795,76.64796746,0,,,359.2128601,2308.673719,2216.32677,92.34694875,2308.673719,0,1,0,0,0.165268272,141.9376617,0.96,894.6165494,858.8318874,35.78466197,1,0,0,0.160696073,129.446578,0.96,839.1006874,805.5366599,33.5640275,1,0,0,0.159121863,87.82862042,0.96,574.956482,551.9582227,22.99825928,,,,732.887461,2216.32677,2036.269729,180.0570412,2216.32677,0,1,0,0,0.362421178,186.3023089,0.919460507,559.0769523,514.0491782,45.0277741,1,0,0,0.359186893,182.3369057,0.918559362,552.6457975,507.6379711,45.00782636,1,0,0,0.359183096,182.3300883,0.918534727,552.6457975,507.6243567,45.02144079,1,0,0,0.358842504,181.918158,0.918472091,551.9582227,506.9582227,45,1,,,0.101,205.6632426,2036.269729,2036.269729,0,63.12436159,0,,,272.40399,-2.84E-14,117.1337157,4,1297.763564,0,0,0,131.8527781
102,1,103,0.1016,0,0,1297.763564,,,,0,0,1,2308.673719,2308.673719,0,369.387795,76.64796746,0,,,359.2128601,2308.673719,2216.32677,92.34694875,2308.673719,0,1,0,0,0.165268272,141.9376617,0.96,894.6165494,858.8318874,35.78466197,1,0,0,0.160696073,129.446578,0.96,839.1006874,805.5366599,33.5640275,1,0,0,0.159121863,87.82862042,0.96,574.956482,551.9582227,22.99825928,,,,732.887461,2216.32677,2036.269729,180.0570412,2216.32677,0,1,0,0,0.362421178,186.3023089,0.919460507,559.0769523,514.0491782,45.0277741,1,0,0,0.359186893,182.3369057,0.918559362,552.6457975,507.6379711,45.00782636,1,0,0,0.359183096,182.3300883,0.918534727,552.6457975,507.6243567,45.02144079,1,0,0,0.358842504,181.918158,0.918472091,551.9582227,506.9582227,45,1,,,0.101,205.6632426,2036.269729,2036.269729,0,63.12436159,0,,,272.40399,-2.84E-14,117.1337157,4,1297.763564,0,0,0,131.8527781
103,1,104,0.1016,0,0,1297.763564,,,,0,0,1,2308.673719,2308.673719,0,369.387795,76.64796746,0,,,359.2128601,2308.673719,2216.32677,92.34694875,2308.673719,0,1,0,0,0.165268272,141.9376617,0.96,894.6165494,858.8318874,35.78466197,1,0,0,0.160696073,129.446578,0.96,839.1006874,805.5366599,33.5640275,1,0,0,0.159121863,87.82862042,0.96,574.956482,551.9582227,22.99825928,,,,732.887461,2216.32677,2036.269729,180.0570412,2216.32677,0,1,0,0,0.362421178,186.3023089,0.919460507,559.0769523,514.0491782,45.0277741,1,0,0,0.359186893,182.3369057,0.918559362,552.6457975,507.6379711,45.00782636,1,0,0,0.359183096,182.3300883,0.918534727,552.6457975,507.6243567,45.02144079,1,0,0,0.358842504,181.918158,0.918472091,551.9582227,506.9582227,45,1,,,0.101,205.6632426,2036.269729,2036.269729,0,63.12436159,0,,,272.40399,8.53E-14,117.1337157,4,1297.763564,0,0,0,131.8527781
104,1,105,0.1016,0,0,1297.780371,,,,0,0,1,2308.673719,2308.673719,0,369.387795,76.64796746,0,,,359.2128601,2308.673719,2216.32677,92.34694875,2308.673719,0,1,0,0,0.165268272,141.9376617,0.96,894.6165494,858.8318874,35.78466197,1,0,0,0.160696073,129.446578,0.96,839.1006874,805.5366599,33.5640275,1,0,0,0.159121863,87.82862042,0.96,574.956482,551.9582227,22.99825928,,,,732.9014628,2216.32677,2036.297503,180.0292671,2216.32677,0,1,0,0,0.362428835,186.3163108,0.919510186,559.0769523,514.0769523,45,1,0,0,0.359186893,182.3369057,0.918559362,552.6457975,507.6379711,45.00782636,1,0,0,0.359183096,182.3300883,0.918534727,552.6457975,507.6243567,45.02144079,1,0,0,0.358842504,181.918158,0.918472091,551.9582227,506.9582227,45,1,,,0.101,205.6660478,2036.297503,2036.297503,0,63.12522259,0,,,272.3762159,0,117.1217728,4,1297.780371,0,0,0,131.8544857
105,1,106,0.1016,0,0,1297.780371,,,,0,0,1,2308.673719,2308.673719,0,369.387795,76.64796746,0,,,359.2128601,2308.673719,2216.32677,92.34694875,2308.673719,0,1,0,0,0.165268272,141.9376617,0.96,894.6165494,858.8318874,35.78466197,1,0,0,0.160696073,129.446578,0.96,839.1006874,805.5366599,33.5640275,1,0,0,0.159121863,87.82862042,0.96,574.956482,551.9582227,22.99825928,,,,732.9014628,2216.32677,2036.297503,180.0292671,2216.32677,0,1,0,0,0.362428835,186.3163108,0.919510186,559.0769523,514.0769523,45,1,0,0,0.359186893,182.3369057,0.918559362,552.6457975,507.6379711,45.00782636,1,0,0,0.359183096,182.3300883,0.918534727,552.6457975,507.6243567,45.02144079,1,0,0,0.358842504,181.918158,0.918472091,551.9582227,506.9582227,45,1,,,0.101,205.6660478,2036.297503,2036.297503,0,63.12522259,0,,,272.3762159,-2.84E-14,117.1217728,4,1297.780371,0,0,0,131.8544857
106,1,107,0.1016,0,0,1297.780371,,,,0,0,1,2308.673719,2308.673719,0,369.387795,76.64796746,0,,,359.2128601,2308.673719,2216.32677,92.34694875,2308.673719,0,1,0,0,0.165268272,141.9376617,0.96,894.6165494,858.8318874,35.78466197,1,0,0,0.160696073,129.446578,0.96,839.1006874,805.5366599,33.5640275,1,0,0,0.159121863,87.82862042,0.96,574.956482,551.9582227,22.99825928,,,,732.9014628,2216.32677,2036.297503,180.0292671,2216.32677,0,1,0,0,0.362428835,186.3163108,0.919510186,559.0769523,514.0769523,45,1,0,0,0.359186893,182.3369057,0.918559362,552.6457975,507.6379711,45.00782636,1,0,0,0.359183096,182.3300883,0.918534727,552.6457975,507.6243567,45.02144079,1,0,0,0.358842504,181.918158,0.918472091,551.9582227,506.9582227,45,1,,,0.101,205.6660478,2036.297503,2036.297503,0,63.12522259,0,,,272.3762159,-2.84E-14,117.1217728,4,1297.780371,0,0,0,131.8544857
107,1,108,0.1016,0,0,1297.780371,,,,0,0,1,2308.673719,2308.673719,0,369.387795,76.64796746,0,,,359.2128601,2308.673719,2216.32677,92.34694875,2308.673719,0,1,0,0,0.165268272,141.9376617,0.96,894.6165494,858.8318874,35.78466197,1,0,0,0.160696073,129.446578,0.96,839.1006874,805.5366599,33.5640275,1,0,0,0.159121863,87.82862042,0.96,574.956482,551.9582227,22.99825928,,,,732.9014628,2216.32677,2036.297503,180.0292671,2216.32677,0,1,0,0,0.362428835,186.3163108,0.919510186,559.0769523,514.0769523,45,1,0,0,0.359186893,182.3369057,0.918559362,552.6457975,507.6379711,45.00782636,1,0,0,0.359183096,182.3300883,0.918534727,552.6457975,507.6243567,45.02144079,1,0,0,0.358842504,181.918158,0.918472091,551.9582227,506.9582227,45,1,,,0.101,205.6660478,2036.297503,2036.297503,0,63.12522259,0,,,272.3762159,-2.84E-14,117.1217728,4,1297.780371,0,0,0,131.8544857
108,1,109,0.1016,0,0,1297.780371,,,,0,0,1,2308.673719,2308.673719,0,369.387795,76.64796746,0,,,359.2128601,2308.673719,2216.32677,92.34694875,2308.673719,0,1,0,0,0.165268272,141.9376617,0.96,894.6165494,858.8318874,35.78466197,1,0,0,0.160696073,129.446578,0.96,839.1006874,805.5366599,33.5640275,1,0,0,0.159121863,87.82862042,0.96,574.956482,551.9582227,22.99825928,,,,732.9014628,2216.32677,2036.297503,180.0292671,2216.32677,0,1,0,0,0.362428835,186.3163108,0.919510186,559.0769523,514.0769523,45,1,0,0,0.359186893,182.3369057,0.918559362,552.6457975,507.6379711,45.00782636,1,0,0,0.359183096,182.3300883,0.918534727,552.6457975,507.6243567,45.02144079,1,0,0,0.358842504,181.918158,0.918472091,551.9582227,506.9582227,45,1,,,0.101,205.6660478,2036.297503,2036.297503,0,63.12522259,0,,,272.3762159,-2.84E-14,117.1217728,4,1297.780371,0,0,0,131.8544857
109,1,110,0.1016,0,0,1297.770001,,,,0,0,1,2308.673719,2308.673719,0,369.387795,76.64796746,0,,,359.2128601,2308.673719,2216.32677,92.34694875,2308.673719,0,1,0,0,0.165268272,141.9376617,0.96,894.6165494,858.8318874,35.78466197,1,0,0,0.160696073,129.446578,0.96,839.1006874,805.5366599,33.5640275,1,0,0,0.159121863,87.82862042,0.96,574.956482,551.9582227,22.99825928,,,,732.892835,2216.32677,2036.280261,180.0465093,2216.32677,0,1,0,0,0.362428835,186.3163108,0.919510186,559.0769523,514.0769523,45,1,0,0,0.359186893,182.3369057,0.918559362,552.6457975,507.6379711,45.00782636,1,0,0,0.359183096,182.3300883,0.918534727,552.6457975,507.6243567,45.02144079,1,0,0,0.35883769,181.9095302,0.918440852,551.9582227,506.9409805,45.0172422,1,,,0.101,205.6643063,2036.280261,2036.280261,0,63.12468808,0,,,272.3934581,2.84E-14,117.129187,4,1297.770001,0,0,0,131.8534321
110,1,111,0.1016,0,0,1297.770001,,,,0,0,1,2308.673719,2308.673719,0,369.387795,76.64796746,0,,,359.2128601,2308.673719,2216.32677,92.34694875,2308.673719,0,1,0,0,0.165268272,141.9376617,0.96,894.6165494,858.8318874,35.78466197,1,0,0,0.160696073,129.446578,0.96,839.1006874,805.5366599,33.5640275,1,0,0,0.159121863,87.82862042,0.96,574.956482,551.9582227,22.99825928,,,,732.892835,2216.32677,2036.280261,180.0465093,2216.32677,0,1,0,0,0.362428835,186.3163108,0.919510186,559.0769523,514.0769523,45,1,0,0,0.359186893,182.3369057,0.918559362,552.6457975,507.6379711,45.00782636,1,0,0,0.359183096,182.3300883,0.918534727,552.6457975,507.6243567,45.02144079,1,0,0,0.35883769,181.9095302,0.918440852,551.9582227,506.9409805,45.0172422,1,,,0.101,205.6643063,2036.280261,2036.280261,0,63.12468808,0,,,272.3934581,2.84E-14,117.129187,4,1297.770001,0,0,0,131.8534321
111,1,112,0.1016,0,0,1297.770001,,,,0,0,1,2308.673719,2308.673719,0,369.387795,76.64796746,0,,,359.2128601,2308.673719,2216.32677,92.34694875,2308.673719,0,1,0,0,0.165268272,141.9376617,0.96,894.6165494,858.8318874,35.78466197,1,0,0,0.160696073,129.446578,0.96,839.1006874,805.5366599,33.5640275,1,0,0,0.159121863,87.82862042,0.96,574.956482,551.9582227,22.99825928,,,,732.892835,2216.32677,2036.280261,180.0465093,2216.32677,0,1,0,0,0.362428835,186.3163108,0.919510186,559.0769523,514.0769523,45,1,0,0,0.359186893,182.3369057,0.918559362,552.6457975,507.6379711,45.00782636,1,0,0,0.359183096,182.3300883,0.918534727,552.6457975,507.6243567,45.02144079,1,0,0,0.35883769,181.9095302,0.918440852,551.9582227,506.9409805,45.0172422,1,,,0.101,205.6643063,2036.280261,2036.280261,0,63.12468808,0,,,272.3934581,-8.53E-14,117.129187,4,1297.770001,0,0,0,131.8534321
112,1,113,0.1016,0,0,1297.770001,,,,0,0,1,2308.673719,2308.673719,0,369.387795,76.64796746,0,,,359.2128601,2308.673719,2216.32677,92.34694875,2308.673719,0,1,0,0,0.165268272,141.9376617,0.96,894.6165494,858.8318874,35.78466197,1,0,0,0.160696073,129.446578,0.96,839.1006874,805.5366599,33.5640275,1,0,0,0.159121863,87.82862042,0.96,574.956482,551.9582227,22.99825928,,,,732.892835,2216.32677,2036.280261,180.0465093,2216.32677,0,1,0,0,0.362428835,186.3163108,0.919510186,559.0769523,514.0769523,45,1,0,0,0.359186893,182.3369057,0.918559362,552.6457975,507.6379711,45.00782636,1,0,0,0.359183096,182.3300883,0.918534727,552.6457975,507.6243567,45.02144079,1,0,0,0.35883769,181.9095302,0.918440852,551.9582227,506.9409805,45.0172422,1,,,0.101,205.6643063,2036.280261,2036.280261,0,63.12468808,0,,,272.3934581,-5.68E-14,117.129187,4,1297.770001,0,0,0,131.8534321
113,1,114,0.15246,1,0,589.9454513,,,,0,0,1,1084.246734,1084.246734,0,173.4794775,35.99699158,0,,,167.8482676,1084.246734,1040.876865,43.36986938,1084.246734,0,1,0,0,0.161256603,83.92413381,0.96,542.1233672,520.4384325,21.68493469,1,0,0,0.161256603,83.92413381,0.96,542.1233672,520.4384325,21.68493469,0,0,1,0.271,0,0.96,0,0,0,,,,326.0598497,1040.876865,950.8646929,90.00998206,1040.874675,0.002190048,1,0,0,0.343128795,163.2828789,0.913587694,520.874675,475.8646929,45.00998206,1,0,0,0.34268836,162.7769709,0.913461538,520,475,45,0,0,1,0.087248178,0,0.88,0,0,0,0,0,1,0.087248178,0,0.88,0,0,0,1,,,0.101,96.03733399,950.8646929,950.8646929,0,29.47680548,0,,,133.3820415,0,57.35427784,2,589.9454513,0,0,0,89.94308351
114,1,115,0.15246,1,0,589.9454513,,,,0,0,1,1084.246734,1084.246734,0,173.4794775,35.99699158,0,,,167.8482676,1084.246734,1040.876865,43.36986938,1084.246734,0,1,0,0,0.161256603,83.92413381,0.96,542.1233672,520.4384325,21.68493469,1,0,0,0.161256603,83.92413381,0.96,542.1233672,520.4384325,21.68493469,0,0,0,0.271,0,0.96,0,0,0,,,,326.0598497,1040.876865,950.8646929,90.00998206,1040.874675,0.002190048,1,0,0,0.343128795,163.2828789,0.913587694,520.874675,475.8646929,45.00998206,1,0,0,0.34268836,162.7769709,0.913461538,520,475,45,0,0,0,0.087248178,0,0.88,0,0,0,0,0,0,0.087248178,0,0.88,0,0,0,1,,,0.101,96.03733399,950.8646929,950.8646929,0,29.47680548,0,,,133.3820415,0,57.35427784,2,589.9454513,0,0,0,89.94308351
115,1,116,0.15246,1,0,589.9454513,,,,0,0,1,1084.246734,1084.246734,0,173.4794775,35.99699158,0,,,167.8482676,1084.246734,1040.876865,43.36986938,1084.246734,0,1,0,0,0.161256603,83.92413381,0.96,542.1233672,520.4384325,21.68493469,1,0,0,0.161256603,83.92413381,0.96,542.1233672,520.4384325,21.68493469,0,0,0,0.271,0,0.96,0,0,0,,,,326.0598497,1040.876865,950.8646929,90.00998206,1040.874675,0.002190048,1,0,0,0.343128795,163.2828789,0.913587694,520.874675,475.8646929,45.00998206,1,0,0,0.34268836,162.7769709,0.913461538,520,475,45,0,0,0,0.087248178,0,0.88,0,0,0,0,0,0,0.087248178,0,0.88,0,0,0,1,,,0.101,96.03733399,950.8646929,950.8646929,0,29.47680548,0,,,133.3820415,0,57.35427784,2,589.9454513,0,0,0,89.94308351
116,1,117,0.15246,1,0,589.9454513,,,,0,0,1,1084.246734,1084.246734,0,173.4794775,35.99699158,0,,,167.8482676,1084.246734,1040.876865,43.36986938,1084.246734,0,1,0,0,0.161256603,83.92413381,0.96,542.1233672,520.4384325,21.68493469,1,0,0,0.161256603,83.92413381,0.96,542.1233672,520.4384325,21.68493469,0,0,0,0.271,0,0.96,0,0,0,,,,326.0598497,1040.876865,950.8646929,90.00998206,1040.874675,0.002190048,1,0,0,0.343128795,163.2828789,0.913587694,520.874675,475.8646929,45.00998206,1,0,0,0.34268836,162.7769709,0.913461538,520,475,45,0,0,0,0.087248178,0,0.88,0,0,0,0,0,0,0.087248178,0,0.88,0,0,0,1,,,0.101,96.03733399,950.8646929,950.8646929,0,29.47680548,0,,,133.3820415,0,57.35427784,2,589.9454513,0,0,0,89.94308351
117,1,118,0.15246,1,0,589.9454513,,,,0,0,1,1084.246734,1084.246734,0,173.4794775,35.99699158,0,,,167.8482676,1084.246734,1040.876865,43.36986938,1084.246734,0,1,0,0,0.161256603,83.92413381,0.96,542.1233672,520.4384325,21.68493469,1,0,0,0.161256603,83.92413381,0.96,542.1233672,520.4384325,21.68493469,0,0,0,0.271,0,0.96,0,0,0,,,,326.0598497,1040.876865,950.8646929,90.00998206,1040.874675,0.002190048,1,0,0,0.343128795,163.2828789,0.913587694,520.874675,475.8646929,45.00998206,1,0,0,0.34268836,162.7769709,0.913461538,520,475,45,0,0,0,0.087248178,0,0.88,0,0,0,0,0,0,0.087248178,0,0.88,0,0,0,1,,,0.101,96.03733399,950.8646929,950.8646929,0,29.47680548,0,,,133.3820415,0,57.35427784,2,589.9454513,0,0,0,89.94308351
118,1,119,0.1016,0,0,1083.31369,,,,0,0,1,1863.804498,1863.804498,0,298.2087196,61.87830932,0,,,285.6645818,1863.804498,1789.252318,74.55217991,1863.804498,0,1,0,0,0.157429632,117.8166446,0.96,779.5589039,748.3765477,31.18235616,1,0,0,0.161256603,83.92413381,0.96,542.1233672,520.4384325,21.68493469,1,1,0,0.161256308,83.92380339,0.96,542.1222266,520.4373375,21.68488906,,,,630.5703056,1789.252318,1654.245571,135.0067469,1789.252318,0,1,0,0,0.382971736,212.5493133,0.925,600,555,45,1,0,0,0.380279909,209.0105211,0.924316606,594.6261589,549.6228332,45.00332565,1,1,0,0.380279884,209.0104711,0.924316446,594.6261589,549.6227376,45.00342127,0,0,0,0.087248178,0,0.88,0,0,0,1,,,0.101,167.0788027,1654.245571,1654.245571,0,51.2816127,0,,,209.5589268,0,90.11033854,3,1083.31369,0,0,0,110.0646709
119,1,120,0.1016,0,0,1083.31369,,,,0,0,1,1863.804498,1863.804498,0,298.2087196,61.87830932,0,,,285.6645818,1863.804498,1789.252318,74.55217991,1863.804498,0,1,0,0,0.157429632,117.8166446,0.96,779.5589039,748.3765477,31.18235616,1,0,0,0.161256603,83.92413381,0.96,542.1233672,520.4384325,21.68493469,1,0,0,0.161256308,83.92380339,0.96,542.1222266,520.4373375,21.68488906,,,,630.5703056,1789.252318,1654.245571,135.0067469,1789.252318,0,1,0,0,0.382971736,212.5493133,0.925,600,555,45,1,0,0,0.380279909,209.0105211,0.924316606,594.6261589,549.6228332,45.00332565,1,0,0,0.380279884,209.0104711,0.924316446,594.6261589,549.6227376,45.00342127,0,0,0,0.087248178,0,0.88,0,0,0,1,,,0.101,167.0788027,1654.245571,1654.245571,0,51.2816127,0,,,209.5589268,0,90.11033854,3,1083.31369,0,0,0,110.0646709
120,1,121,0.1016,0,0,1083.31369,,,,0,0,1,1863.804498,1863.804498,0,298.2087196,61.87830932,0,,,285.6645818,1863.804498,1789.252318,74.55217991,1863.804498,0,1,0,0,0.157429632,117.8166446,0.96,779.5589039,748.3765477,31.18235616,1,0,0,0.161256603,83.92413381,0.96,542.1233672,520.4384325,21.68493469,1,0,0,0.161256308,83.92380339,0.96,542.1222266,520.4373375,21.68488906,,,,630.5703056,1789.252318,1654.245571,135.0067469,1789.252318,0,1,0,0,0.382971736,212.5493133,0.925,600,555,45,1,0,0,0.380279909,209.0105211,0.924316606,594.6261589,549.6228332,45.00332565,1,0,0,0.380279884,209.0104711,0.924316446,594.6261589,549.6227376,45.00342127,0,0,0,0.087248178,0,0.88,0,0,0,1,,,0.101,167.0788027,1654.245571,1654.245571,0,51.2816127,0,,,209.5589268,0,90.11033854,3,1083.31369,0,0,0,110.0646709
121,1,122,0.1016,0,0,1083.31369,,,,0,0,1,1863.804498,1863.804498,0,298.2087196,61.87830932,0,,,285.6645818,1863.804498,1789.252318,74.55217991,1863.804498,0,1,0,0,0.157429632,117.8166446,0.96,779.5589039,748.3765477,31.18235616,1,0,0,0.161256603,83.92413381,0.96,542.1233672,520.4384325,21.68493469,1,0,0,0.161256308,83.92380339,0.96,542.1222266,520.4373375,21.68488906,,,,630.5703056,1789.252318,1654.245571,135.0067469,1789.252318,0,1,0,0,0.382971736,212.5493133,0.925,600,555,45,1,0,0,0.380279909,209.0105211,0.924316606,594.6261589,549.6228332,45.00332565,1,0,0,0.380279884,209.0104711,0.924316446,594.6261589,549.6227376,45.00342127,0,0,0,0.087248178,0,0.88,0,0,0,1,,,0.101,167.0788027,1654.245571,1654.245571,0,51.2816127,0,,,209.5589268,1.14E-13,90.11033854,3,1083.31369,0,0,0,110.0646709
122,1,123,0.1016,0,0,1083.31369,,,,0,0,1,1863.804498,1863.804498,0,298.2087196,61.87830932,0,,,285.6645818,1863.804498,1789.252318,74.55217991,1863.804498,0,1,0,0,0.157429632,117.8166446,0.96,779.5589039,748.3765477,31.18235616,1,0,0,0.161256603,83.92413381,0.96,542.1233672,520.4384325,21.68493469,1,0,0,0.161256308,83.92380339,0.96,542.1222266,520.4373375,21.68488906,,,,630.5703056,1789.252318,1654.245571,135.0067469,1789.252318,0,1,0,0,0.382971736,212.5493133,0.925,600,555,45,1,0,0,0.380279909,209.0105211,0.924316606,594.6261589,549.6228332,45.00332565,1,0,0,0.380279884,209.0104711,0.924316446,594.6261589,549.6227376,45.00342127,0,0,0,0.087248178,0,0.88,0,0,0,1,,,0.101,167.0788027,1654.245571,1654.245571,0,51.2816127,0,,,209.5589268,1.14E-13,90.11033854,3,1083.31369,0,0,0,110.0646709
123,1,124,0.1016,0,0,1083.279945,,,,0,0,1,1863.804498,1863.804498,0,298.2087196,61.87830932,0,,,285.6647789,1863.804498,1789.252318,74.55217991,1863.804498,0,1,0,0,0.157429632,117.8166446,0.96,779.5589039,748.3765477,31.18235616,1,0,0,0.161256603,83.92413381,0.96,542.1233672,520.4384325,21.68493469,1,0,0,0.161256686,83.92400048,0.96,542.1222266,520.4373375,21.68488906,,,,630.5418595,1789.252318,1654.191151,135.0611664,1789.252318,0,1,0,0,0.382971736,212.5493133,0.925,600,555,45,1,0,0,0.380279909,209.0105211,0.924316606,594.6261589,549.6228332,45.00332565,1,0,0,0.38026578,208.9820251,0.924224927,594.6261589,549.5683181,45.05784074,0,0,0,0.087248178,0,0.88,0,0,0,1,,,0.101,167.0733063,1654.191151,1654.191151,0,51.27992569,0,,,209.6133463,2.84E-14,90.13373891,3,1083.279945,0,0,0,110.0612424
124,1,125,0.1016,0,0,1083.279945,,,,0,0,1,1863.804498,1863.804498,0,298.2087196,61.87830932,0,,,285.6647789,1863.804498,1789.252318,74.55217991,1863.804498,0,1,0,0,0.157429632,117.8166446,0.96,779.5589039,748.3765477,31.18235616,1,0,0,0.161256603,83.92413381,0.96,542.1233672,520.4384325,21.68493469,1,0,0,0.161256686,83.92400048,0.96,542.1222266,520.4373375,21.68488906,,,,630.5418595,1789.252318,1654.191151,135.0611664,1789.252318,0,1,0,0,0.382971736,212.5493133,0.925,600,555,45,1,0,0,0.380279909,209.0105211,0.924316606,594.6261589,549.6228332,45.00332565,1,0,0,0.38026578,208.9820251,0.924224927,594.6261589,549.5683181,45.05784074,0,0,0,0.087248178,0,0.88,0,0,0,1,,,0.101,167.0733063,1654.191151,1654.191151,0,51.27992569,0,,,209.6133463,-2.84E-14,90.13373891,3,1083.279945,0,0,0,110.0612424
125,1,126,0.1016,0,0,1083.279945,,,,0,0,1,1863.804498,1863.804498,0,298.2087196,61.87830932,0,,,285.6647789,1863.804498,1789.252318,74.55217991,1863.804498,-2.27E-13,1,0,0,0.157429632,117.8166446,0.96,779.5589039,748.3765477,31.18235616,1,0,0,0.161256603,83.92413381,0.96,542.1233672,520.4384325,21.68493469,1,0,0,0.161256686,83.92400048,0.96,542.1222266,520.4373375,21.68488906,,,,630.5418595,1789.252318,1654.191151,135.0611664,1789.252318,0,1,0,0,0.382971736,212.5493133,0.925,600,555,45,1,0,0,0.380279909,209.0105211,0.924316606,594.6261589,549.6228332,45.00332565,1,0,0,0.38026578,208.9820251,0.924224927,594.6261589,549.5683181,45.05784074,0,0,0,0.087248178,0,0.88,0,0,0,1,,,0.101,167.0733063,1654.191151,1654.191151,0,51.27992569,0,,,209.6133463,-1.42E-13,90.13373891,3,1083.279945,0,0,0,110.0612424
126,1,127,0.1016,0,0,1083.276728,,,,0,0,1,1863.804498,1863.804498,0,298.2087196,61.87830932,0,,,285.6647789,1863.804498,1789.252318,74.55217991,1863.804498,-2.27E-13,1,0,0,0.157429632,117.8166446,0.96,779.5589039,748.3765477,31.18235616,1,0,0,0.161256603,83.92413381,0.96,542.1233672,520.4384325,21.68493469,1,0,0,0.161256686,83.92400048,0.96,542.1222266,520.4373375,21.68488906,,,,630.5391634,1789.252318,1654.185994,135.0663241,1789.252318,0,1,0,0,0.382971736,212.5493133,0.925,600,555,45,1,0,0,0.380278572,209.0078251,0.924307933,594.6261589,549.6176756,45.00848331,1,0,0,0.38026578,208.9820251,0.924224927,594.6261589,549.5683181,45.05784074,0,0,0,0.087248178,0,0.88,0,0,0,1,,,0.101,167.0727854,1654.185994,1654.185994,0,51.2797658,0,,,209.618504,0,90.1359567,3,1083.276728,0,0,0,110.0609155
127,1,128,0.1016,0,0,1083.276728,,,,0,0,1,1863.804498,1863.804498,0,298.2087196,61.87830932,0,,,285.6647789,1863.804498,1789.252318,74.55217991,1863.804498,0,1,0,0,0.157429632,117.8166446,0.96,779.5589039,748.3765477,31.18235616,1,0,0,0.161256603,83.92413381,0.96,542.1233672,520.4384325,21.68493469,1,0,0,0.161256686,83.92400048,0.96,542.1222266,520.4373375,21.68488906,,,,630.5391634,1789.252318,1654.185994,135.0663241,1789.252318,0,1,0,0,0.382971736,212.5493133,0.925,600,555,45,1,0,0,0.380278572,209.0078251,0.924307933,594.6261589,549.6176756,45.00848331,1,0,0,0.38026578,208.9820251,0.924224927,594.6261589,549.5683181,45.05784074,0,0,0,0.087248178,0,0.88,0,0,0,1,,,0.101,167.0727854,1654.185994,1654.185994,0,51.2797658,0,,,209.618504,0,90.1359567,3,1083.276728,0,0,0,110.0609155
128,1,129,0.1016,0,0,1083.311389,,,,0,0,1,1863.804498,1863.804498,0,298.2087196,61.87830932,0,,,285.6647789,1863.804498,1789.252318,74.55217991,1863.804498,0,1,0,0,0.157429632,117.8166446,0.96,779.5589039,748.3765477,31.18235616,1,0,0,0.161256603,83.92413381,0.96,542.1233672,520.4384325,21.68493469,1,0,0,0.161256686,83.92400048,0.96,542.1222266,520.4373375,21.68488906,,,,630.5682119,1789.252318,1654.241566,135.0107522,1789.252318,0,1,0,0,0.382971736,212.5493133,0.925,600,555,45,1,0,0,0.380280183,209.0110735,0.924318384,594.6261589,549.62389,45.00226889,1,0,0,0.380278572,209.0078251,0.924307933,594.6261589,549.6176756,45.00848331,0,0,0,0.087248178,0,0.88,0,0,0,1,,,0.101,167.0783981,1654.241566,1654.241566,0,51.28148853,0,,,209.5629321,1.42E-13,90.1120608,3,1083.311389,0,0,0,110.0644371
129,1,130,0.1016,0,0,1083.311389,,,,0,0,1,1863.804498,1863.804498,0,298.2087196,61.87830932,0,,,285.6647789,1863.804498,1789.252318,74.55217991,1863.804498,0,1,0,0,0.157429632,117.8166446,0.96,779.5589039,748.3765477,31.18235616,1,0,0,0.161256603,83.92413381,0.96,542.1233672,520.4384325,21.68493469,1,0,0,0.161256686,83.92400048,0.96,542.1222266,520.4373375,21.68488906,,,,630.5682119,1789.252318,1654.241566,135.0107522,1789.252318,0,1,0,0,0.382971736,212.5493133,0.925,600,555,45,1,0,0,0.380280183,209.0110735,0.924318384,594.6261589,549.62389,45.00226889,1,0,0,0.380278572,209.0078251,0.924307933,594.6261589,549.6176756,45.00848331,0,0,0,0.087248178,0,0.88,0,0,0,1,,,0.101,167.0783981,1654.241566,1654.241566,0,51.28148853,0,,,209.5629321,-5.68E-14,90.1120608,3,1083.311389,0,0,0,110.0644371
130,1,131,0.1016,0,0,1083.311389,,,,0,0,1,1863.804498,1863.804498,0,298.2087196,61.87830932,0,,,285.6647789,1863.804498,1789.252318,74.55217991,1863.804498,-2.27E-13,1,0,0,0.157429632,117.8166446,0.96,779.5589039,748.3765477,31.18235616,1,0,0,0.161256603,83.92413381,0.96,542.1233672,520.4384325,21.68493469,1,0,0,0.161256686,83.92400048,0.96,542.1222266,520.4373375,21.68488906,,,,630.5682119,1789.252318,1654.241566,135.0107522,1789.252318,0,1,0,0,0.382971736,212.5493133,0.925,600,555,45,1,0,0,0.380280183,209.0110735,0.924318384,594.6261589,549.62389,45.00226889,1,0,0,0.380278572,209.0078251,0.924307933,594.6261589,549.6176756,45.00848331,0,0,0,0.087248178,0,0.88,0,0,0,1,,,0.101,167.0783981,1654.241566,1654.241566,0,51.28148853,0,,,209.5629321,5.68E-14,90.1120608,3,1083.311389,0,0,0,110.0644371
131,1,132,0.1016,0,0,1083.311389,,,,0,0,1,1863.804498,1863.804498,0,298.2087196,61.87830932,0,,,285.6647789,1863.804498,1789.252318,74.55217991,1863.804498,-2.27E-13,1,0,0,0.157429632,117.8166446,0.96,779.5589039,748.3765477,31.18235616,1,0,0,0.161256603,83.92413381,0.96,542.1233672,520.4384325,21.68493469,1,0,0,0.161256686,83.92400048,0.96,542.1222266,520.4373375,21.68488906,,,,630.5682119,1789.252318,1654.241566,135.0107522,1789.252318,0,1,0,0,0.382971736,212.5493133,0.925,600,555,45,1,0,0,0.380280183,209.0110735,0.924318384,594.6261589,549.62389,45.00226889,1,0,0,0.380278572,209.0078251,0.924307933,594.6261589,549.6176756,45.00848331,0,0,0,0.087248178,0,0.88,0,0,0,1,,,0.101,167.0783981,1654.241566,1654.241566,0,51.28148853,0,,,209.5629321,-5.68E-14,90.1120608,3,1083.311389,0,0,0,110.0644371
132,1,133,0.1016,0,0,1083.311389,,,,0,0,1,1863.804498,1863.804498,0,298.2087196,61.87830932,0,,,285.6647789,1863.804498,1789.252318,74.55217991,1863.804498,-2.27E-13,1,0,0,0.157429632,117.8166446,0.96,779.5589039,748.3765477,31.18235616,1,0,0,0.161256603,83.92413381,0.96,542.1233672,520.4384325,21.68493469,1,0,0,0.161256686,83.92400048,0.96,542.1222266,520.4373375,21.68488906,,,,630.5682119,1789.252318,1654.241566,135.0107522,1789.252318,0,1,0,0,0.382971736,212.5493133,0.925,600,555,45,1,0,0,0.380280183,209.0110735,0.924318384,594.6261589,549.62389,45.00226889,1,0,0,0.380278572,209.0078251,0.924307933,594.6261589,549.6176756,45.00848331,0,0,0,0.087248178,0,0.88,0,0,0,1,,,0.101,167.0783981,1654.241566,1654.241566,0,51.28148853,0,,,209.5629321,5.68E-14,90.1120608,3,1083.311389,0,0,0,110.0644371
133,1,134,0.1016,0,0,1078.577537,,,,0,0,1,1858.206746,1858.206746,0,297.3130794,61.69246398,0,,,285.0121542,1858.206746,1783.878477,74.32826986,1858.206746,0,1,0,0,0.157429632,117.8166446,0.96,779.5589039,748.3765477,31.18235616,1,0,0,0.161256603,83.92413381,0.96,542.1233672,520.4384325,21.68493469,1,0,0,0.161672059,83.27137582,0.96,536.5244754,515.0634964,21.46097902,,,,627.0299721,1783.878477,1648.865456,135.0130211,1783.878477,0,1,0,0,0.380280183,209.0110735,0.924318384,594.6261589,549.62389,45.00226889,1,0,0,0.380280183,209.0110735,0.924318384,594.6261589,549.62389,45.00226889,1,0,0,0.380278572,209.0078251,0.924307933,594.6261589,549.6176756,45.00848331,0,0,0,0.087248178,0,0.88,0,0,0,1,,,0.101,166.535411,1648.865456,1648.865456,0,51.11482912,0,,,209.3412909,1.14E-13,90.01675511,3,1078.577537,0,0,0,109.5834778
134,1,135,0.1016,0,0,1078.577537,,,,0,0,1,1858.206746,1858.206746,0,297.3130794,61.69246398,0,,,285.0121542,1858.206746,1783.878477,74.32826986,1858.206746,0,1,0,0,0.157429632,117.8166446,0.96,779.5589039,748.3765477,31.18235616,1,0,0,0.161256603,83.92413381,0.96,542.1233672,520.4384325,21.68493469,1,0,0,0.161672059,83.27137582,0.96,536.5244754,515.0634964,21.46097902,,,,627.0299721,1783.878477,1648.865456,135.0130211,1783.878477,0,1,0,0,0.380280183,209.0110735,0.924318384,594.6261589,549.62389,45.00226889,1,0,0,0.380280183,209.0110735,0.924318384,594.6261589,549.62389,45.00226889,1,0,0,0.380278572,209.0078251,0.924307933,594.6261589,549.6176756,45.00848331,0,0,0,0.087248178,0,0.88,0,0,0,1,,,0.101,166.535411,1648.865456,1648.865456,0,51.11482912,0,,,209.3412909,0,90.01675511,3,1078.577537,0,0,0,109.5834778
135,1,136,0.1016,0,0,1078.577537,,,,0,0,1,1858.206746,1858.206746,0,297.3130794,61.69246398,0,,,285.0121542,1858.206746,1783.878477,74.32826986,1858.206746,0,1,0,0,0.157429632,117.8166446,0.96,779.5589039,748.3765477,31.18235616,1,0,0,0.161256603,83.92413381,0.96,542.1233672,520.4384325,21.68493469,1,0,0,0.161672059,83.27137582,0.96,536.5244754,515.0634964,21.46097902,,,,627.0299721,1783.878477,1648.865456,135.0130211,1783.878477,0,1,0,0,0.380280183,209.0110735,0.924318384,594.6261589,549.62389,45.00226889,1,0,0,0.380280183,209.0110735,0.924318384,594.6261589,549.62389,45.00226889,1,0,0,0.380278572,209.0078251,0.924307933,594.6261589,549.6176756,45.00848331,0,0,0,0.087248178,0,0.88,0,0,0,1,,,0.101,166.535411,1648.865456,1648.865456,0,51.11482912,0,,,209.3412909,0,90.01675511,3,1078.577537,0,0,0,109.5834778
136,1,137,0.1016,0,0,1078.577537,,,,0,0,1,1858.206746,1858.206746,0,297.3130794,61.69246398,0,,,285.0121542,1858.206746,1783.878477,74.32826986,1858.206746,-2.27E-13,1,0,0,0.157429632,117.8166446,0.96,779.5589039,748.3765477,31.18235616,1,0,0,0.161256603,83.92413381,0.96,542.1233672,520.4384325,21.68493469,1,0,0,0.161672059,83.27137582,0.96,536.5244754,515.0634964,21.46097902,,,,627.0299721,1783.878477,1648.865456,135.0130211,1783.878477,0,1,0,0,0.380280183,209.0110735,0.924318384,594.6261589,549.62389,45.00226889,1,0,0,0.380280183,209.0110735,0.924318384,594.6261589,549.62389,45.00226889,1,0,0,0.380278572,209.0078251,0.924307933,594.6261589,549.6176756,45.00848331,0,0,0,0.087248178,0,0.88,0,0,0,1,,,0.101,166.535411,1648.865456,1648.865456,0,51.11482912,0,,,209.3412909,1.14E-13,90.01675511,3,1078.577537,0,0,0,109.5834778
137,1,138,0.13994,0,0,1078.577537,,,,0,0,1,1858.206746,1858.206746,0,297.3130794,61.69246398,0,,,285.0121542,1858.206746,1783.878477,74.32826986,1858.206746,0,1,0,0,0.157429632,117.8166446,0.96,779.5589039,748.3765477,31.18235616,1,0,0,0.161256603,83.92413381,0.96,542.1233672,520.4384325,21.68493469,1,0,0,0.161672059,83.27137582,0.96,536.5244754,515.0634964,21.46097902,,,,627.0299721,1783.878477,1648.865456,135.0130211,1783.878477,0,1,0,0,0.380280183,209.0110735,0.924318384,594.6261589,549.62389,45.00226889,1,0,0,0.380280183,209.0110735,0.924318384,594.6261589,549.62389,45.00226889,1,0,0,0.380278572,209.0078251,0.924307933,594.6261589,549.6176756,45.00848331,0,0,0,0.087248178,0,0.88,0,0,0,1,,,0.101,166.535411,1648.865456,1648.865456,0,51.11482912,0,,,209.3412909,8.53E-14,90.01675511,3,1078.577537,0,0,0,150.9361406
138,1,139,0.13994,0,0,1078.577537,,,,0,0,1,1858.206746,1858.206746,0,297.3130794,61.69246398,0,,,285.0121542,1858.206746,1783.878477,74.32826986,1858.206746,0,1,0,0,0.157429632,117.8166446,0.96,779.5589039,748.3765477,31.18235616,1,0,0,0.161256603,83.92413381,0.96,542.1233672,520.4384325,21.68493469,1,0,0,0.161672059,83.27137582,0.96,536.5244754,515.0634964,21.46097902,,,,627.0299721,1783.878477,1648.865456,135.0130211,1783.878477,0,1,0,0,0.380280183,209.0110735,0.924318384,594.6261589,549.62389,45.00226889,1,0,0,0.380280183,209.0110735,0.924318384,594.6261589,549.62389,45.00226889,1,0,0,0.380278572,209.0078251,0.924307933,594.6261589,549.6176756,45.00848331,0,0,0,0.087248178,0,0.88,0,0,0,1,,,0.101,166.535411,1648.865456,1648.865456,0,51.11482912,0,,,209.3412909,-2.84E-14,90.01675511,3,1078.577537,0,0,0,150.9361406
139,1,140,0.13994,0,0,1078.577537,,,,0,0,1,1858.206746,1858.206746,0,297.3130794,61.69246398,0,,,285.0121542,1858.206746,1783.878477,74.32826986,1858.206746,0,1,0,0,0.157429632,117.8166446,0.96,779.5589039,748.3765477,31.18235616,1,0,0,0.161256603,83.92413381,0.96,542.1233672,520.4384325,21.68493469,1,0,0,0.161672059,83.27137582,0.96,536.5244754,515.0634964,21.46097902,,,,627.0299721,1783.878477,1648.865456,135.0130211,1783.878477,0,1,0,0,0.380280183,209.0110735,0.924318384,594.6261589,549.62389,45.00226889,1,0,0,0.380280183,209.0110735,0.924318384,594.6261589,549.62389,45.00226889,1,0,0,0.380278572,209.0078251,0.924307933,594.6261589,549.6176756,45.00848331,0,0,0,0.087248178,0,0.88,0,0,0,1,,,0.101,166.535411,1648.865456,1648.865456,0,51.11482912,0,,,209.3412909,8.53E-14,90.01675511,3,1078.577537,0,0,0,150.9361406
140,1,141,0.13994,0,0,1078.577537,,,,0,0,1,1858.206746,1858.206746,0,297.3130794,61.69246398,0,,,285.0121542,1858.206746,1783.878477,74.32826986,1858.206746,0,1,0,0,0.157429632,117.8166446,0.96,779.5589039,748.3765477,31.18235616,1,0,0,0.161256603,83.92413381,0.96,542.1233672,520.4384325,21.68493469,1,0,0,0.161672059,83.27137582,0.96,536.5244754,515.0634964,21.46097902,,,,627.0299721,1783.878477,1648.865456,135.0130211,1783.878477,0,1,0,0,0.380280183,209.0110735,0.924318384,594.6261589,549.62389,45.00226889,1,0,0,0.380280183,209.0110735,0.924318384,594.6261589,549.62389,45.00226889,1,0,0,0.380278572,209.0078251,0.924307933,594.6261589,549.6176756,45.00848331,0,0,0,0.087248178,0,0.88,0,0,0,1,,,0.101,166.535411,1648.865456,1648.865456,0,51.11482912,0,,,209.3412909,-2.84E-14,90.01675511,3,1078.577537,0,0,0,150.9361406
141,1,142,0.13994,0,0,1078.577537,,,,0,0,1,1858.206746,1858.206746,0,297.3130794,61.69246398,0,,,285.0121542,1858.206746,1783.878477,74.32826986,1858.206746,0,1,0,0,0.157429632,117.8166446,0.96,779.5589039,748.3765477,31.18235616,1,0,0,0.161256603,83.92413381,0.96,542.1233672,520.4384325,21.68493469,1,0,0,0.161672059,83.27137582,0.96,536.5244754,515.0634964,21.46097902,,,,627.0299721,1783.878477,1648.865456,135.0130211,1783.878477,0,1,0,0,0.380280183,209.0110735,0.924318384,594.6261589,549.62389,45.00226889,1,0,0,0.380280183,209.0110735,0.924318384,594.6261589,549.62389,45.00226889,1,0,0,0.380278572,209.0078251,0.924307933,594.6261589,549.6176756,45.00848331,0,0,0,0.087248178,0,0.88,0,0,0,1,,,0.101,166.535411,1648.865456,1648.865456,0,51.11482912,0,,,209.3412909,8.53E-14,90.01675511,3,1078.577537,0,0,0,150.9361406
142,1,143,0.1016,0,0,1078.577537,,,,0,0,1,1858.206746,1858.206746,0,297.3130794,61.69246398,0,,,285.0121542,1858.206746,1783.878477,74.32826986,1858.206746,0,1,0,0,0.157429632,117.8166446,0.96,779.5589039,748.3765477,31.18235616,1,0,0,0.161256603,83.92413381,0.96,542.1233672,520.4384325,21.68493469,1,0,0,0.161672059,83.27137582,0.96,536.5244754,515.0634964,21.46097902,,,,627.0299721,1783.878477,1648.865456,135.0130211,1783.878477,0,1,0,0,0.380280183,209.0110735,0.924318384,594.6261589,549.62389,45.00226889,1,0,0,0.380280183,209.0110735,0.924318384,594.6261589,549.62389,45.00226889,1,0,0,0.380278572,209.0078251,0.924307933,594.6261589,549.6176756,45.00848331,0,0,0,0.087248178,0,0.88,0,0,0,1,,,0.101,166.535411,1648.865456,1648.865456,0,51.11482912,0,,,209.3412909,-2.84E-14,90.01675511,3,1078.577537,0,0,0,109.5834778
143,1,144,0.1016,0,0,1301.029883,,,,0,0,1,2322.137831,2322.137831,0,371.542053,77.09497599,0,,,350.4797689,2322.137831,2229.252318,92.88551324,2322.137831,0,1,0,0,0.157429632,117.8166446,0.96,779.5589039,748.3765477,31.18235616,1,0,0,0.157204715,116.783734,0.96,773.8299881,742.8767886,30.95319952,1,0,0,0.157018361,115.8793903,0.96,768.748939,737.9989814,30.74995756,,,,743.5760888,2229.252318,2049.24778,180.0045378,2229.252318,0,1,0,0,0.380280183,209.0110735,0.924318384,594.6261589,549.62389,45.00226889,1,0,0,0.380280183,209.0110735,0.924318384,594.6261589,549.62389,45.00226889,1,0,0,0.34268836,162.7769709,0.913461538,520,475,45,1,1,0,0.34268836,162.7769709,0.913461538,520,475,45,1,,,0.101,206.9740258,2049.24778,2049.24778,0,63.52668118,0,,,272.890051,-2.84E-14,117.3427219,4,1301.029883,0,0,0,132.1846362
144,1,145,0.1016,0,0,1301.029883,,,,0,0,1,2322.137831,2322.137831,0,371.542053,77.09497599,0,,,350.4797689,2322.137831,2229.252318,92.88551324,2322.137831,0,1,0,0,0.157429632,117.8166446,0.96,779.5589039,748.3765477,31.18235616,1,0,0,0.157204715,116.783734,0.96,773.8299881,742.8767886,30.95319952,1,0,0,0.157018361,115.8793903,0.96,768.748939,737.9989814,30.74995756,,,,743.5760888,2229.252318,2049.24778,180.0045378,2229.252318,0,1,0,0,0.380280183,209.0110735,0.924318384,594.6261589,549.62389,45.00226889,1,0,0,0.380280183,209.0110735,0.924318384,594.6261589,549.62389,45.00226889,1,0,0,0.34268836,162.7769709,0.913461538,520,475,45,1,0,0,0.34268836,162.7769709,0.913461538,520,475,45,1,,,0.101,206.9740258,2049.24778,2049.24778,0,63.52668118,0,,,272.890051,-2.84E-14,117.3427219,4,1301.029883,0,0,0,132.1846362
145,1,146,0.1016,0,0,1301.029883,,,,0,0,1,2322.137831,2322.137831,0,371.542053,77.09497599,0,,,350.4797689,2322.137831,2229.252318,92.88551324,2322.137831,0,1,0,0,0.157429632,117.8166446,0.96,779.5589039,748.3765477,31.18235616,1,0,0,0.157204715,116.783734,0.96,773.8299881,742.8767886,30.95319952,1,0,0,0.157018361,115.8793903,0.96,768.748939,737.9989814,30.74995756,,,,743.5760888,2229.252318,2049.24778,180.0045378,2229.252318,0,1,0,0,0.380280183,209.0110735,0.924318384,594.6261589,549.62389,45.00226889,1,0,0,0.380280183,209.0110735,0.924318384,594.6261589,549.62389,45.00226889,1,0,0,0.34268836,162.7769709,0.913461538,520,475,45,1,0,0,0.34268836,162.7769709,0.913461538,520,475,45,1,,,0.101,206.9740258,2049.24778,2049.24778,0,63.52668118,0,,,272.890051,-1.42E-13,117.3427219,4,1301.029883,0,0,0,132.1846362
146,1,147,0.1016,0,0,1301.029883,,,,0,0,1,2322.137831,2322.137831,0,371.542053,77.09497599,0,,,350.4797689,2322.137831,2229.252318,92.88551324,2322.137831,0,1,0,0,0.157429632,117.8166446,0.96,779.5589039,748.3765477,31.18235616,1,0,0,0.157204715,116.783734,0.96,773.8299881,742.8767886,30.95319952,1,0,0,0.157018361,115.8793903,0.96,768.748939,737.9989814,30.74995756,,,,743.5760888,2229.252318,2049.24778,180.0045378,2229.252318,0,1,0,0,0.380280183,209.0110735,0.924318384,594.6261589,549.62389,45.00226889,1,0,0,0.380280183,209.0110735,0.924318384,594.6261589,549.62389,45.00226889,1,0,0,0.34268836,162.7769709,0.913461538,520,475,45,1,0,0,0.34268836,162.7769709,0.913461538,520,475,45,1,,,0.101,206.9740258,2049.24778,2049.24778,0,63.52668118,0,,,272.890051,-1.42E-13,117.3427219,4,1301.029883,0,0,0,132.1846362
147,1,148,0.1016,0,0,1301.029883,,,,0,0,1,2322.137831,2322.137831,0,371.542053,77.09497599,0,,,350.4797689,2322.137831,2229.252318,92.88551324,2322.137831,0,1,0,0,0.157429632,117.8166446,0.96,779.5589039,748.3765477,31.18235616,1,0,0,0.157204715,116.783734,0.96,773.8299881,742.8767886,30.95319952,1,0,0,0.157018361,115.8793903,0.96,768.748939,737.9989814,30.74995756,,,,743.5760888,2229.252318,2049.24778,180.0045378,2229.252318,0,1,0,0,0.380280183,209.0110735,0.924318384,594.6261589,549.62389,45.00226889,1,0,0,0.380280183,209.0110735,0.924318384,594.6261589,549.62389,45.00226889,1,0,0,0.34268836,162.7769709,0.913461538,520,475,45,1,0,0,0.34268836,162.7769709,0.913461538,520,475,45,1,,,0.101,206.9740258,2049.24778,2049.24778,0,63.52668118,0,,,272.890051,-2.84E-14,117.3427219,4,1301.029883,0,0,0,132.1846362
148,1,149,0.1016,0,0,1301.029883,,,,0,0,1,2322.137831,2322.137831,0,371.542053,77.09497599,0,,,350.4797689,2322.137831,2229.252318,92.88551324,2322.137831,0,1,0,0,0.157429632,117.8166446,0.96,779.5589039,748.3765477,31.18235616,1,0,0,0.157204715,116.783734,0.96,773.8299881,742.8767886,30.95319952,1,0,0,0.157018361,115.8793903,0.96,768.748939,737.9989814,30.74995756,,,,743.5760888,2229.252318,2049.24778,180.0045378,2229.252318,0,1,0,0,0.380280183,209.0110735,0.924318384,594.6261589,549.62389,45.00226889,1,0,0,0.380280183,209.0110735,0.924318384,594.6261589,549.62389,45.00226889,1,0,0,0.34268836,162.7769709,0.913461538,520,475,45,1,0,0,0.34268836,162.7769709,0.913461538,520,475,45,1,,,0.101,206.9740258,2049.24778,2049.24778,0,63.52668118,0,,,272.890051,-2.84E-14,117.3427219,4,1301.029883,0,0,0,132.1846362
149,1,150,0.1016,0,0,1301.026494,,,,0,0,1,2322.137831,2322.137831,0,371.542053,77.09497599,0,,,350.4797689,2322.137831,2229.252318,92.88551324,2322.137831,0,1,0,0,0.157429632,117.8166446,0.96,779.5589039,748.3765477,31.18235616,1,0,0,0.157204715,116.783734,0.96,773.8299881,742.8767886,30.95319952,1,0,0,0.157018361,115.8793903,0.96,768.748939,737.9989814,30.74995756,,,,743.5732482,2229.252318,2049.242346,180.0099719,2229.252318,0,1,0,0,0.380280385,209.0114814,0.924319696,594.6261589,549.6246703,45.00148858,1,0,0,0.380278572,209.0078251,0.924307933,594.6261589,549.6176756,45.00848331,1,0,0,0.34268836,162.7769709,0.913461538,520,475,45,1,0,0,0.34268836,162.7769709,0.913461538,520,475,45,1,,,0.101,206.9734769,2049.242346,2049.242346,0,63.52651272,0,,,272.8954851,8.53E-14,117.3450586,4,1301.026494,0,0,0,132.1842918
150,1,151,0.1016,0,0,1301.026494,,,,0,0,1,2322.137831,2322.137831,0,371.542053,77.09497599,0,,,350.4797689,2322.137831,2229.252318,92.88551324,2322.137831,0,1,0,0,0.157429632,117.8166446,0.96,779.5589039,748.3765477,31.18235616,1,0,0,0.157204715,116.783734,0.96,773.8299881,742.8767886,30.95319952,1,0,0,0.157018361,115.8793903,0.96,768.748939,737.9989814,30.74995756,,,,743.5732482,2229.252318,2049.242346,180.0099719,2229.252318,0,1,0,0,0.380280385,209.0114814,0.924319696,594.6261589,549.6246703,45.00148858,1,0,0,0.380278572,209.0078251,0.924307933,594.6261589,549.6176756,45.00848331,1,0,0,0.34268836,162.7769709,0.913461538,520,475,45,1,0,0,0.34268836,162.7769709,0.913461538,520,475,45,1,,,0.101,206.9734769,2049.242346,2049.242346,0,63.52651272,0,,,272.8954851,8.53E-14,117.3450586,4,1301.026494,0,0,0,132.1842918
151,1,152,0.1016,0,0,1301.026494,,,,0,0,1,2322.137831,2322.137831,0,371.542053,77.09497599,0,,,350.4797689,2322.137831,2229.252318,92.88551324,2322.137831,0,1,0,0,0.157429632,117.8166446,0.96,779.5589039,748.3765477,31.18235616,1,0,0,0.157204715,116.783734,0.96,773.8299881,742.8767886,30.95319952,1,0,0,0.157018361,115.8793903,0.96,768.748939,737.9989814,30.74995756,,,,743.5732482,2229.252318,2049.242346,180.0099719,2229.252318,0,1,0,0,0.380280385,209.0114814,0.924319696,594.6261589,549.6246703,45.00148858,1,0,0,0.380278572,209.0078251,0.924307933,594.6261589,549.6176756,45.00848331,1,0,0,0.34268836,162.7769709,0.913461538,520,475,45,1,0,0,0.34268836,162.7769709,0.913461538,520,475,45,1,,,0.101,206.9734769,2049.242346,2049.242346,0,63.52651272,0,,,272.8954851,-2.84E-14,117.3450586,4,1301.026494,0,0,0,132.1842918
152,1,153,0.1016,0,0,1301.026494,,,,0,0,1,2322.137831,2322.137831,0,371.542053,77.09497599,0,,,350.4797689,2322.137831,2229.252318,92.88551324,2322.137831,0,1,0,0,0.157429632,117.8166446,0.96,779.5589039,748.3765477,31.18235616,1,0,0,0.157204715,116.783734,0.96,773.8299881,742.8767886,30.95319952,1,0,0,0.157018361,115.8793903,0.96,768.748939,737.9989814,30.74995756,,,,743.5732482,2229.252318,2049.242346,180.0099719,2229.252318,0,1,0,0,0.380280385,209.0114814,0.924319696,594.6261589,549.6246703,45.00148858,1,0,0,0.380278572,209.0078251,0.924307933,594.6261589,549.6176756,45.00848331,1,0,0,0.34268836,162.7769709,0.913461538,520,475,45,1,0,0,0.34268836,162.7769709,0.913461538,520,475,45,1,,,0.101,206.9734769,2049.242346,2049.242346,0,63.52651272,0,,,272.8954851,-2.84E-14,117.3450586,4,1301.026494,0,0,0,132.1842918
153,1,154,0.1016,0,0,1299.711284,,,,0,0,1,2322.137831,2322.137831,0,371.542053,77.09497599,0,,,350.4797689,2322.137831,2229.252318,92.88551324,2322.137831,0,1,0,0,0.157429632,117.8166446,0.96,779.5589039,748.3765477,31.18235616,1,0,0,0.157204715,116.783734,0.96,773.8299881,742.8767886,30.95319952,1,0,0,0.157018361,115.8793903,0.96,768.748939,737.9989814,30.74995756,,,,742.2585878,2229.252318,2049.236902,180.0154153,2229.252318,0,1,0,0,0.380280385,209.0114814,0.924319696,594.6261589,549.6246703,45.00148858,1,0,0,0.364489106,188.8673732,0.920095196,563.1701464,518.1701464,45,1,0,0,0.358585448,181.6027623,0.918372589,551.4560125,506.4420857,45.01392672,1,0,0,0.34268836,162.7769709,0.913461538,520,475,45,1,,,0.101,206.9729271,2049.236902,2049.236902,0,63.52634398,0,,,272.9009285,8.53E-14,117.3473993,4,1299.711284,0,0,0,132.0506664
154,1,155,0.1016,0,0,1299.711284,,,,0,0,1,2322.137831,2322.137831,0,371.542053,77.09497599,0,,,350.4797689,2322.137831,2229.252318,92.88551324,2322.137831,0,1,0,0,0.157429632,117.8166446,0.96,779.5589039,748.3765477,31.18235616,1,0,0,0.157204715,116.783734,0.96,773.8299881,742.8767886,30.95319952,1,0,0,0.157018361,115.8793903,0.96,768.748939,737.9989814,30.74995756,,,,742.2585878,2229.252318,2049.236902,180.0154153,2229.252318,0,1,0,0,0.380280385,209.0114814,0.924319696,594.6261589,549.6246703,45.00148858,1,0,0,0.364489106,188.8673732,0.920095196,563.1701464,518.1701464,45,1,0,0,0.358585448,181.6027623,0.918372589,551.4560125,506.4420857,45.01392672,1,0,0,0.34268836,162.7769709,0.913461538,520,475,45,1,,,0.101,206.9729271,2049.236902,2049.236902,0,63.52634398,0,,,272.9009285,-2.84E-14,117.3473993,4,1299.711284,0,0,0,132.0506664
155,1,156,0.1016,0,0,1299.711284,,,,0,0,1,2322.137831,2322.137831,0,371.542053,77.09497599,0,,,350.4797689,2322.137831,2229.252318,92.88551324,2322.137831,0,1,0,0,0.157429632,117.8166446,0.96,779.5589039,748.3765477,31.18235616,1,0,0,0.157204715,116.783734,0.96,773.8299881,742.8767886,30.95319952,1,0,0,0.157018361,115.8793903,0.96,768.748939,737.9989814,30.74995756,,,,742.2585878,2229.252318,2049.236902,180.0154153,2229.252318,0,1,0,0,0.380280385,209.0114814,0.924319696,594.6261589,549.6246703,45.00148858,1,0,0,0.364489106,188.8673732,0.920095196,563.1701464,518.1701464,45,1,0,0,0.358585448,181.6027623,0.918372589,551.4560125,506.4420857,45.01392672,1,0,0,0.34268836,162.7769709,0.913461538,520,475,45,1,,,0.101,206.9729271,2049.236902,2049.236902,0,63.52634398,0,,,272.9009285,-2.84E-14,117.3473993,4,1299.711284,0,0,0,132.0506664
156,1,157,0.1016,0,0,1299.711284,,,,0,0,1,2322.137831,2322.137831,0,371.542053,77.09497599,0,,,350.4797689,2322.137831,2229.252318,92.88551324,2322.137831,0,1,0,0,0.157429632,117.8166446,0.96,779.5589039,748.3765477,31.18235616,1,0,0,0.157204715,116.783734,0.96,773.8299881,742.8767886,30.95319952,1,0,0,0.157018361,115.8793903,0.96,768.748939,737.9989814,30.74995756,,,,742.2585878,2229.252318,2049.236902,180.0154153,2229.252318,0,1,0,0,0.380280385,209.0114814,0.924319696,594.6261589,549.6246703,45.00148858,1,0,0,0.364489106,188.8673732,0.920095196,563.1701464,518.1701464,45,1,0,0,0.358585448,181.6027623,0.918372589,551.4560125,506.4420857,45.01392672,1,0,0,0.34268836,162.7769709,0.913461538,520,475,45,1,,,0.101,206.9729271,2049.236902,2049.236902,0,63.52634398,0,,,272.9009285,-2.84E-14,117.3473993,4,1299.711284,0,0,0,132.0506664
157,1,158,0.1016,0,0,1299.643801,,,,0,0,1,2322.137831,2322.137831,0,371.542053,77.09497599,0,,,350.4797689,2322.137831,2229.252318,92.88551324,2322.137831,0,1,0,0,0.157429632,117.8166446,0.96,779.5589039,748.3765477,31.18235616,1,0,0,0.157204715,116.783734,0.96,773.8299881,742.8767886,30.95319952,1,0,0,0.157018361,115.8793903,0.96,768.748939,737.9989814,30.74995756,,,,742.202353,2229.252318,2049.125538,180.1267796,2229.252318,0,1,0,0,0.380280385,209.0114814,0.924319696,594.6261589,549.6246703,45.00148858,1,0,0,0.36446509,188.8229445,0.919939369,563.1701464,518.0823891,45.08775736,1,0,0,0.358578851,181.5909561,0.91832978,551.4560125,506.4184788,45.03753369,1,0,0,0.34268836,162.7769709,0.913461538,520,475,45,1,,,0.101,206.9616794,2049.125538,2049.125538,0,63.52289168,0,,,273.0122929,-1.42E-13,117.3952859,4,1299.643801,0,0,0,132.0438102
158,1,159,0.1016,0,0,1299.643801,,,,0,0,1,2322.137831,2322.137831,0,371.542053,77.09497599,0,,,350.4797689,2322.137831,2229.252318,92.88551324,2322.137831,0,1,0,0,0.157429632,117.8166446,0.96,779.5589039,748.3765477,31.18235616,1,0,0,0.157204715,116.783734,0.96,773.8299881,742.8767886,30.95319952,1,0,0,0.157018361,115.8793903,0.96,768.748939,737.9989814,30.74995756,,,,742.202353,2229.252318,2049.125538,180.1267796,2229.252318,0,1,0,0,0.380280385,209.0114814,0.924319696,594.6261589,549.6246703,45.00148858,1,0,0,0.36446509,188.8229445,0.919939369,563.1701464,518.0823891,45.08775736,1,0,0,0.358578851,181.5909561,0.91832978,551.4560125,506.4184788,45.03753369,1,0,0,0.34268836,162.7769709,0.913461538,520,475,45,1,,,0.101,206.9616794,2049.125538,2049.125538,0,63.52289168,0,,,273.0122929,5.68E-14,117.3952859,4,1299.643801,0,0,0,132.0438102
159,1,160,0.1016,0,0,1299.703756,,,,0,0,1,2322.137831,2322.137831,0,371.542053,77.09497599,0,,,350.4797689,2322.137831,2229.252318,92.88551324,2322.137831,0,1,0,0,0.157429632,117.8166446,0.96,779.5589039,748.3765477,31.18235616,1,0,0,0.157204715,116.783734,0.96,773.8299881,742.8767886,30.95319952,1,0,0,0.157018361,115.8793903,0.96,768.748939,737.9989814,30.74995756,,,,742.2523131,2229.252318,2049.224499,180.0278186,2229.252318,0,1,0,0,0.380280385,209.0114814,0.924319696,594.6261589,549.6246703,45.00148858,1,0,0,0.36448593,188.8614981,0.920074591,563.1701464,518.1585422,45.01160423,1,0,0,0.358585225,181.6023627,0.91837114,551.4560125,506.4412867,45.0147258,1,0,0,0.34268836,162.7769709,0.913461538,520,475,45,1,,,0.101,206.9716744,2049.224499,2049.224499,0,63.52595947,0,,,272.9133319,5.68E-14,117.3527327,4,1299.703756,0,0,0,132.0499017
160,1,161,0.1016,0,0,1299.703756,,,,0,0,1,2322.137831,2322.137831,0,371.542053,77.09497599,0,,,350.4797689,2322.137831,2229.252318,92.88551324,2322.137831,0,1,0,0,0.157429632,117.8166446,0.96,779.5589039,748.3765477,31.18235616,1,0,0,0.157204715,116.783734,0.96,773.8299881,742.8767886,30.95319952,1,0,0,0.157018361,115.8793903,0.96,768.748939,737.9989814,30.74995756,,,,742.2523131,2229.252318,2049.224499,180.0278186,2229.252318,0,1,0,0,0.380280385,209.0114814,0.924319696,594.6261589,549.6246703,45.00148858,1,0,0,0.36448593,188.8614981,0.920074591,563.1701464,518.1585422,45.01160423,1,0,0,0.358585225,181.6023627,0.91837114,551.4560125,506.4412867,45.0147258,1,0,0,0.34268836,162.7769709,0.913461538,520,475,45,1,,,0.101,206.9716744,2049.224499,2049.224499,0,63.52595947,0,,,272.9133319,0,117.3527327,4,1299.703756,0,0,0,132.0499017
161,1,162,0.13994,0,0,1299.506919,,,,0,0,1,2322.137831,2322.137831,0,371.542053,77.09497599,0,,,350.4797689,2322.137831,2229.252318,92.88551324,2322.137831,0,1,0,0,0.157429632,117.8166446,0.96,779.5589039,748.3765477,31.18235616,1,0,0,0.157204715,116.783734,0.96,773.8299881,742.8767886,30.95319952,1,0,0,0.157018361,115.8793903,0.96,768.748939,737.9989814,30.74995756,,,,742.0882172,2229.252318,2048.900324,180.3519933,2229.252318,0,1,0,0,0.380280385,209.0114814,0.924319696,594.6261589,549.6246703,45.00148858,1,0,0,0.364397217,188.6974022,0.919498966,563.1701464,517.8343675,45.3357789,1,0,0,0.358585225,181.6023627,0.91837114,551.4560125,506.4412867,45.0147258,1,0,0,0.34268836,162.7769709,0.913461538,520,475,45,1,,,0.101,206.9389328,2048.900324,2048.900324,0,63.51591006,0,,,273.2375065,1.42E-13,117.4921278,4,1299.506919,0,0,0,181.8529982
162,1,163,0.13994,0,0,1299.703756,,,,0,0,1,2322.137831,2322.137831,0,371.542053,77.09497599,0,,,350.4797689,2322.137831,2229.252318,92.88551324,2322.137831,0,1,0,0,0.157429632,117.8166446,0.96,779.5589039,748.3765477,31.18235616,1,0,0,0.157204715,116.783734,0.96,773.8299881,742.8767886,30.95319952,1,0,0,0.157018361,115.8793903,0.96,768.748939,737.9989814,30.74995756,,,,742.2523131,2229.252318,2049.224499,180.0278186,2229.252318,0,1,0,0,0.380280385,209.0114814,0.924319696,594.6261589,549.6246703,45.00148858,1,0,0,0.36448593,188.8614981,0.920074591,563.1701464,518.1585422,45.01160423,1,0,0,0.358585225,181.6023627,0.91837114,551.4560125,506.4412867,45.0147258,1,0,0,0.34268836,162.7769709,0.913461538,520,475,45,1,,,0.101,206.9716744,2049.224499,2049.224499,0,63.52595947,0,,,272.9133319,1.14E-13,117.3527327,4,1299.703756,0,0,0,181.8805437
163,1,164,0.13994,0,0,1299.703756,,,,0,0,1,2322.137831,2322.137831,0,371.542053,77.09497599,0,,,350.4797689,2322.137831,2229.252318,92.88551324,2322.137831,0,1,0,0,0.157429632,117.8166446,0.96,779.5589039,748.3765477,31.18235616,1,0,0,0.157204715,116.783734,0.96,773.8299881,742.8767886,30.95319952,1,0,0,0.157018361,115.8793903,0.96,768.748939,737.9989814,30.74995756,,,,742.2523131,2229.252318,2049.224499,180.0278186,2229.252318,0,1,0,0,0.380280385,209.0114814,0.924319696,594.6261589,549.6246703,45.00148858,1,0,0,0.36448593,188.8614981,0.920074591,563.1701464,518.1585422,45.01160423,1,0,0,0.358585225,181.6023627,0.91837114,551.4560125,506.4412867,45.0147258,1,0,0,0.34268836,162.7769709,0.913461538,520,475,45,1,,,0.101,206.9716744,2049.224499,2049.224499,0,63.52595947,0,,,272.9133319,1.14E-13,117.3527327,4,1299.703756,0,0,0,181.8805437
164,1,165,0.13994,0,0,1299.69876,,,,0,0,1,2322.137831,2322.137831,0,371.542053,77.09497599,0,,,350.4797689,2322.137831,2229.252318,92.88551324,2322.137831,0,1,0,0,0.157429632,117.8166446,0.96,779.5589039,748.3765477,31.18235616,1,0,0,0.157204715,116.783734,0.96,773.8299881,742.8767886,30.95319952,1,0,0,0.157018361,115.8793903,0.96,768.748939,737.9989814,30.74995756,,,,742.2481566,2229.252318,2049.216188,180.0361297,2229.252318,0,1,0,0,0.380280385,209.0114814,0.924319696,594.6261589,549.6246703,45.00148858,1,0,0,0.36448593,188.8614981,0.920074591,563.1701464,518.1585422,45.01160423,1,0,0,0.358582902,181.5982062,0.918356069,551.4560125,506.4329756,45.0230369,1,0,0,0.34268836,162.7769709,0.913461538,520,475,45,1,,,0.101,206.970835,2049.216188,2049.216188,0,63.52570183,0,,,272.921643,0,117.3563065,4,1299.69876,0,0,0,181.8798445
165,1,166,0.13994,0,0,1299.69876,,,,0,0,1,2322.137831,2322.137831,0,371.542053,77.09497599,0,,,350.4797689,2322.137831,2229.252318,92.88551324,2322.137831,0,1,0,0,0.157429632,117.8166446,0.96,779.5589039,748.3765477,31.18235616,1,0,0,0.157204715,116.783734,0.96,773.8299881,742.8767886,30.95319952,1,0,0,0.157018361,115.8793903,0.96,768.748939,737.9989814,30.74995756,,,,742.2481566,2229.252318,2049.216188,180.0361297,2229.252318,0,1,0,0,0.380280385,209.0114814,0.924319696,594.6261589,549.6246703,45.00148858,1,0,0,0.36448593,188.8614981,0.920074591,563.1701464,518.1585422,45.01160423,1,0,0,0.358582902,181.5982062,0.918356069,551.4560125,506.4329756,45.0230369,1,0,0,0.34268836,162.7769709,0.913461538,520,475,45,1,,,0.101,206.970835,2049.216188,2049.216188,0,63.52570183,0,,,272.921643,0,117.3563065,4,1299.69876,0,0,0,181.8798445
166,1,167,0.1016,0,0,1299.69876,,,,0,0,1,2322.137831,2322.137831,0,371.542053,77.09497599,0,,,350.4797689,2322.137831,2229.252318,92.88551324,2322.137831,0,1,0,0,0.157429632,117.8166446,0.96,779.5589039,748.3765477,31.18235616,1,0,0,0.157204715,116.783734,0.96,773.8299881,742.8767886,30.95319952,1,0,0,0.157018361,115.8793903,0.96,768.748939,737.9989814,30.74995756,,,,742.2481566,2229.252318,2049.216188,180.0361297,2229.252318,0,1,0,0,0.380280385,209.0114814,0.924319696,594.6261589,549.6246703,45.00148858,1,0,0,0.36448593,188.8614981,0.920074591,563.1701464,518.1585422,45.01160423,1,0,0,0.358582902,181.5982062,0.918356069,551.4560125,506.4329756,45.0230369,1,0,0,0.34268836,162.7769709,0.913461538,520,475,45,1,,,0.101,206.970835,2049.216188,2049.216188,0,63.52570183,0,,,272.921643,0,117.3563065,4,1299.69876,0,0,0,132.0493941
167,1,168,0.1016,0,0,1299.69876,,,,0,0,1,2322.137831,2322.137831,0,371.542053,77.09497599,0,,,350.4797689,2322.137831,2229.252318,92.88551324,2322.137831,0,1,0,0,0.157429632,117.8166446,0.96,779.5589039,748.3765477,31.18235616,1,0,0,0.157204715,116.783734,0.96,773.8299881,742.8767886,30.95319952,1,0,0,0.157018361,115.8793903,0.96,768.748939,737.9989814,30.74995756,,,,742.2481566,2229.252318,2049.216188,180.0361297,2229.252318,0,1,0,0,0.380280385,209.0114814,0.924319696,594.6261589,549.6246703,45.00148858,1,0,0,0.36448593,188.8614981,0.920074591,563.1701464,518.1585422,45.01160423,1,0,0,0.358582902,181.5982062,0.918356069,551.4560125,506.4329756,45.0230369,1,0,0,0.34268836,162.7769709,0.913461538,520,475,45,1,,,0.101,206.970835,2049.216188,2049.216188,0,63.52570183,0,,,272.921643,0,117.3563065,4,1299.69876,0,0,0,132.0493941
