,Day,Time,LMP,peak_hour,bypass_pretreatment_flow,power_from_grid,intake.op_mode,intake.startup,intake.shutdown,intake.energy_intensity,intake.power_consumption,intake.recovery,intake.feed_flowrate,intake.product_flowrate,intake.reject_flowrate,intake.feed_cost,intake.chemical_cost,pretreatment.op_mode,pretreatment.startup,pretreatment.shutdown,pretreatment.power_consumption,pretreatment.feed_flowrate,pretreatment.product_flowrate,pretreatment.reject_flowrate,pretreatment.inlet_flowrate,pretreatment.leftover_flow,pretreatment.uf_pumps[1].op_mode,pretreatment.uf_pumps[1].startup,pretreatment.uf_pumps[1].shutdown,pretreatment.uf_pumps[1].energy_intensity,pretreatment.uf_pumps[1].power_consumption,pretreatment.uf_pumps[1].recovery,pretreatment.uf_pumps[1].feed_flowrate,pretreatment.uf_pumps[1].product_flowrate,pretreatment.uf_pumps[1].reject_flowrate,pretreatment.uf_pumps[2].op_mode,pretreatment.uf_pumps[2].startup,pretreatment.uf_pumps[2].shutdown,pretreatment.uf_pumps[2].energy_intensity,pretreatment.uf_pumps[2].power_consumption,pretreatment.uf_pumps[2].recovery,pretreatment.uf_pumps[2].feed_flowrate,pretreatment.uf_pumps[2].product_flowrate,pretreatment.uf_pumps[2].reject_flowrate,pretreatment.uf_pumps[3].op_mode,pretreatment.uf_pumps[3].startup,pretreatment.uf_pumps[3].shutdown,pretreatment.uf_pumps[3].energy_intensity,pretreatment.uf_pumps[3].power_consumption,pretreatment.uf_pumps[3].recovery,pretreatment.uf_pumps[3].feed_flowrate,pretreatment.uf_pumps[3].product_flowrate,pretreatment.uf_pumps[3].reject_flowrate,reverse_osmosis.op_mode,reverse_osmosis.startup,reverse_osmosis.shutdown,reverse_osmosis.power_consumption,reverse_osmosis.feed_flowrate,reverse_osmosis.product_flowrate,reverse_osmosis.reject_flowrate,reverse_osmosis.inlet_flowrate,reverse_osmosis.leftover_flow,reverse_osmosis.ro_skid[1].op_mode,reverse_osmosis.ro_skid[1].startup,reverse_osmosis.ro_skid[1].shutdown,reverse_osmosis.ro_skid[1].energy_intensity,reverse_osmosis.ro_skid[1].power_consumption,reverse_osmosis.ro_skid[1].recovery,reverse_osmosis.ro_skid[1].feed_flowrate,reverse_osmosis.ro_skid[1].product_flowrate,reverse_osmosis.ro_skid[1].reject_flowrate,reverse_osmosis.ro_skid[2].op_mode,reverse_osmosis.ro_skid[2].startup,reverse_osmosis.ro_skid[2].shutdown,reverse_osmosis.ro_skid[2].energy_intensity,reverse_osmosis.ro_skid[2].power_consumption,reverse_osmosis.ro_skid[2].recovery,reverse_osmosis.ro_skid[2].feed_flowrate,reverse_osmosis.ro_skid[2].product_flowrate,reverse_osmosis.ro_skid[2].reject_flowrate,reverse_osmosis.ro_skid[3].op_mode,reverse_osmosis.ro_skid[3].startup,reverse_osmosis.ro_skid[3].shutdown,reverse_osmosis.ro_skid[3].energy_intensity,reverse_osmosis.ro_skid[3].power_consumption,reverse_osmosis.ro_skid[3].recovery,reverse_osmosis.ro_skid[3].feed_flowrate,reverse_osmosis.ro_skid[3].product_flowrate,reverse_osmosis.ro_skid[3].reject_flowrate,reverse_osmosis.ro_skid[4].op_mode,reverse_osmosis.ro_skid[4].startup,reverse_osmosis.ro_skid[4].shutdown,reverse_osmosis.ro_skid[4].energy_intensity,reverse_osmosis.ro_skid[4].power_consumption,reverse_osmosis.ro_skid[4].recovery,reverse_osmosis.ro_skid[4].feed_flowrate,reverse_osmosis.ro_skid[4].product_flowrate,reverse_osmosis.ro_skid[4].reject_flowrate,posttreatment.op_mode,posttreatment.startup,posttreatment.shutdown,posttreatment.energy_intensity,posttreatment.power_consumption,posttreatment.feed_flowrate,posttreatment.product_flowrate,posttreatment.reject_flowrate,posttreatment.chemical_cost,brine_discharge.op_mode,brine_discharge.startup,brine_discharge.shutdown,brine_discharge.feed_flowrate,brine_discharge.power_consumption,brine_discharge.brine_cost,num_skids_online,net_power_consumption,water_revenue,demand_response_revenue,emissions_cost,energy_cost
0,1,1,0.1016,0,0,1403.359206,,,,0,0,1,2439.786533,2439.786533,0,390.3658453,81.00091291,0,,,372.5740249,2439.786533,2342.195072,97.59146133,2439.786533,0,1,0,0,0.15907045,124.1913416,0.96,813.2621778,780.7316907,32.53048711,1,0,0,0.15907045,124.1913416,0.96,813.2621778,780.7316907,32.53048711,1,0,0,0.15907045,124.1913416,0.96,813.2621778,780.7316907,32.53048711,,,,812.4034787,2342.195072,2162.195072,180.0000001,2342.195072,0,1,0,0,0.37573089,203.1008697,0.923149014,585.548768,540.548768,45.00000002,1,0,0,0.37573089,203.1008697,0.923149014,585.548768,540.548768,45.00000002,1,0,0,0.37573089,203.1008697,0.923149014,585.548768,540.548768,45.00000002,1,0,0,0.37573089,203.1008697,0.923149014,585.548768,540.548768,45.00000002,1,,,0.101,218.3817023,2162.195072,2162.195072,0,67.02804723,0,,,277.5914614,0,119.3643284,4,1403.359206,0,0,0,142.5812953
1,1,2,0.1016,0,0,1403.359206,,,,0,0,1,2439.786533,2439.786533,0,390.3658453,81.00091291,0,,,372.5740249,2439.786533,2342.195072,97.59146133,2439.786533,0,1,0,0,0.15907045,124.1913416,0.96,813.2621778,780.7316907,32.53048711,1,0,0,0.15907045,124.1913416,0.96,813.2621778,780.7316907,32.53048711,1,0,0,0.15907045,124.1913416,0.96,813.2621778,780.7316907,32.53048711,,,,812.4034787,2342.195072,2162.195072,180,2342.195072,0,1,0,0,0.37573089,203.1008697,0.923149014,585.548768,540.548768,45,1,0,0,0.37573089,203.1008697,0.923149014,585.548768,540.548768,45,1,0,0,0.37573089,203.1008697,0.923149014,585.548768,540.548768,45,1,0,0,0.37573089,203.1008697,0.923149014,585.548768,540.548768,45,1,,,0.101,218.3817023,2162.195072,2162.195072,0,67.02804723,0,,,277.5914613,0,119.3643284,4,1403.359206,0,0,0,142.5812953
2,1,3,0.1016,0,0,1403.359206,,,,0,0,1,2439.786533,2439.786533,0,390.3658453,81.00091291,0,,,372.5740249,2439.786533,2342.195072,97.59146133,2439.786533,0,1,0,0,0.15907045,124.1913416,0.96,813.2621778,780.7316907,32.53048711,1,0,0,0.15907045,124.1913416,0.96,813.2621778,780.7316907,32.53048711,1,0,0,0.15907045,124.1913416,0.96,813.2621778,780.7316907,32.53048711,,,,812.4034787,2342.195072,2162.195072,180,2342.195072,0,1,0,0,0.37573089,203.1008697,0.923149014,585.548768,540.548768,45,1,0,0,0.37573089,203.1008697,0.923149014,585.548768,540.548768,45,1,0,0,0.37573089,203.1008697,0.923149014,585.548768,540.548768,45,1,0,0,0.37573089,203.1008697,0.923149014,585.548768,540.548768,45,1,,,0.101,218.3817023,2162.195072,2162.195072,0,67.02804723,0,,,277.5914613,0,119.3643284,4,1403.359206,0,0,0,142.5812953
3,1,4,0.1016,0,0,1403.359206,,,,0,0,1,2439.786533,2439.786533,0,390.3658453,81.00091291,0,,,372.5740249,2439.786533,2342.195072,97.59146133,2439.786533,0,1,0,0,0.15907045,124.1913416,0.96,813.2621778,780.7316907,32.53048711,1,0,0,0.15907045,124.1913416,0.96,813.2621778,780.7316907,32.53048711,1,0,0,0.15907045,124.1913416,0.96,813.2621778,780.7316907,32.53048711,,,,812.4034787,2342.195072,2162.195072,180,2342.195072,0,1,0,0,0.37573089,203.1008697,0.923149014,585.548768,540.548768,45,1,0,0,0.37573089,203.1008697,0.923149014,585.548768,540.548768,45,1,0,0,0.37573089,203.1008697,0.923149014,585.548768,540.548768,45,1,0,0,0.37573089,203.1008697,0.923149014,585.548768,540.548768,45,1,,,0.101,218.3817023,2162.195072,2162.195072,0,67.02804723,0,,,277.5914613,0,119.3643284,4,1403.359206,0,0,0,142.5812953
4,1,5,0.1016,0,0,1403.359206,,,,0,0,1,2439.786533,2439.786533,0,390.3658453,81.00091291,0,,,372.5740249,2439.786533,2342.195072,97.59146133,2439.786533,0,1,0,0,0.15907045,124.1913416,0.96,813.2621778,780.7316907,32.53048711,1,0,0,0.15907045,124.1913416,0.96,813.2621778,780.7316907,32.53048711,1,0,0,0.15907045,124.1913416,0.96,813.2621778,780.7316907,32.53048711,,,,812.4034787,2342.195072,2162.195072,180,2342.195072,0,1,0,0,0.37573089,203.1008697,0.923149014,585.548768,540.548768,45,1,0,0,0.37573089,203.1008697,0.923149014,585.548768,540.548768,45,1,0,0,0.37573089,203.1008697,0.923149014,585.548768,540.548768,45,1,0,0,0.37573089,203.1008697,0.923149014,585.548768,540.548768,45,1,,,0.101,218.3817023,2162.195072,2162.195072,0,67.02804723,0,,,277.5914613,0,119.3643284,4,1403.359206,0,0,0,142.5812953
5,1,6,0.1016,0,0,1403.359206,,,,0,0,1,2439.786533,2439.786533,0,390.3658453,81.00091291,0,,,372.5740249,2439.786533,2342.195072,97.59146133,2439.786533,0,1,0,0,0.15907045,124.1913416,0.96,813.2621778,780.7316907,32.53048711,1,0,0,0.15907045,124.1913416,0.96,813.2621778,780.7316907,32.53048711,1,0,0,0.15907045,124.1913416,0.96,813.2621778,780.7316907,32.53048711,,,,812.4034787,2342.195072,2162.195072,180,2342.195072,0,1,0,0,0.37573089,203.1008697,0.923149014,585.548768,540.548768,45,1,0,0,0.37573089,203.1008697,0.923149014,585.548768,540.548768,45,1,0,0,0.37573089,203.1008697,0.923149014,585.548768,540.548768,45,1,0,0,0.37573089,203.1008697,0.923149014,585.548768,540.548768,45,1,,,0.101,218.3817023,2162.195072,2162.195072,0,67.02804723,0,,,277.5914613,0,119.3643284,4,1403.359206,0,0,0,142.5812953
6,1,7,0.1016,0,0,1403.359206,,,,0,0,1,2439.786533,2439.786533,0,390.3658453,81.00091291,0,,,372.5740249,2439.786533,2342.195072,97.59146133,2439.786533,0,1,0,0,0.15907045,124.1913416,0.96,813.2621778,780.7316907,32.53048711,1,0,0,0.15907045,124.1913416,0.96,813.2621778,780.7316907,32.53048711,1,0,0,0.15907045,124.1913416,0.96,813.2621778,780.7316907,32.53048711,,,,812.4034787,2342.195072,2162.195072,180,2342.195072,0,1,0,0,0.37573089,203.1008697,0.923149014,585.548768,540.548768,45,1,0,0,0.37573089,203.1008697,0.923149014,585.548768,540.548768,45,1,0,0,0.37573089,203.1008697,0.923149014,585.548768,540.548768,45,1,0,0,0.37573089,203.1008697,0.923149014,585.548768,540.548768,45,1,,,0.101,218.3817023,2162.195072,2162.195072,0,67.02804723,0,,,277.5914613,0,119.3643284,4,1403.359206,0,0,0,142.5812953
7,1,8,0.1016,0,0,1403.359206,,,,0,0,1,2439.786533,2439.786533,0,390.3658453,81.00091291,0,,,372.5740249,2439.786533,2342.195072,97.59146133,2439.786533,0,1,0,0,0.15907045,124.1913416,0.96,813.2621778,780.7316907,32.53048711,1,0,0,0.15907045,124.1913416,0.96,813.2621778,780.7316907,32.53048711,1,0,0,0.15907045,124.1913416,0.96,813.2621778,780.7316907,32.53048711,,,,812.4034787,2342.195072,2162.195072,180,2342.195072,0,1,0,0,0.37573089,203.1008697,0.923149014,585.548768,540.548768,45,1,0,0,0.37573089,203.1008697,0.923149014,585.548768,540.548768,45,1,0,0,0.37573089,203.1008697,0.923149014,585.548768,540.548768,45,1,0,0,0.37573089,203.1008697,0.923149014,585.548768,540.548768,45,1,,,0.101,218.3817023,2162.195072,2162.195072,0,67.02804723,0,,,277.5914613,0,119.3643284,4,1403.359206,0,0,0,142.5812953
8,1,9,0.1016,0,0,1403.359206,,,,0,0,1,2439.786533,2439.786533,0,390.3658453,81.00091291,0,,,372.5740249,2439.786533,2342.195072,97.59146133,2439.786533,0,1,0,0,0.15907045,124.1913416,0.96,813.2621778,780.7316907,32.53048711,1,0,0,0.15907045,124.1913416,0.96,813.2621778,780.7316907,32.53048711,1,0,0,0.15907045,124.1913416,0.96,813.2621778,780.7316907,32.53048711,,,,812.4034787,2342.195072,2162.195072,180,2342.195072,0,1,0,0,0.37573089,203.1008697,0.923149014,585.548768,540.548768,45,1,0,0,0.37573089,203.1008697,0.923149014,585.548768,540.548768,45,1,0,0,0.37573089,203.1008697,0.923149014,585.548768,540.548768,45,1,0,0,0.37573089,203.1008697,0.923149014,585.548768,540.548768,45,1,,,0.101,218.3817023,2162.195072,2162.195072,0,67.02804723,0,,,277.5914613,0,119.3643284,4,1403.359206,0,0,0,142.5812953
9,1,10,0.1016,0,0,1403.359206,,,,0,0,1,2439.786533,2439.786533,0,390.3658453,81.00091291,0,,,372.5740249,2439.786533,2342.195072,97.59146133,2439.786533,0,1,0,0,0.15907045,124.1913416,0.96,813.2621778,780.7316907,32.53048711,1,0,0,0.15907045,124.1913416,0.96,813.2621778,780.7316907,32.53048711,1,0,0,0.15907045,124.1913416,0.96,813.2621778,780.7316907,32.53048711,,,,812.4034787,2342.195072,2162.195072,180,2342.195072,0,1,0,0,0.37573089,203.1008697,0.923149014,585.548768,540.548768,45,1,0,0,0.37573089,203.1008697,0.923149014,585.548768,540.548768,45,1,0,0,0.37573089,203.1008697,0.923149014,585.548768,540.548768,45,1,0,0,0.37573089,203.1008697,0.923149014,585.548768,540.548768,45,1,,,0.101,218.3817023,2162.195072,2162.195072,0,67.02804723,0,,,277.5914613,0,119.3643284,4,1403.359206,0,0,0,142.5812953
10,1,11,0.1016,0,0,1403.359206,,,,0,0,1,2439.786533,2439.786533,0,390.3658453,81.00091291,0,,,372.5740249,2439.786533,2342.195072,97.59146133,2439.786533,0,1,0,0,0.15907045,124.1913416,0.96,813.2621778,780.7316907,32.53048711,1,0,0,0.15907045,124.1913416,0.96,813.2621778,780.7316907,32.53048711,1,0,0,0.15907045,124.1913416,0.96,813.2621778,780.7316907,32.53048711,,,,812.4034787,2342.195072,2162.195072,180,2342.195072,0,1,0,0,0.37573089,203.1008697,0.923149014,585.548768,540.548768,45,1,0,0,0.37573089,203.1008697,0.923149014,585.548768,540.548768,45,1,0,0,0.37573089,203.1008697,0.923149014,585.548768,540.548768,45,1,0,0,0.37573089,203.1008697,0.923149014,585.548768,540.548768,45,1,,,0.101,218.3817023,2162.195072,2162.195072,0,67.02804723,0,,,277.5914613,0,119.3643284,4,1403.359206,0,0,0,142.5812953
11,1,12,0.1016,0,0,1403.359206,,,,0,0,1,2439.786533,2439.786533,0,390.3658453,81.00091291,0,,,372.5740249,2439.786533,2342.195072,97.59146133,2439.786533,0,1,0,0,0.15907045,124.1913416,0.96,813.2621778,780.7316907,32.53048711,1,0,0,0.15907045,124.1913416,0.96,813.2621778,780.7316907,32.53048711,1,0,0,0.15907045,124.1913416,0.96,813.2621778,780.7316907,32.53048711,,,,812.4034787,2342.195072,2162.195072,180,2342.195072,0,1,0,0,0.37573089,203.1008697,0.923149014,585.548768,540.548768,45,1,0,0,0.37573089,203.1008697,0.923149014,585.548768,540.548768,45,1,0,0,0.37573089,203.1008697,0.923149014,585.548768,540.548768,45,1,0,0,0.37573089,203.1008697,0.923149014,585.548768,540.548768,45,1,,,0.101,218.3817023,2162.195072,2162.195072,0,67.02804723,0,,,277.5914613,0,119.3643284,4,1403.359206,0,0,0,142.5812953
12,1,13,0.1016,0,0,1403.359206,,,,0,0,1,2439.786533,2439.786533,0,390.3658453,81.00091291,0,,,372.5740249,2439.786533,2342.195072,97.59146133,2439.786533,0,1,0,0,0.15907045,124.1913416,0.96,813.2621778,780.7316907,32.53048711,1,0,0,0.15907045,124.1913416,0.96,813.2621778,780.7316907,32.53048711,1,0,0,0.15907045,124.1913416,0.96,813.2621778,780.7316907,32.53048711,,,,812.4034787,2342.195072,2162.195072,180,2342.195072,0,1,0,0,0.37573089,203.1008697,0.923149014,585.548768,540.548768,45,1,0,0,0.37573089,203.1008697,0.923149014,585.548768,540.548768,45,1,0,0,0.37573089,203.1008697,0.923149014,585.548768,540.548768,45,1,0,0,0.37573089,203.1008697,0.923149014,585.548768,540.548768,45,1,,,0.101,218.3817023,2162.195072,2162.195072,0,67.02804723,0,,,277.5914613,0,119.3643284,4,1403.359206,0,0,0,142.5812953
13,1,14,0.1016,0,0,1403.359206,,,,0,0,1,2439.786533,2439.786533,0,390.3658453,81.00091291,0,,,372.5740249,2439.786533,2342.195072,97.59146133,2439.786533,0,1,0,0,0.15907045,124.1913416,0.96,813.2621778,780.7316907,32.53048711,1,0,0,0.15907045,124.1913416,0.96,813.2621778,780.7316907,32.53048711,1,0,0,0.15907045,124.1913416,0.96,813.2621778,780.7316907,32.53048711,,,,812.4034787,2342.195072,2162.195072,180,2342.195072,0,1,0,0,0.37573089,203.1008697,0.923149014,585.548768,540.548768,45,1,0,0,0.37573089,203.1008697,0.923149014,585.548768,540.548768,45,1,0,0,0.37573089,203.1008697,0.923149014,585.548768,540.548768,45,1,0,0,0.37573089,203.1008697,0.923149014,585.548768,540.548768,45,1,,,0.101,218.3817023,2162.195072,2162.195072,0,67.02804723,0,,,277.5914613,0,119.3643284,4,1403.359206,0,0,0,142.5812953
14,1,15,0.1016,0,0,1403.359206,,,,0,0,1,2439.786533,2439.786533,0,390.3658453,81.00091291,0,,,372.5740249,2439.786533,2342.195072,97.59146133,2439.786533,0,1,0,0,0.15907045,124.1913416,0.96,813.2621778,780.7316907,32.53048711,1,0,0,0.15907045,124.1913416,0.96,813.2621778,780.7316907,32.53048711,1,0,0,0.15907045,124.1913416,0.96,813.2621778,780.7316907,32.53048711,,,,812.4034787,2342.195072,2162.195072,180,2342.195072,0,1,0,0,0.37573089,203.1008697,0.923149014,585.548768,540.548768,45,1,0,0,0.37573089,203.1008697,0.923149014,585.548768,540.548768,45,1,0,0,0.37573089,203.1008697,0.923149014,585.548768,540.548768,45,1,0,0,0.37573089,203.1008697,0.923149014,585.548768,540.548768,45,1,,,0.101,218.3817023,2162.195072,2162.195072,0,67.02804723,0,,,277.5914613,0,119.3643284,4,1403.359206,0,0,0,142.5812953
15,1,16,0.1016,0,0,1403.359206,,,,0,0,1,2439.786533,2439.786533,0,390.3658453,81.00091291,0,,,372.5740249,2439.786533,2342.195072,97.59146133,2439.786533,0,1,0,0,0.15907045,124.1913416,0.96,813.2621778,780.7316907,32.53048711,1,0,0,0.15907045,124.1913416,0.96,813.2621778,780.7316907,32.53048711,1,0,0,0.15907045,124.1913416,0.96,813.2621778,780.7316907,32.53048711,,,,812.4034787,2342.195072,2162.195072,180,2342.195072,0,1,0,0,0.37573089,203.1008697,0.923149014,585.548768,540.548768,45,1,0,0,0.37573089,203.1008697,0.923149014,585.548768,540.548768,45,1,0,0,0.37573089,203.1008697,0.923149014,585.548768,540.548768,45,1,0,0,0.37573089,203.1008697,0.923149014,585.548768,540.548768,45,1,,,0.101,218.3817023,2162.195072,2162.195072,0,67.02804723,0,,,277.5914613,0,119.3643284,4,1403.359206,0,0,0,142.5812953
16,1,17,0.1016,0,0,1403.359206,,,,0,0,1,2439.786533,2439.786533,0,390.3658453,81.00091291,0,,,372.5740249,2439.786533,2342.195072,97.59146133,2439.786533,0,1,0,0,0.15907045,124.1913416,0.96,813.2621778,780.7316907,32.53048711,1,0,0,0.15907045,124.1913416,0.96,813.2621778,780.7316907,32.53048711,1,0,0,0.15907045,124.1913416,0.96,813.2621778,780.7316907,32.53048711,,,,812.4034787,2342.195072,2162.195072,180,2342.195072,0,1,0,0,0.37573089,203.1008697,0.923149014,585.548768,540.548768,45,1,0,0,0.37573089,203.1008697,0.923149014,585.548768,540.548768,45,1,0,0,0.37573089,203.1008697,0.923149014,585.548768,540.548768,45,1,0,0,0.37573089,203.1008697,0.923149014,585.548768,540.548768,45,1,,,0.101,218.3817023,2162.195072,2162.195072,0,67.02804723,0,,,277.5914613,0,119.3643284,4,1403.359206,0,0,0,142.5812953
17,1,18,0.15246,1,0,-3.41E-16,,,,0,0,1,0,0,0,0,0,0,,,-3.41E-16,0,0,0,0,0,0,0,1,0.271,0,0.96,0,0,0,0,0,1,0.271,0,0.96,0,0,0,0,0,1,0.271,0,0.96,0,0,0,,,,0,0,0,0,0,0,0,0,1,0.087248178,0,0.88,0,0,0,0,0,1,0.087248178,0,0.88,0,0,0,0,0,1,0.087248178,0,0.88,0,0,0,0,0,1,0.087248178,0,0.88,0,0,0,1,,,0.101,0,0,0,0,0,0,,,0,0,0,0,-3.41E-16,0,0,0,-5.20E-17
18,1,19,0.15246,1,0,-3.41E-16,,,,0,0,1,0,0,0,0,0,0,,,-3.41E-16,0,0,0,0,0,0,0,0,0.271,0,0.96,0,0,0,0,0,0,0.271,0,0.96,0,0,0,0,0,0,0.271,0,0.96,0,0,0,,,,0,0,0,0,0,0,0,0,0,0.087248178,0,0.88,0,0,0,0,0,0,0.087248178,0,0.88,0,0,0,0,0,0,0.087248178,0,0.88,0,0,0,0,0,0,0.087248178,0,0.88,0,0,0,1,,,0.101,0,0,0,0,0,0,,,0,0,0,0,-3.41E-16,0,0,0,-5.20E-17
19,1,20,0.15246,1,0,-3.41E-16,,,,0,0,1,0,0,0,0,0,0,,,-3.41E-16,0,0,0,0,0,0,0,0,0.271,0,0.96,0,0,0,0,0,0,0.271,0,0.96,0,0,0,0,0,0,0.271,0,0.96,0,0,0,,,,0,0,0,0,0,0,0,0,0,0.087248178,0,0.88,0,0,0,0,0,0,0.087248178,0,0.88,0,0,0,0,0,0,0.087248178,0,0.88,0,0,0,0,0,0,0.087248178,0,0.88,0,0,0,1,,,0.101,0,0,0,0,0,0,,,0,0,0,0,-3.41E-16,0,0,0,-5.20E-17
20,1,21,0.15246,1,0,-3.41E-16,,,,0,0,1,0,0,0,0,0,0,,,-3.41E-16,0,0,0,0,0,0,0,0,0.271,0,0.96,0,0,0,0,0,0,0.271,0,0.96,0,0,0,0,0,0,0.271,0,0.96,0,0,0,,,,0,0,0,0,0,0,0,0,0,0.087248178,0,0.88,0,0,0,0,0,0,0.087248178,0,0.88,0,0,0,0,0,0,0.087248178,0,0.88,0,0,0,0,0,0,0.087248178,0,0.88,0,0,0,1,,,0.101,0,0,0,0,0,0,,,0,0,0,0,-3.41E-16,0,0,0,-5.20E-17
21,1,22,0.15246,1,0,-3.41E-16,,,,0,0,1,0,0,0,0,0,0,,,-3.41E-16,0,0,0,0,0,0,0,0,0.271,0,0.96,0,0,0,0,0,0,0.271,0,0.96,0,0,0,0,0,0,0.271,0,0.96,0,0,0,,,,0,0,0,0,0,0,0,0,0,0.087248178,0,0.88,0,0,0,0,0,0,0.087248178,0,0.88,0,0,0,0,0,0,0.087248178,0,0.88,0,0,0,0,0,0,0.087248178,0,0.88,0,0,0,1,,,0.101,0,0,0,0,0,0,,,0,0,0,0,-3.41E-16,0,0,0,-5.20E-17
22,1,23,0.1016,0,0,569.0854513,,,,0,0,1,1083.333333,1083.333333,0,173.3333333,35.96666667,0,,,167.7415278,1083.333333,1040,43.33333333,1083.333333,0,1,1,0,0.161289931,83.87076389,0.96,541.6666667,520,21.66666667,1,1,0,0.161289931,83.87076389,0.96,541.6666667,520,21.66666667,0,0,0,0.271,0,0.96,0,0,0,,,,308.9087236,1040,915.2,124.8,1040,0,1,1,0,0.337531385,154.4543618,0.88,520,457.6,62.4,1,1,0,0.337531385,154.4543618,0.88,520,457.6,62.4,0,0,0,0.087248178,0,0.88,0,0,0,0,0,0,0.087248178,0,0.88,0,0,0,0,,,0.101,92.4352,915.2,0,915.2,28.3712,1,,,1083.333333,0,465.8333333,2,569.0854513,0,0,0,57.81908186
23,1,24,0.1016,0,0,569.0854513,,,,0,0,1,1083.333333,1083.333333,0,173.3333333,35.96666667,0,,,167.7415278,1083.333333,1040,43.33333333,1083.333333,0,1,0,0,0.161289931,83.87076389,0.96,541.6666667,520,21.66666667,1,0,0,0.161289931,83.87076389,0.96,541.6666667,520,21.66666667,0,0,0,0.271,0,0.96,0,0,0,,,,308.9087236,1040,915.2,124.8,1040,0,1,0,0,0.337531385,154.4543618,0.88,520,457.6,62.4,1,0,0,0.337531385,154.4543618,0.88,520,457.6,62.4,0,0,0,0.087248178,0,0.88,0,0,0,0,0,0,0.087248178,0,0.88,0,0,0,0,,,0.101,92.4352,915.2,0,915.2,28.3712,1,,,1083.333333,0,465.8333333,2,569.0854513,0,0,0,57.81908186
24,1,25,0.1016,0,0,1403.359206,,,,0,0,1,2439.786533,2439.786533,0,390.3658453,81.00091291,0,,,372.5740249,2439.786533,2342.195072,97.59146133,2439.786533,0,1,0,0,0.15907045,124.1913416,0.96,813.2621778,780.7316907,32.53048711,1,0,0,0.15907045,124.1913416,0.96,813.2621778,780.7316907,32.53048711,1,1,0,0.15907045,124.1913416,0.96,813.2621778,780.7316907,32.53048711,,,,812.4034787,2342.195072,2162.195072,180.0000001,2342.195072,0,1,0,0,0.37573089,203.1008697,0.923149014,585.548768,540.548768,45.00000002,1,0,0,0.37573089,203.1008697,0.923149014,585.548768,540.548768,45.00000002,1,1,0,0.37573089,203.1008697,0.923149014,585.548768,540.548768,45.00000002,1,1,0,0.37573089,203.1008697,0.923149014,585.548768,540.548768,45,1,,,0.101,218.3817023,2162.195072,2162.195072,0,67.02804723,0,,,277.5914614,-1.14E-13,119.3643284,4,1403.359206,0,0,0,142.5812953
25,1,26,0.1016,0,0,1403.359206,,,,0,0,1,2439.786533,2439.786533,0,390.3658453,81.00091291,0,,,372.5740249,2439.786533,2342.195072,97.59146133,2439.786533,0,1,0,0,0.15907045,124.1913416,0.96,813.2621778,780.7316907,32.53048711,1,0,0,0.15907045,124.1913416,0.96,813.2621778,780.7316907,32.53048711,1,0,0,0.15907045,124.1913416,0.96,813.2621778,780.7316907,32.53048711,,,,812.4034787,2342.195072,2162.195072,180,2342.195072,0,1,0,0,0.37573089,203.1008697,0.923149014,585.548768,540.548768,45,1,0,0,0.37573089,203.1008697,0.923149014,585.548768,540.548768,45,1,0,0,0.37573089,203.1008697,0.923149014,585.548768,540.548768,45,1,0,0,0.37573089,203.1008697,0.923149014,585.548768,540.548768,45,1,,,0.101,218.3817023,2162.195072,2162.195072,0,67.02804723,0,,,277.5914613,-1.14E-13,119.3643284,4,1403.359206,0,0,0,142.5812953
26,1,27,0.1016,0,0,1403.359206,,,,0,0,1,2439.786533,2439.786533,0,390.3658453,81.00091291,0,,,372.5740249,2439.786533,2342.195072,97.59146133,2439.786533,0,1,0,0,0.15907045,124.1913416,0.96,813.2621778,780.7316907,32.53048711,1,0,0,0.15907045,124.1913416,0.96,813.2621778,780.7316907,32.53048711,1,0,0,0.15907045,124.1913416,0.96,813.2621778,780.7316907,32.53048711,,,,812.4034787,2342.195072,2162.195072,180,2342.195072,0,1,0,0,0.37573089,203.1008697,0.923149014,585.548768,540.548768,45,1,0,0,0.37573089,203.1008697,0.923149014,585.548768,540.548768,45,1,0,0,0.37573089,203.1008697,0.923149014,585.548768,540.548768,45,1,0,0,0.37573089,203.1008697,0.923149014,585.548768,540.548768,45,1,,,0.101,218.3817023,2162.195072,2162.195072,0,67.02804723,0,,,277.5914613,1.14E-13,119.3643284,4,1403.359206,0,0,0,142.5812953
27,1,28,0.1016,0,0,1403.359206,,,,0,0,1,2439.786533,2439.786533,0,390.3658453,81.00091291,0,,,372.5740249,2439.786533,2342.195072,97.59146133,2439.786533,0,1,0,0,0.15907045,124.1913416,0.96,813.2621778,780.7316907,32.53048711,1,0,0,0.15907045,124.1913416,0.96,813.2621778,780.7316907,32.53048711,1,0,0,0.15907045,124.1913416,0.96,813.2621778,780.7316907,32.53048711,,,,812.4034787,2342.195072,2162.195072,180,2342.195072,0,1,0,0,0.37573089,203.1008697,0.923149014,585.548768,540.548768,45,1,0,0,0.37573089,203.1008697,0.923149014,585.548768,540.548768,45,1,0,0,0.37573089,203.1008697,0.923149014,585.548768,540.548768,45,1,0,0,0.37573089,203.1008697,0.923149014,585.548768,540.548768,45,1,,,0.101,218.3817023,2162.195072,2162.195072,0,67.02804723,0,,,277.5914613,-1.14E-13,119.3643284,4,1403.359206,0,0,0,142.5812953
28,1,29,0.1016,0,0,1403.359206,,,,0,0,1,2439.786533,2439.786533,0,390.3658453,81.00091291,0,,,372.5740249,2439.786533,2342.195072,97.59146133,2439.786533,0,1,0,0,0.15907045,124.1913416,0.96,813.2621778,780.7316907,32.53048711,1,0,0,0.15907045,124.1913416,0.96,813.2621778,780.7316907,32.53048711,1,0,0,0.15907045,124.1913416,0.96,813.2621778,780.7316907,32.53048711,,,,812.4034787,2342.195072,2162.195072,180,2342.195072,0,1,0,0,0.37573089,203.1008697,0.923149014,585.548768,540.548768,45,1,0,0,0.37573089,203.1008697,0.923149014,585.548768,540.548768,45,1,0,0,0.37573089,203.1008697,0.923149014,585.548768,540.548768,45,1,0,0,0.37573089,203.1008697,0.923149014,585.548768,540.548768,45,1,,,0.101,218.3817023,2162.195072,2162.195072,0,67.02804723,0,,,277.5914613,-1.14E-13,119.3643284,4,1403.359206,0,0,0,142.5812953
29,1,30,0.1016,0,0,1403.359206,,,,0,0,1,2439.786533,2439.786533,0,390.3658453,81.00091291,0,,,372.5740249,2439.786533,2342.195072,97.59146133,2439.786533,0,1,0,0,0.15907045,124.1913416,0.96,813.2621778,780.7316907,32.53048711,1,0,0,0.15907045,124.1913416,0.96,813.2621778,780.7316907,32.53048711,1,0,0,0.15907045,124.1913416,0.96,813.2621778,780.7316907,32.53048711,,,,812.4034787,2342.195072,2162.195072,180,2342.195072,0,1,0,0,0.37573089,203.1008697,0.923149014,585.548768,540.548768,45,1,0,0,0.37573089,203.1008697,0.923149014,585.548768,540.548768,45,1,0,0,0.37573089,203.1008697,0.923149014,585.548768,540.548768,45,1,0,0,0.37573089,203.1008697,0.923149014,585.548768,540.548768,45,1,,,0.101,218.3817023,2162.195072,2162.195072,0,67.02804723,0,,,277.5914613,-1.14E-13,119.3643284,4,1403.359206,0,0,0,142.5812953
30,1,31,0.1016,0,0,1403.359206,,,,0,0,1,2439.786533,2439.786533,0,390.3658453,81.00091291,0,,,372.5740249,2439.786533,2342.195072,97.59146133,2439.786533,0,1,0,0,0.15907045,124.1913416,0.96,813.2621778,780.7316907,32.53048711,1,0,0,0.15907045,124.1913416,0.96,813.2621778,780.7316907,32.53048711,1,0,0,0.15907045,124.1913416,0.96,813.2621778,780.7316907,32.53048711,,,,812.4034787,2342.195072,2162.195072,180,2342.195072,0,1,0,0,0.37573089,203.1008697,0.923149014,585.548768,540.548768,45,1,0,0,0.37573089,203.1008697,0.923149014,585.548768,540.548768,45,1,0,0,0.37573089,203.1008697,0.923149014,585.548768,540.548768,45,1,0,0,0.37573089,203.1008697,0.923149014,585.548768,540.548768,45,1,,,0.101,218.3817023,2162.195072,2162.195072,0,67.02804723,0,,,277.5914613,-1.14E-13,119.3643284,4,1403.359206,0,0,0,142.5812953
31,1,32,0.1016,0,0,1403.359206,,,,0,0,1,2439.786533,2439.786533,0,390.3658453,81.00091291,0,,,372.5740249,2439.786533,2342.195072,97.59146133,2439.786533,0,1,0,0,0.15907045,124.1913416,0.96,813.2621778,780.7316907,32.53048711,1,0,0,0.15907045,124.1913416,0.96,813.2621778,780.7316907,32.53048711,1,0,0,0.15907045,124.1913416,0.96,813.2621778,780.7316907,32.53048711,,,,812.4034787,2342.195072,2162.195072,180,2342.195072,0,1,0,0,0.37573089,203.1008697,0.923149014,585.548768,540.548768,45,1,0,0,0.37573089,203.1008697,0.923149014,585.548768,540.548768,45,1,0,0,0.37573089,203.1008697,0.923149014,585.548768,540.548768,45,1,0,0,0.37573089,203.1008697,0.923149014,585.548768,540.548768,45,1,,,0.101,218.3817023,2162.195072,2162.195072,0,67.02804723,0,,,277.5914613,-1.14E-13,119.3643284,4,1403.359206,0,0,0,142.5812953
32,1,33,0.1016,0,0,1403.359206,,,,0,0,1,2439.786533,2439.786533,0,390.3658453,81.00091291,0,,,372.5740249,2439.786533,2342.195072,97.59146133,2439.786533,0,1,0,0,0.15907045,124.1913416,0.96,813.2621778,780.7316907,32.53048711,1,0,0,0.15907045,124.1913416,0.96,813.2621778,780.7316907,32.53048711,1,0,0,0.15907045,124.1913416,0.96,813.2621778,780.7316907,32.53048711,,,,812.4034787,2342.195072,2162.195072,180,2342.195072,0,1,0,0,0.37573089,203.1008697,0.923149014,585.548768,540.548768,45,1,0,0,0.37573089,203.1008697,0.923149014,585.548768,540.548768,45,1,0,0,0.37573089,203.1008697,0.923149014,585.548768,540.548768,45,1,0,0,0.37573089,203.1008697,0.923149014,585.548768,540.548768,45,1,,,0.101,218.3817023,2162.195072,2162.195072,0,67.02804723,0,,,277.5914613,1.14E-13,119.3643284,4,1403.359206,0,0,0,142.5812953
33,1,34,0.1016,0,0,1403.359206,,,,0,0,1,2439.786533,2439.786533,0,390.3658453,81.00091291,0,,,372.5740249,2439.786533,2342.195072,97.59146133,2439.786533,0,1,0,0,0.15907045,124.1913416,0.96,813.2621778,780.7316907,32.53048711,1,0,0,0.15907045,124.1913416,0.96,813.2621778,780.7316907,32.53048711,1,0,0,0.15907045,124.1913416,0.96,813.2621778,780.7316907,32.53048711,,,,812.4034787,2342.195072,2162.195072,180,2342.195072,0,1,0,0,0.37573089,203.1008697,0.923149014,585.548768,540.548768,45,1,0,0,0.37573089,203.1008697,0.923149014,585.548768,540.548768,45,1,0,0,0.37573089,203.1008697,0.923149014,585.548768,540.548768,45,1,0,0,0.37573089,203.1008697,0.923149014,585.548768,540.548768,45,1,,,0.101,218.3817023,2162.195072,2162.195072,0,67.02804723,0,,,277.5914613,-1.14E-13,119.3643284,4,1403.359206,0,0,0,142.5812953
34,1,35,0.1016,0,0,1403.359206,,,,0,0,1,2439.786533,2439.786533,0,390.3658453,81.00091291,0,,,372.5740249,2439.786533,2342.195072,97.59146133,2439.786533,0,1,0,0,0.15907045,124.1913416,0.96,813.2621778,780.7316907,32.53048711,1,0,0,0.15907045,124.1913416,0.96,813.2621778,780.7316907,32.53048711,1,0,0,0.15907045,124.1913416,0.96,813.2621778,780.7316907,32.53048711,,,,812.4034787,2342.195072,2162.195072,180,2342.195072,0,1,0,0,0.37573089,203.1008697,0.923149014,585.548768,540.548768,45,1,0,0,0.37573089,203.1008697,0.923149014,585.548768,540.548768,45,1,0,0,0.37573089,203.1008697,0.923149014,585.548768,540.548768,45,1,0,0,0.37573089,203.1008697,0.923149014,585.548768,540.548768,45,1,,,0.101,218.3817023,2162.195072,2162.195072,0,67.02804723,0,,,277.5914613,-1.14E-13,119.3643284,4,1403.359206,0,0,0,142.5812953
35,1,36,0.1016,0,0,1403.359206,,,,0,0,1,2439.786533,2439.786533,0,390.3658453,81.00091291,0,,,372.5740249,2439.786533,2342.195072,97.59146133,2439.786533,0,1,0,0,0.15907045,124.1913416,0.96,813.2621778,780.7316907,32.53048711,1,0,0,0.15907045,124.1913416,0.96,813.2621778,780.7316907,32.53048711,1,0,0,0.15907045,124.1913416,0.96,813.2621778,780.7316907,32.53048711,,,,812.4034787,2342.195072,2162.195072,180,2342.195072,0,1,0,0,0.37573089,203.1008697,0.923149014,585.548768,540.548768,45,1,0,0,0.37573089,203.1008697,0.923149014,585.548768,540.548768,45,1,0,0,0.37573089,203.1008697,0.923149014,585.548768,540.548768,45,1,0,0,0.37573089,203.1008697,0.923149014,585.548768,540.548768,45,1,,,0.101,218.3817023,2162.195072,2162.195072,0,67.02804723,0,,,277.5914613,-1.14E-13,119.3643284,4,1403.359206,0,0,0,142.5812953
36,1,37,0.1016,0,0,1403.359206,,,,0,0,1,2439.786533,2439.786533,0,390.3658453,81.00091291,0,,,372.5740249,2439.786533,2342.195072,97.59146133,2439.786533,0,1,0,0,0.15907045,124.1913416,0.96,813.2621778,780.7316907,32.53048711,1,0,0,0.15907045,124.1913416,0.96,813.2621778,780.7316907,32.53048711,1,0,0,0.15907045,124.1913416,0.96,813.2621778,780.7316907,32.53048711,,,,812.4034787,2342.195072,2162.195072,180,2342.195072,0,1,0,0,0.37573089,203.1008697,0.923149014,585.548768,540.548768,45,1,0,0,0.37573089,203.1008697,0.923149014,585.548768,540.548768,45,1,0,0,0.37573089,203.1008697,0.923149014,585.548768,540.548768,45,1,0,0,0.37573089,203.1008697,0.923149014,585.548768,540.548768,45,1,,,0.101,218.3817023,2162.195072,2162.195072,0,67.02804723,0,,,277.5914613,-1.14E-13,119.3643284,4,1403.359206,0,0,0,142.5812953
37,1,38,0.1016,0,0,1403.359206,,,,0,0,1,2439.786533,2439.786533,0,390.3658453,81.00091291,0,,,372.5740249,2439.786533,2342.195072,97.59146133,2439.786533,0,1,0,0,0.15907045,124.1913416,0.96,813.2621778,780.7316907,32.53048711,1,0,0,0.15907045,124.1913416,0.96,813.2621778,780.7316907,32.53048711,1,0,0,0.15907045,124.1913416,0.96,813.2621778,780.7316907,32.53048711,,,,812.4034787,2342.195072,2162.195072,180,2342.195072,0,1,0,0,0.37573089,203.1008697,0.923149014,585.548768,540.548768,45,1,0,0,0.37573089,203.1008697,0.923149014,585.548768,540.548768,45,1,0,0,0.37573089,203.1008697,0.923149014,585.548768,540.548768,45,1,0,0,0.37573089,203.1008697,0.923149014,585.548768,540.548768,45,1,,,0.101,218.3817023,2162.195072,2162.195072,0,67.02804723,0,,,277.5914613,-1.14E-13,119.3643284,4,1403.359206,0,0,0,142.5812953
38,1,39,0.1016,0,0,1403.359206,,,,0,0,1,2439.786533,2439.786533,0,390.3658453,81.00091291,0,,,372.5740249,2439.786533,2342.195072,97.59146133,2439.786533,0,1,0,0,0.15907045,124.1913416,0.96,813.2621778,780.7316907,32.53048711,1,0,0,0.15907045,124.1913416,0.96,813.2621778,780.7316907,32.53048711,1,0,0,0.15907045,124.1913416,0.96,813.2621778,780.7316907,32.53048711,,,,812.4034787,2342.195072,2162.195072,180,2342.195072,0,1,0,0,0.37573089,203.1008697,0.923149014,585.548768,540.548768,45,1,0,0,0.37573089,203.1008697,0.923149014,585.548768,540.548768,45,1,0,0,0.37573089,203.1008697,0.923149014,585.548768,540.548768,45,1,0,0,0.37573089,203.1008697,0.923149014,585.548768,540.548768,45,1,,,0.101,218.3817023,2162.195072,2162.195072,0,67.02804723,0,,,277.5914613,-1.14E-13,119.3643284,4,1403.359206,0,0,0,142.5812953
39,1,40,0.1016,0,0,1403.359206,,,,0,0,1,2439.786533,2439.786533,0,390.3658453,81.00091291,0,,,372.5740249,2439.786533,2342.195072,97.59146133,2439.786533,0,1,0,0,0.15907045,124.1913416,0.96,813.2621778,780.7316907,32.53048711,1,0,0,0.15907045,124.1913416,0.96,813.2621778,780.7316907,32.53048711,1,0,0,0.15907045,124.1913416,0.96,813.2621778,780.7316907,32.53048711,,,,812.4034787,2342.195072,2162.195072,180,2342.195072,0,1,0,0,0.37573089,203.1008697,0.923149014,585.548768,540.548768,45,1,0,0,0.37573089,203.1008697,0.923149014,585.548768,540.548768,45,1,0,0,0.37573089,203.1008697,0.923149014,585.548768,540.548768,45,1,0,0,0.37573089,203.1008697,0.923149014,585.548768,540.548768,45,1,,,0.101,218.3817023,2162.195072,2162.195072,0,67.02804723,0,,,277.5914613,-1.14E-13,119.3643284,4,1403.359206,0,0,0,142.5812953
40,1,41,0.1016,0,0,1403.359206,,,,0,0,1,2439.786533,2439.786533,0,390.3658453,81.00091291,0,,,372.5740249,2439.786533,2342.195072,97.59146133,2439.786533,0,1,0,0,0.15907045,124.1913416,0.96,813.2621778,780.7316907,32.53048711,1,0,0,0.15907045,124.1913416,0.96,813.2621778,780.7316907,32.53048711,1,0,0,0.15907045,124.1913416,0.96,813.2621778,780.7316907,32.53048711,,,,812.4034787,2342.195072,2162.195072,180,2342.195072,0,1,0,0,0.37573089,203.1008697,0.923149014,585.548768,540.548768,45,1,0,0,0.37573089,203.1008697,0.923149014,585.548768,540.548768,45,1,0,0,0.37573089,203.1008697,0.923149014,585.548768,540.548768,45,1,0,0,0.37573089,203.1008697,0.923149014,585.548768,540.548768,45,1,,,0.101,218.3817023,2162.195072,2162.195072,0,67.02804723,0,,,277.5914613,-1.14E-13,119.3643284,4,1403.359206,0,0,0,142.5812953
41,1,42,0.8,1,0,-3.41E-16,,,,0,0,1,0,0,0,0,0,0,,,-3.41E-16,0,0,0,0,0,0,0,1,0.271,0,0.96,0,0,0,0,0,1,0.271,0,0.96,0,0,0,0,0,1,0.271,0,0.96,0,0,0,,,,0,0,0,0,0,0,0,0,1,0.087248178,0,0.88,0,0,0,0,0,1,0.087248178,0,0.88,0,0,0,0,0,1,0.087248178,0,0.88,0,0,0,0,0,1,0.087248178,0,0.88,0,0,0,1,,,0.101,0,0,0,0,0,0,,,0,0,0,0,-3.41E-16,0,1664.02,0,-2.73E-16
42,1,43,0.8,1,0,-3.41E-16,,,,0,0,1,0,0,0,0,0,0,,,-3.41E-16,0,0,0,0,0,0,0,0,0.271,0,0.96,0,0,0,0,0,0,0.271,0,0.96,0,0,0,0,0,0,0.271,0,0.96,0,0,0,,,,0,0,0,0,0,0,0,0,0,0.087248178,0,0.88,0,0,0,0,0,0,0.087248178,0,0.88,0,0,0,0,0,0,0.087248178,0,0.88,0,0,0,0,0,0,0.087248178,0,0.88,0,0,0,1,,,0.101,0,0,0,0,0,0,,,0,0,0,0,-3.41E-16,0,1664.02,0,-2.73E-16
43,1,44,0.8,1,0,-3.41E-16,,,,0,0,1,0,0,0,0,0,0,,,-3.41E-16,0,0,0,0,0,0,0,0,0.271,0,0.96,0,0,0,0,0,0,0.271,0,0.96,0,0,0,0,0,0,0.271,0,0.96,0,0,0,,,,0,0,0,0,0,0,0,0,0,0.087248178,0,0.88,0,0,0,0,0,0,0.087248178,0,0.88,0,0,0,0,0,0,0.087248178,0,0.88,0,0,0,0,0,0,0.087248178,0,0.88,0,0,0,1,,,0.101,0,0,0,0,0,0,,,0,0,0,0,-3.41E-16,0,1664.02,0,-2.73E-16
44,1,45,0.8,1,0,-3.41E-16,,,,0,0,1,0,0,0,0,0,0,,,-3.41E-16,0,0,0,0,0,0,0,0,0.271,0,0.96,0,0,0,0,0,0,0.271,0,0.96,0,0,0,0,0,0,0.271,0,0.96,0,0,0,,,,0,0,0,0,0,0,0,0,0,0.087248178,0,0.88,0,0,0,0,0,0,0.087248178,0,0.88,0,0,0,0,0,0,0.087248178,0,0.88,0,0,0,0,0,0,0.087248178,0,0.88,0,0,0,1,,,0.101,0,0,0,0,0,0,,,0,0,0,0,-3.41E-16,0,1664.02,0,-2.73E-16
45,1,46,0.8,1,0,-3.41E-16,,,,0,0,1,0,0,0,0,0,0,,,-3.41E-16,0,0,0,0,0,0,0,0,0.271,0,0.96,0,0,0,0,0,0,0.271,0,0.96,0,0,0,0,0,0,0.271,0,0.96,0,0,0,,,,0,0,0,0,0,0,0,0,0,0.087248178,0,0.88,0,0,0,0,0,0,0.087248178,0,0.88,0,0,0,0,0,0,0.087248178,0,0.88,0,0,0,0,0,0,0.087248178,0,0.88,0,0,0,1,,,0.101,0,0,0,0,0,0,,,0,0,0,0,-3.41E-16,0,1664.02,0,-2.73E-16
46,1,47,0.1016,0,0,569.1078503,,,,0,0,1,1083.333333,1083.333333,0,173.3333333,35.96666667,0,,,167.7639267,1083.333333,1040,43.33333333,1083.333333,0,1,1,0,0.16028806,85.56335712,0.96,556.0520028,533.8099226,22.24208011,1,1,0,0.162390717,82.20056961,0.96,527.2813306,506.1900774,21.09125322,0,0,0,0.271,0,0.96,0,0,0,,,,308.9087236,1040,915.2,124.8,1040,-2.27E-13,1,1,0,0.337531385,154.4543618,0.88,520,457.6,62.4,1,1,0,0.337531385,154.4543618,0.88,520,457.6,62.4,0,0,0,0.087248178,0,0.88,0,0,0,0,0,0,0.087248178,0,0.88,0,0,0,0,,,0.101,92.4352,915.2,0,915.2,28.3712,1,,,1083.333333,0,465.8333333,2,569.1078503,0,0,0,57.82135759
47,1,48,0.1016,0,0,569.1078503,,,,0,0,1,1083.333333,1083.333333,0,173.3333333,35.96666667,0,,,167.7639267,1083.333333,1040,43.33333333,1083.333333,0,1,0,0,0.16028806,85.56335712,0.96,556.0520028,533.8099226,22.24208011,1,0,0,0.162390717,82.20056961,0.96,527.2813306,506.1900774,21.09125322,0,0,0,0.271,0,0.96,0,0,0,,,,308.9087236,1040,915.2,124.8,1040,-2.27E-13,1,0,0,0.337531385,154.4543618,0.88,520,457.6,62.4,1,0,0,0.337531385,154.4543618,0.88,520,457.6,62.4,0,0,0,0.087248178,0,0.88,0,0,0,0,0,0,0.087248178,0,0.88,0,0,0,0,,,0.101,92.4352,915.2,0,915.2,28.3712,1,,,1083.333333,0,465.8333333,2,569.1078503,0,0,0,57.82135759
48,1,49,0.1016,0,0,589.2678684,,,,0,0,1,1083.333333,1083.333333,0,173.3333333,35.96666667,0,,,167.7639267,1083.333333,1040,43.33333333,1083.333333,0,1,0,0,0.16028806,85.56335712,0.96,556.0520028,533.8099226,22.24208011,1,0,0,0.162390717,82.20056961,0.96,527.2813306,506.1900774,21.09125322,0,0,0,0.271,0,0.96,0,0,0,,,,325.5539417,1040,950,90,1040,-2.27E-13,1,0,0,0.34268836,162.7769709,0.913461538,520,475,45,1,0,0,0.34268836,162.7769709,0.913461538,520,475,45,0,0,0,0.087248178,0,0.88,0,0,0,0,0,0,0.087248178,0,0.88,0,0,0,1,,,0.101,95.95,950,950,0,29.45,0,,,133.3333333,-1.42E-14,57.33333333,2,589.2678684,0,0,0,59.86961543
49,1,50,0.1016,0,0,1095.831465,,,,0,0,1,1875,1875,0,300,62.25,0,,,290.0185248,1875,1800,75,1875,0,1,0,0,0.159489869,125.6173856,0.96,820.4373388,787.6198453,32.81749355,1,0,0,0.162390717,82.20056961,0.96,527.2813306,506.1900774,21.09125322,1,1,0,0.162390717,82.20056961,0.96,527.2813306,506.1900774,21.09125322,,,,637.6479399,1800,1665,135,1800,0,1,0,0,0.382971736,212.5493133,0.925,600,555,45,1,0,0,0.382971736,212.5493133,0.925,600,555,45,1,1,0,0.382971736,212.5493133,0.925,600,555,45,0,0,0,0.087248178,0,0.88,0,0,0,1,,,0.101,168.165,1665,1665,0,51.615,0,,,210,5.68E-14,90.3,3,1095.831465,0,0,0,111.3364768
50,1,51,0.1016,0,0,1095.831465,,,,0,0,1,1875,1875,0,300,62.25,0,,,290.0185248,1875,1800,75,1875,0,1,0,0,0.159489869,125.6173856,0.96,820.4373388,787.6198453,32.81749355,1,0,0,0.162390717,82.20056961,0.96,527.2813306,506.1900774,21.09125322,1,0,0,0.162390717,82.20056961,0.96,527.2813306,506.1900774,21.09125322,,,,637.6479399,1800,1665,135,1800,0,1,0,0,0.382971736,212.5493133,0.925,600,555,45,1,0,0,0.382971736,212.5493133,0.925,600,555,45,1,0,0,0.382971736,212.5493133,0.925,600,555,45,0,0,0,0.087248178,0,0.88,0,0,0,1,,,0.101,168.165,1665,1665,0,51.615,0,,,210,5.68E-14,90.3,3,1095.831465,0,0,0,111.3364768
51,1,52,0.1016,0,0,1095.831465,,,,0,0,1,1875,1875,0,300,62.25,0,,,290.0185248,1875,1800,75,1875,0,1,0,0,0.159489869,125.6173856,0.96,820.4373388,787.6198453,32.81749355,1,0,0,0.162390717,82.20056961,0.96,527.2813306,506.1900774,21.09125322,1,0,0,0.162390717,82.20056961,0.96,527.2813306,506.1900774,21.09125322,,,,637.6479399,1800,1665,135,1800,0,1,0,0,0.382971736,212.5493133,0.925,600,555,45,1,0,0,0.382971736,212.5493133,0.925,600,555,45,1,0,0,0.382971736,212.5493133,0.925,600,555,45,0,0,0,0.087248178,0,0.88,0,0,0,1,,,0.101,168.165,1665,1665,0,51.615,0,,,210,5.68E-14,90.3,3,1095.831465,0,0,0,111.3364768
52,1,53,0.1016,0,0,1095.831465,,,,0,0,1,1875,1875,0,300,62.25,0,,,290.0185248,1875,1800,75,1875,0,1,0,0,0.159489869,125.6173856,0.96,820.4373388,787.6198453,32.81749355,1,0,0,0.162390717,82.20056961,0.96,527.2813306,506.1900774,21.09125322,1,0,0,0.162390717,82.20056961,0.96,527.2813306,506.1900774,21.09125322,,,,637.6479399,1800,1665,135,1800,0,1,0,0,0.382971736,212.5493133,0.925,600,555,45,1,0,0,0.382971736,212.5493133,0.925,600,555,45,1,0,0,0.382971736,212.5493133,0.925,600,555,45,0,0,0,0.087248178,0,0.88,0,0,0,1,,,0.101,168.165,1665,1665,0,51.615,0,,,210,5.68E-14,90.3,3,1095.831465,0,0,0,111.3364768
53,1,54,0.1016,0,0,1403.000644,,,,0,0,1,2437.965893,2437.965893,0,390.0745429,80.94046766,0,,,372.237556,2437.965893,2340.447258,97.51863574,2437.965893,0,1,0,0,0.159489869,125.6173856,0.96,820.4373388,787.6198453,32.81749355,1,0,0,0.158820078,123.3100852,0.96,808.7642773,776.4137062,32.35057109,1,0,0,0.158820078,123.3100852,0.96,808.7642773,776.4137062,32.35057109,,,,812.5579147,2340.447258,2160.447258,180,2340.447258,0,1,0,0,0.382971736,212.5493133,0.925,600,555,45,1,0,0,0.382971736,212.5493133,0.925,600,555,45,1,0,0,0.382971736,212.5493133,0.925,600,555,45,1,1,0,0.3530345,174.9099748,0.916735631,540.4472577,495.4472577,45,1,,,0.101,218.205173,2160.447258,2160.447258,0,66.97386499,0,,,277.5186357,0,119.3330134,4,1403.000644,0,0,0,142.5448654
54,1,55,0.1016,0,0,1403.000644,,,,0,0,1,2437.965893,2437.965893,0,390.0745429,80.94046766,0,,,372.237556,2437.965893,2340.447258,97.51863574,2437.965893,0,1,0,0,0.159489869,125.6173856,0.96,820.4373388,787.6198453,32.81749355,1,0,0,0.158820078,123.3100852,0.96,808.7642773,776.4137062,32.35057109,1,0,0,0.158820078,123.3100852,0.96,808.7642773,776.4137062,32.35057109,,,,812.5579147,2340.447258,2160.447258,180,2340.447258,0,1,0,0,0.382971736,212.5493133,0.925,600,555,45,1,0,0,0.382971736,212.5493133,0.925,600,555,45,1,0,0,0.382971736,212.5493133,0.925,600,555,45,1,0,0,0.3530345,174.9099748,0.916735631,540.4472577,495.4472577,45,1,,,0.101,218.205173,2160.447258,2160.447258,0,66.97386499,0,,,277.5186357,0,119.3330134,4,1403.000644,0,0,0,142.5448654
55,1,56,0.1016,0,0,1403.000644,,,,0,0,1,2437.965893,2437.965893,0,390.0745429,80.94046766,0,,,372.237556,2437.965893,2340.447258,97.51863574,2437.965893,0,1,0,0,0.159489869,125.6173856,0.96,820.4373388,787.6198453,32.81749355,1,0,0,0.158820078,123.3100852,0.96,808.7642773,776.4137062,32.35057109,1,0,0,0.158820078,123.3100852,0.96,808.7642773,776.4137062,32.35057109,,,,812.5579147,2340.447258,2160.447258,180,2340.447258,0,1,0,0,0.382971736,212.5493133,0.925,600,555,45,1,0,0,0.382971736,212.5493133,0.925,600,555,45,1,0,0,0.382971736,212.5493133,0.925,600,555,45,1,0,0,0.3530345,174.9099748,0.916735631,540.4472577,495.4472577,45,1,,,0.101,218.205173,2160.447258,2160.447258,0,66.97386499,0,,,277.5186357,0,119.3330134,4,1403.000644,0,0,0,142.5448654
56,1,57,0.1016,0,0,1403.000644,,,,0,0,1,2437.965893,2437.965893,0,390.0745429,80.94046766,0,,,372.237556,2437.965893,2340.447258,97.51863574,2437.965893,0,1,0,0,0.159489869,125.6173856,0.96,820.4373388,787.6198453,32.81749355,1,0,0,0.158820078,123.3100852,0.96,808.7642773,776.4137062,32.35057109,1,0,0,0.158820078,123.3100852,0.96,808.7642773,776.4137062,32.35057109,,,,812.5579147,2340.447258,2160.447258,180,2340.447258,0,1,0,0,0.382971736,212.5493133,0.925,600,555,45,1,0,0,0.382971736,212.5493133,0.925,600,555,45,1,0,0,0.382971736,212.5493133,0.925,600,555,45,1,0,0,0.3530345,174.9099748,0.916735631,540.4472577,495.4472577,45,1,,,0.101,218.205173,2160.447258,2160.447258,0,66.97386499,0,,,277.5186357,0,119.3330134,4,1403.000644,0,0,0,142.5448654
57,1,58,0.1016,0,0,1403.000644,,,,0,0,1,2437.965893,2437.965893,0,390.0745429,80.94046766,0,,,372.237556,2437.965893,2340.447258,97.51863574,2437.965893,0,1,0,0,0.159489869,125.6173856,0.96,820.4373388,787.6198453,32.81749355,1,0,0,0.158820078,123.3100852,0.96,808.7642773,776.4137062,32.35057109,1,0,0,0.158820078,123.3100852,0.96,808.7642773,776.4137062,32.35057109,,,,812.5579147,2340.447258,2160.447258,180,2340.447258,0,1,0,0,0.382971736,212.5493133,0.925,600,555,45,1,0,0,0.382971736,212.5493133,0.925,600,555,45,1,0,0,0.382971736,212.5493133,0.925,600,555,45,1,0,0,0.3530345,174.9099748,0.916735631,540.4472577,495.4472577,45,1,,,0.101,218.205173,2160.447258,2160.447258,0,66.97386499,0,,,277.5186357,0,119.3330134,4,1403.000644,0,0,0,142.5448654
58,1,59,0.1016,0,0,1403.000644,,,,0,0,1,2437.965893,2437.965893,0,390.0745429,80.94046766,0,,,372.237556,2437.965893,2340.447258,97.51863574,2437.965893,0,1,0,0,0.159489869,125.6173856,0.96,820.4373388,787.6198453,32.81749355,1,0,0,0.158820078,123.3100852,0.96,808.7642773,776.4137062,32.35057109,1,0,0,0.158820078,123.3100852,0.96,808.7642773,776.4137062,32.35057109,,,,812.5579147,2340.447258,2160.447258,180,2340.447258,0,1,0,0,0.382971736,212.5493133,0.925,600,555,45,1,0,0,0.382971736,212.5493133,0.925,600,555,45,1,0,0,0.382971736,212.5493133,0.925,600,555,45,1,0,0,0.3530345,174.9099748,0.916735631,540.4472577,495.4472577,45,1,,,0.101,218.205173,2160.447258,2160.447258,0,66.97386499,0,,,277.5186357,0,119.3330134,4,1403.000644,0,0,0,142.5448654
59,1,60,0.1016,0,0,1403.000644,,,,0,0,1,2437.965893,2437.965893,0,390.0745429,80.94046766,0,,,372.237556,2437.965893,2340.447258,97.51863574,2437.965893,0,1,0,0,0.159489869,125.6173856,0.96,820.4373388,787.6198453,32.81749355,1,0,0,0.158820078,123.3100852,0.96,808.7642773,776.4137062,32.35057109,1,0,0,0.158820078,123.3100852,0.96,808.7642773,776.4137062,32.35057109,,,,812.5579147,2340.447258,2160.447258,180,2340.447258,0,1,0,0,0.382971736,212.5493133,0.925,600,555,45,1,0,0,0.382971736,212.5493133,0.925,600,555,45,1,0,0,0.382971736,212.5493133,0.925,600,555,45,1,0,0,0.3530345,174.9099748,0.916735631,540.4472577,495.4472577,45,1,,,0.101,218.205173,2160.447258,2160.447258,0,66.97386499,0,,,277.5186357,0,119.3330134,4,1403.000644,0,0,0,142.5448654
60,1,61,0.1016,0,0,1403.000644,,,,0,0,1,2437.965893,2437.965893,0,390.0745429,80.94046766,0,,,372.237556,2437.965893,2340.447258,97.51863574,2437.965893,0,1,0,0,0.159489869,125.6173856,0.96,820.4373388,787.6198453,32.81749355,1,0,0,0.158820078,123.3100852,0.96,808.7642773,776.4137062,32.35057109,1,0,0,0.158820078,123.3100852,0.96,808.7642773,776.4137062,32.35057109,,,,812.5579147,2340.447258,2160.447258,180,2340.447258,0,1,0,0,0.382971736,212.5493133,0.925,600,555,45,1,0,0,0.382971736,212.5493133,0.925,600,555,45,1,0,0,0.382971736,212.5493133,0.925,600,555,45,1,0,0,0.3530345,174.9099748,0.916735631,540.4472577,495.4472577,45,1,,,0.101,218.205173,2160.447258,2160.447258,0,66.97386499,0,,,277.5186357,0,119.3330134,4,1403.000644,0,0,0,142.5448654
61,1,62,0.1016,0,0,1403.000644,,,,0,0,1,2437.965893,2437.965893,0,390.0745429,80.94046766,0,,,372.237556,2437.965893,2340.447258,97.51863574,2437.965893,0,1,0,0,0.159489869,125.6173856,0.96,820.4373388,787.6198453,32.81749355,1,0,0,0.158820078,123.3100852,0.96,808.7642773,776.4137062,32.35057109,1,0,0,0.158820078,123.3100852,0.96,808.7642773,776.4137062,32.35057109,,,,812.5579147,2340.447258,2160.447258,180,2340.447258,0,1,0,0,0.382971736,212.5493133,0.925,600,555,45,1,0,0,0.382971736,212.5493133,0.925,600,555,45,1,0,0,0.382971736,212.5493133,0.925,600,555,45,1,0,0,0.3530345,174.9099748,0.916735631,540.4472577,495.4472577,45,1,,,0.101,218.205173,2160.447258,2160.447258,0,66.97386499,0,,,277.5186357,0,119.3330134,4,1403.000644,0,0,0,142.5448654
62,1,63,0.1016,0,0,1403.000644,,,,0,0,1,2437.965893,2437.965893,0,390.0745429,80.94046766,0,,,372.237556,2437.965893,2340.447258,97.51863574,2437.965893,0,1,0,0,0.159489869,125.6173856,0.96,820.4373388,787.6198453,32.81749355,1,0,0,0.158820078,123.3100852,0.96,808.7642773,776.4137062,32.35057109,1,0,0,0.158820078,123.3100852,0.96,808.7642773,776.4137062,32.35057109,,,,812.5579147,2340.447258,2160.447258,180,2340.447258,0,1,0,0,0.382971736,212.5493133,0.925,600,555,45,1,0,0,0.382971736,212.5493133,0.925,600,555,45,1,0,0,0.382971736,212.5493133,0.925,600,555,45,1,0,0,0.3530345,174.9099748,0.916735631,540.4472577,495.4472577,45,1,,,0.101,218.205173,2160.447258,2160.447258,0,66.97386499,0,,,277.5186357,0,119.3330134,4,1403.000644,0,0,0,142.5448654
63,1,64,0.1016,0,0,1403.000644,,,,0,0,1,2437.965893,2437.965893,0,390.0745429,80.94046766,0,,,372.237556,2437.965893,2340.447258,97.51863574,2437.965893,0,1,0,0,0.159489869,125.6173856,0.96,820.4373388,787.6198453,32.81749355,1,0,0,0.158820078,123.3100852,0.96,808.7642773,776.4137062,32.35057109,1,0,0,0.158820078,123.3100852,0.96,808.7642773,776.4137062,32.35057109,,,,812.5579147,2340.447258,2160.447258,180,2340.447258,0,1,0,0,0.382971736,212.5493133,0.925,600,555,45,1,0,0,0.382971736,212.5493133,0.925,600,555,45,1,0,0,0.382971736,212.5493133,0.925,600,555,45,1,0,0,0.3530345,174.9099748,0.916735631,540.4472577,495.4472577,45,1,,,0.101,218.205173,2160.447258,2160.447258,0,66.97386499,0,,,277.5186357,0,119.3330134,4,1403.000644,0,0,0,142.5448654
64,1,65,0.1016,0,0,1403.000644,,,,0,0,1,2437.965893,2437.965893,0,390.0745429,80.94046766,0,,,372.237556,2437.965893,2340.447258,97.51863574,2437.965893,0,1,0,0,0.159489869,125.6173856,0.96,820.4373388,787.6198453,32.81749355,1,0,0,0.158820078,123.3100852,0.96,808.7642773,776.4137062,32.35057109,1,0,0,0.158820078,123.3100852,0.96,808.7642773,776.4137062,32.35057109,,,,812.5579147,2340.447258,2160.447258,180,2340.447258,0,1,0,0,0.382971736,212.5493133,0.925,600,555,45,1,0,0,0.382971736,212.5493133,0.925,600,555,45,1,0,0,0.382971736,212.5493133,0.925,600,555,45,1,0,0,0.3530345,174.9099748,0.916735631,540.4472577,495.4472577,45,1,,,0.101,218.205173,2160.447258,2160.447258,0,66.97386499,0,,,277.5186357,0,119.3330134,4,1403.000644,0,0,0,142.5448654
65,1,66,0.15246,1,0,-3.41E-16,,,,0,0,1,0,0,0,0,0,0,,,-3.41E-16,0,0,0,0,0,0,0,1,0.271,0,0.96,0,0,0,0,0,1,0.271,0,0.96,0,0,0,0,0,1,0.271,0,0.96,0,0,0,,,,0,0,0,0,0,0,0,0,1,0.087248178,0,0.88,0,0,0,0,0,1,0.087248178,0,0.88,0,0,0,0,0,1,0.087248178,0,0.88,0,0,0,0,0,1,0.087248178,0,0.88,0,0,0,1,,,0.101,0,0,0,0,0,0,,,0,0,0,0,-3.41E-16,0,0,0,-5.20E-17
66,1,67,0.15246,1,0,-3.41E-16,,,,0,0,1,0,0,0,0,0,0,,,-3.41E-16,0,0,0,0,0,0,0,0,0.271,0,0.96,0,0,0,0,0,0,0.271,0,0.96,0,0,0,0,0,0,0.271,0,0.96,0,0,0,,,,0,0,0,0,0,0,0,0,0,0.087248178,0,0.88,0,0,0,0,0,0,0.087248178,0,0.88,0,0,0,0,0,0,0.087248178,0,0.88,0,0,0,0,0,0,0.087248178,0,0.88,0,0,0,1,,,0.101,0,0,0,0,0,0,,,0,0,0,0,-3.41E-16,0,0,0,-5.20E-17
67,1,68,0.15246,1,0,-3.41E-16,,,,0,0,1,0,0,0,0,0,0,,,-3.41E-16,0,0,0,0,0,0,0,0,0.271,0,0.96,0,0,0,0,0,0,0.271,0,0.96,0,0,0,0,0,0,0.271,0,0.96,0,0,0,,,,0,0,0,0,0,0,0,0,0,0.087248178,0,0.88,0,0,0,0,0,0,0.087248178,0,0.88,0,0,0,0,0,0,0.087248178,0,0.88,0,0,0,0,0,0,0.087248178,0,0.88,0,0,0,1,,,0.101,0,0,0,0,0,0,,,0,0,0,0,-3.41E-16,0,0,0,-5.20E-17
68,1,69,0.15246,1,0,-3.41E-16,,,,0,0,1,0,0,0,0,0,0,,,-3.41E-16,0,0,0,0,0,0,0,0,0.271,0,0.96,0,0,0,0,0,0,0.271,0,0.96,0,0,0,0,0,0,0.271,0,0.96,0,0,0,,,,0,0,0,0,0,0,0,0,0,0.087248178,0,0.88,0,0,0,0,0,0,0.087248178,0,0.88,0,0,0,0,0,0,0.087248178,0,0.88,0,0,0,0,0,0,0.087248178,0,0.88,0,0,0,1,,,0.101,0,0,0,0,0,0,,,0,0,0,0,-3.41E-16,0,0,0,-5.20E-17
69,1,70,0.15246,1,0,-3.41E-16,,,,0,0,1,0,0,0,0,0,0,,,-3.41E-16,0,0,0,0,0,0,0,0,0.271,0,0.96,0,0,0,0,0,0,0.271,0,0.96,0,0,0,0,0,0,0.271,0,0.96,0,0,0,,,,0,0,0,0,0,0,0,0,0,0.087248178,0,0.88,0,0,0,0,0,0,0.087248178,0,0.88,0,0,0,0,0,0,0.087248178,0,0.88,0,0,0,0,0,0,0.087248178,0,0.88,0,0,0,1,,,0.101,0,0,0,0,0,0,,,0,0,0,0,-3.41E-16,0,0,0,-5.20E-17
70,1,71,0.1016,0,0,569.0854513,,,,0,0,1,1083.333333,1083.333333,0,173.3333333,35.96666667,0,,,167.7415278,1083.333333,1040,43.33333333,1083.333333,0,1,1,0,0.161289931,83.87076389,0.96,541.6666667,520,21.66666667,1,1,0,0.161289931,83.87076389,0.96,541.6666667,520,21.66666667,0,0,0,0.271,0,0.96,0,0,0,,,,308.9087236,1040,915.2,124.8,1040,0,1,1,0,0.337531385,154.4543618,0.88,520,457.6,62.4,1,1,0,0.337531385,154.4543618,0.88,520,457.6,62.4,0,0,0,0.087248178,0,0.88,0,0,0,0,0,0,0.087248178,0,0.88,0,0,0,0,,,0.101,92.4352,915.2,0,915.2,28.3712,1,,,1083.333333,0,465.8333333,2,569.0854513,0,0,0,57.81908186
71,1,72,0.1016,0,0,569.0854513,,,,0,0,1,1083.333333,1083.333333,0,173.3333333,35.96666667,0,,,167.7415278,1083.333333,1040,43.33333333,1083.333333,0,1,0,0,0.161289931,83.87076389,0.96,541.6666667,520,21.66666667,1,0,0,0.161289931,83.87076389,0.96,541.6666667,520,21.66666667,0,0,0,0.271,0,0.96,0,0,0,,,,308.9087236,1040,915.2,124.8,1040,0,1,0,0,0.337531385,154.4543618,0.88,520,457.6,62.4,1,0,0,0.337531385,154.4543618,0.88,520,457.6,62.4,0,0,0,0.087248178,0,0.88,0,0,0,0,0,0,0.087248178,0,0.88,0,0,0,0,,,0.101,92.4352,915.2,0,915.2,28.3712,1,,,1083.333333,0,465.8333333,2,569.0854513,0,0,0,57.81908186
72,1,73,0.1016,0,0,1402.991525,,,,0,0,1,2439.25064,2439.25064,0,390.2801024,80.98312125,0,,,372.469884,2439.25064,2341.680615,97.5700256,2439.25064,0,1,0,0,0.159116536,124.3509692,0.96,814.0716436,781.5087779,32.56286575,1,0,0,0.159116536,124.3509692,0.96,814.0716436,781.5087779,32.56286575,1,1,0,0.158949297,123.7679456,0.96,811.1073528,778.6630587,32.44429411,,,,812.1918993,2341.680615,2161.680615,180.0000001,2341.680615,0,1,0,0,0.379636597,208.1700483,0.924158195,593.3403073,548.3403073,45,1,0,0,0.379636597,208.1700483,0.924158195,593.3403073,548.3403073,45,1,1,0,0.371691833,197.9259013,0.922077922,577.5,532.5,45.00000003,1,1,0,0.371691833,197.9259013,0.922077922,577.5,532.5,45.00000003,1,,,0.101,218.3297421,2161.680615,2161.680615,0,67.01209905,0,,,277.5700257,2.84E-14,119.355111,4,1402.991525,0,0,0,142.543939
73,1,74,0.1016,0,0,1402.991525,,,,0,0,1,2439.25064,2439.25064,0,390.2801024,80.98312125,0,,,372.469884,2439.25064,2341.680615,97.5700256,2439.25064,0,1,0,0,0.159116536,124.3509692,0.96,814.0716436,781.5087779,32.56286575,1,0,0,0.159116536,124.3509692,0.96,814.0716436,781.5087779,32.56286575,1,0,0,0.158949297,123.7679456,0.96,811.1073528,778.6630587,32.44429411,,,,812.1918993,2341.680615,2161.680615,180,2341.680615,4.55E-13,1,0,0,0.379636597,208.1700483,0.924158195,593.3403073,548.3403073,45,1,0,0,0.379636597,208.1700483,0.924158195,593.3403073,548.3403073,45,1,0,0,0.371691833,197.9259013,0.922077922,577.5,532.5,45,1,0,0,0.371691833,197.9259013,0.922077922,577.5,532.5,45,1,,,0.101,218.3297421,2161.680615,2161.680615,0,67.01209905,0,,,277.5700256,2.84E-14,119.355111,4,1402.991525,0,0,0,142.543939
74,1,75,0.1016,0,0,1402.991525,,,,0,0,1,2439.25064,2439.25064,0,390.2801024,80.98312125,0,,,372.469884,2439.25064,2341.680615,97.5700256,2439.25064,0,1,0,0,0.159116536,124.3509692,0.96,814.0716436,781.5087779,32.56286575,1,0,0,0.159116536,124.3509692,0.96,814.0716436,781.5087779,32.56286575,1,0,0,0.158949297,123.7679456,0.96,811.1073528,778.6630587,32.44429411,,,,812.1918993,2341.680615,2161.680615,180,2341.680615,4.55E-13,1,0,0,0.379636597,208.1700483,0.924158195,593.3403073,548.3403073,45,1,0,0,0.379636597,208.1700483,0.924158195,593.3403073,548.3403073,45,1,0,0,0.371691833,197.9259013,0.922077922,577.5,532.5,45,1,0,0,0.371691833,197.9259013,0.922077922,577.5,532.5,45,1,,,0.101,218.3297421,2161.680615,2161.680615,0,67.01209905,0,,,277.5700256,2.84E-14,119.355111,4,1402.991525,0,0,0,142.543939
75,1,76,0.1016,0,0,1402.991525,,,,0,0,1,2439.25064,2439.25064,0,390.2801024,80.98312125,0,,,372.469884,2439.25064,2341.680615,97.5700256,2439.25064,0,1,0,0,0.159116536,124.3509692,0.96,814.0716436,781.5087779,32.56286575,1,0,0,0.159116536,124.3509692,0.96,814.0716436,781.5087779,32.56286575,1,0,0,0.158949297,123.7679456,0.96,811.1073528,778.6630587,32.44429411,,,,812.1918993,2341.680615,2161.680615,180,2341.680615,4.55E-13,1,0,0,0.379636597,208.1700483,0.924158195,593.3403073,548.3403073,45,1,0,0,0.379636597,208.1700483,0.924158195,593.3403073,548.3403073,45,1,0,0,0.371691833,197.9259013,0.922077922,577.5,532.5,45,1,0,0,0.371691833,197.9259013,0.922077922,577.5,532.5,45,1,,,0.101,218.3297421,2161.680615,2161.680615,0,67.01209905,0,,,277.5700256,2.84E-14,119.355111,4,1402.991525,0,0,0,142.543939
76,1,77,0.1016,0,0,1402.991525,,,,0,0,1,2439.25064,2439.25064,0,390.2801024,80.98312125,0,,,372.469884,2439.25064,2341.680615,97.5700256,2439.25064,0,1,0,0,0.159116536,124.3509692,0.96,814.0716436,781.5087779,32.56286575,1,0,0,0.159116536,124.3509692,0.96,814.0716436,781.5087779,32.56286575,1,0,0,0.158949297,123.7679456,0.96,811.1073528,778.6630587,32.44429411,,,,812.1918993,2341.680615,2161.680615,180,2341.680615,4.55E-13,1,0,0,0.379636597,208.1700483,0.924158195,593.3403073,548.3403073,45,1,0,0,0.379636597,208.1700483,0.924158195,593.3403073,548.3403073,45,1,0,0,0.371691833,197.9259013,0.922077922,577.5,532.5,45,1,0,0,0.371691833,197.9259013,0.922077922,577.5,532.5,45,1,,,0.101,218.3297421,2161.680615,2161.680615,0,67.01209905,0,,,277.5700256,2.84E-14,119.355111,4,1402.991525,0,0,0,142.543939
77,1,78,0.1016,0,0,1402.991525,,,,0,0,1,2439.25064,2439.25064,0,390.2801024,80.98312125,0,,,372.469884,2439.25064,2341.680615,97.5700256,2439.25064,0,1,0,0,0.159116536,124.3509692,0.96,814.0716436,781.5087779,32.56286575,1,0,0,0.159116536,124.3509692,0.96,814.0716436,781.5087779,32.56286575,1,0,0,0.158949297,123.7679456,0.96,811.1073528,778.6630587,32.44429411,,,,812.1918993,2341.680615,2161.680615,180,2341.680615,4.55E-13,1,0,0,0.379636597,208.1700483,0.924158195,593.3403073,548.3403073,45,1,0,0,0.379636597,208.1700483,0.924158195,593.3403073,548.3403073,45,1,0,0,0.371691833,197.9259013,0.922077922,577.5,532.5,45,1,0,0,0.371691833,197.9259013,0.922077922,577.5,532.5,45,1,,,0.101,218.3297421,2161.680615,2161.680615,0,67.01209905,0,,,277.5700256,2.84E-14,119.355111,4,1402.991525,0,0,0,142.543939
78,1,79,0.1016,0,0,1402.991525,,,,0,0,1,2439.25064,2439.25064,0,390.2801024,80.98312125,0,,,372.469884,2439.25064,2341.680615,97.5700256,2439.25064,0,1,0,0,0.159116536,124.3509692,0.96,814.0716436,781.5087779,32.56286575,1,0,0,0.159116536,124.3509692,0.96,814.0716436,781.5087779,32.56286575,1,0,0,0.158949297,123.7679456,0.96,811.1073528,778.6630587,32.44429411,,,,812.1918993,2341.680615,2161.680615,180,2341.680615,4.55E-13,1,0,0,0.379636597,208.1700483,0.924158195,593.3403073,548.3403073,45,1,0,0,0.379636597,208.1700483,0.924158195,593.3403073,548.3403073,45,1,0,0,0.371691833,197.9259013,0.922077922,577.5,532.5,45,1,0,0,0.371691833,197.9259013,0.922077922,577.5,532.5,45,1,,,0.101,218.3297421,2161.680615,2161.680615,0,67.01209905,0,,,277.5700256,2.84E-14,119.355111,4,1402.991525,0,0,0,142.543939
79,1,80,0.1016,0,0,1402.991525,,,,0,0,1,2439.25064,2439.25064,0,390.2801024,80.98312125,0,,,372.469884,2439.25064,2341.680615,97.5700256,2439.25064,0,1,0,0,0.159116536,124.3509692,0.96,814.0716436,781.5087779,32.56286575,1,0,0,0.159116536,124.3509692,0.96,814.0716436,781.5087779,32.56286575,1,0,0,0.158949297,123.7679456,0.96,811.1073528,778.6630587,32.44429411,,,,812.1918993,2341.680615,2161.680615,180,2341.680615,4.55E-13,1,0,0,0.379636597,208.1700483,0.924158195,593.3403073,548.3403073,45,1,0,0,0.379636597,208.1700483,0.924158195,593.3403073,548.3403073,45,1,0,0,0.371691833,197.9259013,0.922077922,577.5,532.5,45,1,0,0,0.371691833,197.9259013,0.922077922,577.5,532.5,45,1,,,0.101,218.3297421,2161.680615,2161.680615,0,67.01209905,0,,,277.5700256,2.84E-14,119.355111,4,1402.991525,0,0,0,142.543939
80,1,81,0.1016,0,0,1402.991525,,,,0,0,1,2439.25064,2439.25064,0,390.2801024,80.98312125,0,,,372.469884,2439.25064,2341.680615,97.5700256,2439.25064,0,1,0,0,0.159116536,124.3509692,0.96,814.0716436,781.5087779,32.56286575,1,0,0,0.159116536,124.3509692,0.96,814.0716436,781.5087779,32.56286575,1,0,0,0.158949297,123.7679456,0.96,811.1073528,778.6630587,32.44429411,,,,812.1918993,2341.680615,2161.680615,180,2341.680615,4.55E-13,1,0,0,0.379636597,208.1700483,0.924158195,593.3403073,548.3403073,45,1,0,0,0.379636597,208.1700483,0.924158195,593.3403073,548.3403073,45,1,0,0,0.371691833,197.9259013,0.922077922,577.5,532.5,45,1,0,0,0.371691833,197.9259013,0.922077922,577.5,532.5,45,1,,,0.101,218.3297421,2161.680615,2161.680615,0,67.01209905,0,,,277.5700256,2.84E-14,119.355111,4,1402.991525,0,0,0,142.543939
81,1,82,0.1016,0,0,1402.991525,,,,0,0,1,2439.25064,2439.25064,0,390.2801024,80.98312125,0,,,372.469884,2439.25064,2341.680615,97.5700256,2439.25064,0,1,0,0,0.159116536,124.3509692,0.96,814.0716436,781.5087779,32.56286575,1,0,0,0.159116536,124.3509692,0.96,814.0716436,781.5087779,32.56286575,1,0,0,0.158949297,123.7679456,0.96,811.1073528,778.6630587,32.44429411,,,,812.1918993,2341.680615,2161.680615,180,2341.680615,4.55E-13,1,0,0,0.379636597,208.1700483,0.924158195,593.3403073,548.3403073,45,1,0,0,0.379636597,208.1700483,0.924158195,593.3403073,548.3403073,45,1,0,0,0.371691833,197.9259013,0.922077922,577.5,532.5,45,1,0,0,0.371691833,197.9259013,0.922077922,577.5,532.5,45,1,,,0.101,218.3297421,2161.680615,2161.680615,0,67.01209905,0,,,277.5700256,2.84E-14,119.355111,4,1402.991525,0,0,0,142.543939
82,1,83,0.1016,0,0,1402.991525,,,,0,0,1,2439.25064,2439.25064,0,390.2801024,80.98312125,0,,,372.469884,2439.25064,2341.680615,97.5700256,2439.25064,0,1,0,0,0.159116536,124.3509692,0.96,814.0716436,781.5087779,32.56286575,1,0,0,0.159116536,124.3509692,0.96,814.0716436,781.5087779,32.56286575,1,0,0,0.158949297,123.7679456,0.96,811.1073528,778.6630587,32.44429411,,,,812.1918993,2341.680615,2161.680615,180,2341.680615,4.55E-13,1,0,0,0.379636597,208.1700483,0.924158195,593.3403073,548.3403073,45,1,0,0,0.379636597,208.1700483,0.924158195,593.3403073,548.3403073,45,1,0,0,0.371691833,197.9259013,0.922077922,577.5,532.5,45,1,0,0,0.371691833,197.9259013,0.922077922,577.5,532.5,45,1,,,0.101,218.3297421,2161.680615,2161.680615,0,67.01209905,0,,,277.5700256,2.84E-14,119.355111,4,1402.991525,0,0,0,142.543939
83,1,84,0.1016,0,0,1402.991525,,,,0,0,1,2439.25064,2439.25064,0,390.2801024,80.98312125,0,,,372.469884,2439.25064,2341.680615,97.5700256,2439.25064,0,1,0,0,0.159116536,124.3509692,0.96,814.0716436,781.5087779,32.56286575,1,0,0,0.159116536,124.3509692,0.96,814.0716436,781.5087779,32.56286575,1,0,0,0.158949297,123.7679456,0.96,811.1073528,778.6630587,32.44429411,,,,812.1918993,2341.680615,2161.680615,180,2341.680615,4.55E-13,1,0,0,0.379636597,208.1700483,0.924158195,593.3403073,548.3403073,45,1,0,0,0.379636597,208.1700483,0.924158195,593.3403073,548.3403073,45,1,0,0,0.371691833,197.9259013,0.922077922,577.5,532.5,45,1,0,0,0.371691833,197.9259013,0.922077922,577.5,532.5,45,1,,,0.101,218.3297421,2161.680615,2161.680615,0,67.01209905,0,,,277.5700256,2.84E-14,119.355111,4,1402.991525,0,0,0,142.543939
84,1,85,0.1016,0,0,1402.991525,,,,0,0,1,2439.25064,2439.25064,0,390.2801024,80.98312125,0,,,372.469884,2439.25064,2341.680615,97.5700256,2439.25064,0,1,0,0,0.159116536,124.3509692,0.96,814.0716436,781.5087779,32.56286575,1,0,0,0.159116536,124.3509692,0.96,814.0716436,781.5087779,32.56286575,1,0,0,0.158949297,123.7679456,0.96,811.1073528,778.6630587,32.44429411,,,,812.1918993,2341.680615,2161.680615,180,2341.680615,4.55E-13,1,0,0,0.379636597,208.1700483,0.924158195,593.3403073,548.3403073,45,1,0,0,0.379636597,208.1700483,0.924158195,593.3403073,548.3403073,45,1,0,0,0.371691833,197.9259013,0.922077922,577.5,532.5,45,1,0,0,0.371691833,197.9259013,0.922077922,577.5,532.5,45,1,,,0.101,218.3297421,2161.680615,2161.680615,0,67.01209905,0,,,277.5700256,2.84E-14,119.355111,4,1402.991525,0,0,0,142.543939
85,1,86,0.1016,0,0,1402.991525,,,,0,0,1,2439.25064,2439.25064,0,390.2801024,80.98312125,0,,,372.469884,2439.25064,2341.680615,97.5700256,2439.25064,0,1,0,0,0.159116536,124.3509692,0.96,814.0716436,781.5087779,32.56286575,1,0,0,0.159116536,124.3509692,0.96,814.0716436,781.5087779,32.56286575,1,0,0,0.158949297,123.7679456,0.96,811.1073528,778.6630587,32.44429411,,,,812.1918993,2341.680615,2161.680615,180,2341.680615,4.55E-13,1,0,0,0.379636597,208.1700483,0.924158195,593.3403073,548.3403073,45,1,0,0,0.379636597,208.1700483,0.924158195,593.3403073,548.3403073,45,1,0,0,0.371691833,197.9259013,0.922077922,577.5,532.5,45,1,0,0,0.371691833,197.9259013,0.922077922,577.5,532.5,45,1,,,0.101,218.3297421,2161.680615,2161.680615,0,67.01209905,0,,,277.5700256,2.84E-14,119.355111,4,1402.991525,0,0,0,142.543939
86,1,87,0.1016,0,0,1402.991525,,,,0,0,1,2439.25064,2439.25064,0,390.2801024,80.98312125,0,,,372.469884,2439.25064,2341.680615,97.5700256,2439.25064,0,1,0,0,0.159116536,124.3509692,0.96,814.0716436,781.5087779,32.56286575,1,0,0,0.159116536,124.3509692,0.96,814.0716436,781.5087779,32.56286575,1,0,0,0.158949297,123.7679456,0.96,811.1073528,778.6630587,32.44429411,,,,812.1918993,2341.680615,2161.680615,180,2341.680615,4.55E-13,1,0,0,0.379636597,208.1700483,0.924158195,593.3403073,548.3403073,45,1,0,0,0.379636597,208.1700483,0.924158195,593.3403073,548.3403073,45,1,0,0,0.371691833,197.9259013,0.922077922,577.5,532.5,45,1,0,0,0.371691833,197.9259013,0.922077922,577.5,532.5,45,1,,,0.101,218.3297421,2161.680615,2161.680615,0,67.01209905,0,,,277.5700256,2.84E-14,119.355111,4,1402.991525,0,0,0,142.543939
87,1,88,0.1016,0,0,1402.991525,,,,0,0,1,2439.25064,2439.25064,0,390.2801024,80.98312125,0,,,372.469884,2439.25064,2341.680615,97.5700256,2439.25064,0,1,0,0,0.159116536,124.3509692,0.96,814.0716436,781.5087779,32.56286575,1,0,0,0.159116536,124.3509692,0.96,814.0716436,781.5087779,32.56286575,1,0,0,0.158949297,123.7679456,0.96,811.1073528,778.6630587,32.44429411,,,,812.1918993,2341.680615,2161.680615,180,2341.680615,4.55E-13,1,0,0,0.379636597,208.1700483,0.924158195,593.3403073,548.3403073,45,1,0,0,0.379636597,208.1700483,0.924158195,593.3403073,548.3403073,45,1,0,0,0.371691833,197.9259013,0.922077922,577.5,532.5,45,1,0,0,0.371691833,197.9259013,0.922077922,577.5,532.5,45,1,,,0.101,218.3297421,2161.680615,2161.680615,0,67.01209905,0,,,277.5700256,2.84E-14,119.355111,4,1402.991525,0,0,0,142.543939
88,1,89,0.1016,0,0,1402.991525,,,,0,0,1,2439.25064,2439.25064,0,390.2801024,80.98312125,0,,,372.469884,2439.25064,2341.680615,97.5700256,2439.25064,0,1,0,0,0.159116536,124.3509692,0.96,814.0716436,781.5087779,32.56286575,1,0,0,0.159116536,124.3509692,0.96,814.0716436,781.5087779,32.56286575,1,0,0,0.158949297,123.7679456,0.96,811.1073528,778.6630587,32.44429411,,,,812.1918993,2341.680615,2161.680615,180,2341.680615,4.55E-13,1,0,0,0.379636597,208.1700483,0.924158195,593.3403073,548.3403073,45,1,0,0,0.379636597,208.1700483,0.924158195,593.3403073,548.3403073,45,1,0,0,0.371691833,197.9259013,0.922077922,577.5,532.5,45,1,0,0,0.371691833,197.9259013,0.922077922,577.5,532.5,45,1,,,0.101,218.3297421,2161.680615,2161.680615,0,67.01209905,0,,,277.5700256,2.84E-14,119.355111,4,1402.991525,0,0,0,142.543939
89,1,90,0.15246,1,0,-3.41E-16,,,,0,0,1,0,0,0,0,0,0,,,-3.41E-16,0,0,0,0,0,0,0,1,0.271,0,0.96,0,0,0,0,0,1,0.271,0,0.96,0,0,0,0,0,1,0.271,0,0.96,0,0,0,,,,0,0,0,0,0,0,0,0,1,0.087248178,0,0.88,0,0,0,0,0,1,0.087248178,0,0.88,0,0,0,0,0,1,0.087248178,0,0.88,0,0,0,0,0,1,0.087248178,0,0.88,0,0,0,1,,,0.101,0,0,0,0,0,0,,,0,0,0,0,-3.41E-16,0,0,0,-5.20E-17
90,1,91,0.15246,1,0,-3.41E-16,,,,0,0,1,0,0,0,0,0,0,,,-3.41E-16,0,0,0,0,0,0,0,0,0.271,0,0.96,0,0,0,0,0,0,0.271,0,0.96,0,0,0,0,0,0,0.271,0,0.96,0,0,0,,,,0,0,0,0,0,0,0,0,0,0.087248178,0,0.88,0,0,0,0,0,0,0.087248178,0,0.88,0,0,0,0,0,0,0.087248178,0,0.88,0,0,0,0,0,0,0.087248178,0,0.88,0,0,0,1,,,0.101,0,0,0,0,0,0,,,0,0,0,0,-3.41E-16,0,0,0,-5.20E-17
91,1,92,0.15246,1,0,-3.41E-16,,,,0,0,1,0,0,0,0,0,0,,,-3.41E-16,0,0,0,0,0,0,0,0,0.271,0,0.96,0,0,0,0,0,0,0.271,0,0.96,0,0,0,0,0,0,0.271,0,0.96,0,0,0,,,,0,0,0,0,0,0,0,0,0,0.087248178,0,0.88,0,0,0,0,0,0,0.087248178,0,0.88,0,0,0,0,0,0,0.087248178,0,0.88,0,0,0,0,0,0,0.087248178,0,0.88,0,0,0,1,,,0.101,0,0,0,0,0,0,,,0,0,0,0,-3.41E-16,0,0,0,-5.20E-17
92,1,93,0.15246,1,0,-3.41E-16,,,,0,0,1,0,0,0,0,0,0,,,-3.41E-16,0,0,0,0,0,0,0,0,0.271,0,0.96,0,0,0,0,0,0,0.271,0,0.96,0,0,0,0,0,0,0.271,0,0.96,0,0,0,,,,0,0,0,0,0,0,0,0,0,0.087248178,0,0.88,0,0,0,0,0,0,0.087248178,0,0.88,0,0,0,0,0,0,0.087248178,0,0.88,0,0,0,0,0,0,0.087248178,0,0.88,0,0,0,1,,,0.101,0,0,0,0,0,0,,,0,0,0,0,-3.41E-16,0,0,0,-5.20E-17
93,1,94,0.15246,1,0,-3.41E-16,,,,0,0,1,0,0,0,0,0,0,,,-3.41E-16,0,0,0,0,0,0,0,0,0.271,0,0.96,0,0,0,0,0,0,0.271,0,0.96,0,0,0,0,0,0,0.271,0,0.96,0,0,0,,,,0,0,0,0,0,0,0,0,0,0.087248178,0,0.88,0,0,0,0,0,0,0.087248178,0,0.88,0,0,0,0,0,0,0.087248178,0,0.88,0,0,0,0,0,0,0.087248178,0,0.88,0,0,0,1,,,0.101,0,0,0,0,0,0,,,0,0,0,0,-3.41E-16,0,0,0,-5.20E-17
94,1,95,0.1016,0,0,0,,,,0,0,1,0,0,0,0,0,0,,,0,0,0,0,0,0,0,0,0,0.271,0,0.96,0,0,0,0,0,0,0.271,0,0.96,0,0,0,0,0,0,0.271,0,0.96,0,0,0,,,,0,0,0,0,0,0,0,0,0,0.087248178,0,0.88,0,0,0,0,0,0,0.087248178,0,0.88,0,0,0,0,0,0,0.087248178,0,0.88,0,0,0,0,0,0,0.087248178,0,0.88,0,0,0,1,,,0.101,0,0,0,0,0,0,,,0,0,0,0,0,0,0,0,0
95,1,96,0.1016,0,0,569.0854513,,,,0,0,1,1083.333333,1083.333333,0,173.3333333,35.96666667,0,,,167.7415278,1083.333333,1040,43.33333333,1083.333333,0,1,1,0,0.161289931,83.87076389,0.96,541.6666667,520,21.66666667,1,1,0,0.161289931,83.87076389,0.96,541.6666667,520,21.66666667,0,0,0,0.271,0,0.96,0,0,0,,,,308.9087236,1040,915.2,124.8,1040,0,1,1,0,0.337531385,154.4543618,0.88,520,457.6,62.4,1,1,0,0.337531385,154.4543618,0.88,520,457.6,62.4,0,0,0,0.087248178,0,0.88,0,0,0,0,0,0,0.087248178,0,0.88,0,0,0,0,,,0.101,92.4352,915.2,0,915.2,28.3712,1,,,1083.333333,0,465.8333333,2,569.0854513,0,0,0,57.81908186
96,1,97,0.1016,0,0,569.0854513,,,,0,0,1,1083.333333,1083.333333,0,173.3333333,35.96666667,0,,,167.7415278,1083.333333,1040,43.33333333,1083.333333,0,1,0,0,0.161289931,83.87076389,0.96,541.6666667,520,21.66666667,1,0,0,0.161289931,83.87076389,0.96,541.6666667,520,21.66666667,0,0,0,0.271,0,0.96,0,0,0,,,,308.9087236,1040,915.2,124.8,1040,0,1,0,0,0.337531385,154.4543618,0.88,520,457.6,62.4,1,0,0,0.337531385,154.4543618,0.88,520,457.6,62.4,0,0,0,0.087248178,0,0.88,0,0,0,0,0,0,0.087248178,0,0.88,0,0,0,0,,,0.101,92.4352,915.2,0,915.2,28.3712,1,,,1083.333333,0,465.8333333,2,569.0854513,0,0,0,57.81908186
97,1,98,0.1016,0,0,1403.113316,,,,0,0,1,2439.383632,2439.383632,0,390.3013812,80.9875366,0,,,372.5766557,2439.383632,2341.808287,97.5753453,2439.383632,0,1,0,0,0.159942645,127.0968234,0.96,827.75,794.64,33.11,1,0,0,0.158821484,123.3151028,0.96,808.7900275,776.4384264,32.3516011,1,1,0,0.15850525,122.1647295,0.96,802.8436049,770.7298607,32.1137442,,,,812.1940234,2341.808287,2161.808287,180,2341.808287,0,1,0,0,0.377011599,204.7560407,0.92348276,588.1027624,543.1027624,44.99999999,1,0,0,0.377011599,204.7560407,0.92348276,588.1027624,543.1027624,44.99999999,1,1,0,0.377011599,204.7560407,0.92348276,588.1027624,543.1027624,44.99999999,1,1,0,0.371691833,197.9259013,0.922077922,577.5,532.5,45.00000003,1,,,0.101,218.342637,2161.808287,2161.808287,0,67.0160569,0,,,277.5753453,5.68E-14,119.3573985,4,1403.113316,0,0,0,142.5563129
98,1,99,0.1016,0,0,1403.113316,,,,0,0,1,2439.383632,2439.383632,0,390.3013812,80.9875366,0,,,372.5766557,2439.383632,2341.808287,97.5753453,2439.383632,0,1,0,0,0.159942645,127.0968234,0.96,827.75,794.64,33.11,1,0,0,0.158821484,123.3151028,0.96,808.7900275,776.4384264,32.3516011,1,0,0,0.15850525,122.1647295,0.96,802.8436049,770.7298607,32.1137442,,,,812.1940234,2341.808287,2161.808287,180,2341.808287,0,1,0,0,0.377011599,204.7560407,0.92348276,588.1027624,543.1027624,45,1,0,0,0.377011599,204.7560407,0.92348276,588.1027624,543.1027624,45,1,0,0,0.377011599,204.7560407,0.92348276,588.1027624,543.1027624,45,1,0,0,0.371691833,197.9259013,0.922077922,577.5,532.5,45,1,,,0.101,218.342637,2161.808287,2161.808287,0,67.0160569,0,,,277.5753453,5.68E-14,119.3573985,4,1403.113316,0,0,0,142.5563129
99,1,100,0.1016,0,0,1403.113316,,,,0,0,1,2439.383632,2439.383632,0,390.3013812,80.9875366,0,,,372.5766557,2439.383632,2341.808287,97.5753453,2439.383632,0,1,0,0,0.159942645,127.0968234,0.96,827.75,794.64,33.11,1,0,0,0.158821484,123.3151028,0.96,808.7900275,776.4384264,32.3516011,1,0,0,0.15850525,122.1647295,0.96,802.8436049,770.7298607,32.1137442,,,,812.1940234,2341.808287,2161.808287,180,2341.808287,0,1,0,0,0.377011599,204.7560407,0.92348276,588.1027624,543.1027624,45,1,0,0,0.377011599,204.7560407,0.92348276,588.1027624,543.1027624,45,1,0,0,0.377011599,204.7560407,0.92348276,588.1027624,543.1027624,45,1,0,0,0.371691833,197.9259013,0.922077922,577.5,532.5,45,1,,,0.101,218.342637,2161.808287,2161.808287,0,67.0160569,0,,,277.5753453,5.68E-14,119.3573985,4,1403.113316,0,0,0,142.5563129
100,1,101,0.1016,0,0,1403.113316,,,,0,0,1,2439.383632,2439.383632,0,390.3013812,80.9875366,0,,,372.5766557,2439.383632,2341.808287,97.5753453,2439.383632,0,1,0,0,0.159942645,127.0968234,0.96,827.75,794.64,33.11,1,0,0,0.158821484,123.3151028,0.96,808.7900275,776.4384264,32.3516011,1,0,0,0.15850525,122.1647295,0.96,802.8436049,770.7298607,32.1137442,,,,812.1940234,2341.808287,2161.808287,180,2341.808287,0,1,0,0,0.377011599,204.7560407,0.92348276,588.1027624,543.1027624,45,1,0,0,0.377011599,204.7560407,0.92348276,588.1027624,543.1027624,45,1,0,0,0.377011599,204.7560407,0.92348276,588.1027624,543.1027624,45,1,0,0,0.371691833,197.9259013,0.922077922,577.5,532.5,45,1,,,0.101,218.342637,2161.808287,2161.808287,0,67.0160569,0,,,277.5753453,5.68E-14,119.3573985,4,1403.113316,0,0,0,142.5563129
101,1,102,0.1016,0,0,1403.113316,,,,0,0,1,2439.383632,2439.383632,0,390.3013812,80.9875366,0,,,372.5766557,2439.383632,2341.808287,97.5753453,2439.383632,0,1,0,0,0.159942645,127.0968234,0.96,827.75,794.64,33.11,1,0,0,0.158821484,123.3151028,0.96,808.7900275,776.4384264,32.3516011,1,0,0,0.15850525,122.1647295,0.96,802.8436049,770.7298607,32.1137442,,,,812.1940234,2341.808287,2161.808287,180,2341.808287,0,1,0,0,0.377011599,204.7560407,0.92348276,588.1027624,543.1027624,45,1,0,0,0.377011599,204.7560407,0.92348276,588.1027624,543.1027624,45,1,0,0,0.377011599,204.7560407,0.92348276,588.1027624,543.1027624,45,1,0,0,0.371691833,197.9259013,0.922077922,577.5,532.5,45,1,,,0.101,218.342637,2161.808287,2161.808287,0,67.0160569,0,,,277.5753453,5.68E-14,119.3573985,4,1403.113316,0,0,0,142.5563129
102,1,103,0.1016,0,0,1403.113316,,,,0,0,1,2439.383632,2439.383632,0,390.3013812,80.9875366,0,,,372.5766557,2439.383632,2341.808287,97.5753453,2439.383632,0,1,0,0,0.159942645,127.0968234,0.96,827.75,794.64,33.11,1,0,0,0.158821484,123.3151028,0.96,808.7900275,776.4384264,32.3516011,1,0,0,0.15850525,122.1647295,0.96,802.8436049,770.7298607,32.1137442,,,,812.1940234,2341.808287,2161.808287,180,2341.808287,0,1,0,0,0.377011599,204.7560407,0.92348276,588.1027624,543.1027624,45,1,0,0,0.377011599,204.7560407,0.92348276,588.1027624,543.1027624,45,1,0,0,0.377011599,204.7560407,0.92348276,588.1027624,543.1027624,45,1,0,0,0.371691833,197.9259013,0.922077922,577.5,532.5,45,1,,,0.101,218.342637,2161.808287,2161.808287,0,67.0160569,0,,,277.5753453,5.68E-14,119.3573985,4,1403.113316,0,0,0,142.5563129
103,1,104,0.1016,0,0,1403.113316,,,,0,0,1,2439.383632,2439.383632,0,390.3013812,80.9875366,0,,,372.5766557,2439.383632,2341.808287,97.5753453,2439.383632,0,1,0,0,0.159942645,127.0968234,0.96,827.75,794.64,33.11,1,0,0,0.158821484,123.3151028,0.96,808.7900275,776.4384264,32.3516011,1,0,0,0.15850525,122.1647295,0.96,802.8436049,770.7298607,32.1137442,,,,812.1940234,2341.808287,2161.808287,180,2341.808287,0,1,0,0,0.377011599,204.7560407,0.92348276,588.1027624,543.1027624,45,1,0,0,0.377011599,204.7560407,0.92348276,588.1027624,543.1027624,45,1,0,0,0.377011599,204.7560407,0.92348276,588.1027624,543.1027624,45,1,0,0,0.371691833,197.9259013,0.922077922,577.5,532.5,45,1,,,0.101,218.342637,2161.808287,2161.808287,0,67.0160569,0,,,277.5753453,5.68E-14,119.3573985,4,1403.113316,0,0,0,142.5563129
104,1,105,0.1016,0,0,1403.113316,,,,0,0,1,2439.383632,2439.383632,0,390.3013812,80.9875366,0,,,372.5766557,2439.383632,2341.808287,97.5753453,2439.383632,0,1,0,0,0.159942645,127.0968234,0.96,827.75,794.64,33.11,1,0,0,0.158821484,123.3151028,0.96,808.7900275,776.4384264,32.3516011,1,0,0,0.15850525,122.1647295,0.96,802.8436049,770.7298607,32.1137442,,,,812.1940234,2341.808287,2161.808287,180,2341.808287,0,1,0,0,0.377011599,204.7560407,0.92348276,588.1027624,543.1027624,45,1,0,0,0.377011599,204.7560407,0.92348276,588.1027624,543.1027624,45,1,0,0,0.377011599,204.7560407,0.92348276,588.1027624,543.1027624,45,1,0,0,0.371691833,197.9259013,0.922077922,577.5,532.5,45,1,,,0.101,218.342637,2161.808287,2161.808287,0,67.0160569,0,,,277.5753453,5.68E-14,119.3573985,4,1403.113316,0,0,0,142.5563129
105,1,106,0.1016,0,0,1403.113316,,,,0,0,1,2439.383632,2439.383632,0,390.3013812,80.9875366,0,,,372.5766557,2439.383632,2341.808287,97.5753453,2439.383632,0,1,0,0,0.159942645,127.0968234,0.96,827.75,794.64,33.11,1,0,0,0.158821484,123.3151028,0.96,808.7900275,776.4384264,32.3516011,1,0,0,0.15850525,122.1647295,0.96,802.8436049,770.7298607,32.1137442,,,,812.1940234,2341.808287,2161.808287,180,2341.808287,0,1,0,0,0.377011599,204.7560407,0.92348276,588.1027624,543.1027624,45,1,0,0,0.377011599,204.7560407,0.92348276,588.1027624,543.1027624,45,1,0,0,0.377011599,204.7560407,0.92348276,588.1027624,543.1027624,45,1,0,0,0.371691833,197.9259013,0.922077922,577.5,532.5,45,1,,,0.101,218.342637,2161.808287,2161.808287,0,67.0160569,0,,,277.5753453,5.68E-14,119.3573985,4,1403.113316,0,0,0,142.5563129
106,1,107,0.1016,0,0,1403.113316,,,,0,0,1,2439.383632,2439.383632,0,390.3013812,80.9875366,0,,,372.5766557,2439.383632,2341.808287,97.5753453,2439.383632,0,1,0,0,0.159942645,127.0968234,0.96,827.75,794.64,33.11,1,0,0,0.158821484,123.3151028,0.96,808.7900275,776.4384264,32.3516011,1,0,0,0.15850525,122.1647295,0.96,802.8436049,770.7298607,32.1137442,,,,812.1940234,2341.808287,2161.808287,180,2341.808287,0,1,0,0,0.377011599,204.7560407,0.92348276,588.1027624,543.1027624,45,1,0,0,0.377011599,204.7560407,0.92348276,588.1027624,543.1027624,45,1,0,0,0.377011599,204.7560407,0.92348276,588.1027624,543.1027624,45,1,0,0,0.371691833,197.9259013,0.922077922,577.5,532.5,45,1,,,0.101,218.342637,2161.808287,2161.808287,0,67.0160569,0,,,277.5753453,5.68E-14,119.3573985,4,1403.113316,0,0,0,142.5563129
107,1,108,0.1016,0,0,1403.113316,,,,0,0,1,2439.383632,2439.383632,0,390.3013812,80.9875366,0,,,372.5766557,2439.383632,2341.808287,97.5753453,2439.383632,0,1,0,0,0.159942645,127.0968234,0.96,827.75,794.64,33.11,1,0,0,0.158821484,123.3151028,0.96,808.7900275,776.4384264,32.3516011,1,0,0,0.15850525,122.1647295,0.96,802.8436049,770.7298607,32.1137442,,,,812.1940234,2341.808287,2161.808287,180,2341.808287,0,1,0,0,0.377011599,204.7560407,0.92348276,588.1027624,543.1027624,45,1,0,0,0.377011599,204.7560407,0.92348276,588.1027624,543.1027624,45,1,0,0,0.377011599,204.7560407,0.92348276,588.1027624,543.1027624,45,1,0,0,0.371691833,197.9259013,0.922077922,577.5,532.5,45,1,,,0.101,218.342637,2161.808287,2161.808287,0,67.0160569,0,,,277.5753453,5.68E-14,119.3573985,4,1403.113316,0,0,0,142.5563129
108,1,109,0.1016,0,0,1403.113316,,,,0,0,1,2439.383632,2439.383632,0,390.3013812,80.9875366,0,,,372.5766557,2439.383632,2341.808287,97.5753453,2439.383632,0,1,0,0,0.159942645,127.0968234,0.96,827.75,794.64,33.11,1,0,0,0.158821484,123.3151028,0.96,808.7900275,776.4384264,32.3516011,1,0,0,0.15850525,122.1647295,0.96,802.8436049,770.7298607,32.1137442,,,,812.1940234,2341.808287,2161.808287,180,2341.808287,0,1,0,0,0.377011599,204.7560407,0.92348276,588.1027624,543.1027624,45,1,0,0,0.377011599,204.7560407,0.92348276,588.1027624,543.1027624,45,1,0,0,0.377011599,204.7560407,0.92348276,588.1027624,543.1027624,45,1,0,0,0.371691833,197.9259013,0.922077922,577.5,532.5,45,1,,,0.101,218.342637,2161.808287,2161.808287,0,67.0160569,0,,,277.5753453,5.68E-14,119.3573985,4,1403.113316,0,0,0,142.5563129
109,1,110,0.1016,0,0,1403.113316,,,,0,0,1,2439.383632,2439.383632,0,390.3013812,80.9875366,0,,,372.5766557,2439.383632,2341.808287,97.5753453,2439.383632,0,1,0,0,0.159942645,127.0968234,0.96,827.75,794.64,33.11,1,0,0,0.158821484,123.3151028,0.96,808.7900275,776.4384264,32.3516011,1,0,0,0.15850525,122.1647295,0.96,802.8436049,770.7298607,32.1137442,,,,812.1940234,2341.808287,2161.808287,180,2341.808287,0,1,0,0,0.377011599,204.7560407,0.92348276,588.1027624,543.1027624,45,1,0,0,0.377011599,204.7560407,0.92348276,588.1027624,543.1027624,45,1,0,0,0.377011599,204.7560407,0.92348276,588.1027624,543.1027624,45,1,0,0,0.371691833,197.9259013,0.922077922,577.5,532.5,45,1,,,0.101,218.342637,2161.808287,2161.808287,0,67.0160569,0,,,277.5753453,5.68E-14,119.3573985,4,1403.113316,0,0,0,142.5563129
110,1,111,0.1016,0,0,1403.113316,,,,0,0,1,2439.383632,2439.383632,0,390.3013812,80.9875366,0,,,372.5766557,2439.383632,2341.808287,97.5753453,2439.383632,0,1,0,0,0.159942645,127.0968234,0.96,827.75,794.64,33.11,1,0,0,0.158821484,123.3151028,0.96,808.7900275,776.4384264,32.3516011,1,0,0,0.15850525,122.1647295,0.96,802.8436049,770.7298607,32.1137442,,,,812.1940234,2341.808287,2161.808287,180,2341.808287,0,1,0,0,0.377011599,204.7560407,0.92348276,588.1027624,543.1027624,45,1,0,0,0.377011599,204.7560407,0.92348276,588.1027624,543.1027624,45,1,0,0,0.377011599,204.7560407,0.92348276,588.1027624,543.1027624,45,1,0,0,0.371691833,197.9259013,0.922077922,577.5,532.5,45,1,,,0.101,218.342637,2161.808287,2161.808287,0,67.0160569,0,,,277.5753453,5.68E-14,119.3573985,4,1403.113316,0,0,0,142.5563129
111,1,112,0.1016,0,0,1403.113316,,,,0,0,1,2439.383632,2439.383632,0,390.3013812,80.9875366,0,,,372.5766557,2439.383632,2341.808287,97.5753453,2439.383632,0,1,0,0,0.159942645,127.0968234,0.96,827.75,794.64,33.11,1,0,0,0.158821484,123.3151028,0.96,808.7900275,776.4384264,32.3516011,1,0,0,0.15850525,122.1647295,0.96,802.8436049,770.7298607,32.1137442,,,,812.1940234,2341.808287,2161.808287,180,2341.808287,0,1,0,0,0.377011599,204.7560407,0.92348276,588.1027624,543.1027624,45,1,0,0,0.377011599,204.7560407,0.92348276,588.1027624,543.1027624,45,1,0,0,0.377011599,204.7560407,0.92348276,588.1027624,543.1027624,45,1,0,0,0.371691833,197.9259013,0.922077922,577.5,532.5,45,1,,,0.101,218.342637,2161.808287,2161.808287,0,67.0160569,0,,,277.5753453,5.68E-14,119.3573985,4,1403.113316,0,0,0,142.5563129
112,1,113,0.1016,0,0,1403.113316,,,,0,0,1,2439.383632,2439.383632,0,390.3013812,80.9875366,0,,,372.5766557,2439.383632,2341.808287,97.5753453,2439.383632,0,1,0,0,0.159942645,127.0968234,0.96,827.75,794.64,33.11,1,0,0,0.158821484,123.3151028,0.96,808.7900275,776.4384264,32.3516011,1,0,0,0.15850525,122.1647295,0.96,802.8436049,770.7298607,32.1137442,,,,812.1940234,2341.808287,2161.808287,180,2341.808287,0,1,0,0,0.377011599,204.7560407,0.92348276,588.1027624,543.1027624,45,1,0,0,0.377011599,204.7560407,0.92348276,588.1027624,543.1027624,45,1,0,0,0.377011599,204.7560407,0.92348276,588.1027624,543.1027624,45,1,0,0,0.371691833,197.9259013,0.922077922,577.5,532.5,45,1,,,0.101,218.342637,2161.808287,2161.808287,0,67.0160569,0,,,277.5753453,5.68E-14,119.3573985,4,1403.113316,0,0,0,142.5563129
113,1,114,0.15246,1,0,-3.41E-16,,,,0,0,1,0,0,0,0,0,0,,,-3.41E-16,0,0,0,0,0,0,0,1,0.271,0,0.96,0,0,0,0,0,1,0.271,0,0.96,0,0,0,0,0,1,0.271,0,0.96,0,0,0,,,,0,0,0,0,0,0,0,0,1,0.087248178,0,0.88,0,0,0,0,0,1,0.087248178,0,0.88,0,0,0,0,0,1,0.087248178,0,0.88,0,0,0,0,0,1,0.087248178,0,0.88,0,0,0,1,,,0.101,0,0,0,0,0,0,,,0,0,0,0,-3.41E-16,0,0,0,-5.20E-17
114,1,115,0.15246,1,0,-3.41E-16,,,,0,0,1,0,0,0,0,0,0,,,-3.41E-16,0,0,0,0,0,0,0,0,0.271,0,0.96,0,0,0,0,0,0,0.271,0,0.96,0,0,0,0,0,0,0.271,0,0.96,0,0,0,,,,0,0,0,0,0,0,0,0,0,0.087248178,0,0.88,0,0,0,0,0,0,0.087248178,0,0.88,0,0,0,0,0,0,0.087248178,0,0.88,0,0,0,0,0,0,0.087248178,0,0.88,0,0,0,1,,,0.101,0,0,0,0,0,0,,,0,0,0,0,-3.41E-16,0,0,0,-5.20E-17
115,1,116,0.15246,1,0,-3.41E-16,,,,0,0,1,0,0,0,0,0,0,,,-3.41E-16,0,0,0,0,0,0,0,0,0.271,0,0.96,0,0,0,0,0,0,0.271,0,0.96,0,0,0,0,0,0,0.271,0,0.96,0,0,0,,,,0,0,0,0,0,0,0,0,0,0.087248178,0,0.88,0,0,0,0,0,0,0.087248178,0,0.88,0,0,0,0,0,0,0.087248178,0,0.88,0,0,0,0,0,0,0.087248178,0,0.88,0,0,0,1,,,0.101,0,0,0,0,0,0,,,0,0,0,0,-3.41E-16,0,0,0,-5.20E-17
116,1,117,0.15246,1,0,-3.41E-16,,,,0,0,1,0,0,0,0,0,0,,,-3.41E-16,0,0,0,0,0,0,0,0,0.271,0,0.96,0,0,0,0,0,0,0.271,0,0.96,0,0,0,0,0,0,0.271,0,0.96,0,0,0,,,,0,0,0,0,0,0,0,0,0,0.087248178,0,0.88,0,0,0,0,0,0,0.087248178,0,0.88,0,0,0,0,0,0,0.087248178,0,0.88,0,0,0,0,0,0,0.087248178,0,0.88,0,0,0,1,,,0.101,0,0,0,0,0,0,,,0,0,0,0,-3.41E-16,0,0,0,-5.20E-17
117,1,118,0.15246,1,0,-3.41E-16,,,,0,0,1,0,0,0,0,0,0,,,-3.41E-16,0,0,0,0,0,0,0,0,0.271,0,0.96,0,0,0,0,0,0,0.271,0,0.96,0,0,0,0,0,0,0.271,0,0.96,0,0,0,,,,0,0,0,0,0,0,0,0,0,0.087248178,0,0.88,0,0,0,0,0,0,0.087248178,0,0.88,0,0,0,0,0,0,0.087248178,0,0.88,0,0,0,0,0,0,0.087248178,0,0.88,0,0,0,1,,,0.101,0,0,0,0,0,0,,,0,0,0,0,-3.41E-16,0,0,0,-5.20E-17
118,1,119,0.1016,0,0,569.0854513,,,,0,0,1,1083.333333,1083.333333,0,173.3333333,35.96666667,0,,,167.7415278,1083.333333,1040,43.33333333,1083.333333,0,1,1,0,0.161289931,83.87076389,0.96,541.6666667,520,21.66666667,1,1,0,0.161289931,83.87076389,0.96,541.6666667,520,21.66666667,0,0,0,0.271,0,0.96,0,0,0,,,,308.9087236,1040,915.2,124.8,1040,0,1,1,0,0.337531385,154.4543618,0.88,520,457.6,62.4,1,1,0,0.337531385,154.4543618,0.88,520,457.6,62.4,0,0,0,0.087248178,0,0.88,0,0,0,0,0,0,0.087248178,0,0.88,0,0,0,0,,,0.101,92.4352,915.2,0,915.2,28.3712,1,,,1083.333333,0,465.8333333,2,569.0854513,0,0,0,57.81908186
119,1,120,0.1016,0,0,569.0854513,,,,0,0,1,1083.333333,1083.333333,0,173.3333333,35.96666667,0,,,167.7415278,1083.333333,1040,43.33333333,1083.333333,0,1,0,0,0.161289931,83.87076389,0.96,541.6666667,520,21.66666667,1,0,0,0.161289931,83.87076389,0.96,541.6666667,520,21.66666667,0,0,0,0.271,0,0.96,0,0,0,,,,308.9087236,1040,915.2,124.8,1040,0,1,0,0,0.337531385,154.4543618,0.88,520,457.6,62.4,1,0,0,0.337531385,154.4543618,0.88,520,457.6,62.4,0,0,0,0.087248178,0,0.88,0,0,0,0,0,0,0.087248178,0,0.88,0,0,0,0,,,0.101,92.4352,915.2,0,915.2,28.3712,1,,,1083.333333,0,465.8333333,2,569.0854513,0,0,0,57.81908186
120,1,121,0.1016,0,0,1403.494536,,,,0,0,1,2439.934216,2439.934216,0,390.3894745,81.00581596,0,,,372.6033278,2439.934216,2342.336847,97.59736862,2439.934216,0,1,0,0,0.159094745,124.2755866,0.96,813.6895811,781.1419978,32.54758324,1,0,0,0.159094745,124.2755866,0.96,813.6895811,781.1419978,32.54758324,1,1,0,0.159030448,124.0521545,0.96,812.5550534,780.0528513,32.50220214,,,,812.4951866,2342.336847,2162.336847,180,2342.336847,0,1,0,0,0.375748666,203.1237967,0.923153666,585.5842118,540.5842118,45,1,0,0,0.375748666,203.1237967,0.923153666,585.5842117,540.5842117,45,1,1,0,0.375748666,203.1237967,0.923153666,585.5842117,540.5842117,44.99999999,1,1,0,0.375748666,203.1237966,0.923153666,585.5842117,540.5842117,45,1,,,0.101,218.3960215,2162.336847,2162.336847,0,67.03244226,0,,,277.5973686,0,119.3668685,4,1403.494536,0,0,0,142.5950449
121,1,122,0.1016,0,0,1403.494536,,,,0,0,1,2439.934216,2439.934216,0,390.3894745,81.00581596,0,,,372.6033278,2439.934216,2342.336847,97.59736862,2439.934216,0,1,0,0,0.159094745,124.2755866,0.96,813.6895811,781.1419978,32.54758324,1,0,0,0.159094745,124.2755866,0.96,813.6895811,781.1419978,32.54758324,1,0,0,0.159030448,124.0521545,0.96,812.5550534,780.0528513,32.50220214,,,,812.4951866,2342.336847,2162.336847,180,2342.336847,0,1,0,0,0.375748666,203.1237967,0.923153666,585.5842118,540.5842117,45.00000006,1,0,0,0.375748666,203.1237967,0.923153666,585.5842117,540.5842117,45.00000001,1,0,0,0.375748666,203.1237967,0.923153666,585.5842117,540.5842117,45.00000001,1,0,0,0.375748666,203.1237967,0.923153666,585.5842117,540.5842118,44.99999991,1,,,0.101,218.3960215,2162.336847,2162.336847,0,67.03244226,0,,,277.5973686,0,119.3668685,4,1403.494536,0,0,0,142.5950449
122,1,123,0.1016,0,0,1403.494536,,,,0,0,1,2439.934216,2439.934216,0,390.3894745,81.00581596,0,,,372.6033278,2439.934216,2342.336847,97.59736862,2439.934216,0,1,0,0,0.159094745,124.2755866,0.96,813.6895811,781.1419978,32.54758324,1,0,0,0.159094745,124.2755866,0.96,813.6895811,781.1419978,32.54758324,1,0,0,0.159030448,124.0521545,0.96,812.5550534,780.0528513,32.50220214,,,,812.4951866,2342.336847,2162.336847,180,2342.336847,0,1,0,0,0.375748666,203.1237967,0.923153666,585.5842118,540.5842118,45,1,0,0,0.375748666,203.1237967,0.923153666,585.5842117,540.5842117,45,1,0,0,0.375748666,203.1237967,0.923153666,585.5842117,540.5842117,45,1,0,0,0.375748666,203.1237966,0.923153666,585.5842117,540.5842117,45,1,,,0.101,218.3960215,2162.336847,2162.336847,0,67.03244225,0,,,277.5973686,1.42E-13,119.3668685,4,1403.494536,0,0,0,142.5950448
123,1,124,0.1016,0,0,1403.494536,,,,0,0,1,2439.934216,2439.934216,0,390.3894745,81.00581596,0,,,372.6033278,2439.934216,2342.336847,97.59736862,2439.934216,0,1,0,0,0.159094745,124.2755866,0.96,813.6895811,781.1419978,32.54758324,1,0,0,0.159094745,124.2755866,0.96,813.6895811,781.1419978,32.54758324,1,0,0,0.159030448,124.0521545,0.96,812.5550534,780.0528513,32.50220214,,,,812.4951866,2342.336847,2162.336847,180,2342.336847,0,1,0,0,0.375748666,203.1237967,0.923153666,585.5842118,540.5842118,45,1,0,0,0.375748666,203.1237967,0.923153666,585.5842117,540.5842117,45,1,0,0,0.375748666,203.1237967,0.923153666,585.5842117,540.5842117,45,1,0,0,0.375748666,203.1237966,0.923153666,585.5842117,540.5842117,45,1,,,0.101,218.3960215,2162.336847,2162.336847,0,67.03244225,0,,,277.5973686,1.42E-13,119.3668685,4,1403.494536,0,0,0,142.5950448
124,1,125,0.1016,0,0,1403.494536,,,,0,0,1,2439.934216,2439.934216,0,390.3894745,81.00581596,0,,,372.6033278,2439.934216,2342.336847,97.59736862,2439.934216,0,1,0,0,0.159094745,124.2755866,0.96,813.6895811,781.1419978,32.54758324,1,0,0,0.159094745,124.2755866,0.96,813.6895811,781.1419978,32.54758324,1,0,0,0.159030448,124.0521545,0.96,812.5550534,780.0528513,32.50220214,,,,812.4951866,2342.336847,2162.336847,180,2342.336847,0,1,0,0,0.375748666,203.1237967,0.923153666,585.5842118,540.5842118,45,1,0,0,0.375748666,203.1237967,0.923153666,585.5842117,540.5842117,45,1,0,0,0.375748666,203.1237967,0.923153666,585.5842117,540.5842117,45,1,0,0,0.375748666,203.1237966,0.923153666,585.5842117,540.5842117,45,1,,,0.101,218.3960215,2162.336847,2162.336847,0,67.03244225,0,,,277.5973686,-8.53E-14,119.3668685,4,1403.494536,0,0,0,142.5950448
125,1,126,0.1016,0,0,1403.494536,,,,0,0,1,2439.934216,2439.934216,0,390.3894745,81.00581596,0,,,372.6033278,2439.934216,2342.336847,97.59736862,2439.934216,0,1,0,0,0.159094745,124.2755866,0.96,813.6895811,781.1419978,32.54758324,1,0,0,0.159094745,124.2755866,0.96,813.6895811,781.1419978,32.54758324,1,0,0,0.159030448,124.0521545,0.96,812.5550534,780.0528513,32.50220214,,,,812.4951866,2342.336847,2162.336847,180,2342.336847,0,1,0,0,0.375748666,203.1237967,0.923153666,585.5842118,540.5842118,45,1,0,0,0.375748666,203.1237967,0.923153666,585.5842117,540.5842117,45,1,0,0,0.375748666,203.1237967,0.923153666,585.5842117,540.5842117,45,1,0,0,0.375748666,203.1237966,0.923153666,585.5842117,540.5842117,45,1,,,0.101,218.3960215,2162.336847,2162.336847,0,67.03244225,0,,,277.5973686,1.42E-13,119.3668685,4,1403.494536,0,0,0,142.5950448
126,1,127,0.1016,0,0,1403.494536,,,,0,0,1,2439.934216,2439.934216,0,390.3894745,81.00581596,0,,,372.6033278,2439.934216,2342.336847,97.59736862,2439.934216,0,1,0,0,0.159094745,124.2755866,0.96,813.6895811,781.1419978,32.54758324,1,0,0,0.159094745,124.2755866,0.96,813.6895811,781.1419978,32.54758324,1,0,0,0.159030448,124.0521545,0.96,812.5550534,780.0528513,32.50220214,,,,812.4951866,2342.336847,2162.336847,180,2342.336847,0,1,0,0,0.375748666,203.1237967,0.923153666,585.5842118,540.5842118,45,1,0,0,0.375748666,203.1237967,0.923153666,585.5842117,540.5842117,45,1,0,0,0.375748666,203.1237967,0.923153666,585.5842117,540.5842117,45,1,0,0,0.375748666,203.1237966,0.923153666,585.5842117,540.5842117,45,1,,,0.101,218.3960215,2162.336847,2162.336847,0,67.03244225,0,,,277.5973686,1.42E-13,119.3668685,4,1403.494536,0,0,0,142.5950448
127,1,128,0.1016,0,0,1403.494536,,,,0,0,1,2439.934216,2439.934216,0,390.3894745,81.00581596,0,,,372.6033278,2439.934216,2342.336847,97.59736862,2439.934216,0,1,0,0,0.159094745,124.2755866,0.96,813.6895811,781.1419978,32.54758324,1,0,0,0.159094745,124.2755866,0.96,813.6895811,781.1419978,32.54758324,1,0,0,0.159030448,124.0521545,0.96,812.5550534,780.0528513,32.50220214,,,,812.4951866,2342.336847,2162.336847,180,2342.336847,0,1,0,0,0.375748666,203.1237967,0.923153666,585.5842118,540.5842118,45,1,0,0,0.375748666,203.1237967,0.923153666,585.5842117,540.5842117,45,1,0,0,0.375748666,203.1237967,0.923153666,585.5842117,540.5842117,45,1,0,0,0.375748666,203.1237966,0.923153666,585.5842117,540.5842117,45,1,,,0.101,218.3960215,2162.336847,2162.336847,0,67.03244225,0,,,277.5973686,-8.53E-14,119.3668685,4,1403.494536,0,0,0,142.5950448
128,1,129,0.1016,0,0,1403.494536,,,,0,0,1,2439.934216,2439.934216,0,390.3894745,81.00581596,0,,,372.6033278,2439.934216,2342.336847,97.59736862,2439.934216,0,1,0,0,0.159094745,124.2755866,0.96,813.6895811,781.1419978,32.54758324,1,0,0,0.159094745,124.2755866,0.96,813.6895811,781.1419978,32.54758324,1,0,0,0.159030448,124.0521545,0.96,812.5550534,780.0528513,32.50220214,,,,812.4951866,2342.336847,2162.336847,180,2342.336847,0,1,0,0,0.375748666,203.1237967,0.923153666,585.5842118,540.5842118,45,1,0,0,0.375748666,203.1237967,0.923153666,585.5842117,540.5842117,45,1,0,0,0.375748666,203.1237967,0.923153666,585.5842117,540.5842117,45,1,0,0,0.375748666,203.1237966,0.923153666,585.5842117,540.5842117,45,1,,,0.101,218.3960215,2162.336847,2162.336847,0,67.03244225,0,,,277.5973686,1.42E-13,119.3668685,4,1403.494536,0,0,0,142.5950448
129,1,130,0.1016,0,0,1403.494536,,,,0,0,1,2439.934216,2439.934216,0,390.3894745,81.00581596,0,,,372.6033278,2439.934216,2342.336847,97.59736862,2439.934216,0,1,0,0,0.159094745,124.2755866,0.96,813.6895811,781.1419978,32.54758324,1,0,0,0.159094745,124.2755866,0.96,813.6895811,781.1419978,32.54758324,1,0,0,0.159030448,124.0521545,0.96,812.5550534,780.0528513,32.50220214,,,,812.4951866,2342.336847,2162.336847,180,2342.336847,0,1,0,0,0.375748666,203.1237967,0.923153666,585.5842118,540.5842118,45,1,0,0,0.375748666,203.1237967,0.923153666,585.5842117,540.5842117,45,1,0,0,0.375748666,203.1237967,0.923153666,585.5842117,540.5842117,45,1,0,0,0.375748666,203.1237966,0.923153666,585.5842117,540.5842117,45,1,,,0.101,218.3960215,2162.336847,2162.336847,0,67.03244225,0,,,277.5973686,-8.53E-14,119.3668685,4,1403.494536,0,0,0,142.5950448
130,1,131,0.1016,0,0,1403.494536,,,,0,0,1,2439.934216,2439.934216,0,390.3894745,81.00581596,0,,,372.6033278,2439.934216,2342.336847,97.59736862,2439.934216,0,1,0,0,0.159094745,124.2755866,0.96,813.6895811,781.1419978,32.54758324,1,0,0,0.159094745,124.2755866,0.96,813.6895811,781.1419978,32.54758324,1,0,0,0.159030448,124.0521545,0.96,812.5550534,780.0528513,32.50220214,,,,812.4951866,2342.336847,2162.336847,180,2342.336847,0,1,0,0,0.375748666,203.1237967,0.923153666,585.5842118,540.5842118,45,1,0,0,0.375748666,203.1237967,0.923153666,585.5842117,540.5842117,45,1,0,0,0.375748666,203.1237967,0.923153666,585.5842117,540.5842117,45,1,0,0,0.375748666,203.1237966,0.923153666,585.5842117,540.5842117,45,1,,,0.101,218.3960215,2162.336847,2162.336847,0,67.03244225,0,,,277.5973686,1.42E-13,119.3668685,4,1403.494536,0,0,0,142.5950448
131,1,132,0.1016,0,0,1403.494536,,,,0,0,1,2439.934216,2439.934216,0,390.3894745,81.00581596,0,,,372.6033278,2439.934216,2342.336847,97.59736862,2439.934216,0,1,0,0,0.159094745,124.2755866,0.96,813.6895811,781.1419978,32.54758324,1,0,0,0.159094745,124.2755866,0.96,813.6895811,781.1419978,32.54758324,1,0,0,0.159030448,124.0521545,0.96,812.5550534,780.0528513,32.50220214,,,,812.4951866,2342.336847,2162.336847,180,2342.336847,0,1,0,0,0.375748666,203.1237967,0.923153666,585.5842118,540.5842118,45,1,0,0,0.375748666,203.1237967,0.923153666,585.5842117,540.5842117,45,1,0,0,0.375748666,203.1237967,0.923153666,585.5842117,540.5842117,45,1,0,0,0.375748666,203.1237966,0.923153666,585.5842117,540.5842117,45,1,,,0.101,218.3960215,2162.336847,2162.336847,0,67.03244225,0,,,277.5973686,1.42E-13,119.3668685,4,1403.494536,0,0,0,142.5950448
132,1,133,0.1016,0,0,1403.494536,,,,0,0,1,2439.934216,2439.934216,0,390.3894745,81.00581596,0,,,372.6033278,2439.934216,2342.336847,97.59736862,2439.934216,0,1,0,0,0.159094745,124.2755866,0.96,813.6895811,781.1419978,32.54758324,1,0,0,0.159094745,124.2755866,0.96,813.6895811,781.1419978,32.54758324,1,0,0,0.159030448,124.0521545,0.96,812.5550534,780.0528513,32.50220214,,,,812.4951866,2342.336847,2162.336847,180,2342.336847,0,1,0,0,0.375748666,203.1237967,0.923153666,585.5842118,540.5842118,45,1,0,0,0.375748666,203.1237967,0.923153666,585.5842117,540.5842117,45,1,0,0,0.375748666,203.1237967,0.923153666,585.5842117,540.5842117,45,1,0,0,0.375748666,203.1237966,0.923153666,585.5842117,540.5842117,45,1,,,0.101,218.3960215,2162.336847,2162.336847,0,67.03244225,0,,,277.5973686,1.42E-13,119.3668685,4,1403.494536,0,0,0,142.5950448
133,1,134,0.1016,0,0,1403.494536,,,,0,0,1,2439.934216,2439.934216,0,390.3894745,81.00581596,0,,,372.6033278,2439.934216,2342.336847,97.59736862,2439.934216,0,1,0,0,0.159094745,124.2755866,0.96,813.6895811,781.1419978,32.54758324,1,0,0,0.159094745,124.2755866,0.96,813.6895811,781.1419978,32.54758324,1,0,0,0.159030448,124.0521545,0.96,812.5550534,780.0528513,32.50220214,,,,812.4951866,2342.336847,2162.336847,180,2342.336847,0,1,0,0,0.375748666,203.1237967,0.923153666,585.5842118,540.5842118,45,1,0,0,0.375748666,203.1237967,0.923153666,585.5842117,540.5842117,45,1,0,0,0.375748666,203.1237967,0.923153666,585.5842117,540.5842117,45,1,0,0,0.375748666,203.1237966,0.923153666,585.5842117,540.5842117,45,1,,,0.101,218.3960215,2162.336847,2162.336847,0,67.03244225,0,,,277.5973686,1.42E-13,119.3668685,4,1403.494536,0,0,0,142.5950448
134,1,135,0.1016,0,0,1403.494536,,,,0,0,1,2439.934216,2439.934216,0,390.3894745,81.00581596,0,,,372.6033278,2439.934216,2342.336847,97.59736862,2439.934216,0,1,0,0,0.159094745,124.2755866,0.96,813.6895811,781.1419978,32.54758324,1,0,0,0.159094745,124.2755866,0.96,813.6895811,781.1419978,32.54758324,1,0,0,0.159030448,124.0521545,0.96,812.5550534,780.0528513,32.50220214,,,,812.4951866,2342.336847,2162.336847,180,2342.336847,0,1,0,0,0.375748666,203.1237967,0.923153666,585.5842118,540.5842118,45,1,0,0,0.375748666,203.1237967,0.923153666,585.5842117,540.5842117,45,1,0,0,0.375748666,203.1237967,0.923153666,585.5842117,540.5842117,45,1,0,0,0.375748666,203.1237966,0.923153666,585.5842117,540.5842117,45,1,,,0.101,218.3960215,2162.336847,2162.336847,0,67.03244225,0,,,277.5973686,-8.53E-14,119.3668685,4,1403.494536,0,0,0,142.5950448
135,1,136,0.1016,0,0,1403.494536,,,,0,0,1,2439.934216,2439.934216,0,390.3894745,81.00581596,0,,,372.6033278,2439.934216,2342.336847,97.59736862,2439.934216,0,1,0,0,0.159094745,124.2755866,0.96,813.6895811,781.1419978,32.54758324,1,0,0,0.159094745,124.2755866,0.96,813.6895811,781.1419978,32.54758324,1,0,0,0.159030448,124.0521545,0.96,812.5550534,780.0528513,32.50220214,,,,812.4951866,2342.336847,2162.336847,180,2342.336847,0,1,0,0,0.375748666,203.1237967,0.923153666,585.5842118,540.5842118,45,1,0,0,0.375748666,203.1237967,0.923153666,585.5842117,540.5842117,45,1,0,0,0.375748666,203.1237967,0.923153666,585.5842117,540.5842117,45,1,0,0,0.375748666,203.1237966,0.923153666,585.5842117,540.5842117,45,1,,,0.101,218.3960215,2162.336847,2162.336847,0,67.03244225,0,,,277.5973686,1.42E-13,119.3668685,4,1403.494536,0,0,0,142.5950448
136,1,137,0.1016,0,0,1403.494536,,,,0,0,1,2439.934216,2439.934216,0,390.3894745,81.00581596,0,,,372.6033278,2439.934216,2342.336847,97.59736862,2439.934216,0,1,0,0,0.159094745,124.2755866,0.96,813.6895811,781.1419978,32.54758324,1,0,0,0.159094745,124.2755866,0.96,813.6895811,781.1419978,32.54758324,1,0,0,0.159030448,124.0521545,0.96,812.5550534,780.0528513,32.50220214,,,,812.4951866,2342.336847,2162.336847,180,2342.336847,0,1,0,0,0.375748666,203.1237967,0.923153666,585.5842118,540.5842118,45,1,0,0,0.375748666,203.1237967,0.923153666,585.5842117,540.5842117,45,1,0,0,0.375748666,203.1237967,0.923153666,585.5842117,540.5842117,45,1,0,0,0.375748666,203.1237966,0.923153666,585.5842117,540.5842117,45,1,,,0.101,218.3960215,2162.336847,2162.336847,0,67.03244225,0,,,277.5973686,-8.53E-14,119.3668685,4,1403.494536,0,0,0,142.5950448
137,1,138,0.13994,0,0,1403.494536,,,,0,0,1,2439.934216,2439.934216,0,390.3894745,81.00581596,0,,,372.6033278,2439.934216,2342.336847,97.59736862,2439.934216,0,1,0,0,0.159094745,124.2755866,0.96,813.6895811,781.1419978,32.54758324,1,0,0,0.159094745,124.2755866,0.96,813.6895811,781.1419978,32.54758324,1,0,0,0.159030448,124.0521545,0.96,812.5550534,780.0528513,32.50220214,,,,812.4951866,2342.336847,2162.336847,180,2342.336847,0,1,0,0,0.375748666,203.1237967,0.923153666,585.5842118,540.5842118,45,1,0,0,0.375748666,203.1237967,0.923153666,585.5842117,540.5842117,45,1,0,0,0.375748666,203.1237967,0.923153666,585.5842117,540.5842117,45,1,0,0,0.375748666,203.1237966,0.923153666,585.5842117,540.5842117,45,1,,,0.101,218.3960215,2162.336847,2162.336847,0,67.03244225,0,,,277.5973686,-8.53E-14,119.3668685,4,1403.494536,0,0,0,196.4050254
138,1,139,0.13994,0,0,1403.494536,,,,0,0,1,2439.934216,2439.934216,0,390.3894745,81.00581596,0,,,372.6033278,2439.934216,2342.336847,97.59736862,2439.934216,0,1,0,0,0.159094745,124.2755866,0.96,813.6895811,781.1419978,32.54758324,1,0,0,0.159094745,124.2755866,0.96,813.6895811,781.1419978,32.54758324,1,0,0,0.159030448,124.0521545,0.96,812.5550534,780.0528513,32.50220214,,,,812.4951866,2342.336847,2162.336847,180,2342.336847,0,1,0,0,0.375748666,203.1237967,0.923153666,585.5842118,540.5842118,45,1,0,0,0.375748666,203.1237967,0.923153666,585.5842117,540.5842117,45,1,0,0,0.375748666,203.1237967,0.923153666,585.5842117,540.5842117,45,1,0,0,0.375748666,203.1237966,0.923153666,585.5842117,540.5842117,45,1,,,0.101,218.3960215,2162.336847,2162.336847,0,67.03244225,0,,,277.5973686,-8.53E-14,119.3668685,4,1403.494536,0,0,0,196.4050254
139,1,140,0.13994,0,0,1403.494536,,,,0,0,1,2439.934216,2439.934216,0,390.3894745,81.00581596,0,,,372.6033278,2439.934216,2342.336847,97.59736862,2439.934216,0,1,0,0,0.159094745,124.2755866,0.96,813.6895811,781.1419978,32.54758324,1,0,0,0.159094745,124.2755866,0.96,813.6895811,781.1419978,32.54758324,1,0,0,0.159030448,124.0521545,0.96,812.5550534,780.0528513,32.50220214,,,,812.4951866,2342.336847,2162.336847,180,2342.336847,0,1,0,0,0.375748666,203.1237967,0.923153666,585.5842118,540.5842118,45,1,0,0,0.375748666,203.1237967,0.923153666,585.5842117,540.5842117,45,1,0,0,0.375748666,203.1237967,0.923153666,585.5842117,540.5842117,45,1,0,0,0.375748666,203.1237966,0.923153666,585.5842117,540.5842117,45,1,,,0.101,218.3960215,2162.336847,2162.336847,0,67.03244225,0,,,277.5973686,-8.53E-14,119.3668685,4,1403.494536,0,0,0,196.4050254
140,1,141,0.13994,0,0,1403.494536,,,,0,0,1,2439.934216,2439.934216,0,390.3894745,81.00581596,0,,,372.6033278,2439.934216,2342.336847,97.59736862,2439.934216,0,1,0,0,0.159094745,124.2755866,0.96,813.6895811,781.1419978,32.54758324,1,0,0,0.159094745,124.2755866,0.96,813.6895811,781.1419978,32.54758324,1,0,0,0.159030448,124.0521545,0.96,812.5550534,780.0528513,32.50220214,,,,812.4951866,2342.336847,2162.336847,180,2342.336847,0,1,0,0,0.375748666,203.1237967,0.923153666,585.5842118,540.5842118,45,1,0,0,0.375748666,203.1237967,0.923153666,585.5842117,540.5842117,45,1,0,0,0.375748666,203.1237967,0.923153666,585.5842117,540.5842117,45,1,0,0,0.375748666,203.1237966,0.923153666,585.5842117,540.5842117,45,1,,,0.101,218.3960215,2162.336847,2162.336847,0,67.03244225,0,,,277.5973686,-8.53E-14,119.3668685,4,1403.494536,0,0,0,196.4050254
141,1,142,0.13994,0,0,1403.494536,,,,0,0,1,2439.934216,2439.934216,0,390.3894745,81.00581596,0,,,372.6033278,2439.934216,2342.336847,97.59736862,2439.934216,0,1,0,0,0.159094745,124.2755866,0.96,813.6895811,781.1419978,32.54758324,1,0,0,0.159094745,124.2755866,0.96,813.6895811,781.1419978,32.54758324,1,0,0,0.159030448,124.0521545,0.96,812.5550534,780.0528513,32.50220214,,,,812.4951866,2342.336847,2162.336847,180,2342.336847,0,1,0,0,0.375748666,203.1237967,0.923153666,585.5842118,540.5842118,45,1,0,0,0.375748666,203.1237967,0.923153666,585.5842117,540.5842117,45,1,0,0,0.375748666,203.1237967,0.923153666,585.5842117,540.5842117,45,1,0,0,0.375748666,203.1237966,0.923153666,585.5842117,540.5842117,45,1,,,0.101,218.3960215,2162.336847,2162.336847,0,67.03244225,0,,,277.5973686,-8.53E-14,119.3668685,4,1403.494536,0,0,0,196.4050254
142,1,143,0.1016,0,0,1403.494536,,,,0,0,1,2439.934216,2439.934216,0,390.3894745,81.00581596,0,,,372.6033278,2439.934216,2342.336847,97.59736862,2439.934216,0,1,0,0,0.159094745,124.2755866,0.96,813.6895811,781.1419978,32.54758324,1,0,0,0.159094745,124.2755866,0.96,813.6895811,781.1419978,32.54758324,1,0,0,0.159030448,124.0521545,0.96,812.5550534,780.0528513,32.50220214,,,,812.4951866,2342.336847,2162.336847,180,2342.336847,0,1,0,0,0.375748666,203.1237967,0.923153666,585.5842118,540.5842118,45,1,0,0,0.375748666,203.1237967,0.923153666,585.5842117,540.5842117,45,1,0,0,0.375748666,203.1237967,0.923153666,585.5842117,540.5842117,45,1,0,0,0.375748666,203.1237966,0.923153666,585.5842117,540.5842117,45,1,,,0.101,218.3960215,2162.336847,2162.336847,0,67.03244225,0,,,277.5973686,-8.53E-14,119.3668685,4,1403.494536,0,0,0,142.5950448
143,1,144,0.1016,0,0,1403.494536,,,,0,0,1,2439.934216,2439.934216,0,390.3894745,81.00581596,0,,,372.6033278,2439.934216,2342.336847,97.59736862,2439.934216,0,1,0,0,0.159094745,124.2755866,0.96,813.6895811,781.1419978,32.54758324,1,0,0,0.159094745,124.2755866,0.96,813.6895811,781.1419978,32.54758324,1,0,0,0.159030448,124.0521545,0.96,812.5550534,780.0528513,32.50220214,,,,812.4951866,2342.336847,2162.336847,180,2342.336847,0,1,0,0,0.375748666,203.1237967,0.923153666,585.5842118,540.5842118,45,1,0,0,0.375748666,203.1237967,0.923153666,585.5842117,540.5842117,45,1,0,0,0.375748666,203.1237967,0.923153666,585.5842117,540.5842117,45,1,0,0,0.375748666,203.1237966,0.923153666,585.5842117,540.5842117,45,1,,,0.101,218.3960215,2162.336847,2162.336847,0,67.03244225,0,,,277.5973686,1.42E-13,119.3668685,4,1403.494536,0,0,0,142.5950448
144,1,145,0.1016,0,0,1403.494536,,,,0,0,1,2439.934216,2439.934216,0,390.3894745,81.00581596,0,,,372.6033278,2439.934216,2342.336847,97.59736862,2439.934216,0,1,0,0,0.159094745,124.2755866,0.96,813.6895811,781.1419978,32.54758324,1,0,0,0.159094745,124.2755866,0.96,813.6895811,781.1419978,32.54758324,1,0,0,0.159030448,124.0521545,0.96,812.5550534,780.0528513,32.50220214,,,,812.4951866,2342.336847,2162.336847,180,2342.336847,0,1,0,0,0.375748666,203.1237967,0.923153666,585.5842118,540.5842118,45,1,0,0,0.375748666,203.1237967,0.923153666,585.5842117,540.5842117,45,1,0,0,0.375748666,203.1237967,0.923153666,585.5842117,540.5842117,45,1,0,0,0.375748666,203.1237966,0.923153666,585.5842117,540.5842117,45,1,,,0.101,218.3960215,2162.336847,2162.336847,0,67.03244225,0,,,277.5973686,1.42E-13,119.3668685,4,1403.494536,0,0,0,142.5950448
145,1,146,0.1016,0,0,1403.494536,,,,0,0,1,2439.934216,2439.934216,0,390.3894745,81.00581596,0,,,372.6033278,2439.934216,2342.336847,97.59736862,2439.934216,0,1,0,0,0.159094745,124.2755866,0.96,813.6895811,781.1419978,32.54758324,1,0,0,0.159094745,124.2755866,0.96,813.6895811,781.1419978,32.54758324,1,0,0,0.159030448,124.0521545,0.96,812.5550534,780.0528513,32.50220214,,,,812.4951866,2342.336847,2162.336847,180,2342.336847,0,1,0,0,0.375748666,203.1237967,0.923153666,585.5842118,540.5842118,45,1,0,0,0.375748666,203.1237967,0.923153666,585.5842117,540.5842117,45,1,0,0,0.375748666,203.1237967,0.923153666,585.5842117,540.5842117,45,1,0,0,0.375748666,203.1237966,0.923153666,585.5842117,540.5842117,45,1,,,0.101,218.3960215,2162.336847,2162.336847,0,67.03244225,0,,,277.5973686,1.42E-13,119.3668685,4,1403.494536,0,0,0,142.5950448
146,1,147,0.1016,0,0,1403.494536,,,,0,0,1,2439.934216,2439.934216,0,390.3894745,81.00581596,0,,,372.6033278,2439.934216,2342.336847,97.59736862,2439.934216,0,1,0,0,0.159094745,124.2755866,0.96,813.6895811,781.1419978,32.54758324,1,0,0,0.159094745,124.2755866,0.96,813.6895811,781.1419978,32.54758324,1,0,0,0.159030448,124.0521545,0.96,812.5550534,780.0528513,32.50220214,,,,812.4951866,2342.336847,2162.336847,180,2342.336847,0,1,0,0,0.375748666,203.1237967,0.923153666,585.5842118,540.5842118,45,1,0,0,0.375748666,203.1237967,0.923153666,585.5842117,540.5842117,45,1,0,0,0.375748666,203.1237967,0.923153666,585.5842117,540.5842117,45,1,0,0,0.375748666,203.1237966,0.923153666,585.5842117,540.5842117,45,1,,,0.101,218.3960215,2162.336847,2162.336847,0,67.03244225,0,,,277.5973686,1.42E-13,119.3668685,4,1403.494536,0,0,0,142.5950448
147,1,148,0.1016,0,0,1403.494536,,,,0,0,1,2439.934216,2439.934216,0,390.3894745,81.00581596,0,,,372.6033278,2439.934216,2342.336847,97.59736862,2439.934216,0,1,0,0,0.159094745,124.2755866,0.96,813.6895811,781.1419978,32.54758324,1,0,0,0.159094745,124.2755866,0.96,813.6895811,781.1419978,32.54758324,1,0,0,0.159030448,124.0521545,0.96,812.5550534,780.0528513,32.50220214,,,,812.4951866,2342.336847,2162.336847,180,2342.336847,0,1,0,0,0.375748666,203.1237967,0.923153666,585.5842118,540.5842118,45,1,0,0,0.375748666,203.1237967,0.923153666,585.5842117,540.5842117,45,1,0,0,0.375748666,203.1237967,0.923153666,585.5842117,540.5842117,45,1,0,0,0.375748666,203.1237966,0.923153666,585.5842117,540.5842117,45,1,,,0.101,218.3960215,2162.336847,2162.336847,0,67.03244225,0,,,277.5973686,1.42E-13,119.3668685,4,1403.494536,0,0,0,142.5950448
148,1,149,0.1016,0,0,1403.494536,,,,0,0,1,2439.934216,2439.934216,0,390.3894745,81.00581596,0,,,372.6033278,2439.934216,2342.336847,97.59736862,2439.934216,0,1,0,0,0.159094745,124.2755866,0.96,813.6895811,781.1419978,32.54758324,1,0,0,0.159094745,124.2755866,0.96,813.6895811,781.1419978,32.54758324,1,0,0,0.159030448,124.0521545,0.96,812.5550534,780.0528513,32.50220214,,,,812.4951866,2342.336847,2162.336847,180,2342.336847,0,1,0,0,0.375748666,203.1237967,0.923153666,585.5842118,540.5842118,45,1,0,0,0.375748666,203.1237967,0.923153666,585.5842117,540.5842117,45,1,0,0,0.375748666,203.1237967,0.923153666,585.5842117,540.5842117,45,1,0,0,0.375748666,203.1237966,0.923153666,585.5842117,540.5842117,45,1,,,0.101,218.3960215,2162.336847,2162.336847,0,67.03244225,0,,,277.5973686,1.42E-13,119.3668685,4,1403.494536,0,0,0,142.5950448
149,1,150,0.1016,0,0,1403.494536,,,,0,0,1,2439.934216,2439.934216,0,390.3894745,81.00581596,0,,,372.6033278,2439.934216,2342.336847,97.59736862,2439.934216,0,1,0,0,0.159094745,124.2755866,0.96,813.6895811,781.1419978,32.54758324,1,0,0,0.159094745,124.2755866,0.96,813.6895811,781.1419978,32.54758324,1,0,0,0.159030448,124.0521545,0.96,812.5550534,780.0528513,32.50220214,,,,812.4951866,2342.336847,2162.336847,180,2342.336847,0,1,0,0,0.375748666,203.1237967,0.923153666,585.5842118,540.5842118,45,1,0,0,0.375748666,203.1237967,0.923153666,585.5842117,540.5842117,45,1,0,0,0.375748666,203.1237967,0.923153666,585.5842117,540.5842117,45,1,0,0,0.375748666,203.1237966,0.923153666,585.5842117,540.5842117,45,1,,,0.101,218.3960215,2162.336847,2162.336847,0,67.03244225,0,,,277.5973686,1.42E-13,119.3668685,4,1403.494536,0,0,0,142.5950448
150,1,151,0.1016,0,0,1403.494536,,,,0,0,1,2439.934216,2439.934216,0,390.3894745,81.00581596,0,,,372.6033278,2439.934216,2342.336847,97.59736862,2439.934216,0,1,0,0,0.159094745,124.2755866,0.96,813.6895811,781.1419978,32.54758324,1,0,0,0.159094745,124.2755866,0.96,813.6895811,781.1419978,32.54758324,1,0,0,0.159030448,124.0521545,0.96,812.5550534,780.0528513,32.50220214,,,,812.4951866,2342.336847,2162.336847,180,2342.336847,0,1,0,0,0.375748666,203.1237967,0.923153666,585.5842118,540.5842118,45,1,0,0,0.375748666,203.1237967,0.923153666,585.5842117,540.5842117,45,1,0,0,0.375748666,203.1237967,0.923153666,585.5842117,540.5842117,45,1,0,0,0.375748666,203.1237966,0.923153666,585.5842117,540.5842117,45,1,,,0.101,218.3960215,2162.336847,2162.336847,0,67.03244225,0,,,277.5973686,-8.53E-14,119.3668685,4,1403.494536,0,0,0,142.5950448
151,1,152,0.1016,0,0,1403.494536,,,,0,0,1,2439.934216,2439.934216,0,390.3894745,81.00581596,0,,,372.6033278,2439.934216,2342.336847,97.59736862,2439.934216,0,1,0,0,0.159094745,124.2755866,0.96,813.6895811,781.1419978,32.54758324,1,0,0,0.159094745,124.2755866,0.96,813.6895811,781.1419978,32.54758324,1,0,0,0.159030448,124.0521545,0.96,812.5550534,780.0528513,32.50220214,,,,812.4951866,2342.336847,2162.336847,180,2342.336847,0,1,0,0,0.375748666,203.1237967,0.923153666,585.5842118,540.5842118,45,1,0,0,0.375748666,203.1237967,0.923153666,585.5842117,540.5842117,45,1,0,0,0.375748666,203.1237967,0.923153666,585.5842117,540.5842117,45,1,0,0,0.375748666,203.1237966,0.923153666,585.5842117,540.5842117,45,1,,,0.101,218.3960215,2162.336847,2162.336847,0,67.03244225,0,,,277.5973686,1.42E-13,119.3668685,4,1403.494536,0,0,0,142.5950448
152,1,153,0.1016,0,0,1403.494536,,,,0,0,1,2439.934216,2439.934216,0,390.3894745,81.00581596,0,,,372.6033278,2439.934216,2342.336847,97.59736862,2439.934216,0,1,0,0,0.159094745,124.2755866,0.96,813.6895811,781.1419978,32.54758324,1,0,0,0.159094745,124.2755866,0.96,813.6895811,781.1419978,32.54758324,1,0,0,0.159030448,124.0521545,0.96,812.5550534,780.0528513,32.50220214,,,,812.4951866,2342.336847,2162.336847,180,2342.336847,0,1,0,0,0.375748666,203.1237967,0.923153666,585.5842118,540.5842118,45,1,0,0,0.375748666,203.1237967,0.923153666,585.5842117,540.5842117,45,1,0,0,0.375748666,203.1237967,0.923153666,585.5842117,540.5842117,45,1,0,0,0.375748666,203.1237966,0.923153666,585.5842117,540.5842117,45,1,,,0.101,218.3960215,2162.336847,2162.336847,0,67.03244225,0,,,277.5973686,-8.53E-14,119.3668685,4,1403.494536,0,0,0,142.5950448
153,1,154,0.1016,0,0,1403.494536,,,,0,0,1,2439.934216,2439.934216,0,390.3894745,81.00581596,0,,,372.6033278,2439.934216,2342.336847,97.59736862,2439.934216,0,1,0,0,0.159094745,124.2755866,0.96,813.6895811,781.1419978,32.54758324,1,0,0,0.159094745,124.2755866,0.96,813.6895811,781.1419978,32.54758324,1,0,0,0.159030448,124.0521545,0.96,812.5550534,780.0528513,32.50220214,,,,812.4951866,2342.336847,2162.336847,180,2342.336847,0,1,0,0,0.375748666,203.1237967,0.923153666,585.5842118,540.5842118,45,1,0,0,0.375748666,203.1237967,0.923153666,585.5842117,540.5842117,45,1,0,0,0.375748666,203.1237967,0.923153666,585.5842117,540.5842117,45,1,0,0,0.375748666,203.1237966,0.923153666,585.5842117,540.5842117,45,1,,,0.101,218.3960215,2162.336847,2162.336847,0,67.03244225,0,,,277.5973686,-8.53E-14,119.3668685,4,1403.494536,0,0,0,142.5950448
154,1,155,0.1016,0,0,1403.494536,,,,0,0,1,2439.934216,2439.934216,0,390.3894745,81.00581596,0,,,372.6033278,2439.934216,2342.336847,97.59736862,2439.934216,0,1,0,0,0.159094745,124.2755866,0.96,813.6895811,781.1419978,32.54758324,1,0,0,0.159094745,124.2755866,0.96,813.6895811,781.1419978,32.54758324,1,0,0,0.159030448,124.0521545,0.96,812.5550534,780.0528513,32.50220214,,,,812.4951866,2342.336847,2162.336847,180,2342.336847,0,1,0,0,0.375748666,203.1237967,0.923153666,585.5842118,540.5842118,45,1,0,0,0.375748666,203.1237967,0.923153666,585.5842117,540.5842117,45,1,0,0,0.375748666,203.1237967,0.923153666,585.5842117,540.5842117,45,1,0,0,0.375748666,203.1237966,0.923153666,585.5842117,540.5842117,45,1,,,0.101,218.3960215,2162.336847,2162.336847,0,67.03244225,0,,,277.5973686,-8.53E-14,119.3668685,4,1403.494536,0,0,0,142.5950448
155,1,156,0.1016,0,0,1403.494536,,,,0,0,1,2439.934216,2439.934216,0,390.3894745,81.00581596,0,,,372.6033278,2439.934216,2342.336847,97.59736862,2439.934216,0,1,0,0,0.159094745,124.2755866,0.96,813.6895811,781.1419978,32.54758324,1,0,0,0.159094745,124.2755866,0.96,813.6895811,781.1419978,32.54758324,1,0,0,0.159030448,124.0521545,0.96,812.5550534,780.0528513,32.50220214,,,,812.4951866,2342.336847,2162.336847,180,2342.336847,0,1,0,0,0.375748666,203.1237967,0.923153666,585.5842118,540.5842118,45,1,0,0,0.375748666,203.1237967,0.923153666,585.5842117,540.5842117,45,1,0,0,0.375748666,203.1237967,0.923153666,585.5842117,540.5842117,45,1,0,0,0.375748666,203.1237966,0.923153666,585.5842117,540.5842117,45,1,,,0.101,218.3960215,2162.336847,2162.336847,0,67.03244225,0,,,277.5973686,1.42E-13,119.3668685,4,1403.494536,0,0,0,142.5950448
156,1,157,0.1016,0,0,1403.494536,,,,0,0,1,2439.934216,2439.934216,0,390.3894745,81.00581596,0,,,372.6033278,2439.934216,2342.336847,97.59736862,2439.934216,0,1,0,0,0.159094745,124.2755866,0.96,813.6895811,781.1419978,32.54758324,1,0,0,0.159094745,124.2755866,0.96,813.6895811,781.1419978,32.54758324,1,0,0,0.159030448,124.0521545,0.96,812.5550534,780.0528513,32.50220214,,,,812.4951866,2342.336847,2162.336847,180,2342.336847,0,1,0,0,0.375748666,203.1237967,0.923153666,585.5842118,540.5842118,45,1,0,0,0.375748666,203.1237967,0.923153666,585.5842117,540.5842117,45,1,0,0,0.375748666,203.1237967,0.923153666,585.5842117,540.5842117,45,1,0,0,0.375748666,203.1237966,0.923153666,585.5842117,540.5842117,45,1,,,0.101,218.3960215,2162.336847,2162.336847,0,67.03244225,0,,,277.5973686,-8.53E-14,119.3668685,4,1403.494536,0,0,0,142.5950448
157,1,158,0.1016,0,0,1403.494536,,,,0,0,1,2439.934216,2439.934216,0,390.3894745,81.00581596,0,,,372.6033278,2439.934216,2342.336847,97.59736862,2439.934216,0,1,0,0,0.159094745,124.2755866,0.96,813.6895811,781.1419978,32.54758324,1,0,0,0.159094745,124.2755866,0.96,813.6895811,781.1419978,32.54758324,1,0,0,0.159030448,124.0521545,0.96,812.5550534,780.0528513,32.50220214,,,,812.4951866,2342.336847,2162.336847,180,2342.336847,0,1,0,0,0.375748666,203.1237967,0.923153666,585.5842118,540.5842118,45,1,0,0,0.375748666,203.1237967,0.923153666,585.5842117,540.5842117,45,1,0,0,0.375748666,203.1237967,0.923153666,585.5842117,540.5842117,45,1,0,0,0.375748666,203.1237966,0.923153666,585.5842117,540.5842117,45,1,,,0.101,218.3960215,2162.336847,2162.336847,0,67.03244225,0,,,277.5973686,1.42E-13,119.3668685,4,1403.494536,0,0,0,142.5950448
158,1,159,0.1016,0,0,1403.494536,,,,0,0,1,2439.934216,2439.934216,0,390.3894745,81.00581596,0,,,372.6033278,2439.934216,2342.336847,97.59736862,2439.934216,0,1,0,0,0.159094745,124.2755866,0.96,813.6895811,781.1419978,32.54758324,1,0,0,0.159094745,124.2755866,0.96,813.6895811,781.1419978,32.54758324,1,0,0,0.159030448,124.0521545,0.96,812.5550534,780.0528513,32.50220214,,,,812.4951866,2342.336847,2162.336847,180,2342.336847,0,1,0,0,0.375748666,203.1237967,0.923153666,585.5842118,540.5842118,45,1,0,0,0.375748666,203.1237967,0.923153666,585.5842117,540.5842117,45,1,0,0,0.375748666,203.1237967,0.923153666,585.5842117,540.5842117,45,1,0,0,0.375748666,203.1237966,0.923153666,585.5842117,540.5842117,45,1,,,0.101,218.3960215,2162.336847,2162.336847,0,67.03244225,0,,,277.5973686,1.42E-13,119.3668685,4,1403.494536,0,0,0,142.5950448
159,1,160,0.1016,0,0,1403.494536,,,,0,0,1,2439.934216,2439.934216,0,390.3894745,81.00581596,0,,,372.6033278,2439.934216,2342.336847,97.59736862,2439.934216,0,1,0,0,0.159094745,124.2755866,0.96,813.6895811,781.1419978,32.54758324,1,0,0,0.159094745,124.2755866,0.96,813.6895811,781.1419978,32.54758324,1,0,0,0.159030448,124.0521545,0.96,812.5550534,780.0528513,32.50220214,,,,812.4951866,2342.336847,2162.336847,180,2342.336847,0,1,0,0,0.375748666,203.1237967,0.923153666,585.5842118,540.5842118,45,1,0,0,0.375748666,203.1237967,0.923153666,585.5842117,540.5842117,45,1,0,0,0.375748666,203.1237967,0.923153666,585.5842117,540.5842117,45,1,0,0,0.375748666,203.1237966,0.923153666,585.5842117,540.5842117,45,1,,,0.101,218.3960215,2162.336847,2162.336847,0,67.03244225,0,,,277.5973686,-8.53E-14,119.3668685,4,1403.494536,0,0,0,142.5950448
160,1,161,0.1016,0,0,1403.494536,,,,0,0,1,2439.934216,2439.934216,0,390.3894745,81.00581596,0,,,372.6033278,2439.934216,2342.336847,97.59736862,2439.934216,0,1,0,0,0.159094745,124.2755866,0.96,813.6895811,781.1419978,32.54758324,1,0,0,0.159094745,124.2755866,0.96,813.6895811,781.1419978,32.54758324,1,0,0,0.159030448,124.0521545,0.96,812.5550534,780.0528513,32.50220214,,,,812.4951866,2342.336847,2162.336847,180,2342.336847,0,1,0,0,0.375748666,203.1237967,0.923153666,585.5842118,540.5842118,45,1,0,0,0.375748666,203.1237967,0.923153666,585.5842117,540.5842117,45,1,0,0,0.375748666,203.1237967,0.923153666,585.5842117,540.5842117,45,1,0,0,0.375748666,203.1237966,0.923153666,585.5842117,540.5842117,45,1,,,0.101,218.3960215,2162.336847,2162.336847,0,67.03244225,0,,,277.5973686,-8.53E-14,119.3668685,4,1403.494536,0,0,0,142.5950448
161,1,162,0.13994,0,0,1403.494536,,,,0,0,1,2439.934216,2439.934216,0,390.3894745,81.00581596,0,,,372.6033278,2439.934216,2342.336847,97.59736862,2439.934216,0,1,0,0,0.159094745,124.2755866,0.96,813.6895811,781.1419978,32.54758324,1,0,0,0.159094745,124.2755866,0.96,813.6895811,781.1419978,32.54758324,1,0,0,0.159030448,124.0521545,0.96,812.5550534,780.0528513,32.50220214,,,,812.4951866,2342.336847,2162.336847,180,2342.336847,0,1,0,0,0.375748666,203.1237967,0.923153666,585.5842118,540.5842118,45,1,0,0,0.375748666,203.1237967,0.923153666,585.5842117,540.5842117,45,1,0,0,0.375748666,203.1237967,0.923153666,585.5842117,540.5842117,45,1,0,0,0.375748666,203.1237966,0.923153666,585.5842117,540.5842117,45,1,,,0.101,218.3960215,2162.336847,2162.336847,0,67.03244225,0,,,277.5973686,-8.53E-14,119.3668685,4,1403.494536,0,0,0,196.4050254
162,1,163,0.13994,0,0,1403.494536,,,,0,0,1,2439.934216,2439.934216,0,390.3894745,81.00581596,0,,,372.6033278,2439.934216,2342.336847,97.59736862,2439.934216,0,1,0,0,0.159094745,124.2755866,0.96,813.6895811,781.1419978,32.54758324,1,0,0,0.159094745,124.2755866,0.96,813.6895811,781.1419978,32.54758324,1,0,0,0.159030448,124.0521545,0.96,812.5550534,780.0528513,32.50220214,,,,812.4951866,2342.336847,2162.336847,180,2342.336847,0,1,0,0,0.375748666,203.1237967,0.923153666,585.5842118,540.5842118,45,1,0,0,0.375748666,203.1237967,0.923153666,585.5842117,540.5842117,45,1,0,0,0.375748666,203.1237967,0.923153666,585.5842117,540.5842117,45,1,0,0,0.375748666,203.1237966,0.923153666,585.5842117,540.5842117,45,1,,,0.101,218.3960215,2162.336847,2162.336847,0,67.03244225,0,,,277.5973686,-8.53E-14,119.3668685,4,1403.494536,0,0,0,196.4050254
163,1,164,0.13994,0,0,1403.494536,,,,0,0,1,2439.934216,2439.934216,0,390.3894745,81.00581596,0,,,372.6033278,2439.934216,2342.336847,97.59736862,2439.934216,0,1,0,0,0.159094745,124.2755866,0.96,813.6895811,781.1419978,32.54758324,1,0,0,0.159094745,124.2755866,0.96,813.6895811,781.1419978,32.54758324,1,0,0,0.159030448,124.0521545,0.96,812.5550534,780.0528513,32.50220214,,,,812.4951866,2342.336847,2162.336847,180,2342.336847,0,1,0,0,0.375748666,203.1237967,0.923153666,585.5842118,540.5842118,45,1,0,0,0.375748666,203.1237967,0.923153666,585.5842117,540.5842117,45,1,0,0,0.375748666,203.1237967,0.923153666,585.5842117,540.5842117,45,1,0,0,0.375748666,203.1237966,0.923153666,585.5842117,540.5842117,45,1,,,0.101,218.3960215,2162.336847,2162.336847,0,67.03244225,0,,,277.5973686,1.42E-13,119.3668685,4,1403.494536,0,0,0,196.4050254
164,1,165,0.13994,0,0,1403.494536,,,,0,0,1,2439.934216,2439.934216,0,390.3894745,81.00581596,0,,,372.6033278,2439.934216,2342.336847,97.59736862,2439.934216,0,1,0,0,0.159094745,124.2755866,0.96,813.6895811,781.1419978,32.54758324,1,0,0,0.159094745,124.2755866,0.96,813.6895811,781.1419978,32.54758324,1,0,0,0.159030448,124.0521545,0.96,812.5550534,780.0528513,32.50220214,,,,812.4951866,2342.336847,2162.336847,180,2342.336847,0,1,0,0,0.375748666,203.1237967,0.923153666,585.5842118,540.5842118,45,1,0,0,0.375748666,203.1237967,0.923153666,585.5842117,540.5842117,45,1,0,0,0.375748666,203.1237967,0.923153666,585.5842117,540.5842117,45,1,0,0,0.375748666,203.1237966,0.923153666,585.5842117,540.5842117,45,1,,,0.101,218.3960215,2162.336847,2162.336847,0,67.03244225,0,,,277.5973686,1.42E-13,119.3668685,4,1403.494536,0,0,0,196.4050254
165,1,166,0.13994,0,0,1403.494536,,,,0,0,1,2439.934216,2439.934216,0,390.3894745,81.00581596,0,,,372.6033278,2439.934216,2342.336847,97.59736862,2439.934216,0,1,0,0,0.159094745,124.2755866,0.96,813.6895811,781.1419978,32.54758324,1,0,0,0.159094745,124.2755866,0.96,813.6895811,781.1419978,32.54758324,1,0,0,0.159030448,124.0521545,0.96,812.5550534,780.0528513,32.50220214,,,,812.4951866,2342.336847,2162.336847,180,2342.336847,0,1,0,0,0.375748666,203.1237967,0.923153666,585.5842118,540.5842118,45,1,0,0,0.375748666,203.1237967,0.923153666,585.5842117,540.5842117,45,1,0,0,0.375748666,203.1237967,0.923153666,585.5842117,540.5842117,45,1,0,0,0.375748666,203.1237966,0.923153666,585.5842117,540.5842117,45,1,,,0.101,218.3960215,2162.336847,2162.336847,0,67.03244225,0,,,277.5973686,1.42E-13,119.3668685,4,1403.494536,0,0,0,196.4050254
166,1,167,0.1016,0,0,1403.494536,,,,0,0,1,2439.934216,2439.934216,0,390.3894745,81.00581596,0,,,372.6033278,2439.934216,2342.336847,97.59736862,2439.934216,0,1,0,0,0.159094745,124.2755866,0.96,813.6895811,781.1419978,32.54758324,1,0,0,0.159094745,124.2755866,0.96,813.6895811,781.1419978,32.54758324,1,0,0,0.159030448,124.0521545,0.96,812.5550534,780.0528513,32.50220214,,,,812.4951866,2342.336847,2162.336847,180,2342.336847,0,1,0,0,0.375748666,203.1237967,0.923153666,585.5842118,540.5842118,45,1,0,0,0.375748666,203.1237967,0.923153666,585.5842117,540.5842117,45,1,0,0,0.375748666,203.1237967,0.923153666,585.5842117,540.5842117,45,1,0,0,0.375748666,203.1237966,0.923153666,585.5842117,540.5842117,45,1,,,0.101,218.3960215,2162.336847,2162.336847,0,67.03244225,0,,,277.5973686,-8.53E-14,119.3668685,4,1403.494536,0,0,0,142.5950448
167,1,168,0.1016,0,0,1403.494536,,,,0,0,1,2439.934216,2439.934216,0,390.3894745,81.00581596,0,,,372.6033278,2439.934216,2342.336847,97.59736862,2439.934216,0,1,0,0,0.159094745,124.2755866,0.96,813.6895811,781.1419978,32.54758324,1,0,0,0.159094745,124.2755866,0.96,813.6895811,781.1419978,32.54758324,1,0,0,0.159030448,124.0521545,0.96,812.5550534,780.0528513,32.50220214,,,,812.4951866,2342.336847,2162.336847,180,2342.336847,0,1,0,0,0.375748666,203.1237967,0.923153666,585.5842118,540.5842118,45,1,0,0,0.375748666,203.1237967,0.923153666,585.5842117,540.5842117,45,1,0,0,0.375748666,203.1237967,0.923153666,585.5842117,540.5842117,45,1,0,0,0.375748666,203.1237966,0.923153666,585.5842117,540.5842117,45,1,,,0.101,218.3960215,2162.336847,2162.336847,0,67.03244225,0,,,277.5973686,1.42E-13,119.3668685,4,1403.494536,0,0,0,142.5950448
