,Day,Time,LMP,peak_hour,bypass_pretreatment_flow,power_from_grid,intake.op_mode,intake.startup,intake.shutdown,intake.energy_intensity,intake.power_consumption,intake.recovery,intake.feed_flowrate,intake.product_flowrate,intake.reject_flowrate,intake.feed_cost,intake.chemical_cost,pretreatment.op_mode,pretreatment.startup,pretreatment.shutdown,pretreatment.power_consumption,pretreatment.feed_flowrate,pretreatment.product_flowrate,pretreatment.reject_flowrate,pretreatment.inlet_flowrate,pretreatment.leftover_flow,pretreatment.uf_pumps[1].op_mode,pretreatment.uf_pumps[1].startup,pretreatment.uf_pumps[1].shutdown,pretreatment.uf_pumps[1].energy_intensity,pretreatment.uf_pumps[1].power_consumption,pretreatment.uf_pumps[1].recovery,pretreatment.uf_pumps[1].feed_flowrate,pretreatment.uf_pumps[1].product_flowrate,pretreatment.uf_pumps[1].reject_flowrate,pretreatment.uf_pumps[2].op_mode,pretreatment.uf_pumps[2].startup,pretreatment.uf_pumps[2].shutdown,pretreatment.uf_pumps[2].energy_intensity,pretreatment.uf_pumps[2].power_consumption,pretreatment.uf_pumps[2].recovery,pretreatment.uf_pumps[2].feed_flowrate,pretreatment.uf_pumps[2].product_flowrate,pretreatment.uf_pumps[2].reject_flowrate,pretreatment.uf_pumps[3].op_mode,pretreatment.uf_pumps[3].startup,pretreatment.uf_pumps[3].shutdown,pretreatment.uf_pumps[3].energy_intensity,pretreatment.uf_pumps[3].power_consumption,pretreatment.uf_pumps[3].recovery,pretreatment.uf_pumps[3].feed_flowrate,pretreatment.uf_pumps[3].product_flowrate,pretreatment.uf_pumps[3].reject_flowrate,reverse_osmosis.op_mode,reverse_osmosis.startup,reverse_osmosis.shutdown,reverse_osmosis.power_consumption,reverse_osmosis.feed_flowrate,reverse_osmosis.product_flowrate,reverse_osmosis.reject_flowrate,reverse_osmosis.inlet_flowrate,reverse_osmosis.leftover_flow,reverse_osmosis.ro_skid[1].op_mode,reverse_osmosis.ro_skid[1].startup,reverse_osmosis.ro_skid[1].shutdown,reverse_osmosis.ro_skid[1].energy_intensity,reverse_osmosis.ro_skid[1].power_consumption,reverse_osmosis.ro_skid[1].recovery,reverse_osmosis.ro_skid[1].feed_flowrate,reverse_osmosis.ro_skid[1].product_flowrate,reverse_osmosis.ro_skid[1].reject_flowrate,reverse_osmosis.ro_skid[2].op_mode,reverse_osmosis.ro_skid[2].startup,reverse_osmosis.ro_skid[2].shutdown,reverse_osmosis.ro_skid[2].energy_intensity,reverse_osmosis.ro_skid[2].power_consumption,reverse_osmosis.ro_skid[2].recovery,reverse_osmosis.ro_skid[2].feed_flowrate,reverse_osmosis.ro_skid[2].product_flowrate,reverse_osmosis.ro_skid[2].reject_flowrate,reverse_osmosis.ro_skid[3].op_mode,reverse_osmosis.ro_skid[3].startup,reverse_osmosis.ro_skid[3].shutdown,reverse_osmosis.ro_skid[3].energy_intensity,reverse_osmosis.ro_skid[3].power_consumption,reverse_osmosis.ro_skid[3].recovery,reverse_osmosis.ro_skid[3].feed_flowrate,reverse_osmosis.ro_skid[3].product_flowrate,reverse_osmosis.ro_skid[3].reject_flowrate,reverse_osmosis.ro_skid[4].op_mode,reverse_osmosis.ro_skid[4].startup,reverse_osmosis.ro_skid[4].shutdown,reverse_osmosis.ro_skid[4].energy_intensity,reverse_osmosis.ro_skid[4].power_consumption,reverse_osmosis.ro_skid[4].recovery,reverse_osmosis.ro_skid[4].feed_flowrate,reverse_osmosis.ro_skid[4].product_flowrate,reverse_osmosis.ro_skid[4].reject_flowrate,posttreatment.op_mode,posttreatment.startup,posttreatment.shutdown,posttreatment.energy_intensity,posttreatment.power_consumption,posttreatment.feed_flowrate,posttreatment.product_flowrate,posttreatment.reject_flowrate,posttreatment.chemical_cost,brine_discharge.op_mode,brine_discharge.startup,brine_discharge.shutdown,brine_discharge.feed_flowrate,brine_discharge.power_consumption,brine_discharge.brine_cost,num_skids_online,net_power_consumption,water_revenue,demand_response_revenue,emissions_cost,energy_cost
0,1,1,0.1016,0,0,1143.352119,,,,0,0,1,1941.590057,1941.590057,0,310.654409,64.46078988,0,,,291.2374639,1941.590057,1863.926454,77.66360226,1941.590057,0,1,0,0,0.156036093,98.44870873,0.96,657.2244686,630.9354898,26.28897874,1,0,0,0.156358611,96.39437758,0.96,642.182794,616.4954822,25.68731176,1,0,0,0.156358611,96.39437758,0.96,642.182794,616.4954822,25.68731176,,,,677.9773256,1863.926454,1724.13197,139.7944841,1863.926454,5.91E-12,1,0,0,0.393609359,226.499998,0.925,622.1012201,575.4436286,46.65759151,1,0,0,0.393037268,225.7386638,0.925,620.9126171,574.3441708,46.56844628,1,0,0,0.393037268,225.7386638,0.925,620.9126171,574.3441708,46.56844628,0,0,0,0.087248178,0,0.88,0,0,0,1,,,0.101,174.137329,1724.13197,1724.13197,0,53.44809108,0,,,217.4580863,-8.53E-14,93.50697712,3,1143.352119,0,0,0,116.1645752
1,1,2,0.1016,0,0,1143.352119,,,,0,0,1,1941.590057,1941.590057,0,310.654409,64.46078988,0,,,291.2374639,1941.590057,1863.926454,77.66360226,1941.590057,0,1,0,0,0.156036093,98.44870873,0.96,657.2244686,630.9354898,26.28897874,1,0,0,0.156358611,96.39437758,0.96,642.182794,616.4954822,25.68731176,1,0,0,0.156358611,96.39437758,0.96,642.182794,616.4954822,25.68731176,,,,677.9773256,1863.926454,1724.13197,139.7944841,1863.926454,-2.09E-11,1,0,0,0.393609359,226.499998,0.925,622.1012201,575.4436286,46.65759151,1,0,0,0.393037268,225.7386638,0.925,620.9126171,574.3441708,46.56844628,1,0,0,0.393037268,225.7386638,0.925,620.9126171,574.3441708,46.56844628,0,0,0,0.087248178,0,0.88,0,0,0,1,,,0.101,174.137329,1724.13197,1724.13197,0,53.44809108,0,,,217.4580863,-1.14E-13,93.50697712,3,1143.352119,0,0,0,116.1645752
2,1,3,0.1016,0,0,1143.352119,,,,0,0,1,1941.590057,1941.590057,0,310.654409,64.46078988,0,,,291.2374639,1941.590057,1863.926454,77.66360226,1941.590057,0,1,0,0,0.156036093,98.44870873,0.96,657.2244686,630.9354898,26.28897874,1,0,0,0.156358611,96.39437758,0.96,642.182794,616.4954822,25.68731176,1,0,0,0.156358611,96.39437758,0.96,642.182794,616.4954822,25.68731176,,,,677.9773256,1863.926454,1724.13197,139.7944841,1863.926454,-9.09E-12,1,0,0,0.393609359,226.499998,0.925,622.1012201,575.4436286,46.65759151,1,0,0,0.393037268,225.7386638,0.925,620.9126171,574.3441708,46.56844628,1,0,0,0.393037268,225.7386638,0.925,620.9126171,574.3441708,46.56844628,0,0,0,0.087248178,0,0.88,0,0,0,1,,,0.101,174.137329,1724.13197,1724.13197,0,53.44809108,0,,,217.4580863,-1.42E-13,93.50697712,3,1143.352119,0,0,0,116.1645752
3,1,4,0.1016,0,0,1143.352119,,,,0,0,1,1941.590057,1941.590057,0,310.654409,64.46078988,0,,,291.2374639,1941.590057,1863.926454,77.66360226,1941.590057,0,1,0,0,0.156036093,98.44870873,0.96,657.2244686,630.9354898,26.28897874,1,0,0,0.156358611,96.39437758,0.96,642.182794,616.4954822,25.68731176,1,0,0,0.156358611,96.39437758,0.96,642.182794,616.4954822,25.68731176,,,,677.9773256,1863.926454,1724.13197,139.7944841,1863.926454,6.82E-13,1,0,0,0.393609359,226.499998,0.925,622.1012201,575.4436286,46.65759151,1,0,0,0.393037268,225.7386638,0.925,620.9126171,574.3441708,46.56844628,1,0,0,0.393037268,225.7386638,0.925,620.9126171,574.3441708,46.56844628,0,0,0,0.087248178,0,0.88,0,0,0,1,,,0.101,174.137329,1724.13197,1724.13197,0,53.44809108,0,,,217.4580863,5.68E-14,93.50697712,3,1143.352119,0,0,0,116.1645752
4,1,5,0.1016,0,0,1143.352119,,,,0,0,1,1941.590057,1941.590057,0,310.654409,64.46078988,0,,,291.2374639,1941.590057,1863.926454,77.66360226,1941.590057,0,1,0,0,0.156036093,98.44870873,0.96,657.2244686,630.9354898,26.28897874,1,0,0,0.156358611,96.39437758,0.96,642.182794,616.4954822,25.68731176,1,0,0,0.156358611,96.39437758,0.96,642.182794,616.4954822,25.68731176,,,,677.9773256,1863.926454,1724.13197,139.7944841,1863.926454,-3.41E-12,1,0,0,0.393609359,226.499998,0.925,622.1012201,575.4436286,46.65759151,1,0,0,0.393037268,225.7386638,0.925,620.9126171,574.3441708,46.56844628,1,0,0,0.393037268,225.7386638,0.925,620.9126171,574.3441708,46.56844628,0,0,0,0.087248178,0,0.88,0,0,0,1,,,0.101,174.137329,1724.13197,1724.13197,0,53.44809108,0,,,217.4580863,5.68E-14,93.50697712,3,1143.352119,0,0,0,116.1645752
5,1,6,0.1016,0,0,1143.352119,,,,0,0,1,1941.590057,1941.590057,0,310.654409,64.46078988,0,,,291.2374639,1941.590057,1863.926454,77.66360226,1941.590057,0,1,0,0,0.156036093,98.44870873,0.96,657.2244686,630.9354898,26.28897874,1,0,0,0.156358611,96.39437758,0.96,642.182794,616.4954822,25.68731176,1,0,0,0.156358611,96.39437758,0.96,642.182794,616.4954822,25.68731176,,,,677.9773256,1863.926454,1724.13197,139.7944841,1863.926454,-3.82E-11,1,0,0,0.393609359,226.499998,0.925,622.1012201,575.4436286,46.65759151,1,0,0,0.393037268,225.7386638,0.925,620.9126171,574.3441708,46.56844628,1,0,0,0.393037268,225.7386638,0.925,620.9126171,574.3441708,46.56844628,0,0,0,0.087248178,0,0.88,0,0,0,1,,,0.101,174.137329,1724.13197,1724.13197,0,53.44809108,0,,,217.4580863,-2.84E-14,93.50697712,3,1143.352119,0,0,0,116.1645752
6,1,7,0.1016,0,0,1143.352119,,,,0,0,1,1941.590057,1941.590057,0,310.654409,64.46078988,0,,,291.2374639,1941.590057,1863.926454,77.66360226,1941.590057,0,1,0,0,0.156036093,98.44870873,0.96,657.2244686,630.9354898,26.28897874,1,0,0,0.156358611,96.39437758,0.96,642.182794,616.4954822,25.68731176,1,0,0,0.156358611,96.39437758,0.96,642.182794,616.4954822,25.68731176,,,,677.9773256,1863.926454,1724.13197,139.7944841,1863.926454,-3.64E-12,1,0,0,0.393609359,226.499998,0.925,622.1012201,575.4436286,46.65759151,1,0,0,0.393037268,225.7386638,0.925,620.9126171,574.3441708,46.56844628,1,0,0,0.393037268,225.7386638,0.925,620.9126171,574.3441708,46.56844628,0,0,0,0.087248178,0,0.88,0,0,0,1,,,0.101,174.137329,1724.13197,1724.13197,0,53.44809108,0,,,217.4580863,-5.68E-14,93.50697712,3,1143.352119,0,0,0,116.1645752
7,1,8,0.1016,0,0,1143.352119,,,,0,0,1,1941.590057,1941.590057,0,310.654409,64.46078988,0,,,291.2374639,1941.590057,1863.926454,77.66360226,1941.590057,0,1,0,0,0.156036093,98.44870873,0.96,657.2244686,630.9354898,26.28897874,1,0,0,0.156358611,96.39437758,0.96,642.182794,616.4954822,25.68731176,1,0,0,0.156358611,96.39437758,0.96,642.182794,616.4954822,25.68731176,,,,677.9773256,1863.926454,1724.13197,139.7944841,1863.926454,-2.00E-11,1,0,0,0.393609359,226.499998,0.925,622.1012201,575.4436286,46.65759151,1,0,0,0.393037268,225.7386638,0.925,620.9126171,574.3441708,46.56844628,1,0,0,0.393037268,225.7386638,0.925,620.9126171,574.3441708,46.56844628,0,0,0,0.087248178,0,0.88,0,0,0,1,,,0.101,174.137329,1724.13197,1724.13197,0,53.44809108,0,,,217.4580863,-1.14E-13,93.50697712,3,1143.352119,0,0,0,116.1645752
8,1,9,0.1016,0,0,1143.352119,,,,0,0,1,1941.590057,1941.590057,0,310.654409,64.46078988,0,,,291.2374639,1941.590057,1863.926454,77.66360226,1941.590057,0,1,0,0,0.156036093,98.44870873,0.96,657.2244686,630.9354898,26.28897874,1,0,0,0.156358611,96.39437758,0.96,642.182794,616.4954822,25.68731176,1,0,0,0.156358611,96.39437758,0.96,642.182794,616.4954822,25.68731176,,,,677.9773256,1863.926454,1724.13197,139.7944841,1863.926454,7.73E-12,1,0,0,0.393609359,226.499998,0.925,622.1012201,575.4436286,46.65759151,1,0,0,0.393037268,225.7386638,0.925,620.9126171,574.3441708,46.56844628,1,0,0,0.393037268,225.7386638,0.925,620.9126171,574.3441708,46.56844628,0,0,0,0.087248178,0,0.88,0,0,0,1,,,0.101,174.137329,1724.13197,1724.13197,0,53.44809108,0,,,217.4580863,5.68E-14,93.50697712,3,1143.352119,0,0,0,116.1645752
9,1,10,0.1016,0,0,1143.352119,,,,0,0,1,1941.590057,1941.590057,0,310.654409,64.46078988,0,,,291.2374639,1941.590057,1863.926454,77.66360226,1941.590057,0,1,0,0,0.156036093,98.44870873,0.96,657.2244686,630.9354898,26.28897874,1,0,0,0.156358611,96.39437758,0.96,642.182794,616.4954822,25.68731176,1,0,0,0.156358611,96.39437758,0.96,642.182794,616.4954822,25.68731176,,,,677.9773256,1863.926454,1724.13197,139.7944841,1863.926454,1.02E-11,1,0,0,0.393609359,226.499998,0.925,622.1012201,575.4436286,46.65759151,1,0,0,0.393037268,225.7386638,0.925,620.9126171,574.3441708,46.56844628,1,0,0,0.393037268,225.7386638,0.925,620.9126171,574.3441708,46.56844628,0,0,0,0.087248178,0,0.88,0,0,0,1,,,0.101,174.137329,1724.13197,1724.13197,0,53.44809108,0,,,217.4580863,1.14E-13,93.50697712,3,1143.352119,0,0,0,116.1645752
10,1,11,0.1016,0,0,1143.352119,,,,0,0,1,1941.590057,1941.590057,0,310.654409,64.46078988,0,,,291.2374639,1941.590057,1863.926454,77.66360226,1941.590057,0,1,0,0,0.156036093,98.44870873,0.96,657.2244686,630.9354898,26.28897874,1,0,0,0.156358611,96.39437758,0.96,642.182794,616.4954822,25.68731176,1,0,0,0.156358611,96.39437758,0.96,642.182794,616.4954822,25.68731176,,,,677.9773256,1863.926454,1724.13197,139.7944841,1863.926454,-3.18E-12,1,0,0,0.393609359,226.499998,0.925,622.1012201,575.4436286,46.65759151,1,0,0,0.393037268,225.7386638,0.925,620.9126171,574.3441708,46.56844628,1,0,0,0.393037268,225.7386638,0.925,620.9126171,574.3441708,46.56844628,0,0,0,0.087248178,0,0.88,0,0,0,1,,,0.101,174.137329,1724.13197,1724.13197,0,53.44809108,0,,,217.4580863,2.84E-14,93.50697712,3,1143.352119,0,0,0,116.1645752
11,1,12,0.1016,0,0,1143.352119,,,,0,0,1,1941.590057,1941.590057,0,310.654409,64.46078988,0,,,291.2374639,1941.590057,1863.926454,77.66360226,1941.590057,0,1,0,0,0.156036093,98.44870873,0.96,657.2244686,630.9354898,26.28897874,1,0,0,0.156358611,96.39437758,0.96,642.182794,616.4954822,25.68731176,1,0,0,0.156358611,96.39437758,0.96,642.182794,616.4954822,25.68731176,,,,677.9773256,1863.926454,1724.13197,139.7944841,1863.926454,-2.05E-11,1,0,0,0.393609359,226.499998,0.925,622.1012201,575.4436286,46.65759151,1,0,0,0.393037268,225.7386638,0.925,620.9126171,574.3441708,46.56844628,1,0,0,0.393037268,225.7386638,0.925,620.9126171,574.3441708,46.56844628,0,0,0,0.087248178,0,0.88,0,0,0,1,,,0.101,174.137329,1724.13197,1724.13197,0,53.44809108,0,,,217.4580863,-5.68E-14,93.50697712,3,1143.352119,0,0,0,116.1645752
12,1,13,0.1016,0,0,1143.352119,,,,0,0,1,1941.590057,1941.590057,0,310.654409,64.46078988,0,,,291.2374639,1941.590057,1863.926454,77.66360226,1941.590057,0,1,0,0,0.156036093,98.44870873,0.96,657.2244686,630.9354898,26.28897874,1,0,0,0.156358611,96.39437758,0.96,642.182794,616.4954822,25.68731176,1,0,0,0.156358611,96.39437758,0.96,642.182794,616.4954822,25.68731176,,,,677.9773256,1863.926454,1724.13197,139.7944841,1863.926454,-9.09E-12,1,0,0,0.393609359,226.499998,0.925,622.1012201,575.4436286,46.65759151,1,0,0,0.393037268,225.7386638,0.925,620.9126171,574.3441708,46.56844628,1,0,0,0.393037268,225.7386638,0.925,620.9126171,574.3441708,46.56844628,0,0,0,0.087248178,0,0.88,0,0,0,1,,,0.101,174.137329,1724.13197,1724.13197,0,53.44809108,0,,,217.4580863,-1.14E-13,93.50697712,3,1143.352119,0,0,0,116.1645752
13,1,14,0.1016,0,0,1143.352119,,,,0,0,1,1941.590057,1941.590057,0,310.654409,64.46078988,0,,,291.2374639,1941.590057,1863.926454,77.66360226,1941.590057,0,1,0,0,0.156036093,98.44870873,0.96,657.2244686,630.9354898,26.28897874,1,0,0,0.156358611,96.39437758,0.96,642.182794,616.4954822,25.68731176,1,0,0,0.156358611,96.39437758,0.96,642.182794,616.4954822,25.68731176,,,,677.9773256,1863.926454,1724.13197,139.7944841,1863.926454,-8.50E-11,1,0,0,0.393609359,226.499998,0.925,622.1012201,575.4436286,46.65759151,1,0,0,0.393037268,225.7386638,0.925,620.9126171,574.3441708,46.56844628,1,0,0,0.393037268,225.7386638,0.925,620.9126171,574.3441708,46.56844628,0,0,0,0.087248178,0,0.88,0,0,0,1,,,0.101,174.137329,1724.13197,1724.13197,0,53.44809108,0,,,217.4580863,1.42E-13,93.50697712,3,1143.352119,0,0,0,116.1645752
14,1,15,0.1016,0,0,1143.352119,,,,0,0,1,1941.590057,1941.590057,0,310.654409,64.46078988,0,,,291.2374639,1941.590057,1863.926454,77.66360226,1941.590057,0,1,0,0,0.156036093,98.44870873,0.96,657.2244686,630.9354898,26.28897874,1,0,0,0.156358611,96.39437758,0.96,642.182794,616.4954822,25.68731176,1,0,0,0.156358611,96.39437758,0.96,642.182794,616.4954822,25.68731176,,,,677.9773256,1863.926454,1724.13197,139.7944841,1863.926454,-3.18E-12,1,0,0,0.393609359,226.499998,0.925,622.1012201,575.4436286,46.65759151,1,0,0,0.393037268,225.7386638,0.925,620.9126171,574.3441708,46.56844628,1,0,0,0.393037268,225.7386638,0.925,620.9126171,574.3441708,46.56844628,0,0,0,0.087248178,0,0.88,0,0,0,1,,,0.101,174.137329,1724.13197,1724.13197,0,53.44809108,0,,,217.4580863,1.14E-13,93.50697712,3,1143.352119,0,0,0,116.1645752
15,1,16,0.1016,0,0,1143.352119,,,,0,0,1,1941.590057,1941.590057,0,310.654409,64.46078988,0,,,291.2374639,1941.590057,1863.926454,77.66360226,1941.590057,0,1,0,0,0.156036093,98.44870873,0.96,657.2244686,630.9354898,26.28897874,1,0,0,0.156358611,96.39437758,0.96,642.182794,616.4954822,25.68731176,1,0,0,0.156358611,96.39437758,0.96,642.182794,616.4954822,25.68731176,,,,677.9773256,1863.926454,1724.13197,139.7944841,1863.926454,-4.55E-12,1,0,0,0.393609359,226.499998,0.925,622.1012201,575.4436286,46.65759151,1,0,0,0.393037268,225.7386638,0.925,620.9126171,574.3441708,46.56844628,1,0,0,0.393037268,225.7386638,0.925,620.9126171,574.3441708,46.56844628,0,0,0,0.087248178,0,0.88,0,0,0,1,,,0.101,174.137329,1724.13197,1724.13197,0,53.44809108,0,,,217.4580863,-5.68E-14,93.50697712,3,1143.352119,0,0,0,116.1645752
16,1,17,0.1016,0,0,1143.352119,,,,0,0,1,1941.590057,1941.590057,0,310.654409,64.46078988,0,,,291.2374639,1941.590057,1863.926454,77.66360226,1941.590057,0,1,0,0,0.156036093,98.44870873,0.96,657.2244686,630.9354898,26.28897874,1,0,0,0.156358611,96.39437758,0.96,642.182794,616.4954822,25.68731176,1,0,0,0.156358611,96.39437758,0.96,642.182794,616.4954822,25.68731176,,,,677.9773256,1863.926454,1724.13197,139.7944841,1863.926454,-5.46E-12,1,0,0,0.393609359,226.499998,0.925,622.1012201,575.4436286,46.65759151,1,0,0,0.393037268,225.7386638,0.925,620.9126171,574.3441708,46.56844628,1,0,0,0.393037268,225.7386638,0.925,620.9126171,574.3441708,46.56844628,0,0,0,0.087248178,0,0.88,0,0,0,1,,,0.101,174.137329,1724.13197,1724.13197,0,53.44809108,0,,,217.4580863,-8.53E-14,93.50697712,3,1143.352119,0,0,0,116.1645752
17,1,18,0.15246,1,0,885.268742,,,,0,0,1,1625.064806,1625.064806,0,260.0103689,53.95215155,0,,,252.9706922,1625.064806,1560.062213,65.00259223,1625.064806,0,1,0,0,0.156036093,98.44870873,0.96,657.2244686,630.9354898,26.28897874,1,0,0,0.165592187,78.07669521,0.96,491.1457013,471.4998733,19.64582805,1,0,0,0.167047209,76.44528827,0.96,476.6946358,457.6268503,19.06778543,,,,488.3668437,1560.062213,1425.061447,135.0007669,1560.062213,-3.18E-12,1,0,0,0.342700627,162.7909816,0.913464165,520.0246467,475.0238798,45.00076687,1,0,0,0.342700855,162.7913524,0.91346564,520.0246467,475.0246467,45,1,0,0,0.34269491,162.7845098,0.913463689,520.0129202,475.0129202,45,0,0,0,0.087248178,0,0.88,0,0,0,1,,,0.101,143.9312061,1425.061447,1425.061447,0,44.17690484,0,,,200.0033591,0,86.00144441,3,885.268742,0,0,0,134.9680724
18,1,19,0.15246,1,0,885.268742,,,,0,0,1,1625.064806,1625.064806,0,260.0103689,53.95215155,0,,,252.9706922,1625.064806,1560.062213,65.00259223,1625.064806,0,1,0,0,0.156036093,98.44870873,0.96,657.2244686,630.9354898,26.28897874,1,0,0,0.165592187,78.07669521,0.96,491.1457013,471.4998733,19.64582805,1,0,0,0.167047209,76.44528827,0.96,476.6946358,457.6268503,19.06778543,,,,488.3668437,1560.062213,1425.061447,135.0007669,1560.062213,-5.46E-12,1,0,0,0.342700855,162.7913524,0.91346564,520.0246467,475.0246467,45,1,0,0,0.342700627,162.7909816,0.913464165,520.0246467,475.0238798,45.00076686,1,0,0,0.34269491,162.7845098,0.913463689,520.0129202,475.0129202,45,0,0,0,0.087248178,0,0.88,0,0,0,1,,,0.101,143.9312061,1425.061447,1425.061447,0,44.17690484,0,,,200.0033591,2.84E-14,86.00144441,3,885.268742,0,0,0,134.9680724
19,1,20,0.15246,1,0,885.268742,,,,0,0,1,1625.064806,1625.064806,0,260.0103689,53.95215155,0,,,252.9706922,1625.064806,1560.062213,65.00259223,1625.064806,0,1,0,0,0.156036093,98.44870873,0.96,657.2244686,630.9354898,26.28897874,1,0,0,0.165592187,78.07669521,0.96,491.1457013,471.4998733,19.64582805,1,0,0,0.167047209,76.44528827,0.96,476.6946358,457.6268503,19.06778543,,,,488.3668437,1560.062213,1425.061447,135.0007669,1560.062213,-4.55E-12,1,0,0,0.342700855,162.7913524,0.91346564,520.0246467,475.0246467,45,1,0,0,0.342700627,162.7909816,0.913464165,520.0246467,475.0238798,45.00076687,1,0,0,0.34269491,162.7845098,0.913463689,520.0129202,475.0129202,45,0,0,0,0.087248178,0,0.88,0,0,0,1,,,0.101,143.9312061,1425.061447,1425.061447,0,44.17690484,0,,,200.0033591,-2.84E-14,86.00144441,3,885.268742,0,0,0,134.9680724
20,1,21,0.15246,1,0,885.268742,,,,0,0,1,1625.064806,1625.064806,0,260.0103689,53.95215155,0,,,252.9706922,1625.064806,1560.062213,65.00259223,1625.064806,0,1,0,0,0.156036093,98.44870873,0.96,657.2244686,630.9354898,26.28897874,1,0,0,0.165592187,78.07669521,0.96,491.1457013,471.4998733,19.64582805,1,0,0,0.167047209,76.44528827,0.96,476.6946358,457.6268503,19.06778543,,,,488.3668437,1560.062213,1425.061447,135.0007669,1560.062213,-4.77E-12,1,0,0,0.342700855,162.7913524,0.91346564,520.0246467,475.0246467,45,1,0,0,0.342700855,162.7913524,0.91346564,520.0246467,475.0246467,45,1,0,0,0.342694682,162.784139,0.913462214,520.0129202,475.0121533,45.00076687,0,0,0,0.087248178,0,0.88,0,0,0,1,,,0.101,143.9312061,1425.061447,1425.061447,0,44.17690484,0,,,200.0033591,2.84E-14,86.00144441,3,885.268742,0,0,0,134.9680724
21,1,22,0.15246,1,0,885.2687421,,,,0,0,1,1625.064806,1625.064806,0,260.0103689,53.95215155,0,,,252.9706922,1625.064806,1560.062213,65.00259223,1625.064806,0,1,0,0,0.156036093,98.44870873,0.96,657.2244686,630.9354898,26.28897874,1,0,0,0.165592187,78.07669521,0.96,491.1457013,471.4998733,19.64582805,1,0,0,0.167047209,76.44528827,0.96,476.6946358,457.6268503,19.06778543,,,,488.3668437,1560.062213,1425.061447,135.0007669,1560.062213,-7.28E-12,1,0,0,0.342700855,162.7913524,0.91346564,520.0246467,475.0246467,45,1,0,0,0.342700627,162.7909816,0.913464165,520.0246467,475.0238798,45.00076685,1,0,0,0.34269491,162.7845098,0.913463689,520.0129202,475.0129202,45,0,0,0,0.087248178,0,0.88,0,0,0,1,,,0.101,143.9312061,1425.061447,1425.061447,0,44.17690485,0,,,200.0033591,0,86.0014444,3,885.2687421,0,0,0,134.9680724
22,1,23,0.1016,0,0,1143.384906,,,,0,0,1,1941.626658,1941.626658,0,310.6602652,64.46200503,0,,,291.2423949,1941.626658,1863.961591,77.66506631,1941.626658,0,1,0,0,0.156036093,98.44870873,0.96,657.2244686,630.9354898,26.28897874,1,0,0,0.15635594,96.40876182,0.96,642.2895951,616.5980113,25.69158381,1,0,0,0.15636037,96.38492439,0.96,642.1125939,616.4280902,25.68450376,,,,678.0018998,1863.961591,1724.164472,139.7971194,1863.961591,-4.55E-13,1,0,0,0.393698595,226.6188654,0.925,622.2866202,575.6151237,46.67149652,1,0,0,0.393698595,226.6188654,0.925,622.2866202,575.6151237,46.67149652,1,0,0,0.392303618,224.764169,0.925,619.3883509,572.9342246,46.45412632,0,0,0,0.087248178,0,0.88,0,0,0,1,,,0.101,174.1406117,1724.164472,1724.164472,0,53.44909863,0,,,217.4621857,2.84E-14,93.50873983,3,1143.384906,0,0,0,116.1679065
23,1,24,0.1016,0,0,1143.384906,,,,0,0,1,1941.626658,1941.626658,0,310.6602652,64.46200503,0,,,291.2423949,1941.626658,1863.961591,77.66506631,1941.626658,0,1,0,0,0.156036093,98.44870873,0.96,657.2244686,630.9354898,26.28897874,1,0,0,0.15635594,96.40876182,0.96,642.2895951,616.5980113,25.69158381,1,0,0,0.15636037,96.38492439,0.96,642.1125939,616.4280902,25.68450376,,,,678.0018998,1863.961591,1724.164472,139.7971194,1863.961591,-7.73E-12,1,0,0,0.393698595,226.6188654,0.925,622.2866202,575.6151237,46.67149652,1,0,0,0.393698595,226.6188654,0.925,622.2866202,575.6151237,46.67149652,1,0,0,0.392303618,224.764169,0.925,619.3883509,572.9342246,46.45412632,0,0,0,0.087248178,0,0.88,0,0,0,1,,,0.101,174.1406117,1724.164472,1724.164472,0,53.44909863,0,,,217.4621857,0,93.50873983,3,1143.384906,0,0,0,116.1679065
24,1,25,0.1016,0,0,1143.384906,,,,0,0,1,1941.626658,1941.626658,0,310.6602652,64.46200503,0,,,291.2423949,1941.626658,1863.961591,77.66506631,1941.626658,0,1,0,0,0.156036093,98.44870873,0.96,657.2244686,630.9354898,26.28897874,1,0,0,0.15635594,96.40876182,0.96,642.2895951,616.5980113,25.69158381,1,0,0,0.15636037,96.38492439,0.96,642.1125939,616.4280902,25.68450376,,,,678.0018998,1863.961591,1724.164472,139.7971194,1863.961591,-1.71E-11,1,0,0,0.393698595,226.6188654,0.925,622.2866202,575.6151237,46.67149652,1,0,0,0.393698595,226.6188654,0.925,622.2866202,575.6151237,46.67149652,1,0,0,0.392303618,224.764169,0.925,619.3883509,572.9342246,46.45412632,0,0,0,0.087248178,0,0.88,0,0,0,1,,,0.101,174.1406117,1724.164472,1724.164472,0,53.44909863,0,,,217.4621857,-2.84E-14,93.50873983,3,1143.384906,0,0,0,116.1679065
25,1,26,0.1016,0,0,1143.384906,,,,0,0,1,1941.626658,1941.626658,0,310.6602652,64.46200503,0,,,291.2423949,1941.626658,1863.961591,77.66506631,1941.626658,0,1,0,0,0.156036093,98.44870873,0.96,657.2244686,630.9354898,26.28897874,1,0,0,0.15635594,96.40876182,0.96,642.2895951,616.5980113,25.69158381,1,0,0,0.15636037,96.38492439,0.96,642.1125939,616.4280902,25.68450376,,,,678.0018998,1863.961591,1724.164472,139.7971194,1863.961591,-4.32E-12,1,0,0,0.393698595,226.6188654,0.925,622.2866202,575.6151237,46.67149652,1,0,0,0.393698595,226.6188654,0.925,622.2866202,575.6151237,46.67149652,1,0,0,0.392303618,224.764169,0.925,619.3883509,572.9342246,46.45412632,0,0,0,0.087248178,0,0.88,0,0,0,1,,,0.101,174.1406117,1724.164472,1724.164472,0,53.44909863,0,,,217.4621857,-5.68E-14,93.50873983,3,1143.384906,0,0,0,116.1679065
26,1,27,0.1016,0,0,1143.384906,,,,0,0,1,1941.626658,1941.626658,0,310.6602652,64.46200503,0,,,291.2423949,1941.626658,1863.961591,77.66506631,1941.626658,0,1,0,0,0.156036093,98.44870873,0.96,657.2244686,630.9354898,26.28897874,1,0,0,0.15635594,96.40876182,0.96,642.2895951,616.5980113,25.69158381,1,0,0,0.15636037,96.38492439,0.96,642.1125939,616.4280902,25.68450376,,,,678.0018998,1863.961591,1724.164472,139.7971194,1863.961591,-2.57E-11,1,0,0,0.393698595,226.6188654,0.925,622.2866202,575.6151237,46.67149652,1,0,0,0.393698595,226.6188654,0.925,622.2866202,575.6151237,46.67149652,1,0,0,0.392303618,224.764169,0.925,619.3883509,572.9342246,46.45412632,0,0,0,0.087248178,0,0.88,0,0,0,1,,,0.101,174.1406117,1724.164472,1724.164472,0,53.44909863,0,,,217.4621857,-5.68E-14,93.50873983,3,1143.384906,0,0,0,116.1679065
27,1,28,0.1016,0,0,1143.384906,,,,0,0,1,1941.626658,1941.626658,0,310.6602652,64.46200503,0,,,291.2423949,1941.626658,1863.961591,77.66506631,1941.626658,0,1,0,0,0.156036093,98.44870873,0.96,657.2244686,630.9354898,26.28897874,1,0,0,0.15635594,96.40876182,0.96,642.2895951,616.5980113,25.69158381,1,0,0,0.15636037,96.38492439,0.96,642.1125939,616.4280902,25.68450376,,,,678.0018998,1863.961591,1724.164472,139.7971194,1863.961591,-2.27E-12,1,0,0,0.393698595,226.6188654,0.925,622.2866202,575.6151237,46.67149652,1,0,0,0.393698595,226.6188654,0.925,622.2866202,575.6151237,46.67149652,1,0,0,0.392303618,224.764169,0.925,619.3883509,572.9342246,46.45412632,0,0,0,0.087248178,0,0.88,0,0,0,1,,,0.101,174.1406117,1724.164472,1724.164472,0,53.44909863,0,,,217.4621857,5.68E-14,93.50873983,3,1143.384906,0,0,0,116.1679065
28,1,29,0.1016,0,0,1143.384906,,,,0,0,1,1941.626658,1941.626658,0,310.6602652,64.46200503,0,,,291.2423949,1941.626658,1863.961591,77.66506631,1941.626658,0,1,0,0,0.156036093,98.44870873,0.96,657.2244686,630.9354898,26.28897874,1,0,0,0.15635594,96.40876182,0.96,642.2895951,616.5980113,25.69158381,1,0,0,0.15636037,96.38492439,0.96,642.1125939,616.4280902,25.68450376,,,,678.0018998,1863.961591,1724.164472,139.7971194,1863.961591,-5.46E-12,1,0,0,0.393698595,226.6188654,0.925,622.2866202,575.6151237,46.67149652,1,0,0,0.393698595,226.6188654,0.925,622.2866202,575.6151237,46.67149652,1,0,0,0.392303618,224.764169,0.925,619.3883509,572.9342246,46.45412632,0,0,0,0.087248178,0,0.88,0,0,0,1,,,0.101,174.1406117,1724.164472,1724.164472,0,53.44909863,0,,,217.4621857,5.68E-14,93.50873983,3,1143.384906,0,0,0,116.1679065
29,1,30,0.1016,0,0,1143.384906,,,,0,0,1,1941.626658,1941.626658,0,310.6602652,64.46200503,0,,,291.2423949,1941.626658,1863.961591,77.66506631,1941.626658,0,1,0,0,0.156036093,98.44870873,0.96,657.2244686,630.9354898,26.28897874,1,0,0,0.15635594,96.40876182,0.96,642.2895951,616.5980113,25.69158381,1,0,0,0.15636037,96.38492439,0.96,642.1125939,616.4280902,25.68450376,,,,678.0018998,1863.961591,1724.164472,139.7971194,1863.961591,-6.59E-12,1,0,0,0.393698595,226.6188654,0.925,622.2866202,575.6151237,46.67149652,1,0,0,0.393698595,226.6188654,0.925,622.2866202,575.6151237,46.67149652,1,0,0,0.392303618,224.764169,0.925,619.3883509,572.9342246,46.45412632,0,0,0,0.087248178,0,0.88,0,0,0,1,,,0.101,174.1406117,1724.164472,1724.164472,0,53.44909863,0,,,217.4621857,-8.53E-14,93.50873983,3,1143.384906,0,0,0,116.1679065
30,1,31,0.1016,0,0,1143.384906,,,,0,0,1,1941.626658,1941.626658,0,310.6602652,64.46200503,0,,,291.2423949,1941.626658,1863.961591,77.66506631,1941.626658,0,1,0,0,0.156036093,98.44870873,0.96,657.2244686,630.9354898,26.28897874,1,0,0,0.15635594,96.40876182,0.96,642.2895951,616.5980113,25.69158381,1,0,0,0.15636037,96.38492439,0.96,642.1125939,616.4280902,25.68450376,,,,678.0018998,1863.961591,1724.164472,139.7971194,1863.961591,-1.36E-12,1,0,0,0.393698595,226.6188654,0.925,622.2866202,575.6151237,46.67149652,1,0,0,0.393698595,226.6188654,0.925,622.2866202,575.6151237,46.67149652,1,0,0,0.392303618,224.764169,0.925,619.3883509,572.9342246,46.45412632,0,0,0,0.087248178,0,0.88,0,0,0,1,,,0.101,174.1406117,1724.164472,1724.164472,0,53.44909863,0,,,217.4621857,-1.14E-13,93.50873983,3,1143.384906,0,0,0,116.1679065
31,1,32,0.1016,0,0,1143.384906,,,,0,0,1,1941.626658,1941.626658,0,310.6602652,64.46200503,0,,,291.2423949,1941.626658,1863.961591,77.66506631,1941.626658,0,1,0,0,0.156036093,98.44870873,0.96,657.2244686,630.9354898,26.28897874,1,0,0,0.15635594,96.40876182,0.96,642.2895951,616.5980113,25.69158381,1,0,0,0.15636037,96.38492439,0.96,642.1125939,616.4280902,25.68450376,,,,678.0018998,1863.961591,1724.164472,139.7971194,1863.961591,-3.57E-11,1,0,0,0.393698595,226.6188654,0.925,622.2866202,575.6151237,46.67149652,1,0,0,0.393698595,226.6188654,0.925,622.2866202,575.6151237,46.67149652,1,0,0,0.392303618,224.764169,0.925,619.3883509,572.9342246,46.45412632,0,0,0,0.087248178,0,0.88,0,0,0,1,,,0.101,174.1406117,1724.164472,1724.164472,0,53.44909863,0,,,217.4621857,-5.68E-14,93.50873983,3,1143.384906,0,0,0,116.1679065
32,1,33,0.1016,0,0,1143.384906,,,,0,0,1,1941.626658,1941.626658,0,310.6602652,64.46200503,0,,,291.2423949,1941.626658,1863.961591,77.66506631,1941.626658,0,1,0,0,0.156036093,98.44870873,0.96,657.2244686,630.9354898,26.28897874,1,0,0,0.15635594,96.40876182,0.96,642.2895951,616.5980113,25.69158381,1,0,0,0.15636037,96.38492439,0.96,642.1125939,616.4280902,25.68450376,,,,678.0018998,1863.961591,1724.164472,139.7971194,1863.961591,-5.23E-12,1,0,0,0.393698595,226.6188654,0.925,622.2866202,575.6151237,46.67149652,1,0,0,0.393698595,226.6188654,0.925,622.2866202,575.6151237,46.67149652,1,0,0,0.392303618,224.764169,0.925,619.3883509,572.9342246,46.45412632,0,0,0,0.087248178,0,0.88,0,0,0,1,,,0.101,174.1406117,1724.164472,1724.164472,0,53.44909863,0,,,217.4621857,-5.68E-14,93.50873983,3,1143.384906,0,0,0,116.1679065
33,1,34,0.1016,0,0,1143.384906,,,,0,0,1,1941.626658,1941.626658,0,310.6602652,64.46200503,0,,,291.2423949,1941.626658,1863.961591,77.66506631,1941.626658,0,1,0,0,0.156036093,98.44870873,0.96,657.2244686,630.9354898,26.28897874,1,0,0,0.15635594,96.40876182,0.96,642.2895951,616.5980113,25.69158381,1,0,0,0.15636037,96.38492439,0.96,642.1125939,616.4280902,25.68450376,,,,678.0018998,1863.961591,1724.164472,139.7971194,1863.961591,-5.91E-12,1,0,0,0.393698595,226.6188654,0.925,622.2866202,575.6151237,46.67149652,1,0,0,0.393698595,226.6188654,0.925,622.2866202,575.6151237,46.67149652,1,0,0,0.392303618,224.764169,0.925,619.3883509,572.9342246,46.45412632,0,0,0,0.087248178,0,0.88,0,0,0,1,,,0.101,174.1406117,1724.164472,1724.164472,0,53.44909863,0,,,217.4621857,-5.68E-14,93.50873983,3,1143.384906,0,0,0,116.1679065
34,1,35,0.1016,0,0,1143.384906,,,,0,0,1,1941.626658,1941.626658,0,310.6602652,64.46200503,0,,,291.2423949,1941.626658,1863.961591,77.66506631,1941.626658,0,1,0,0,0.156036093,98.44870873,0.96,657.2244686,630.9354898,26.28897874,1,0,0,0.15635594,96.40876182,0.96,642.2895951,616.5980113,25.69158381,1,0,0,0.15636037,96.38492439,0.96,642.1125939,616.4280902,25.68450376,,,,678.0018998,1863.961591,1724.164472,139.7971194,1863.961591,4.34E-09,1,0,0,0.393698595,226.6188654,0.925,622.2866202,575.6151237,46.67149651,1,0,0,0.393698595,226.6188654,0.925,622.2866202,575.6151237,46.67149652,1,0,0,0.392303618,224.764169,0.925,619.3883509,572.9342246,46.45412632,0,0,0,0.087248178,0,0.88,0,0,0,1,,,0.101,174.1406117,1724.164472,1724.164472,0,53.44909863,0,,,217.4621857,-1.42E-13,93.50873983,3,1143.384906,0,0,0,116.1679065
35,1,36,0.1016,0,0,1143.384906,,,,0,0,1,1941.626658,1941.626658,0,310.6602652,64.46200503,0,,,291.2423949,1941.626658,1863.961591,77.66506631,1941.626658,0,1,0,0,0.156036093,98.44870873,0.96,657.2244686,630.9354898,26.28897874,1,0,0,0.15635594,96.40876182,0.96,642.2895951,616.5980113,25.69158381,1,0,0,0.15636037,96.38492439,0.96,642.1125939,616.4280902,25.68450376,,,,678.0018998,1863.961591,1724.164472,139.7971194,1863.961591,-7.05E-12,1,0,0,0.393698595,226.6188654,0.925,622.2866202,575.6151237,46.67149652,1,0,0,0.393698595,226.6188654,0.925,622.2866202,575.6151237,46.67149652,1,0,0,0.392303618,224.764169,0.925,619.3883509,572.9342246,46.45412632,0,0,0,0.087248178,0,0.88,0,0,0,1,,,0.101,174.1406117,1724.164472,1724.164472,0,53.44909863,0,,,217.4621857,-1.42E-13,93.50873983,3,1143.384906,0,0,0,116.1679065
36,1,37,0.1016,0,0,1143.384906,,,,0,0,1,1941.626658,1941.626658,0,310.6602652,64.46200503,0,,,291.2423949,1941.626658,1863.961591,77.66506631,1941.626658,0,1,0,0,0.156036093,98.44870873,0.96,657.2244686,630.9354898,26.28897874,1,0,0,0.15635594,96.40876182,0.96,642.2895951,616.5980113,25.69158381,1,0,0,0.15636037,96.38492439,0.96,642.1125939,616.4280902,25.68450376,,,,678.0018998,1863.961591,1724.164472,139.7971194,1863.961591,-8.19E-12,1,0,0,0.393698595,226.6188654,0.925,622.2866202,575.6151237,46.67149652,1,0,0,0.393698595,226.6188654,0.925,622.2866202,575.6151237,46.67149652,1,0,0,0.392303618,224.764169,0.925,619.3883509,572.9342246,46.45412632,0,0,0,0.087248178,0,0.88,0,0,0,1,,,0.101,174.1406117,1724.164472,1724.164472,0,53.44909863,0,,,217.4621857,0,93.50873983,3,1143.384906,0,0,0,116.1679065
37,1,38,0.1016,0,0,1143.384906,,,,0,0,1,1941.626658,1941.626658,0,310.6602652,64.46200503,0,,,291.2423949,1941.626658,1863.961591,77.66506631,1941.626658,0,1,0,0,0.156036093,98.44870873,0.96,657.2244686,630.9354898,26.28897874,1,0,0,0.15635594,96.40876182,0.96,642.2895951,616.5980113,25.69158381,1,0,0,0.15636037,96.38492439,0.96,642.1125939,616.4280902,25.68450376,,,,678.0018998,1863.961591,1724.164472,139.7971194,1863.961591,-2.82E-11,1,0,0,0.393698595,226.6188654,0.925,622.2866202,575.6151237,46.67149652,1,0,0,0.393698595,226.6188654,0.925,622.2866202,575.6151237,46.67149652,1,0,0,0.392303618,224.764169,0.925,619.3883509,572.9342246,46.45412632,0,0,0,0.087248178,0,0.88,0,0,0,1,,,0.101,174.1406117,1724.164472,1724.164472,0,53.44909863,0,,,217.4621857,0,93.50873983,3,1143.384906,0,0,0,116.1679065
38,1,39,0.1016,0,0,1143.384906,,,,0,0,1,1941.626658,1941.626658,0,310.6602652,64.46200503,0,,,291.2423949,1941.626658,1863.961591,77.66506631,1941.626658,0,1,0,0,0.156036093,98.44870873,0.96,657.2244686,630.9354898,26.28897874,1,0,0,0.15635594,96.40876182,0.96,642.2895951,616.5980113,25.69158381,1,0,0,0.15636037,96.38492439,0.96,642.1125939,616.4280902,25.68450376,,,,678.0018998,1863.961591,1724.164472,139.7971194,1863.961591,-4.09E-12,1,0,0,0.393698595,226.6188654,0.925,622.2866202,575.6151237,46.67149652,1,0,0,0.393698595,226.6188654,0.925,622.2866202,575.6151237,46.67149652,1,0,0,0.392303618,224.764169,0.925,619.3883509,572.9342246,46.45412632,0,0,0,0.087248178,0,0.88,0,0,0,1,,,0.101,174.1406117,1724.164472,1724.164472,0,53.44909863,0,,,217.4621857,8.53E-14,93.50873983,3,1143.384906,0,0,0,116.1679065
39,1,40,0.1016,0,0,1143.384906,,,,0,0,1,1941.626658,1941.626658,0,310.6602652,64.46200503,0,,,291.2423949,1941.626658,1863.961591,77.66506631,1941.626658,0,1,0,0,0.156036093,98.44870873,0.96,657.2244686,630.9354898,26.28897874,1,0,0,0.15635594,96.40876182,0.96,642.2895951,616.5980113,25.69158381,1,0,0,0.15636037,96.38492439,0.96,642.1125939,616.4280902,25.68450376,,,,678.0018998,1863.961591,1724.164472,139.7971194,1863.961591,-1.41E-11,1,0,0,0.393698595,226.6188654,0.925,622.2866202,575.6151237,46.67149652,1,0,0,0.393698595,226.6188654,0.925,622.2866202,575.6151237,46.67149652,1,0,0,0.392303618,224.764169,0.925,619.3883509,572.9342246,46.45412632,0,0,0,0.087248178,0,0.88,0,0,0,1,,,0.101,174.1406117,1724.164472,1724.164472,0,53.44909863,0,,,217.4621857,2.84E-14,93.50873983,3,1143.384906,0,0,0,116.1679065
40,1,41,0.1016,0,0,1143.384906,,,,0,0,1,1941.626658,1941.626658,0,310.6602652,64.46200503,0,,,291.2423949,1941.626658,1863.961591,77.66506631,1941.626658,0,1,0,0,0.156036093,98.44870873,0.96,657.2244686,630.9354898,26.28897874,1,0,0,0.15635594,96.40876182,0.96,642.2895951,616.5980113,25.69158381,1,0,0,0.15636037,96.38492439,0.96,642.1125939,616.4280902,25.68450376,,,,678.0018998,1863.961591,1724.164472,139.7971194,1863.961591,-2.73E-12,1,0,0,0.393698595,226.6188654,0.925,622.2866202,575.6151237,46.67149652,1,0,0,0.393698595,226.6188654,0.925,622.2866202,575.6151237,46.67149652,1,0,0,0.392303618,224.764169,0.925,619.3883509,572.9342246,46.45412632,0,0,0,0.087248178,0,0.88,0,0,0,1,,,0.101,174.1406117,1724.164472,1724.164472,0,53.44909863,0,,,217.4621857,-1.42E-13,93.50873983,3,1143.384906,0,0,0,116.1679065
41,1,42,0.15246,1,0,885.2687428,,,,0,0,1,1625.104603,1625.104603,0,260.0167364,53.95347281,0,,,252.9736839,1625.104603,1560.100419,65.00418411,1625.104603,0,1,0,0,0.156036093,98.44870873,0.96,657.2244686,630.9354898,26.28897874,1,0,0,0.166299364,77.26905141,0.96,483.9982155,464.6382869,19.35992862,1,0,0,0.166311072,77.25592378,0.96,483.8819187,464.5266419,19.35527675,,,,488.3650302,1560.100419,1425.049789,135.0506294,1560.100419,-7.05E-12,1,0,0,0.342690325,162.7720248,0.913369751,520.0334729,474.9828435,45.05062936,1,0,0,0.342705329,162.7965027,0.913467109,520.0334729,475.0334729,45,1,0,0,0.342705329,162.7965027,0.913467109,520.0334729,475.0334729,45,0,0,0,0.087248178,0,0.88,0,0,0,1,,,0.101,143.9300287,1425.049789,1425.049789,0,44.17654347,0,,,200.0548135,0,86.02356979,3,885.2687428,0,0,0,134.9680725
42,1,43,0.15246,1,0,885.2687428,,,,0,0,1,1625.104603,1625.104603,0,260.0167364,53.95347281,0,,,252.9736839,1625.104603,1560.100419,65.00418411,1625.104603,0,1,0,0,0.156036093,98.44870873,0.96,657.2244686,630.9354898,26.28897874,1,0,0,0.166299364,77.26905141,0.96,483.9982155,464.6382869,19.35992862,1,0,0,0.166311072,77.25592378,0.96,483.8819187,464.5266419,19.35527675,,,,488.3650302,1560.100419,1425.049789,135.0506294,1560.100419,-3.64E-12,1,0,0,0.342705329,162.7965027,0.913467109,520.0334729,475.0334729,45,1,0,0,0.342705329,162.7965027,0.913467109,520.0334729,475.0334729,45,1,0,0,0.342690325,162.7720248,0.913369751,520.0334729,474.9828435,45.05062936,0,0,0,0.087248178,0,0.88,0,0,0,1,,,0.101,143.9300287,1425.049789,1425.049789,0,44.17654347,0,,,200.0548135,0,86.02356979,3,885.2687428,0,0,0,134.9680725
43,1,44,0.15246,1,0,885.268743,,,,0,0,1,1625.104603,1625.104603,0,260.0167364,53.95347281,0,,,252.9736839,1625.104603,1560.100419,65.00418411,1625.104603,0,1,0,0,0.156036093,98.44870873,0.96,657.2244686,630.9354898,26.28897874,1,0,0,0.166299364,77.26905141,0.96,483.9982155,464.6382869,19.35992862,1,0,0,0.166311072,77.25592378,0.96,483.8819187,464.5266419,19.35527675,,,,488.3650304,1560.100419,1425.04979,135.0506289,1560.100419,7.80E-11,1,0,0,0.342705079,162.7960946,0.913465486,520.0334729,475.032629,45.00084389,1,0,0,0.342705329,162.7965027,0.913467109,520.0334729,475.0334729,45,1,0,0,0.342690575,162.772433,0.913371374,520.0334729,474.9836878,45.04978502,0,0,0,0.087248178,0,0.88,0,0,0,1,,,0.101,143.9300288,1425.04979,1425.04979,0,44.17654348,0,,,200.054813,-2.84E-14,86.0235696,3,885.268743,0,0,0,134.9680726
44,1,45,0.15246,1,0,885.2687428,,,,0,0,1,1625.104603,1625.104603,0,260.0167364,53.95347281,0,,,252.9736839,1625.104603,1560.100419,65.00418411,1625.104603,0,1,0,0,0.156036093,98.44870873,0.96,657.2244686,630.9354898,26.28897874,1,0,0,0.166299364,77.26905141,0.96,483.9982155,464.6382869,19.35992862,1,0,0,0.166311072,77.25592378,0.96,483.8819187,464.5266419,19.35527675,,,,488.3650302,1560.100419,1425.049789,135.0506294,1560.100419,7.03E-11,1,0,0,0.342705329,162.7965027,0.913467109,520.0334729,475.0334729,45,1,0,0,0.342690325,162.7720249,0.913369751,520.0334729,474.9828435,45.05062935,1,0,0,0.342705329,162.7965027,0.913467109,520.0334729,475.0334729,45,0,0,0,0.087248178,0,0.88,0,0,0,1,,,0.101,143.9300287,1425.049789,1425.049789,0,44.17654347,0,,,200.0548135,-1.14E-13,86.02356979,3,885.2687428,0,0,0,134.9680725
45,1,46,0.15246,1,0,885.2687428,,,,0,0,1,1625.104603,1625.104603,0,260.0167364,53.95347281,0,,,252.9736839,1625.104603,1560.100419,65.00418411,1625.104603,0,1,0,0,0.156036093,98.44870873,0.96,657.2244686,630.9354898,26.28897874,1,0,0,0.166299364,77.26905141,0.96,483.9982155,464.6382869,19.35992862,1,0,0,0.166311072,77.25592378,0.96,483.8819187,464.5266419,19.35527675,,,,488.3650302,1560.100419,1425.049789,135.0506294,1560.100419,5.78E-11,1,0,0,0.342690325,162.7720248,0.913369751,520.0334729,474.9828435,45.05062936,1,0,0,0.342705329,162.7965027,0.913467109,520.0334729,475.0334729,45,1,0,0,0.342705329,162.7965027,0.913467109,520.0334729,475.0334729,45,0,0,0,0.087248178,0,0.88,0,0,0,1,,,0.101,143.9300287,1425.049789,1425.049789,0,44.17654347,0,,,200.0548135,2.84E-14,86.02356979,3,885.2687428,0,0,0,134.9680725
46,1,47,0.1016,0,0,1143.367438,,,,0,0,1,1941.603053,1941.603053,0,310.6564884,64.46122135,0,,,291.2392141,1941.603053,1863.938931,77.66412211,1941.603053,0,1,0,0,0.156036093,98.44870873,0.96,657.2244686,630.9354898,26.28897874,1,0,0,0.156358449,96.39525268,0.96,642.1892921,616.5017204,25.68757168,1,0,0,0.156358449,96.39525268,0.96,642.1892921,616.5017204,25.68757168,,,,677.9897298,1863.938931,1724.143511,139.7954198,1863.938931,-3.18E-12,1,0,0,0.394524933,227.7210534,0.925,624.0034585,577.2031991,46.80025939,1,0,0,0.392582484,225.1343382,0.925,619.9677361,573.4701559,46.49758021,1,0,0,0.392582484,225.1343382,0.925,619.9677361,573.4701559,46.49758021,0,0,0,0.087248178,0,0.88,0,0,0,1,,,0.101,174.1384946,1724.143511,1724.143511,0,53.44844884,0,,,217.4595419,-5.68E-14,93.50760302,3,1143.367438,0,0,0,116.1661317
47,1,48,0.1016,0,0,1143.367438,,,,0,0,1,1941.603053,1941.603053,0,310.6564884,64.46122135,0,,,291.2392141,1941.603053,1863.938931,77.66412211,1941.603053,0,1,0,0,0.156036093,98.44870873,0.96,657.2244686,630.9354898,26.28897874,1,0,0,0.156358449,96.39525268,0.96,642.1892921,616.5017204,25.68757168,1,0,0,0.156358449,96.39525268,0.96,642.1892921,616.5017204,25.68757168,,,,677.9897298,1863.938931,1724.143511,139.7954198,1863.938931,-2.96E-12,1,0,0,0.394524933,227.7210534,0.925,624.0034585,577.2031991,46.80025939,1,0,0,0.392582484,225.1343382,0.925,619.9677361,573.4701559,46.49758021,1,0,0,0.392582484,225.1343382,0.925,619.9677361,573.4701559,46.49758021,0,0,0,0.087248178,0,0.88,0,0,0,1,,,0.101,174.1384946,1724.143511,1724.143511,0,53.44844884,0,,,217.4595419,5.68E-14,93.50760302,3,1143.367438,0,0,0,116.1661317
48,1,49,0.1016,0,0,1143.367438,,,,0,0,1,1941.603053,1941.603053,0,310.6564884,64.46122135,0,,,291.2392141,1941.603053,1863.938931,77.66412211,1941.603053,0,1,0,0,0.156036093,98.44870873,0.96,657.2244686,630.9354898,26.28897874,1,0,0,0.156358449,96.39525268,0.96,642.1892921,616.5017204,25.68757168,1,0,0,0.156358449,96.39525268,0.96,642.1892921,616.5017204,25.68757168,,,,677.9897298,1863.938931,1724.143511,139.7954198,1863.938931,-2.96E-12,1,0,0,0.394524933,227.7210534,0.925,624.0034585,577.2031991,46.80025939,1,0,0,0.392582484,225.1343382,0.925,619.9677361,573.4701559,46.49758021,1,0,0,0.392582484,225.1343382,0.925,619.9677361,573.4701559,46.49758021,0,0,0,0.087248178,0,0.88,0,0,0,1,,,0.101,174.1384946,1724.143511,1724.143511,0,53.44844884,0,,,217.4595419,1.42E-13,93.50760302,3,1143.367438,0,0,0,116.1661317
49,1,50,0.1016,0,0,1143.367438,,,,0,0,1,1941.603053,1941.603053,0,310.6564884,64.46122135,0,,,291.2392141,1941.603053,1863.938931,77.66412211,1941.603053,0,1,0,0,0.156036093,98.44870873,0.96,657.2244686,630.9354898,26.28897874,1,0,0,0.156358449,96.39525268,0.96,642.1892921,616.5017204,25.68757168,1,0,0,0.156358449,96.39525268,0.96,642.1892921,616.5017204,25.68757168,,,,677.9897298,1863.938931,1724.143511,139.7954198,1863.938931,-1.32E-11,1,0,0,0.394524933,227.7210534,0.925,624.0034585,577.2031991,46.80025939,1,0,0,0.392582484,225.1343382,0.925,619.9677361,573.4701559,46.49758021,1,0,0,0.392582484,225.1343382,0.925,619.9677361,573.4701559,46.49758021,0,0,0,0.087248178,0,0.88,0,0,0,1,,,0.101,174.1384946,1724.143511,1724.143511,0,53.44844884,0,,,217.4595419,-5.68E-14,93.50760302,3,1143.367438,0,0,0,116.1661317
50,1,51,0.1016,0,0,1143.367438,,,,0,0,1,1941.603053,1941.603053,0,310.6564884,64.46122135,0,,,291.2392141,1941.603053,1863.938931,77.66412211,1941.603053,0,1,0,0,0.156036093,98.44870873,0.96,657.2244686,630.9354898,26.28897874,1,0,0,0.156358449,96.39525268,0.96,642.1892921,616.5017204,25.68757168,1,0,0,0.156358449,96.39525268,0.96,642.1892921,616.5017204,25.68757168,,,,677.9897298,1863.938931,1724.143511,139.7954198,1863.938931,-4.09E-12,1,0,0,0.394524933,227.7210534,0.925,624.0034585,577.2031991,46.80025939,1,0,0,0.392582484,225.1343382,0.925,619.9677361,573.4701559,46.49758021,1,0,0,0.392582484,225.1343382,0.925,619.9677361,573.4701559,46.49758021,0,0,0,0.087248178,0,0.88,0,0,0,1,,,0.101,174.1384946,1724.143511,1724.143511,0,53.44844884,0,,,217.4595419,5.68E-14,93.50760302,3,1143.367438,0,0,0,116.1661317
51,1,52,0.1016,0,0,1143.367438,,,,0,0,1,1941.603053,1941.603053,0,310.6564884,64.46122135,0,,,291.2392141,1941.603053,1863.938931,77.66412211,1941.603053,0,1,0,0,0.156036093,98.44870873,0.96,657.2244686,630.9354898,26.28897874,1,0,0,0.156358449,96.39525268,0.96,642.1892921,616.5017204,25.68757168,1,0,0,0.156358449,96.39525268,0.96,642.1892921,616.5017204,25.68757168,,,,677.9897298,1863.938931,1724.143511,139.7954198,1863.938931,-3.87E-12,1,0,0,0.394524933,227.7210534,0.925,624.0034585,577.2031991,46.80025939,1,0,0,0.392582484,225.1343382,0.925,619.9677361,573.4701559,46.49758021,1,0,0,0.392582484,225.1343382,0.925,619.9677361,573.4701559,46.49758021,0,0,0,0.087248178,0,0.88,0,0,0,1,,,0.101,174.1384946,1724.143511,1724.143511,0,53.44844884,0,,,217.4595419,-1.14E-13,93.50760302,3,1143.367438,0,0,0,116.1661317
52,1,53,0.1016,0,0,1143.367438,,,,0,0,1,1941.603053,1941.603053,0,310.6564884,64.46122135,0,,,291.2392141,1941.603053,1863.938931,77.66412211,1941.603053,0,1,0,0,0.156036093,98.44870873,0.96,657.2244686,630.9354898,26.28897874,1,0,0,0.156358449,96.39525268,0.96,642.1892921,616.5017204,25.68757168,1,0,0,0.156358449,96.39525268,0.96,642.1892921,616.5017204,25.68757168,,,,677.9897298,1863.938931,1724.143511,139.7954198,1863.938931,-6.37E-12,1,0,0,0.394524933,227.7210534,0.925,624.0034585,577.2031991,46.80025939,1,0,0,0.392582484,225.1343382,0.925,619.9677361,573.4701559,46.49758021,1,0,0,0.392582484,225.1343382,0.925,619.9677361,573.4701559,46.49758021,0,0,0,0.087248178,0,0.88,0,0,0,1,,,0.101,174.1384946,1724.143511,1724.143511,0,53.44844884,0,,,217.4595419,-1.14E-13,93.50760302,3,1143.367438,0,0,0,116.1661317
53,1,54,0.1016,0,0,1143.367438,,,,0,0,1,1941.603053,1941.603053,0,310.6564884,64.46122135,0,,,291.2392141,1941.603053,1863.938931,77.66412211,1941.603053,0,1,0,0,0.156036093,98.44870873,0.96,657.2244685,630.9354898,26.28897874,1,0,0,0.156358449,96.39525268,0.96,642.1892921,616.5017204,25.68757168,1,0,0,0.156358449,96.39525268,0.96,642.1892921,616.5017204,25.68757168,,,,677.9897297,1863.938931,1724.143511,139.7954198,1863.938931,-3.07E-11,1,0,0,0.394524933,227.7210534,0.925,624.0034585,577.2031991,46.80025939,1,0,0,0.392582484,225.1343382,0.925,619.9677361,573.4701559,46.49758021,1,0,0,0.392582484,225.1343381,0.925,619.967736,573.4701558,46.4975802,0,0,0,0.087248178,0,0.88,0,0,0,1,,,0.101,174.1384946,1724.143511,1724.143511,0,53.44844883,0,,,217.4595419,5.68E-14,93.50760302,3,1143.367438,0,0,0,116.1661317
54,1,55,0.1016,0,0,1143.367438,,,,0,0,1,1941.603053,1941.603053,0,310.6564884,64.46122135,0,,,291.2392141,1941.603053,1863.938931,77.66412211,1941.603053,0,1,0,0,0.156036093,98.44870872,0.96,657.2244685,630.9354898,26.28897874,1,0,0,0.156358449,96.39525268,0.96,642.1892921,616.5017204,25.68757168,1,0,0,0.156358449,96.39525268,0.96,642.1892921,616.5017204,25.68757168,,,,677.9897298,1863.938931,1724.143511,139.7954198,1863.938931,0,1,0,0,0.394524933,227.7210534,0.925,624.0034585,577.2031991,46.80025939,1,0,0,0.392582484,225.1343382,0.925,619.9677361,573.4701559,46.49758021,1,0,0,0.392582484,225.1343382,0.925,619.9677361,573.4701559,46.49758021,0,0,0,0.087248178,0,0.88,0,0,0,1,,,0.101,174.1384946,1724.143511,1724.143511,0,53.44844884,0,,,217.4595419,0,93.50760302,3,1143.367438,0,0,0,116.1661317
55,1,56,0.1016,0,0,1143.367438,,,,0,0,1,1941.603053,1941.603053,0,310.6564884,64.46122135,0,,,291.2392141,1941.603053,1863.938931,77.66412211,1941.603053,0,1,0,0,0.156036093,98.44870873,0.96,657.2244686,630.9354898,26.28897874,1,0,0,0.156358449,96.39525268,0.96,642.1892921,616.5017204,25.68757168,1,0,0,0.156358449,96.39525268,0.96,642.1892921,616.5017204,25.68757168,,,,677.9897298,1863.938931,1724.143511,139.7954198,1863.938931,-4.55E-12,1,0,0,0.394524933,227.7210534,0.925,624.0034585,577.2031991,46.80025939,1,0,0,0.392582484,225.1343382,0.925,619.9677361,573.4701559,46.49758021,1,0,0,0.392582484,225.1343382,0.925,619.9677361,573.4701559,46.49758021,0,0,0,0.087248178,0,0.88,0,0,0,1,,,0.101,174.1384946,1724.143511,1724.143511,0,53.44844884,0,,,217.4595419,-2.84E-14,93.50760302,3,1143.367438,0,0,0,116.1661317
56,1,57,0.1016,0,0,1143.367438,,,,0,0,1,1941.603053,1941.603053,0,310.6564884,64.46122135,0,,,291.2392141,1941.603053,1863.938931,77.66412211,1941.603053,0,1,0,0,0.156036093,98.44870873,0.96,657.2244686,630.9354898,26.28897874,1,0,0,0.156358449,96.39525268,0.96,642.1892921,616.5017204,25.68757168,1,0,0,0.156358449,96.39525268,0.96,642.1892921,616.5017204,25.68757168,,,,677.9897298,1863.938931,1724.143511,139.7954198,1863.938931,-1.18E-11,1,0,0,0.394524933,227.7210534,0.925,624.0034585,577.2031991,46.80025939,1,0,0,0.392582484,225.1343382,0.925,619.9677361,573.4701559,46.49758021,1,0,0,0.392582484,225.1343382,0.925,619.9677361,573.4701559,46.49758021,0,0,0,0.087248178,0,0.88,0,0,0,1,,,0.101,174.1384946,1724.143511,1724.143511,0,53.44844884,0,,,217.4595419,-8.53E-14,93.50760302,3,1143.367438,0,0,0,116.1661317
57,1,58,0.1016,0,0,1143.367438,,,,0,0,1,1941.603053,1941.603053,0,310.6564884,64.46122135,0,,,291.2392141,1941.603053,1863.938931,77.66412211,1941.603053,0,1,0,0,0.156036093,98.44870873,0.96,657.2244686,630.9354898,26.28897874,1,0,0,0.156358449,96.39525268,0.96,642.1892921,616.5017204,25.68757168,1,0,0,0.156358449,96.39525268,0.96,642.1892921,616.5017204,25.68757168,,,,677.9897298,1863.938931,1724.143511,139.7954198,1863.938931,-4.55E-12,1,0,0,0.394524933,227.7210534,0.925,624.0034585,577.2031991,46.80025939,1,0,0,0.392582484,225.1343382,0.925,619.9677361,573.4701559,46.49758021,1,0,0,0.392582484,225.1343382,0.925,619.9677361,573.4701559,46.49758021,0,0,0,0.087248178,0,0.88,0,0,0,1,,,0.101,174.1384946,1724.143511,1724.143511,0,53.44844884,0,,,217.4595419,-8.53E-14,93.50760302,3,1143.367438,0,0,0,116.1661317
58,1,59,0.1016,0,0,1143.367438,,,,0,0,1,1941.603053,1941.603053,0,310.6564884,64.46122135,0,,,291.2392141,1941.603053,1863.938931,77.66412211,1941.603053,0,1,0,0,0.156036093,98.44870873,0.96,657.2244686,630.9354898,26.28897874,1,0,0,0.156358449,96.39525268,0.96,642.1892921,616.5017204,25.68757168,1,0,0,0.156358449,96.39525268,0.96,642.1892921,616.5017204,25.68757168,,,,677.9897298,1863.938931,1724.143511,139.7954198,1863.938931,-2.96E-12,1,0,0,0.394524933,227.7210534,0.925,624.0034585,577.2031991,46.80025939,1,0,0,0.392582484,225.1343382,0.925,619.9677361,573.4701559,46.49758021,1,0,0,0.392582484,225.1343382,0.925,619.9677361,573.4701559,46.49758021,0,0,0,0.087248178,0,0.88,0,0,0,1,,,0.101,174.1384946,1724.143511,1724.143511,0,53.44844884,0,,,217.4595419,1.14E-13,93.50760302,3,1143.367438,0,0,0,116.1661317
59,1,60,0.1016,0,0,1143.367438,,,,0,0,1,1941.603053,1941.603053,0,310.6564884,64.46122135,0,,,291.2392141,1941.603053,1863.938931,77.66412211,1941.603053,0,1,0,0,0.156036093,98.44870873,0.96,657.2244686,630.9354898,26.28897874,1,0,0,0.156358449,96.39525268,0.96,642.1892921,616.5017204,25.68757168,1,0,0,0.156358449,96.39525268,0.96,642.1892921,616.5017204,25.68757168,,,,677.9897298,1863.938931,1724.143511,139.7954198,1863.938931,-2.73E-12,1,0,0,0.394524933,227.7210534,0.925,624.0034585,577.2031991,46.80025939,1,0,0,0.392582484,225.1343382,0.925,619.9677361,573.4701559,46.49758021,1,0,0,0.392582484,225.1343382,0.925,619.9677361,573.4701559,46.49758021,0,0,0,0.087248178,0,0.88,0,0,0,1,,,0.101,174.1384946,1724.143511,1724.143511,0,53.44844884,0,,,217.4595419,-5.68E-14,93.50760302,3,1143.367438,0,0,0,116.1661317
60,1,61,0.1016,0,0,1143.367438,,,,0,0,1,1941.603053,1941.603053,0,310.6564884,64.46122135,0,,,291.2392141,1941.603053,1863.938931,77.66412211,1941.603053,0,1,0,0,0.156036093,98.44870873,0.96,657.2244686,630.9354898,26.28897874,1,0,0,0.156358449,96.39525268,0.96,642.1892921,616.5017204,25.68757168,1,0,0,0.156358449,96.39525268,0.96,642.1892921,616.5017204,25.68757168,,,,677.9897298,1863.938931,1724.143511,139.7954198,1863.938931,-2.09E-11,1,0,0,0.394524933,227.7210534,0.925,624.0034585,577.2031991,46.80025939,1,0,0,0.392582484,225.1343382,0.925,619.9677361,573.4701559,46.49758021,1,0,0,0.392582484,225.1343382,0.925,619.9677361,573.4701559,46.49758021,0,0,0,0.087248178,0,0.88,0,0,0,1,,,0.101,174.1384946,1724.143511,1724.143511,0,53.44844884,0,,,217.4595419,1.14E-13,93.50760302,3,1143.367438,0,0,0,116.1661317
61,1,62,0.1016,0,0,1143.367438,,,,0,0,1,1941.603053,1941.603053,0,310.6564884,64.46122135,0,,,291.2392141,1941.603053,1863.938931,77.66412211,1941.603053,0,1,0,0,0.156036093,98.44870873,0.96,657.2244686,630.9354898,26.28897874,1,0,0,0.156358449,96.39525268,0.96,642.1892921,616.5017204,25.68757168,1,0,0,0.156358449,96.39525268,0.96,642.1892921,616.5017204,25.68757168,,,,677.9897298,1863.938931,1724.143511,139.7954198,1863.938931,-7.73E-12,1,0,0,0.394524933,227.7210534,0.925,624.0034585,577.2031991,46.80025939,1,0,0,0.392582484,225.1343382,0.925,619.9677361,573.4701559,46.49758021,1,0,0,0.392582484,225.1343382,0.925,619.9677361,573.4701559,46.49758021,0,0,0,0.087248178,0,0.88,0,0,0,1,,,0.101,174.1384946,1724.143511,1724.143511,0,53.44844884,0,,,217.4595419,-1.14E-13,93.50760302,3,1143.367438,0,0,0,116.1661317
62,1,63,0.1016,0,0,1143.367438,,,,0,0,1,1941.603053,1941.603053,0,310.6564884,64.46122135,0,,,291.2392141,1941.603053,1863.938931,77.66412211,1941.603053,0,1,0,0,0.156036093,98.44870873,0.96,657.2244686,630.9354898,26.28897874,1,0,0,0.156358449,96.39525268,0.96,642.1892921,616.5017204,25.68757168,1,0,0,0.156358449,96.39525268,0.96,642.1892921,616.5017204,25.68757168,,,,677.9897298,1863.938931,1724.143511,139.7954198,1863.938931,-7.73E-12,1,0,0,0.394524933,227.7210534,0.925,624.0034585,577.2031991,46.80025939,1,0,0,0.392582484,225.1343382,0.925,619.9677361,573.4701559,46.49758021,1,0,0,0.392582484,225.1343382,0.925,619.9677361,573.4701559,46.49758021,0,0,0,0.087248178,0,0.88,0,0,0,1,,,0.101,174.1384946,1724.143511,1724.143511,0,53.44844884,0,,,217.4595419,-5.68E-14,93.50760302,3,1143.367438,0,0,0,116.1661317
63,1,64,0.1016,0,0,1143.367438,,,,0,0,1,1941.603053,1941.603053,0,310.6564884,64.46122135,0,,,291.2392141,1941.603053,1863.938931,77.66412211,1941.603053,0,1,0,0,0.156036093,98.44870873,0.96,657.2244686,630.9354898,26.28897874,1,0,0,0.156358449,96.39525268,0.96,642.1892921,616.5017204,25.68757168,1,0,0,0.156358449,96.39525268,0.96,642.1892921,616.5017204,25.68757168,,,,677.9897298,1863.938931,1724.143511,139.7954198,1863.938931,-5.00E-12,1,0,0,0.394524933,227.7210534,0.925,624.0034585,577.2031991,46.80025939,1,0,0,0.392582484,225.1343382,0.925,619.9677361,573.4701559,46.49758021,1,0,0,0.392582484,225.1343382,0.925,619.9677361,573.4701559,46.49758021,0,0,0,0.087248178,0,0.88,0,0,0,1,,,0.101,174.1384946,1724.143511,1724.143511,0,53.44844884,0,,,217.4595419,-5.68E-14,93.50760302,3,1143.367438,0,0,0,116.1661317
64,1,65,0.1016,0,0,1143.367438,,,,0,0,1,1941.603053,1941.603053,0,310.6564884,64.46122135,0,,,291.2392141,1941.603053,1863.938931,77.66412211,1941.603053,0,1,0,0,0.156036093,98.44870873,0.96,657.2244686,630.9354898,26.28897874,1,0,0,0.156358449,96.39525268,0.96,642.1892921,616.5017204,25.68757168,1,0,0,0.156358449,96.39525268,0.96,642.1892921,616.5017204,25.68757168,,,,677.9897298,1863.938931,1724.143511,139.7954198,1863.938931,-2.82E-11,1,0,0,0.394524933,227.7210534,0.925,624.0034585,577.2031991,46.80025939,1,0,0,0.392582484,225.1343382,0.925,619.9677361,573.4701559,46.49758021,1,0,0,0.392582484,225.1343382,0.925,619.9677361,573.4701559,46.49758021,0,0,0,0.087248178,0,0.88,0,0,0,1,,,0.101,174.1384946,1724.143511,1724.143511,0,53.44844884,0,,,217.4595419,0,93.50760302,3,1143.367438,0,0,0,116.1661317
65,1,66,0.15246,1,0,885.2186131,,,,0,0,1,1625,1625,0,260,53.95,0,,,252.9627005,1625,1560,65,1625,0,1,0,0,0.156036093,98.44870873,0.96,657.2244686,630.9354898,26.28897874,1,0,0,0.165777692,77.86194369,0.96,489.2467167,469.676848,19.56986867,1,0,0,0.166857002,76.65204809,0.96,478.5288147,459.3876622,19.14115259,,,,488.3309126,1560,1425,135,1560,4.55E-13,1,0,0,0.34268836,162.7769709,0.913461538,520,475,45,1,0,0,0.34268836,162.7769709,0.913461538,520,475,45,1,0,0,0.34268836,162.7769709,0.913461538,520,475,45,0,0,0,0.087248178,0,0.88,0,0,0,1,,,0.101,143.925,1425,1425,0,44.175,0,,,200,-5.68E-14,86,3,885.2186131,0,0,0,134.9604297
66,1,67,0.15246,1,0,885.2186131,,,,0,0,1,1625,1625,0,260,53.95,0,,,252.9627005,1625,1560,65,1625,0,1,0,0,0.156036093,98.44870873,0.96,657.2244686,630.9354898,26.28897874,1,0,0,0.165777692,77.86194369,0.96,489.2467167,469.676848,19.56986867,1,0,0,0.166857002,76.65204809,0.96,478.5288147,459.3876622,19.14115259,,,,488.3309126,1560,1425,135,1560,-1.59E-12,1,0,0,0.34268836,162.7769709,0.913461538,520,475,45,1,0,0,0.34268836,162.7769709,0.913461538,520,475,45,1,0,0,0.34268836,162.7769709,0.913461538,520,475,45,0,0,0,0.087248178,0,0.88,0,0,0,1,,,0.101,143.925,1425,1425,0,44.175,0,,,200,-5.68E-14,86,3,885.2186131,0,0,0,134.9604297
67,1,68,0.15246,1,0,885.2186131,,,,0,0,1,1625,1625,0,260,53.95,0,,,252.9627005,1625,1560,65,1625,0,1,0,0,0.156036093,98.44870873,0.96,657.2244686,630.9354898,26.28897874,1,0,0,0.165777692,77.86194369,0.96,489.2467167,469.676848,19.56986867,1,0,0,0.166857002,76.65204809,0.96,478.5288147,459.3876622,19.14115259,,,,488.3309126,1560,1425,135,1560,9.09E-13,1,0,0,0.34268836,162.7769709,0.913461538,520,475,45,1,0,0,0.34268836,162.7769709,0.913461538,520,475,45,1,0,0,0.34268836,162.7769709,0.913461538,520,475,45,0,0,0,0.087248178,0,0.88,0,0,0,1,,,0.101,143.925,1425,1425,0,44.175,0,,,200,5.68E-14,86,3,885.2186131,0,0,0,134.9604297
68,1,69,0.15246,1,0,885.2186131,,,,0,0,1,1625,1625,0,260,53.95,0,,,252.9627005,1625,1560,65,1625,0,1,0,0,0.156036093,98.44870873,0.96,657.2244686,630.9354898,26.28897874,1,0,0,0.165777692,77.86194369,0.96,489.2467167,469.676848,19.56986867,1,0,0,0.166857002,76.65204809,0.96,478.5288147,459.3876622,19.14115259,,,,488.3309126,1560,1425,135,1560,9.09E-13,1,0,0,0.34268836,162.7769709,0.913461538,520,475,45,1,0,0,0.34268836,162.7769709,0.913461538,520,475,45,1,0,0,0.34268836,162.7769709,0.913461538,520,475,45,0,0,0,0.087248178,0,0.88,0,0,0,1,,,0.101,143.925,1425,1425,0,44.175,0,,,200,5.68E-14,86,3,885.2186131,0,0,0,134.9604297
69,1,70,0.15246,1,0,885.2186131,,,,0,0,1,1625,1625,0,260,53.95,0,,,252.9627005,1625,1560,65,1625,0,1,0,0,0.156036093,98.44870873,0.96,657.2244686,630.9354898,26.28897874,1,0,0,0.165777692,77.86194369,0.96,489.2467167,469.676848,19.56986867,1,0,0,0.166857002,76.65204809,0.96,478.5288147,459.3876622,19.14115259,,,,488.3309126,1560,1425,135,1560,-6.37E-12,1,0,0,0.34268836,162.7769709,0.913461538,520,475,45,1,0,0,0.34268836,162.7769709,0.913461538,520,475,45,1,0,0,0.34268836,162.7769709,0.913461538,520,475,45,0,0,0,0.087248178,0,0.88,0,0,0,1,,,0.101,143.925,1425,1425,0,44.175,0,,,200,1.14E-13,86,3,885.2186131,0,0,0,134.9604297
70,1,71,0.1016,0,0,1143.353579,,,,0,0,1,1941.592217,1941.592217,0,310.6547547,64.46086161,0,,,291.2377548,1941.592217,1863.928528,77.66368868,1941.592217,0,1,0,0,0.156036093,98.44870873,0.96,657.2244686,630.9354898,26.28897874,1,0,0,0.156358584,96.39452305,0.96,642.1838742,616.4965193,25.68735497,1,0,0,0.156358584,96.39452305,0.96,642.1838742,616.4965193,25.68735497,,,,677.9783012,1863.928528,1724.133889,139.7946396,1863.928528,-2.96E-12,1,0,0,0.393304351,226.0939393,0.925,621.4675213,574.8574572,46.6100641,1,0,0,0.393304351,226.0939393,0.925,621.4675213,574.8574572,46.6100641,1,0,0,0.393076191,225.7904226,0.925,620.9934857,574.4189743,46.57451143,0,0,0,0.087248178,0,0.88,0,0,0,1,,,0.101,174.1375228,1724.133889,1724.133889,0,53.44815055,0,,,217.4583283,0,93.50708117,3,1143.353579,0,0,0,116.1647236
71,1,72,0.1016,0,0,1143.353579,,,,0,0,1,1941.592217,1941.592217,0,310.6547547,64.46086161,0,,,291.2377548,1941.592217,1863.928528,77.66368868,1941.592217,0,1,0,0,0.156036093,98.44870873,0.96,657.2244686,630.9354898,26.28897874,1,0,0,0.156358584,96.39452305,0.96,642.1838742,616.4965193,25.68735497,1,0,0,0.156358584,96.39452305,0.96,642.1838742,616.4965193,25.68735497,,,,677.9783012,1863.928528,1724.133889,139.7946396,1863.928528,-3.64E-12,1,0,0,0.393304351,226.0939393,0.925,621.4675213,574.8574572,46.6100641,1,0,0,0.393304351,226.0939393,0.925,621.4675213,574.8574572,46.6100641,1,0,0,0.393076191,225.7904226,0.925,620.9934857,574.4189743,46.57451143,0,0,0,0.087248178,0,0.88,0,0,0,1,,,0.101,174.1375228,1724.133889,1724.133889,0,53.44815055,0,,,217.4583283,-1.14E-13,93.50708117,3,1143.353579,0,0,0,116.1647236
72,1,73,0.1016,0,0,1143.353579,,,,0,0,1,1941.592217,1941.592217,0,310.6547547,64.46086161,0,,,291.2377548,1941.592217,1863.928528,77.66368868,1941.592217,0,1,0,0,0.156036093,98.44870873,0.96,657.2244686,630.9354898,26.28897874,1,0,0,0.156358584,96.39452305,0.96,642.1838742,616.4965193,25.68735497,1,0,0,0.156358584,96.39452305,0.96,642.1838742,616.4965193,25.68735497,,,,677.9783012,1863.928528,1724.133889,139.7946396,1863.928528,-1.27E-11,1,0,0,0.393304351,226.0939393,0.925,621.4675213,574.8574572,46.6100641,1,0,0,0.393304351,226.0939393,0.925,621.4675213,574.8574572,46.6100641,1,0,0,0.393076191,225.7904226,0.925,620.9934857,574.4189743,46.57451143,0,0,0,0.087248178,0,0.88,0,0,0,1,,,0.101,174.1375228,1724.133889,1724.133889,0,53.44815055,0,,,217.4583283,-2.84E-14,93.50708117,3,1143.353579,0,0,0,116.1647236
73,1,74,0.1016,0,0,1143.353579,,,,0,0,1,1941.592217,1941.592217,0,310.6547547,64.46086161,0,,,291.2377548,1941.592217,1863.928528,77.66368868,1941.592217,0,1,0,0,0.156036093,98.44870873,0.96,657.2244686,630.9354898,26.28897874,1,0,0,0.156358584,96.39452305,0.96,642.1838742,616.4965193,25.68735497,1,0,0,0.156358584,96.39452305,0.96,642.1838742,616.4965193,25.68735497,,,,677.9783012,1863.928528,1724.133889,139.7946396,1863.928528,-7.28E-12,1,0,0,0.393304351,226.0939393,0.925,621.4675213,574.8574572,46.6100641,1,0,0,0.393304351,226.0939393,0.925,621.4675213,574.8574572,46.6100641,1,0,0,0.393076191,225.7904226,0.925,620.9934857,574.4189743,46.57451143,0,0,0,0.087248178,0,0.88,0,0,0,1,,,0.101,174.1375228,1724.133889,1724.133889,0,53.44815055,0,,,217.4583283,-2.84E-14,93.50708117,3,1143.353579,0,0,0,116.1647236
74,1,75,0.1016,0,0,1143.353579,,,,0,0,1,1941.592217,1941.592217,0,310.6547547,64.46086161,0,,,291.2377548,1941.592217,1863.928528,77.66368868,1941.592217,0,1,0,0,0.156036093,98.44870873,0.96,657.2244686,630.9354898,26.28897874,1,0,0,0.156358584,96.39452305,0.96,642.1838742,616.4965193,25.68735497,1,0,0,0.156358584,96.39452305,0.96,642.1838742,616.4965193,25.68735497,,,,677.9783012,1863.928528,1724.133889,139.7946396,1863.928528,-3.41E-12,1,0,0,0.393304351,226.0939393,0.925,621.4675213,574.8574572,46.6100641,1,0,0,0.393304351,226.0939393,0.925,621.4675213,574.8574572,46.6100641,1,0,0,0.393076191,225.7904226,0.925,620.9934857,574.4189743,46.57451143,0,0,0,0.087248178,0,0.88,0,0,0,1,,,0.101,174.1375228,1724.133889,1724.133889,0,53.44815055,0,,,217.4583283,0,93.50708117,3,1143.353579,0,0,0,116.1647236
75,1,76,0.1016,0,0,1143.353579,,,,0,0,1,1941.592217,1941.592217,0,310.6547547,64.46086161,0,,,291.2377548,1941.592217,1863.928528,77.66368868,1941.592217,0,1,0,0,0.156036093,98.44870873,0.96,657.2244686,630.9354898,26.28897874,1,0,0,0.156358584,96.39452305,0.96,642.1838742,616.4965193,25.68735497,1,0,0,0.156358584,96.39452305,0.96,642.1838742,616.4965193,25.68735497,,,,677.9783012,1863.928528,1724.133889,139.7946396,1863.928528,-4.77E-12,1,0,0,0.393304351,226.0939393,0.925,621.4675213,574.8574572,46.6100641,1,0,0,0.393304351,226.0939393,0.925,621.4675213,574.8574572,46.6100641,1,0,0,0.393076191,225.7904226,0.925,620.9934857,574.4189743,46.57451143,0,0,0,0.087248178,0,0.88,0,0,0,1,,,0.101,174.1375228,1724.133889,1724.133889,0,53.44815055,0,,,217.4583283,5.68E-14,93.50708117,3,1143.353579,0,0,0,116.1647236
76,1,77,0.1016,0,0,1143.353579,,,,0,0,1,1941.592217,1941.592217,0,310.6547547,64.46086161,0,,,291.2377548,1941.592217,1863.928528,77.66368868,1941.592217,0,1,0,0,0.156036093,98.44870873,0.96,657.2244686,630.9354898,26.28897874,1,0,0,0.156358584,96.39452305,0.96,642.1838742,616.4965193,25.68735497,1,0,0,0.156358584,96.39452305,0.96,642.1838742,616.4965193,25.68735497,,,,677.9783012,1863.928528,1724.133889,139.7946396,1863.928528,1.73E-11,1,0,0,0.393304351,226.0939393,0.925,621.4675213,574.8574572,46.6100641,1,0,0,0.393304351,226.0939393,0.925,621.4675213,574.8574572,46.6100641,1,0,0,0.393076191,225.7904226,0.925,620.9934857,574.4189743,46.57451143,0,0,0,0.087248178,0,0.88,0,0,0,1,,,0.101,174.1375228,1724.133889,1724.133889,0,53.44815055,0,,,217.4583283,5.68E-14,93.50708117,3,1143.353579,0,0,0,116.1647236
77,1,78,0.1016,0,0,1143.353579,,,,0,0,1,1941.592217,1941.592217,0,310.6547547,64.46086161,0,,,291.2377548,1941.592217,1863.928528,77.66368868,1941.592217,0,1,0,0,0.156036093,98.44870873,0.96,657.2244686,630.9354898,26.28897874,1,0,0,0.156358584,96.39452305,0.96,642.1838742,616.4965193,25.68735497,1,0,0,0.156358584,96.39452305,0.96,642.1838742,616.4965193,25.68735497,,,,677.9783012,1863.928528,1724.133889,139.7946396,1863.928528,-3.41E-12,1,0,0,0.393304351,226.0939393,0.925,621.4675213,574.8574572,46.6100641,1,0,0,0.393304351,226.0939393,0.925,621.4675213,574.8574572,46.6100641,1,0,0,0.393076191,225.7904226,0.925,620.9934857,574.4189743,46.57451143,0,0,0,0.087248178,0,0.88,0,0,0,1,,,0.101,174.1375228,1724.133889,1724.133889,0,53.44815055,0,,,217.4583283,0,93.50708117,3,1143.353579,0,0,0,116.1647236
78,1,79,0.1016,0,0,1143.353579,,,,0,0,1,1941.592217,1941.592217,0,310.6547547,64.46086161,0,,,291.2377548,1941.592217,1863.928528,77.66368868,1941.592217,0,1,0,0,0.156036093,98.44870873,0.96,657.2244686,630.9354898,26.28897874,1,0,0,0.156358584,96.39452305,0.96,642.1838742,616.4965193,25.68735497,1,0,0,0.156358584,96.39452305,0.96,642.1838742,616.4965193,25.68735497,,,,677.9783012,1863.928528,1724.133889,139.7946396,1863.928528,-5.00E-12,1,0,0,0.393304351,226.0939393,0.925,621.4675213,574.8574572,46.6100641,1,0,0,0.393304351,226.0939393,0.925,621.4675213,574.8574572,46.6100641,1,0,0,0.393076191,225.7904226,0.925,620.9934857,574.4189743,46.57451143,0,0,0,0.087248178,0,0.88,0,0,0,1,,,0.101,174.1375228,1724.133889,1724.133889,0,53.44815055,0,,,217.4583283,8.53E-14,93.50708117,3,1143.353579,0,0,0,116.1647236
79,1,80,0.1016,0,0,1143.353579,,,,0,0,1,1941.592217,1941.592217,0,310.6547547,64.46086161,0,,,291.2377548,1941.592217,1863.928528,77.66368868,1941.592217,0,1,0,0,0.156036093,98.44870873,0.96,657.2244686,630.9354898,26.28897874,1,0,0,0.156358584,96.39452305,0.96,642.1838742,616.4965193,25.68735497,1,0,0,0.156358584,96.39452305,0.96,642.1838742,616.4965193,25.68735497,,,,677.9783012,1863.928528,1724.133889,139.7946396,1863.928528,-7.28E-12,1,0,0,0.393304351,226.0939393,0.925,621.4675213,574.8574572,46.6100641,1,0,0,0.393304351,226.0939393,0.925,621.4675213,574.8574572,46.6100641,1,0,0,0.393076191,225.7904226,0.925,620.9934857,574.4189743,46.57451143,0,0,0,0.087248178,0,0.88,0,0,0,1,,,0.101,174.1375228,1724.133889,1724.133889,0,53.44815055,0,,,217.4583283,-2.84E-14,93.50708117,3,1143.353579,0,0,0,116.1647236
80,1,81,0.1016,0,0,1143.353579,,,,0,0,1,1941.592217,1941.592217,0,310.6547547,64.46086161,0,,,291.2377548,1941.592217,1863.928528,77.66368868,1941.592217,0,1,0,0,0.156036093,98.44870873,0.96,657.2244686,630.9354898,26.28897874,1,0,0,0.156358584,96.39452305,0.96,642.1838742,616.4965193,25.68735497,1,0,0,0.156358584,96.39452305,0.96,642.1838742,616.4965193,25.68735497,,,,677.9783012,1863.928528,1724.133889,139.7946396,1863.928528,-2.50E-12,1,0,0,0.393304351,226.0939393,0.925,621.4675213,574.8574572,46.6100641,1,0,0,0.393304351,226.0939393,0.925,621.4675213,574.8574572,46.6100641,1,0,0,0.393076191,225.7904226,0.925,620.9934857,574.4189743,46.57451143,0,0,0,0.087248178,0,0.88,0,0,0,1,,,0.101,174.1375228,1724.133889,1724.133889,0,53.44815055,0,,,217.4583283,-5.68E-14,93.50708117,3,1143.353579,0,0,0,116.1647236
81,1,82,0.1016,0,0,1143.353579,,,,0,0,1,1941.592217,1941.592217,0,310.6547547,64.46086161,0,,,291.2377548,1941.592217,1863.928528,77.66368868,1941.592217,0,1,0,0,0.156036093,98.44870873,0.96,657.2244686,630.9354898,26.28897874,1,0,0,0.156358584,96.39452305,0.96,642.1838742,616.4965193,25.68735497,1,0,0,0.156358584,96.39452305,0.96,642.1838742,616.4965193,25.68735497,,,,677.9783012,1863.928528,1724.133889,139.7946396,1863.928528,-4.77E-12,1,0,0,0.393304351,226.0939393,0.925,621.4675213,574.8574572,46.6100641,1,0,0,0.393304351,226.0939393,0.925,621.4675213,574.8574572,46.6100641,1,0,0,0.393076191,225.7904226,0.925,620.9934857,574.4189743,46.57451143,0,0,0,0.087248178,0,0.88,0,0,0,1,,,0.101,174.1375228,1724.133889,1724.133889,0,53.44815055,0,,,217.4583283,2.84E-14,93.50708117,3,1143.353579,0,0,0,116.1647236
82,1,83,0.1016,0,0,1143.353579,,,,0,0,1,1941.592217,1941.592217,0,310.6547547,64.46086161,0,,,291.2377548,1941.592217,1863.928528,77.66368868,1941.592217,0,1,0,0,0.156036093,98.44870873,0.96,657.2244686,630.9354898,26.28897874,1,0,0,0.156358584,96.39452305,0.96,642.1838742,616.4965193,25.68735497,1,0,0,0.156358584,96.39452305,0.96,642.1838742,616.4965193,25.68735497,,,,677.9783012,1863.928528,1724.133889,139.7946396,1863.928528,-2.73E-12,1,0,0,0.393304351,226.0939393,0.925,621.4675213,574.8574572,46.6100641,1,0,0,0.393304351,226.0939393,0.925,621.4675213,574.8574572,46.6100641,1,0,0,0.393076191,225.7904226,0.925,620.9934857,574.4189743,46.57451143,0,0,0,0.087248178,0,0.88,0,0,0,1,,,0.101,174.1375228,1724.133889,1724.133889,0,53.44815055,0,,,217.4583283,-5.68E-14,93.50708117,3,1143.353579,0,0,0,116.1647236
83,1,84,0.1016,0,0,1143.353579,,,,0,0,1,1941.592217,1941.592217,0,310.6547547,64.46086161,0,,,291.2377548,1941.592217,1863.928528,77.66368868,1941.592217,0,1,0,0,0.156036093,98.44870873,0.96,657.2244686,630.9354898,26.28897874,1,0,0,0.156358584,96.39452305,0.96,642.1838742,616.4965193,25.68735497,1,0,0,0.156358584,96.39452305,0.96,642.1838742,616.4965193,25.68735497,,,,677.9783012,1863.928528,1724.133889,139.7946396,1863.928528,-2.00E-11,1,0,0,0.393304351,226.0939393,0.925,621.4675213,574.8574572,46.6100641,1,0,0,0.393304351,226.0939393,0.925,621.4675213,574.8574572,46.6100641,1,0,0,0.393076191,225.7904226,0.925,620.9934857,574.4189743,46.57451143,0,0,0,0.087248178,0,0.88,0,0,0,1,,,0.101,174.1375228,1724.133889,1724.133889,0,53.44815055,0,,,217.4583283,2.84E-14,93.50708117,3,1143.353579,0,0,0,116.1647236
84,1,85,0.1016,0,0,1143.353579,,,,0,0,1,1941.592217,1941.592217,0,310.6547547,64.46086161,0,,,291.2377548,1941.592217,1863.928528,77.66368868,1941.592217,0,1,0,0,0.156036093,98.44870873,0.96,657.2244686,630.9354898,26.28897874,1,0,0,0.156358584,96.39452305,0.96,642.1838742,616.4965193,25.68735497,1,0,0,0.156358584,96.39452305,0.96,642.1838742,616.4965193,25.68735497,,,,677.9783012,1863.928528,1724.133889,139.7946396,1863.928528,-2.30E-11,1,0,0,0.393304351,226.0939393,0.925,621.4675213,574.8574572,46.6100641,1,0,0,0.393304351,226.0939393,0.925,621.4675213,574.8574572,46.6100641,1,0,0,0.393076191,225.7904226,0.925,620.9934857,574.4189743,46.57451143,0,0,0,0.087248178,0,0.88,0,0,0,1,,,0.101,174.1375228,1724.133889,1724.133889,0,53.44815055,0,,,217.4583283,1.42E-13,93.50708117,3,1143.353579,0,0,0,116.1647236
85,1,86,0.1016,0,0,1143.353579,,,,0,0,1,1941.592217,1941.592217,0,310.6547547,64.46086161,0,,,291.2377548,1941.592217,1863.928528,77.66368868,1941.592217,0,1,0,0,0.156036093,98.44870873,0.96,657.2244686,630.9354898,26.28897874,1,0,0,0.156358584,96.39452305,0.96,642.1838742,616.4965193,25.68735497,1,0,0,0.156358584,96.39452305,0.96,642.1838742,616.4965193,25.68735497,,,,677.9783012,1863.928528,1724.133889,139.7946396,1863.928528,1.41E-11,1,0,0,0.393304351,226.0939393,0.925,621.4675213,574.8574572,46.6100641,1,0,0,0.393304351,226.0939393,0.925,621.4675213,574.8574572,46.6100641,1,0,0,0.393076191,225.7904226,0.925,620.9934857,574.4189743,46.57451143,0,0,0,0.087248178,0,0.88,0,0,0,1,,,0.101,174.1375228,1724.133889,1724.133889,0,53.44815055,0,,,217.4583283,5.68E-14,93.50708117,3,1143.353579,0,0,0,116.1647236
86,1,87,0.1016,0,0,1143.353579,,,,0,0,1,1941.592217,1941.592217,0,310.6547547,64.46086161,0,,,291.2377548,1941.592217,1863.928528,77.66368868,1941.592217,0,1,0,0,0.156036093,98.44870873,0.96,657.2244686,630.9354898,26.28897874,1,0,0,0.156358584,96.39452305,0.96,642.1838742,616.4965193,25.68735497,1,0,0,0.156358584,96.39452305,0.96,642.1838742,616.4965193,25.68735497,,,,677.9783012,1863.928528,1724.133889,139.7946396,1863.928528,-2.00E-11,1,0,0,0.393304351,226.0939393,0.925,621.4675213,574.8574572,46.6100641,1,0,0,0.393304351,226.0939393,0.925,621.4675213,574.8574572,46.6100641,1,0,0,0.393076191,225.7904226,0.925,620.9934857,574.4189743,46.57451143,0,0,0,0.087248178,0,0.88,0,0,0,1,,,0.101,174.1375228,1724.133889,1724.133889,0,53.44815055,0,,,217.4583283,-2.84E-14,93.50708117,3,1143.353579,0,0,0,116.1647236
87,1,88,0.1016,0,0,1143.353579,,,,0,0,1,1941.592217,1941.592217,0,310.6547547,64.46086161,0,,,291.2377548,1941.592217,1863.928528,77.66368868,1941.592217,0,1,0,0,0.156036093,98.44870873,0.96,657.2244686,630.9354898,26.28897874,1,0,0,0.156358584,96.39452305,0.96,642.1838742,616.4965193,25.68735497,1,0,0,0.156358584,96.39452305,0.96,642.1838742,616.4965193,25.68735497,,,,677.9783012,1863.928528,1724.133889,139.7946396,1863.928528,-5.23E-12,1,0,0,0.393304351,226.0939393,0.925,621.4675213,574.8574572,46.6100641,1,0,0,0.393304351,226.0939393,0.925,621.4675213,574.8574572,46.6100641,1,0,0,0.393076191,225.7904226,0.925,620.9934857,574.4189743,46.57451143,0,0,0,0.087248178,0,0.88,0,0,0,1,,,0.101,174.1375228,1724.133889,1724.133889,0,53.44815055,0,,,217.4583283,-1.14E-13,93.50708117,3,1143.353579,0,0,0,116.1647236
88,1,89,0.1016,0,0,1143.353579,,,,0,0,1,1941.592217,1941.592217,0,310.6547547,64.46086161,0,,,291.2377548,1941.592217,1863.928528,77.66368868,1941.592217,0,1,0,0,0.156036093,98.44870873,0.96,657.2244686,630.9354898,26.28897874,1,0,0,0.156358584,96.39452305,0.96,642.1838742,616.4965193,25.68735497,1,0,0,0.156358584,96.39452305,0.96,642.1838742,616.4965193,25.68735497,,,,677.9783012,1863.928528,1724.133889,139.7946396,1863.928528,-3.48E-11,1,0,0,0.393304351,226.0939393,0.925,621.4675213,574.8574572,46.6100641,1,0,0,0.393304351,226.0939393,0.925,621.4675213,574.8574572,46.6100641,1,0,0,0.393076191,225.7904226,0.925,620.9934857,574.4189743,46.57451143,0,0,0,0.087248178,0,0.88,0,0,0,1,,,0.101,174.1375228,1724.133889,1724.133889,0,53.44815055,0,,,217.4583283,-8.53E-14,93.50708117,3,1143.353579,0,0,0,116.1647236
89,1,90,0.15246,1,0,885.2690545,,,,0,0,1,1625.104454,1625.104454,0,260.0167126,53.95346787,0,,,252.973667,1625.104454,1560.100276,65.00417816,1625.104454,0,1,0,0,0.156036093,98.44870873,0.96,657.2244686,630.9354898,26.28897874,1,0,0,0.166303703,77.26418531,0.96,483.9551074,464.5969031,19.35820429,1,0,0,0.166306746,77.26077301,0.96,483.9248781,464.5678829,19.35699512,,,,488.3652995,1560.100276,1425.050376,135.0499,1560.100276,-6.82E-12,1,0,0,0.342705305,162.7964749,0.913467101,520.0334253,475.0334253,45,1,0,0,0.342705305,162.7964749,0.913467101,520.0334253,475.0334253,45,1,0,0,0.342690517,162.7723497,0.913371145,520.0334253,474.9835253,45.04989997,0,0,0,0.087248178,0,0.88,0,0,0,1,,,0.101,143.930088,1425.050376,1425.050376,0,44.17656165,0,,,200.0540781,0,86.0232536,3,885.2690545,0,0,0,134.96812
90,1,91,0.15246,1,0,885.268743,,,,0,0,1,1625.104454,1625.104454,0,260.0167126,53.95346787,0,,,252.973667,1625.104454,1560.100276,65.00417816,1625.104454,0,1,0,0,0.156036093,98.44870873,0.96,657.2244686,630.9354898,26.28897874,1,0,0,0.166303703,77.26418531,0.96,483.9551074,464.5969031,19.35820429,1,0,0,0.166306746,77.26077301,0.96,483.9248781,464.5678829,19.35699512,,,,488.3650418,1560.100276,1425.049843,135.0504328,1560.100276,-3.27E-11,1,0,0,0.342705305,162.7964749,0.913467101,520.0334253,475.0334253,45,1,0,0,0.342704648,162.7954036,0.91346284,520.0334253,475.0312096,45.00221567,1,0,0,0.342691015,162.7731633,0.913374381,520.0334253,474.9852082,45.04821711,0,0,0,0.087248178,0,0.88,0,0,0,1,,,0.101,143.9300342,1425.049843,1425.049843,0,44.17654514,0,,,200.0546109,1.14E-13,86.0234827,3,885.268743,0,0,0,134.9680726
91,1,92,0.15246,1,0,885.2687428,,,,0,0,1,1625.104454,1625.104454,0,260.0167126,53.95346787,0,,,252.973667,1625.104454,1560.100276,65.00417816,1625.104454,0,1,0,0,0.156036093,98.44870873,0.96,657.2244686,630.9354898,26.28897874,1,0,0,0.166303703,77.26418531,0.96,483.9551074,464.5969031,19.35820429,1,0,0,0.166306746,77.26077301,0.96,483.9248781,464.5678829,19.35699512,,,,488.3650417,1560.100276,1425.049843,135.0504333,1560.100276,-7.98E-11,1,0,0,0.342705305,162.7964749,0.913467101,520.0334253,475.0334253,45,1,0,0,0.342705305,162.7964749,0.913467101,520.0334253,475.0334253,45,1,0,0,0.342690359,162.7720919,0.91337012,520.0334253,474.982992,45.05043328,0,0,0,0.087248178,0,0.88,0,0,0,1,,,0.101,143.9300341,1425.049843,1425.049843,0,44.17654512,0,,,200.0546114,5.68E-14,86.02348292,3,885.2687428,0,0,0,134.9680725
92,1,93,0.15246,1,0,885.2687428,,,,0,0,1,1625.104454,1625.104454,0,260.0167126,53.95346787,0,,,252.973667,1625.104454,1560.100276,65.00417816,1625.104454,0,1,0,0,0.156036093,98.44870873,0.96,657.2244686,630.9354898,26.28897874,1,0,0,0.166303703,77.26418531,0.96,483.9551074,464.5969031,19.35820429,1,0,0,0.166306746,77.26077301,0.96,483.9248781,464.5678829,19.35699512,,,,488.3650417,1560.100276,1425.049843,135.0504333,1560.100276,-3.41E-12,1,0,0,0.342690359,162.7720919,0.91337012,520.0334253,474.982992,45.05043328,1,0,0,0.342705305,162.7964749,0.913467101,520.0334253,475.0334253,45,1,0,0,0.342705305,162.7964749,0.913467101,520.0334253,475.0334253,45,0,0,0,0.087248178,0,0.88,0,0,0,1,,,0.101,143.9300341,1425.049843,1425.049843,0,44.17654512,0,,,200.0546114,0,86.02348292,3,885.2687428,0,0,0,134.9680725
93,1,94,0.15246,1,0,885.268743,,,,0,0,1,1625.104454,1625.104454,0,260.0167126,53.95346787,0,,,252.973667,1625.104454,1560.100276,65.00417816,1625.104454,0,1,0,0,0.156036093,98.44870873,0.96,657.2244686,630.9354898,26.28897874,1,0,0,0.166303703,77.26418531,0.96,483.9551074,464.5969031,19.35820429,1,0,0,0.166306746,77.26077301,0.96,483.9248781,464.5678829,19.35699512,,,,488.3650419,1560.100276,1425.049843,135.0504328,1560.100276,-9.32E-12,1,0,0,0.342705305,162.7964749,0.913467101,520.0334253,475.0334253,45,1,0,0,0.342705055,162.7960665,0.913465477,520.0334253,475.0325806,45.00084464,1,0,0,0.342690609,162.7725004,0.913371745,520.0334253,474.9838371,45.04958819,0,0,0,0.087248178,0,0.88,0,0,0,1,,,0.101,143.9300341,1425.049843,1425.049843,0,44.17654513,0,,,200.054611,2.84E-14,86.02348273,3,885.268743,0,0,0,134.9680726
94,1,95,0.1016,0,0,1143.353572,,,,0,0,1,1941.592201,1941.592201,0,310.6547521,64.46086107,0,,,291.2377526,1941.592201,1863.928513,77.66368803,1941.592201,0,1,0,0,0.156036093,98.44870873,0.96,657.2244686,630.9354898,26.28897874,1,0,0,0.156358585,96.39452196,0.96,642.1838661,616.4965115,25.68735464,1,0,0,0.156358585,96.39452196,0.96,642.1838661,616.4965115,25.68735464,,,,677.9782978,1863.928513,1724.133874,139.7946385,1863.928513,-7.73E-12,1,0,0,0.393308033,226.098838,0.925,621.4751697,574.864532,46.61063773,1,0,0,0.393308033,226.098838,0.925,621.4751697,574.864532,46.61063773,1,0,0,0.393068821,225.7806217,0.925,620.9781734,574.4048104,46.573363,0,0,0,0.087248178,0,0.88,0,0,0,1,,,0.101,174.1375213,1724.133874,1724.133874,0,53.4481501,0,,,217.4583265,8.53E-14,93.50708039,3,1143.353572,0,0,0,116.1647229
95,1,96,0.1016,0,0,1143.353572,,,,0,0,1,1941.592201,1941.592201,0,310.6547521,64.46086107,0,,,291.2377526,1941.592201,1863.928513,77.66368803,1941.592201,0,1,0,0,0.156036093,98.44870873,0.96,657.2244686,630.9354898,26.28897874,1,0,0,0.156358585,96.39452196,0.96,642.1838661,616.4965115,25.68735464,1,0,0,0.156358585,96.39452196,0.96,642.1838661,616.4965115,25.68735464,,,,677.9782978,1863.928513,1724.133874,139.7946385,1863.928513,-1.82E-12,1,0,0,0.393308033,226.098838,0.925,621.4751697,574.864532,46.61063773,1,0,0,0.393308033,226.098838,0.925,621.4751697,574.864532,46.61063773,1,0,0,0.393068821,225.7806217,0.925,620.9781734,574.4048104,46.573363,0,0,0,0.087248178,0,0.88,0,0,0,1,,,0.101,174.1375213,1724.133874,1724.133874,0,53.4481501,0,,,217.4583265,-1.42E-13,93.50708039,3,1143.353572,0,0,0,116.1647229
96,1,97,0.1016,0,0,1143.353572,,,,0,0,1,1941.592201,1941.592201,0,310.6547521,64.46086107,0,,,291.2377526,1941.592201,1863.928513,77.66368803,1941.592201,0,1,0,0,0.156036093,98.44870873,0.96,657.2244686,630.9354898,26.28897874,1,0,0,0.156358585,96.39452196,0.96,642.1838661,616.4965115,25.68735464,1,0,0,0.156358585,96.39452196,0.96,642.1838661,616.4965115,25.68735464,,,,677.9782978,1863.928513,1724.133874,139.7946385,1863.928513,1.00E-11,1,0,0,0.393308033,226.098838,0.925,621.4751697,574.864532,46.61063773,1,0,0,0.393308033,226.098838,0.925,621.4751697,574.864532,46.61063773,1,0,0,0.393068821,225.7806217,0.925,620.9781734,574.4048104,46.573363,0,0,0,0.087248178,0,0.88,0,0,0,1,,,0.101,174.1375213,1724.133874,1724.133874,0,53.4481501,0,,,217.4583265,1.42E-13,93.50708039,3,1143.353572,0,0,0,116.1647229
97,1,98,0.1016,0,0,1143.353572,,,,0,0,1,1941.592201,1941.592201,0,310.6547521,64.46086107,0,,,291.2377526,1941.592201,1863.928513,77.66368803,1941.592201,0,1,0,0,0.156036093,98.44870873,0.96,657.2244686,630.9354898,26.28897874,1,0,0,0.156358585,96.39452196,0.96,642.1838661,616.4965115,25.68735464,1,0,0,0.156358585,96.39452196,0.96,642.1838661,616.4965115,25.68735464,,,,677.9782978,1863.928513,1724.133874,139.7946385,1863.928513,-2.93E-11,1,0,0,0.393308033,226.098838,0.925,621.4751697,574.864532,46.61063773,1,0,0,0.393308033,226.098838,0.925,621.4751697,574.864532,46.61063773,1,0,0,0.393068821,225.7806217,0.925,620.9781734,574.4048104,46.573363,0,0,0,0.087248178,0,0.88,0,0,0,1,,,0.101,174.1375213,1724.133874,1724.133874,0,53.4481501,0,,,217.4583265,1.14E-13,93.50708039,3,1143.353572,0,0,0,116.1647229
98,1,99,0.1016,0,0,1143.353572,,,,0,0,1,1941.592201,1941.592201,0,310.6547521,64.46086107,0,,,291.2377526,1941.592201,1863.928513,77.66368803,1941.592201,0,1,0,0,0.156036093,98.44870873,0.96,657.2244686,630.9354898,26.28897874,1,0,0,0.156358585,96.39452196,0.96,642.1838661,616.4965115,25.68735464,1,0,0,0.156358585,96.39452196,0.96,642.1838661,616.4965115,25.68735464,,,,677.9782978,1863.928513,1724.133874,139.7946385,1863.928513,-2.96E-12,1,0,0,0.393308033,226.098838,0.925,621.4751697,574.864532,46.61063773,1,0,0,0.393308033,226.098838,0.925,621.4751697,574.864532,46.61063773,1,0,0,0.393068821,225.7806217,0.925,620.9781734,574.4048104,46.573363,0,0,0,0.087248178,0,0.88,0,0,0,1,,,0.101,174.1375213,1724.133874,1724.133874,0,53.4481501,0,,,217.4583265,-1.14E-13,93.50708039,3,1143.353572,0,0,0,116.1647229
99,1,100,0.1016,0,0,1143.353572,,,,0,0,1,1941.592201,1941.592201,0,310.6547521,64.46086107,0,,,291.2377526,1941.592201,1863.928513,77.66368803,1941.592201,0,1,0,0,0.156036093,98.44870873,0.96,657.2244686,630.9354898,26.28897874,1,0,0,0.156358585,96.39452196,0.96,642.1838661,616.4965115,25.68735464,1,0,0,0.156358585,96.39452196,0.96,642.1838661,616.4965115,25.68735464,,,,677.9782978,1863.928513,1724.133874,139.7946385,1863.928513,1.55E-11,1,0,0,0.393308033,226.098838,0.925,621.4751697,574.864532,46.61063773,1,0,0,0.393308033,226.098838,0.925,621.4751697,574.864532,46.61063773,1,0,0,0.393068821,225.7806217,0.925,620.9781734,574.4048104,46.573363,0,0,0,0.087248178,0,0.88,0,0,0,1,,,0.101,174.1375213,1724.133874,1724.133874,0,53.4481501,0,,,217.4583265,-5.68E-14,93.50708039,3,1143.353572,0,0,0,116.1647229
100,1,101,0.1016,0,0,1143.353572,,,,0,0,1,1941.592201,1941.592201,0,310.6547521,64.46086107,0,,,291.2377526,1941.592201,1863.928513,77.66368803,1941.592201,0,1,0,0,0.156036093,98.44870873,0.96,657.2244686,630.9354898,26.28897874,1,0,0,0.156358585,96.39452196,0.96,642.1838661,616.4965115,25.68735464,1,0,0,0.156358585,96.39452196,0.96,642.1838661,616.4965115,25.68735464,,,,677.9782978,1863.928513,1724.133874,139.7946385,1863.928513,-2.36E-11,1,0,0,0.393308033,226.098838,0.925,621.4751697,574.864532,46.61063773,1,0,0,0.393308033,226.098838,0.925,621.4751697,574.864532,46.61063773,1,0,0,0.393068821,225.7806217,0.925,620.9781734,574.4048104,46.573363,0,0,0,0.087248178,0,0.88,0,0,0,1,,,0.101,174.1375213,1724.133874,1724.133874,0,53.4481501,0,,,217.4583265,-1.42E-13,93.50708039,3,1143.353572,0,0,0,116.1647229
101,1,102,0.1016,0,0,1143.353572,,,,0,0,1,1941.592201,1941.592201,0,310.6547521,64.46086107,0,,,291.2377526,1941.592201,1863.928513,77.66368803,1941.592201,0,1,0,0,0.156036093,98.44870873,0.96,657.2244686,630.9354898,26.28897874,1,0,0,0.156358585,96.39452196,0.96,642.1838661,616.4965115,25.68735464,1,0,0,0.156358585,96.39452196,0.96,642.1838661,616.4965115,25.68735464,,,,677.9782978,1863.928513,1724.133874,139.7946385,1863.928513,-2.86E-11,1,0,0,0.393308033,226.098838,0.925,621.4751697,574.864532,46.61063773,1,0,0,0.393308033,226.098838,0.925,621.4751697,574.864532,46.61063773,1,0,0,0.393068821,225.7806217,0.925,620.9781734,574.4048104,46.573363,0,0,0,0.087248178,0,0.88,0,0,0,1,,,0.101,174.1375213,1724.133874,1724.133874,0,53.4481501,0,,,217.4583265,-1.14E-13,93.50708039,3,1143.353572,0,0,0,116.1647229
102,1,103,0.1016,0,0,1143.353572,,,,0,0,1,1941.592201,1941.592201,0,310.6547521,64.46086107,0,,,291.2377526,1941.592201,1863.928513,77.66368803,1941.592201,0,1,0,0,0.156036093,98.44870873,0.96,657.2244686,630.9354898,26.28897874,1,0,0,0.156358585,96.39452196,0.96,642.1838661,616.4965115,25.68735464,1,0,0,0.156358585,96.39452196,0.96,642.1838661,616.4965115,25.68735464,,,,677.9782978,1863.928513,1724.133874,139.7946385,1863.928513,-3.64E-12,1,0,0,0.393308033,226.098838,0.925,621.4751697,574.864532,46.61063773,1,0,0,0.393308033,226.098838,0.925,621.4751697,574.864532,46.61063773,1,0,0,0.393068821,225.7806217,0.925,620.9781734,574.4048104,46.573363,0,0,0,0.087248178,0,0.88,0,0,0,1,,,0.101,174.1375213,1724.133874,1724.133874,0,53.4481501,0,,,217.4583265,-5.68E-14,93.50708039,3,1143.353572,0,0,0,116.1647229
103,1,104,0.1016,0,0,1143.353572,,,,0,0,1,1941.592201,1941.592201,0,310.6547521,64.46086107,0,,,291.2377526,1941.592201,1863.928513,77.66368803,1941.592201,0,1,0,0,0.156036093,98.44870873,0.96,657.2244686,630.9354898,26.28897874,1,0,0,0.156358585,96.39452196,0.96,642.1838661,616.4965115,25.68735464,1,0,0,0.156358585,96.39452196,0.96,642.1838661,616.4965115,25.68735464,,,,677.9782978,1863.928513,1724.133874,139.7946385,1863.928513,-1.48E-11,1,0,0,0.393308033,226.098838,0.925,621.4751697,574.864532,46.61063773,1,0,0,0.393308033,226.098838,0.925,621.4751697,574.864532,46.61063773,1,0,0,0.393068821,225.7806217,0.925,620.9781734,574.4048104,46.573363,0,0,0,0.087248178,0,0.88,0,0,0,1,,,0.101,174.1375213,1724.133874,1724.133874,0,53.4481501,0,,,217.4583265,-8.53E-14,93.50708039,3,1143.353572,0,0,0,116.1647229
104,1,105,0.1016,0,0,1143.353572,,,,0,0,1,1941.592201,1941.592201,0,310.6547521,64.46086107,0,,,291.2377526,1941.592201,1863.928513,77.66368803,1941.592201,0,1,0,0,0.156036093,98.44870873,0.96,657.2244686,630.9354898,26.28897874,1,0,0,0.156358585,96.39452196,0.96,642.1838661,616.4965115,25.68735464,1,0,0,0.156358585,96.39452196,0.96,642.1838661,616.4965115,25.68735464,,,,677.9782978,1863.928513,1724.133874,139.7946385,1863.928513,-6.82E-12,1,0,0,0.393308033,226.098838,0.925,621.4751697,574.864532,46.61063773,1,0,0,0.393308033,226.098838,0.925,621.4751697,574.864532,46.61063773,1,0,0,0.393068821,225.7806217,0.925,620.9781734,574.4048104,46.573363,0,0,0,0.087248178,0,0.88,0,0,0,1,,,0.101,174.1375213,1724.133874,1724.133874,0,53.4481501,0,,,217.4583265,0,93.50708039,3,1143.353572,0,0,0,116.1647229
105,1,106,0.1016,0,0,1143.353572,,,,0,0,1,1941.592201,1941.592201,0,310.6547521,64.46086107,0,,,291.2377526,1941.592201,1863.928513,77.66368803,1941.592201,0,1,0,0,0.156036093,98.44870873,0.96,657.2244686,630.9354898,26.28897874,1,0,0,0.156358585,96.39452196,0.96,642.1838661,616.4965115,25.68735464,1,0,0,0.156358585,96.39452196,0.96,642.1838661,616.4965115,25.68735464,,,,677.9782978,1863.928513,1724.133874,139.7946385,1863.928513,-1.07E-11,1,0,0,0.393308033,226.098838,0.925,621.4751697,574.864532,46.61063773,1,0,0,0.393308033,226.098838,0.925,621.4751697,574.864532,46.61063773,1,0,0,0.393068821,225.7806217,0.925,620.9781734,574.4048104,46.573363,0,0,0,0.087248178,0,0.88,0,0,0,1,,,0.101,174.1375213,1724.133874,1724.133874,0,53.4481501,0,,,217.4583265,-1.14E-13,93.50708039,3,1143.353572,0,0,0,116.1647229
106,1,107,0.1016,0,0,1143.353572,,,,0,0,1,1941.592201,1941.592201,0,310.6547521,64.46086107,0,,,291.2377526,1941.592201,1863.928513,77.66368803,1941.592201,0,1,0,0,0.156036093,98.44870873,0.96,657.2244686,630.9354898,26.28897874,1,0,0,0.156358585,96.39452196,0.96,642.1838661,616.4965115,25.68735464,1,0,0,0.156358585,96.39452196,0.96,642.1838661,616.4965115,25.68735464,,,,677.9782978,1863.928513,1724.133874,139.7946385,1863.928513,-5.00E-12,1,0,0,0.393308033,226.098838,0.925,621.4751697,574.864532,46.61063773,1,0,0,0.393308033,226.098838,0.925,621.4751697,574.864532,46.61063773,1,0,0,0.393068821,225.7806217,0.925,620.9781734,574.4048104,46.573363,0,0,0,0.087248178,0,0.88,0,0,0,1,,,0.101,174.1375213,1724.133874,1724.133874,0,53.4481501,0,,,217.4583265,8.53E-14,93.50708039,3,1143.353572,0,0,0,116.1647229
107,1,108,0.1016,0,0,1143.353572,,,,0,0,1,1941.592201,1941.592201,0,310.6547521,64.46086107,0,,,291.2377526,1941.592201,1863.928513,77.66368803,1941.592201,0,1,0,0,0.156036093,98.44870873,0.96,657.2244686,630.9354898,26.28897874,1,0,0,0.156358585,96.39452196,0.96,642.1838661,616.4965115,25.68735464,1,0,0,0.156358585,96.39452196,0.96,642.1838661,616.4965115,25.68735464,,,,677.9782978,1863.928513,1724.133874,139.7946385,1863.928513,-6.82E-12,1,0,0,0.393308033,226.098838,0.925,621.4751697,574.864532,46.61063773,1,0,0,0.393308033,226.098838,0.925,621.4751697,574.864532,46.61063773,1,0,0,0.393068821,225.7806217,0.925,620.9781734,574.4048104,46.573363,0,0,0,0.087248178,0,0.88,0,0,0,1,,,0.101,174.1375213,1724.133874,1724.133874,0,53.4481501,0,,,217.4583265,1.14E-13,93.50708039,3,1143.353572,0,0,0,116.1647229
108,1,109,0.1016,0,0,1143.353572,,,,0,0,1,1941.592201,1941.592201,0,310.6547521,64.46086107,0,,,291.2377526,1941.592201,1863.928513,77.66368803,1941.592201,0,1,0,0,0.156036093,98.44870873,0.96,657.2244686,630.9354898,26.28897874,1,0,0,0.156358585,96.39452196,0.96,642.1838661,616.4965115,25.68735464,1,0,0,0.156358585,96.39452196,0.96,642.1838661,616.4965115,25.68735464,,,,677.9782978,1863.928513,1724.133874,139.7946385,1863.928513,1.57E-11,1,0,0,0.393308033,226.098838,0.925,621.4751697,574.864532,46.61063773,1,0,0,0.393308033,226.098838,0.925,621.4751697,574.864532,46.61063773,1,0,0,0.393068821,225.7806217,0.925,620.9781734,574.4048104,46.573363,0,0,0,0.087248178,0,0.88,0,0,0,1,,,0.101,174.1375213,1724.133874,1724.133874,0,53.4481501,0,,,217.4583265,-8.53E-14,93.50708039,3,1143.353572,0,0,0,116.1647229
109,1,110,0.1016,0,0,1143.353572,,,,0,0,1,1941.592201,1941.592201,0,310.6547521,64.46086107,0,,,291.2377526,1941.592201,1863.928513,77.66368803,1941.592201,0,1,0,0,0.156036093,98.44870873,0.96,657.2244686,630.9354898,26.28897874,1,0,0,0.156358585,96.39452196,0.96,642.1838661,616.4965115,25.68735464,1,0,0,0.156358585,96.39452196,0.96,642.1838661,616.4965115,25.68735464,,,,677.9782978,1863.928513,1724.133874,139.7946385,1863.928513,1.07E-11,1,0,0,0.393308033,226.098838,0.925,621.4751697,574.864532,46.61063773,1,0,0,0.393308033,226.098838,0.925,621.4751697,574.864532,46.61063773,1,0,0,0.393068821,225.7806217,0.925,620.9781734,574.4048104,46.573363,0,0,0,0.087248178,0,0.88,0,0,0,1,,,0.101,174.1375213,1724.133874,1724.133874,0,53.4481501,0,,,217.4583265,8.53E-14,93.50708039,3,1143.353572,0,0,0,116.1647229
110,1,111,0.1016,0,0,1143.353572,,,,0,0,1,1941.592201,1941.592201,0,310.6547521,64.46086107,0,,,291.2377526,1941.592201,1863.928513,77.66368803,1941.592201,0,1,0,0,0.156036093,98.44870873,0.96,657.2244686,630.9354898,26.28897874,1,0,0,0.156358585,96.39452196,0.96,642.1838661,616.4965115,25.68735464,1,0,0,0.156358585,96.39452196,0.96,642.1838661,616.4965115,25.68735464,,,,677.9782978,1863.928513,1724.133874,139.7946385,1863.928513,-1.98E-11,1,0,0,0.393308033,226.098838,0.925,621.4751697,574.864532,46.61063773,1,0,0,0.393308033,226.098838,0.925,621.4751697,574.864532,46.61063773,1,0,0,0.393068821,225.7806217,0.925,620.9781734,574.4048104,46.573363,0,0,0,0.087248178,0,0.88,0,0,0,1,,,0.101,174.1375213,1724.133874,1724.133874,0,53.4481501,0,,,217.4583265,5.68E-14,93.50708039,3,1143.353572,0,0,0,116.1647229
111,1,112,0.1016,0,0,1143.353572,,,,0,0,1,1941.592201,1941.592201,0,310.6547521,64.46086107,0,,,291.2377526,1941.592201,1863.928513,77.66368803,1941.592201,0,1,0,0,0.156036093,98.44870873,0.96,657.2244686,630.9354898,26.28897874,1,0,0,0.156358585,96.39452196,0.96,642.1838661,616.4965115,25.68735464,1,0,0,0.156358585,96.39452196,0.96,642.1838661,616.4965115,25.68735464,,,,677.9782978,1863.928513,1724.133874,139.7946385,1863.928513,-6.14E-12,1,0,0,0.393308033,226.098838,0.925,621.4751697,574.864532,46.61063773,1,0,0,0.393308033,226.098838,0.925,621.4751697,574.864532,46.61063773,1,0,0,0.393068821,225.7806217,0.925,620.9781734,574.4048104,46.573363,0,0,0,0.087248178,0,0.88,0,0,0,1,,,0.101,174.1375213,1724.133874,1724.133874,0,53.4481501,0,,,217.4583265,2.84E-14,93.50708039,3,1143.353572,0,0,0,116.1647229
112,1,113,0.1016,0,0,1143.353572,,,,0,0,1,1941.592201,1941.592201,0,310.6547521,64.46086107,0,,,291.2377526,1941.592201,1863.928513,77.66368803,1941.592201,0,1,0,0,0.156036093,98.44870873,0.96,657.2244686,630.9354898,26.28897874,1,0,0,0.156358585,96.39452196,0.96,642.1838661,616.4965115,25.68735464,1,0,0,0.156358585,96.39452196,0.96,642.1838661,616.4965115,25.68735464,,,,677.9782978,1863.928513,1724.133874,139.7946385,1863.928513,4.09E-12,1,0,0,0.393308033,226.098838,0.925,621.4751697,574.864532,46.61063773,1,0,0,0.393308033,226.098838,0.925,621.4751697,574.864532,46.61063773,1,0,0,0.393068821,225.7806217,0.925,620.9781734,574.4048104,46.573363,0,0,0,0.087248178,0,0.88,0,0,0,1,,,0.101,174.1375213,1724.133874,1724.133874,0,53.4481501,0,,,217.4583265,1.14E-13,93.50708039,3,1143.353572,0,0,0,116.1647229
113,1,114,0.15246,1,0,885.217795,,,,0,0,1,1625,1625,0,260,53.95,0,,,252.9618825,1625,1560,65,1625,0,1,0,0,0.156036093,98.44870873,0.96,657.2244686,630.9354898,26.28897874,1,0,0,0.166263831,77.30893825,0.96,484.351549,464.9774871,19.37406196,1,0,0,0.166357238,77.2042355,0.96,483.4239824,464.0870231,19.33695929,,,,488.3309126,1560,1425,135,1560,5.46E-12,1,0,0,0.34268836,162.7769709,0.913461538,520,475,45,1,0,0,0.34268836,162.7769709,0.913461538,520,475,45,1,0,0,0.34268836,162.7769709,0.913461538,520,475,45,0,0,0,0.087248178,0,0.88,0,0,0,1,,,0.101,143.925,1425,1425,0,44.175,0,,,200,5.68E-14,86,3,885.217795,0,0,0,134.960305
114,1,115,0.15246,1,0,885.217795,,,,0,0,1,1625,1625,0,260,53.95,0,,,252.9618825,1625,1560,65,1625,0,1,0,0,0.156036093,98.44870873,0.96,657.2244686,630.9354898,26.28897874,1,0,0,0.166263831,77.30893825,0.96,484.351549,464.9774871,19.37406196,1,0,0,0.166357238,77.2042355,0.96,483.4239824,464.0870231,19.33695929,,,,488.3309126,1560,1425,135,1560,-3.64E-12,1,0,0,0.34268836,162.7769709,0.913461538,520,475,45,1,0,0,0.34268836,162.7769709,0.913461538,520,475,45,1,0,0,0.34268836,162.7769709,0.913461538,520,475,45,0,0,0,0.087248178,0,0.88,0,0,0,1,,,0.101,143.925,1425,1425,0,44.175,0,,,200,-5.68E-14,86,3,885.217795,0,0,0,134.960305
115,1,116,0.15246,1,0,885.217795,,,,0,0,1,1625,1625,0,260,53.95,0,,,252.9618825,1625,1560,65,1625,0,1,0,0,0.156036093,98.44870873,0.96,657.2244686,630.9354898,26.28897874,1,0,0,0.166263831,77.30893825,0.96,484.351549,464.9774871,19.37406196,1,0,0,0.166357238,77.2042355,0.96,483.4239824,464.0870231,19.33695929,,,,488.3309126,1560,1425,135,1560,-4.55E-12,1,0,0,0.34268836,162.7769709,0.913461538,520,475,45,1,0,0,0.34268836,162.7769709,0.913461538,520,475,45,1,0,0,0.34268836,162.7769709,0.913461538,520,475,45,0,0,0,0.087248178,0,0.88,0,0,0,1,,,0.101,143.925,1425,1425,0,44.175,0,,,200,5.68E-14,86,3,885.217795,0,0,0,134.960305
116,1,117,0.15246,1,0,885.217795,,,,0,0,1,1625,1625,0,260,53.95,0,,,252.9618825,1625,1560,65,1625,0,1,0,0,0.156036093,98.44870873,0.96,657.2244686,630.9354898,26.28897874,1,0,0,0.166263831,77.30893825,0.96,484.351549,464.9774871,19.37406196,1,0,0,0.166357238,77.2042355,0.96,483.4239824,464.0870231,19.33695929,,,,488.3309126,1560,1425,135,1560,3.18E-12,1,0,0,0.34268836,162.7769709,0.913461538,520,475,45,1,0,0,0.34268836,162.7769709,0.913461538,520,475,45,1,0,0,0.34268836,162.7769709,0.913461538,520,475,45,0,0,0,0.087248178,0,0.88,0,0,0,1,,,0.101,143.925,1425,1425,0,44.175,0,,,200,5.68E-14,86,3,885.217795,0,0,0,134.960305
117,1,118,0.15246,1,0,885.217795,,,,0,0,1,1625,1625,0,260,53.95,0,,,252.9618825,1625,1560,65,1625,0,1,0,0,0.156036093,98.44870873,0.96,657.2244686,630.9354898,26.28897874,1,0,0,0.166263831,77.30893825,0.96,484.351549,464.9774871,19.37406196,1,0,0,0.166357238,77.2042355,0.96,483.4239824,464.0870231,19.33695929,,,,488.3309126,1560,1425,135,1560,-1.59E-12,1,0,0,0.34268836,162.7769709,0.913461538,520,475,45,1,0,0,0.34268836,162.7769709,0.913461538,520,475,45,1,0,0,0.34268836,162.7769709,0.913461538,520,475,45,0,0,0,0.087248178,0,0.88,0,0,0,1,,,0.101,143.925,1425,1425,0,44.175,0,,,200,5.68E-14,86,3,885.217795,0,0,0,134.960305
118,1,119,0.1016,0,0,1143.391098,,,,0,0,1,1941.637009,1941.637009,0,310.6619214,64.46234868,0,,,291.2437879,1941.637009,1863.971528,77.66548034,1941.637009,0,1,0,0,0.156036093,98.44870873,0.96,657.2244686,630.9354898,26.28897874,1,0,0,0.156356517,96.40565468,0.96,642.2665268,616.5758657,25.69066107,1,0,0,0.156359533,96.3894245,0.96,642.1460132,616.4601727,25.68584053,,,,678.0057698,1863.971528,1724.173664,139.7978646,1863.971528,-3.18E-12,1,0,0,0.393235197,226.0019233,0.925,621.3238427,574.7245545,46.59928821,1,0,0,0.393235197,226.0019233,0.925,621.3238427,574.7245545,46.59928821,1,0,0,0.393235197,226.0019233,0.925,621.3238427,574.7245545,46.59928821,0,0,0,0.087248178,0,0.88,0,0,0,1,,,0.101,174.14154,1724.173664,1724.173664,0,53.44938357,0,,,217.463345,-2.84E-14,93.50923833,3,1143.391098,0,0,0,116.1685355
119,1,120,0.1016,0,0,1143.391098,,,,0,0,1,1941.637009,1941.637009,0,310.6619214,64.46234868,0,,,291.2437879,1941.637009,1863.971528,77.66548034,1941.637009,0,1,0,0,0.156036093,98.44870873,0.96,657.2244686,630.9354898,26.28897874,1,0,0,0.156356517,96.40565468,0.96,642.2665268,616.5758657,25.69066107,1,0,0,0.156359533,96.3894245,0.96,642.1460132,616.4601727,25.68584053,,,,678.0057698,1863.971528,1724.173664,139.7978646,1863.971528,-4.09E-12,1,0,0,0.393235197,226.0019233,0.925,621.3238427,574.7245545,46.59928821,1,0,0,0.393235197,226.0019233,0.925,621.3238427,574.7245545,46.59928821,1,0,0,0.393235197,226.0019233,0.925,621.3238427,574.7245545,46.59928821,0,0,0,0.087248178,0,0.88,0,0,0,1,,,0.101,174.14154,1724.173664,1724.173664,0,53.44938357,0,,,217.463345,-8.53E-14,93.50923833,3,1143.391098,0,0,0,116.1685355
120,1,121,0.1016,0,0,1143.391098,,,,0,0,1,1941.637009,1941.637009,0,310.6619214,64.46234868,0,,,291.2437879,1941.637009,1863.971528,77.66548034,1941.637009,0,1,0,0,0.156036093,98.44870873,0.96,657.2244686,630.9354898,26.28897874,1,0,0,0.156356517,96.40565468,0.96,642.2665268,616.5758657,25.69066107,1,0,0,0.156359533,96.3894245,0.96,642.1460132,616.4601727,25.68584053,,,,678.0057698,1863.971528,1724.173664,139.7978646,1863.971528,-7.96E-11,1,0,0,0.393235197,226.0019233,0.925,621.3238427,574.7245545,46.59928821,1,0,0,0.393235197,226.0019233,0.925,621.3238427,574.7245545,46.59928821,1,0,0,0.393235197,226.0019233,0.925,621.3238427,574.7245545,46.59928821,0,0,0,0.087248178,0,0.88,0,0,0,1,,,0.101,174.14154,1724.173664,1724.173664,0,53.44938357,0,,,217.463345,-5.68E-14,93.50923833,3,1143.391098,0,0,0,116.1685355
121,1,122,0.1016,0,0,1143.391098,,,,0,0,1,1941.637009,1941.637009,0,310.6619214,64.46234868,0,,,291.2437879,1941.637009,1863.971528,77.66548034,1941.637009,0,1,0,0,0.156036093,98.44870873,0.96,657.2244686,630.9354898,26.28897874,1,0,0,0.156356517,96.40565468,0.96,642.2665268,616.5758657,25.69066107,1,0,0,0.156359533,96.3894245,0.96,642.1460132,616.4601727,25.68584053,,,,678.0057698,1863.971528,1724.173664,139.7978646,1863.971528,-4.32E-12,1,0,0,0.393235197,226.0019233,0.925,621.3238427,574.7245545,46.59928821,1,0,0,0.393235197,226.0019233,0.925,621.3238427,574.7245545,46.59928821,1,0,0,0.393235197,226.0019233,0.925,621.3238427,574.7245545,46.59928821,0,0,0,0.087248178,0,0.88,0,0,0,1,,,0.101,174.14154,1724.173664,1724.173664,0,53.44938357,0,,,217.463345,-1.14E-13,93.50923833,3,1143.391098,0,0,0,116.1685355
122,1,123,0.1016,0,0,1143.391098,,,,0,0,1,1941.637009,1941.637009,0,310.6619214,64.46234868,0,,,291.2437879,1941.637009,1863.971528,77.66548034,1941.637009,0,1,0,0,0.156036093,98.44870873,0.96,657.2244686,630.9354898,26.28897874,1,0,0,0.156356517,96.40565468,0.96,642.2665268,616.5758657,25.69066107,1,0,0,0.156359533,96.3894245,0.96,642.1460132,616.4601727,25.68584053,,,,678.0057698,1863.971528,1724.173664,139.7978646,1863.971528,-1.27E-11,1,0,0,0.393235197,226.0019233,0.925,621.3238427,574.7245545,46.59928821,1,0,0,0.393235197,226.0019233,0.925,621.3238427,574.7245545,46.59928821,1,0,0,0.393235197,226.0019233,0.925,621.3238427,574.7245545,46.59928821,0,0,0,0.087248178,0,0.88,0,0,0,1,,,0.101,174.14154,1724.173664,1724.173664,0,53.44938357,0,,,217.463345,5.68E-14,93.50923833,3,1143.391098,0,0,0,116.1685355
123,1,124,0.1016,0,0,1143.391098,,,,0,0,1,1941.637009,1941.637009,0,310.6619214,64.46234868,0,,,291.2437879,1941.637009,1863.971528,77.66548034,1941.637009,0,1,0,0,0.156036093,98.44870873,0.96,657.2244686,630.9354898,26.28897874,1,0,0,0.156356517,96.40565468,0.96,642.2665268,616.5758657,25.69066107,1,0,0,0.156359533,96.3894245,0.96,642.1460132,616.4601727,25.68584053,,,,678.0057698,1863.971528,1724.173664,139.7978646,1863.971528,-4.55E-12,1,0,0,0.393235197,226.0019233,0.925,621.3238427,574.7245545,46.59928821,1,0,0,0.393235197,226.0019233,0.925,621.3238427,574.7245545,46.59928821,1,0,0,0.393235197,226.0019233,0.925,621.3238427,574.7245545,46.59928821,0,0,0,0.087248178,0,0.88,0,0,0,1,,,0.101,174.14154,1724.173664,1724.173664,0,53.44938357,0,,,217.463345,-1.14E-13,93.50923833,3,1143.391098,0,0,0,116.1685355
124,1,125,0.1016,0,0,1143.391098,,,,0,0,1,1941.637009,1941.637009,0,310.6619214,64.46234868,0,,,291.2437879,1941.637009,1863.971528,77.66548034,1941.637009,0,1,0,0,0.156036093,98.44870873,0.96,657.2244686,630.9354898,26.28897874,1,0,0,0.156356517,96.40565468,0.96,642.2665268,616.5758657,25.69066107,1,0,0,0.156359533,96.3894245,0.96,642.1460132,616.4601727,25.68584053,,,,678.0057698,1863.971528,1724.173664,139.7978646,1863.971528,-3.18E-12,1,0,0,0.393235197,226.0019233,0.925,621.3238427,574.7245545,46.59928821,1,0,0,0.393235197,226.0019233,0.925,621.3238427,574.7245545,46.59928821,1,0,0,0.393235197,226.0019233,0.925,621.3238427,574.7245545,46.59928821,0,0,0,0.087248178,0,0.88,0,0,0,1,,,0.101,174.14154,1724.173664,1724.173664,0,53.44938357,0,,,217.463345,-2.84E-14,93.50923833,3,1143.391098,0,0,0,116.1685355
125,1,126,0.1016,0,0,1143.391098,,,,0,0,1,1941.637009,1941.637009,0,310.6619214,64.46234868,0,,,291.2437879,1941.637009,1863.971528,77.66548034,1941.637009,0,1,0,0,0.156036093,98.44870873,0.96,657.2244686,630.9354898,26.28897874,1,0,0,0.156356517,96.40565468,0.96,642.2665268,616.5758657,25.69066107,1,0,0,0.156359533,96.3894245,0.96,642.1460132,616.4601727,25.68584053,,,,678.0057698,1863.971528,1724.173664,139.7978646,1863.971528,-2.96E-12,1,0,0,0.393235197,226.0019233,0.925,621.3238427,574.7245545,46.59928821,1,0,0,0.393235197,226.0019233,0.925,621.3238427,574.7245545,46.59928821,1,0,0,0.393235197,226.0019233,0.925,621.3238427,574.7245545,46.59928821,0,0,0,0.087248178,0,0.88,0,0,0,1,,,0.101,174.14154,1724.173664,1724.173664,0,53.44938357,0,,,217.463345,5.68E-14,93.50923833,3,1143.391098,0,0,0,116.1685355
126,1,127,0.1016,0,0,1143.391098,,,,0,0,1,1941.637009,1941.637009,0,310.6619214,64.46234868,0,,,291.2437879,1941.637009,1863.971528,77.66548034,1941.637009,0,1,0,0,0.156036093,98.44870873,0.96,657.2244686,630.9354898,26.28897874,1,0,0,0.156356517,96.40565468,0.96,642.2665268,616.5758657,25.69066107,1,0,0,0.156359533,96.3894245,0.96,642.1460132,616.4601727,25.68584053,,,,678.0057698,1863.971528,1724.173664,139.7978646,1863.971528,-3.68E-11,1,0,0,0.393235197,226.0019233,0.925,621.3238427,574.7245545,46.59928821,1,0,0,0.393235197,226.0019233,0.925,621.3238427,574.7245545,46.59928821,1,0,0,0.393235197,226.0019233,0.925,621.3238427,574.7245545,46.59928821,0,0,0,0.087248178,0,0.88,0,0,0,1,,,0.101,174.14154,1724.173664,1724.173664,0,53.44938357,0,,,217.463345,2.84E-14,93.50923833,3,1143.391098,0,0,0,116.1685355
127,1,128,0.1016,0,0,1143.391098,,,,0,0,1,1941.637009,1941.637009,0,310.6619214,64.46234868,0,,,291.2437879,1941.637009,1863.971528,77.66548034,1941.637009,0,1,0,0,0.156036093,98.44870873,0.96,657.2244686,630.9354898,26.28897874,1,0,0,0.156356517,96.40565468,0.96,642.2665268,616.5758657,25.69066107,1,0,0,0.156359533,96.3894245,0.96,642.1460132,616.4601727,25.68584053,,,,678.0057698,1863.971528,1724.173664,139.7978646,1863.971528,-2.73E-12,1,0,0,0.393235197,226.0019233,0.925,621.3238427,574.7245545,46.59928821,1,0,0,0.393235197,226.0019233,0.925,621.3238427,574.7245545,46.59928821,1,0,0,0.393235197,226.0019233,0.925,621.3238427,574.7245545,46.59928821,0,0,0,0.087248178,0,0.88,0,0,0,1,,,0.101,174.14154,1724.173664,1724.173664,0,53.44938357,0,,,217.463345,-5.68E-14,93.50923833,3,1143.391098,0,0,0,116.1685355
128,1,129,0.1016,0,0,1143.391098,,,,0,0,1,1941.637009,1941.637009,0,310.6619214,64.46234868,0,,,291.2437879,1941.637009,1863.971528,77.66548034,1941.637009,0,1,0,0,0.156036093,98.44870873,0.96,657.2244686,630.9354898,26.28897874,1,0,0,0.156356517,96.40565468,0.96,642.2665268,616.5758657,25.69066107,1,0,0,0.156359533,96.3894245,0.96,642.1460132,616.4601727,25.68584053,,,,678.0057698,1863.971528,1724.173664,139.7978646,1863.971528,9.09E-12,1,0,0,0.393235197,226.0019233,0.925,621.3238427,574.7245545,46.59928821,1,0,0,0.393235197,226.0019233,0.925,621.3238427,574.7245545,46.59928821,1,0,0,0.393235197,226.0019233,0.925,621.3238427,574.7245545,46.59928821,0,0,0,0.087248178,0,0.88,0,0,0,1,,,0.101,174.14154,1724.173664,1724.173664,0,53.44938357,0,,,217.463345,-5.68E-14,93.50923833,3,1143.391098,0,0,0,116.1685355
129,1,130,0.1016,0,0,1143.391098,,,,0,0,1,1941.637009,1941.637009,0,310.6619214,64.46234868,0,,,291.2437879,1941.637009,1863.971528,77.66548034,1941.637009,0,1,0,0,0.156036093,98.44870873,0.96,657.2244686,630.9354898,26.28897874,1,0,0,0.156356517,96.40565468,0.96,642.2665268,616.5758657,25.69066107,1,0,0,0.156359533,96.3894245,0.96,642.1460132,616.4601727,25.68584053,,,,678.0057698,1863.971528,1724.173664,139.7978646,1863.971528,-2.50E-12,1,0,0,0.393235197,226.0019233,0.925,621.3238427,574.7245545,46.59928821,1,0,0,0.393235197,226.0019233,0.925,621.3238427,574.7245545,46.59928821,1,0,0,0.393235197,226.0019233,0.925,621.3238427,574.7245545,46.59928821,0,0,0,0.087248178,0,0.88,0,0,0,1,,,0.101,174.14154,1724.173664,1724.173664,0,53.44938357,0,,,217.463345,-5.68E-14,93.50923833,3,1143.391098,0,0,0,116.1685355
130,1,131,0.1016,0,0,1143.391098,,,,0,0,1,1941.637009,1941.637009,0,310.6619214,64.46234868,0,,,291.2437879,1941.637009,1863.971528,77.66548034,1941.637009,0,1,0,0,0.156036093,98.44870873,0.96,657.2244686,630.9354898,26.28897874,1,0,0,0.156356517,96.40565468,0.96,642.2665268,616.5758657,25.69066107,1,0,0,0.156359533,96.3894245,0.96,642.1460132,616.4601727,25.68584053,,,,678.0057698,1863.971528,1724.173664,139.7978646,1863.971528,-1.43E-11,1,0,0,0.393235197,226.0019233,0.925,621.3238427,574.7245545,46.59928821,1,0,0,0.393235197,226.0019233,0.925,621.3238427,574.7245545,46.59928821,1,0,0,0.393235197,226.0019233,0.925,621.3238427,574.7245545,46.59928821,0,0,0,0.087248178,0,0.88,0,0,0,1,,,0.101,174.14154,1724.173664,1724.173664,0,53.44938357,0,,,217.463345,2.84E-14,93.50923833,3,1143.391098,0,0,0,116.1685355
131,1,132,0.1016,0,0,1143.391098,,,,0,0,1,1941.637009,1941.637009,0,310.6619214,64.46234868,0,,,291.2437879,1941.637009,1863.971528,77.66548034,1941.637009,0,1,0,0,0.156036093,98.44870873,0.96,657.2244686,630.9354898,26.28897874,1,0,0,0.156356517,96.40565468,0.96,642.2665268,616.5758657,25.69066107,1,0,0,0.156359533,96.3894245,0.96,642.1460132,616.4601727,25.68584053,,,,678.0057698,1863.971528,1724.173664,139.7978646,1863.971528,5.46E-11,1,0,0,0.393235197,226.0019233,0.925,621.3238427,574.7245545,46.59928821,1,0,0,0.393235197,226.0019233,0.925,621.3238427,574.7245545,46.59928821,1,0,0,0.393235197,226.0019233,0.925,621.3238427,574.7245545,46.59928821,0,0,0,0.087248178,0,0.88,0,0,0,1,,,0.101,174.14154,1724.173664,1724.173664,0,53.44938357,0,,,217.463345,-8.53E-14,93.50923833,3,1143.391098,0,0,0,116.1685355
132,1,133,0.1016,0,0,1143.391098,,,,0,0,1,1941.637009,1941.637009,0,310.6619214,64.46234868,0,,,291.2437879,1941.637009,1863.971528,77.66548034,1941.637009,0,1,0,0,0.156036093,98.44870873,0.96,657.2244686,630.9354898,26.28897874,1,0,0,0.156356517,96.40565468,0.96,642.2665268,616.5758657,25.69066107,1,0,0,0.156359533,96.3894245,0.96,642.1460132,616.4601727,25.68584053,,,,678.0057698,1863.971528,1724.173664,139.7978646,1863.971528,-6.14E-12,1,0,0,0.393235197,226.0019233,0.925,621.3238427,574.7245545,46.59928821,1,0,0,0.393235197,226.0019233,0.925,621.3238427,574.7245545,46.59928821,1,0,0,0.393235197,226.0019233,0.925,621.3238427,574.7245545,46.59928821,0,0,0,0.087248178,0,0.88,0,0,0,1,,,0.101,174.14154,1724.173664,1724.173664,0,53.44938357,0,,,217.463345,1.14E-13,93.50923833,3,1143.391098,0,0,0,116.1685355
133,1,134,0.1016,0,0,1143.391098,,,,0,0,1,1941.637009,1941.637009,0,310.6619214,64.46234868,0,,,291.2437879,1941.637009,1863.971528,77.66548034,1941.637009,0,1,0,0,0.156036093,98.44870873,0.96,657.2244686,630.9354898,26.28897874,1,0,0,0.156356517,96.40565468,0.96,642.2665268,616.5758657,25.69066107,1,0,0,0.156359533,96.3894245,0.96,642.1460132,616.4601727,25.68584053,,,,678.0057698,1863.971528,1724.173664,139.7978646,1863.971528,-5.00E-12,1,0,0,0.393235197,226.0019233,0.925,621.3238427,574.7245545,46.59928821,1,0,0,0.393235197,226.0019233,0.925,621.3238427,574.7245545,46.59928821,1,0,0,0.393235197,226.0019233,0.925,621.3238427,574.7245545,46.59928821,0,0,0,0.087248178,0,0.88,0,0,0,1,,,0.101,174.14154,1724.173664,1724.173664,0,53.44938357,0,,,217.463345,2.84E-14,93.50923833,3,1143.391098,0,0,0,116.1685355
134,1,135,0.1016,0,0,1143.391098,,,,0,0,1,1941.637009,1941.637009,0,310.6619214,64.46234868,0,,,291.2437879,1941.637009,1863.971528,77.66548034,1941.637009,0,1,0,0,0.156036093,98.44870873,0.96,657.2244686,630.9354898,26.28897874,1,0,0,0.156356517,96.40565468,0.96,642.2665268,616.5758657,25.69066107,1,0,0,0.156359533,96.3894245,0.96,642.1460132,616.4601727,25.68584053,,,,678.0057698,1863.971528,1724.173664,139.7978646,1863.971528,-3.41E-12,1,0,0,0.393235197,226.0019233,0.925,621.3238427,574.7245545,46.59928821,1,0,0,0.393235197,226.0019233,0.925,621.3238427,574.7245545,46.59928821,1,0,0,0.393235197,226.0019233,0.925,621.3238427,574.7245545,46.59928821,0,0,0,0.087248178,0,0.88,0,0,0,1,,,0.101,174.14154,1724.173664,1724.173664,0,53.44938357,0,,,217.463345,1.14E-13,93.50923833,3,1143.391098,0,0,0,116.1685355
135,1,136,0.1016,0,0,1143.391098,,,,0,0,1,1941.637009,1941.637009,0,310.6619214,64.46234868,0,,,291.2437879,1941.637009,1863.971528,77.66548034,1941.637009,0,1,0,0,0.156036093,98.44870873,0.96,657.2244686,630.9354898,26.28897874,1,0,0,0.156356517,96.40565468,0.96,642.2665268,616.5758657,25.69066107,1,0,0,0.156359533,96.3894245,0.96,642.1460132,616.4601727,25.68584053,,,,678.0057698,1863.971528,1724.173664,139.7978646,1863.971528,-8.55E-11,1,0,0,0.393235197,226.0019233,0.925,621.3238427,574.7245545,46.59928821,1,0,0,0.393235197,226.0019233,0.925,621.3238427,574.7245545,46.59928821,1,0,0,0.393235197,226.0019233,0.925,621.3238427,574.7245545,46.59928821,0,0,0,0.087248178,0,0.88,0,0,0,1,,,0.101,174.14154,1724.173664,1724.173664,0,53.44938357,0,,,217.463345,-5.68E-14,93.50923833,3,1143.391098,0,0,0,116.1685355
136,1,137,0.1016,0,0,1143.391098,,,,0,0,1,1941.637009,1941.637009,0,310.6619214,64.46234868,0,,,291.2437879,1941.637009,1863.971528,77.66548034,1941.637009,0,1,0,0,0.156036093,98.44870873,0.96,657.2244686,630.9354898,26.28897874,1,0,0,0.156356517,96.40565468,0.96,642.2665268,616.5758657,25.69066107,1,0,0,0.156359533,96.3894245,0.96,642.1460132,616.4601727,25.68584053,,,,678.0057698,1863.971528,1724.173664,139.7978646,1863.971528,-1.73E-11,1,0,0,0.393235197,226.0019233,0.925,621.3238427,574.7245545,46.59928821,1,0,0,0.393235197,226.0019233,0.925,621.3238427,574.7245545,46.59928821,1,0,0,0.393235197,226.0019233,0.925,621.3238427,574.7245545,46.59928821,0,0,0,0.087248178,0,0.88,0,0,0,1,,,0.101,174.14154,1724.173664,1724.173664,0,53.44938357,0,,,217.463345,-2.84E-14,93.50923833,3,1143.391098,0,0,0,116.1685355
137,1,138,0.13994,0,0,1143.391098,,,,0,0,1,1941.637009,1941.637009,0,310.6619214,64.46234868,0,,,291.2437879,1941.637009,1863.971528,77.66548034,1941.637009,0,1,0,0,0.156036093,98.44870873,0.96,657.2244686,630.9354898,26.28897874,1,0,0,0.156356517,96.40565468,0.96,642.2665268,616.5758657,25.69066107,1,0,0,0.156359533,96.3894245,0.96,642.1460132,616.4601727,25.68584053,,,,678.0057698,1863.971528,1724.173664,139.7978646,1863.971528,-3.55E-11,1,0,0,0.393235197,226.0019233,0.925,621.3238427,574.7245545,46.59928821,1,0,0,0.393235197,226.0019233,0.925,621.3238427,574.7245545,46.59928821,1,0,0,0.393235197,226.0019233,0.925,621.3238427,574.7245545,46.59928821,0,0,0,0.087248178,0,0.88,0,0,0,1,,,0.101,174.14154,1724.173664,1724.173664,0,53.44938357,0,,,217.463345,5.68E-14,93.50923833,3,1143.391098,0,0,0,160.0061502
138,1,139,0.13994,0,0,1143.391098,,,,0,0,1,1941.637009,1941.637009,0,310.6619214,64.46234868,0,,,291.2437879,1941.637009,1863.971528,77.66548034,1941.637009,0,1,0,0,0.156036093,98.44870873,0.96,657.2244686,630.9354898,26.28897874,1,0,0,0.156356517,96.40565468,0.96,642.2665268,616.5758657,25.69066107,1,0,0,0.156359533,96.3894245,0.96,642.1460132,616.4601727,25.68584053,,,,678.0057698,1863.971528,1724.173664,139.7978646,1863.971528,-4.09E-12,1,0,0,0.393235197,226.0019233,0.925,621.3238427,574.7245545,46.59928821,1,0,0,0.393235197,226.0019233,0.925,621.3238427,574.7245545,46.59928821,1,0,0,0.393235197,226.0019233,0.925,621.3238427,574.7245545,46.59928821,0,0,0,0.087248178,0,0.88,0,0,0,1,,,0.101,174.14154,1724.173664,1724.173664,0,53.44938357,0,,,217.463345,-1.14E-13,93.50923833,3,1143.391098,0,0,0,160.0061502
139,1,140,0.13994,0,0,1143.391098,,,,0,0,1,1941.637009,1941.637009,0,310.6619214,64.46234868,0,,,291.2437879,1941.637009,1863.971528,77.66548034,1941.637009,0,1,0,0,0.156036093,98.44870873,0.96,657.2244686,630.9354898,26.28897874,1,0,0,0.156356517,96.40565468,0.96,642.2665268,616.5758657,25.69066107,1,0,0,0.156359533,96.3894245,0.96,642.1460132,616.4601727,25.68584053,,,,678.0057698,1863.971528,1724.173664,139.7978646,1863.971528,-3.64E-12,1,0,0,0.393235197,226.0019233,0.925,621.3238427,574.7245545,46.59928821,1,0,0,0.393235197,226.0019233,0.925,621.3238427,574.7245545,46.59928821,1,0,0,0.393235197,226.0019233,0.925,621.3238427,574.7245545,46.59928821,0,0,0,0.087248178,0,0.88,0,0,0,1,,,0.101,174.14154,1724.173664,1724.173664,0,53.44938357,0,,,217.463345,-1.14E-13,93.50923833,3,1143.391098,0,0,0,160.0061502
140,1,141,0.13994,0,0,1143.391098,,,,0,0,1,1941.637009,1941.637009,0,310.6619214,64.46234868,0,,,291.2437879,1941.637009,1863.971528,77.66548034,1941.637009,0,1,0,0,0.156036093,98.44870873,0.96,657.2244686,630.9354898,26.28897874,1,0,0,0.156356517,96.40565468,0.96,642.2665268,616.5758657,25.69066107,1,0,0,0.156359533,96.3894245,0.96,642.1460132,616.4601727,25.68584053,,,,678.0057698,1863.971528,1724.173664,139.7978646,1863.971528,-3.87E-12,1,0,0,0.393235197,226.0019233,0.925,621.3238427,574.7245545,46.59928821,1,0,0,0.393235197,226.0019233,0.925,621.3238427,574.7245545,46.59928821,1,0,0,0.393235197,226.0019233,0.925,621.3238427,574.7245545,46.59928821,0,0,0,0.087248178,0,0.88,0,0,0,1,,,0.101,174.14154,1724.173664,1724.173664,0,53.44938357,0,,,217.463345,1.42E-13,93.50923833,3,1143.391098,0,0,0,160.0061502
141,1,142,0.13994,0,0,1143.391098,,,,0,0,1,1941.637009,1941.637009,0,310.6619214,64.46234868,0,,,291.2437879,1941.637009,1863.971528,77.66548034,1941.637009,0,1,0,0,0.156036093,98.44870873,0.96,657.2244686,630.9354898,26.28897874,1,0,0,0.156356517,96.40565468,0.96,642.2665268,616.5758657,25.69066107,1,0,0,0.156359533,96.3894245,0.96,642.1460132,616.4601727,25.68584053,,,,678.0057698,1863.971528,1724.173664,139.7978646,1863.971528,-7.05E-12,1,0,0,0.393235197,226.0019233,0.925,621.3238427,574.7245545,46.59928821,1,0,0,0.393235197,226.0019233,0.925,621.3238427,574.7245545,46.59928821,1,0,0,0.393235197,226.0019233,0.925,621.3238427,574.7245545,46.59928821,0,0,0,0.087248178,0,0.88,0,0,0,1,,,0.101,174.14154,1724.173664,1724.173664,0,53.44938357,0,,,217.463345,1.42E-13,93.50923833,3,1143.391098,0,0,0,160.0061502
142,1,143,0.1016,0,0,1143.391098,,,,0,0,1,1941.637009,1941.637009,0,310.6619214,64.46234868,0,,,291.2437879,1941.637009,1863.971528,77.66548034,1941.637009,0,1,0,0,0.156036093,98.44870873,0.96,657.2244686,630.9354898,26.28897874,1,0,0,0.156356517,96.40565468,0.96,642.2665268,616.5758657,25.69066107,1,0,0,0.156359533,96.3894245,0.96,642.1460132,616.4601727,25.68584053,,,,678.0057698,1863.971528,1724.173664,139.7978646,1863.971528,2.27E-13,1,0,0,0.393235197,226.0019233,0.925,621.3238427,574.7245545,46.59928821,1,0,0,0.393235197,226.0019233,0.925,621.3238427,574.7245545,46.59928821,1,0,0,0.393235197,226.0019233,0.925,621.3238427,574.7245545,46.59928821,0,0,0,0.087248178,0,0.88,0,0,0,1,,,0.101,174.14154,1724.173664,1724.173664,0,53.44938357,0,,,217.463345,5.68E-14,93.50923833,3,1143.391098,0,0,0,116.1685355
143,1,144,0.1016,0,0,1143.391098,,,,0,0,1,1941.637009,1941.637009,0,310.6619214,64.46234868,0,,,291.2437879,1941.637009,1863.971528,77.66548034,1941.637009,0,1,0,0,0.156036093,98.44870873,0.96,657.2244686,630.9354898,26.28897874,1,0,0,0.156356517,96.40565468,0.96,642.2665268,616.5758657,25.69066107,1,0,0,0.156359533,96.3894245,0.96,642.1460132,616.4601727,25.68584053,,,,678.0057698,1863.971528,1724.173664,139.7978646,1863.971528,-2.46E-11,1,0,0,0.393235197,226.0019233,0.925,621.3238427,574.7245545,46.59928821,1,0,0,0.393235197,226.0019233,0.925,621.3238427,574.7245545,46.59928821,1,0,0,0.393235197,226.0019233,0.925,621.3238427,574.7245545,46.59928821,0,0,0,0.087248178,0,0.88,0,0,0,1,,,0.101,174.14154,1724.173664,1724.173664,0,53.44938357,0,,,217.463345,-8.53E-14,93.50923833,3,1143.391098,0,0,0,116.1685355
144,1,145,0.1016,0,0,1143.391098,,,,0,0,1,1941.637009,1941.637009,0,310.6619214,64.46234868,0,,,291.2437879,1941.637009,1863.971528,77.66548034,1941.637009,0,1,0,0,0.156036093,98.44870873,0.96,657.2244686,630.9354898,26.28897874,1,0,0,0.156356517,96.40565468,0.96,642.2665268,616.5758657,25.69066107,1,0,0,0.156359533,96.3894245,0.96,642.1460132,616.4601727,25.68584053,,,,678.0057698,1863.971528,1724.173664,139.7978646,1863.971528,-9.69E-11,1,0,0,0.393235197,226.0019233,0.925,621.3238427,574.7245545,46.59928821,1,0,0,0.393235197,226.0019233,0.925,621.3238427,574.7245545,46.59928821,1,0,0,0.393235197,226.0019233,0.925,621.3238427,574.7245545,46.59928821,0,0,0,0.087248178,0,0.88,0,0,0,1,,,0.101,174.14154,1724.173664,1724.173664,0,53.44938357,0,,,217.463345,-2.84E-14,93.50923833,3,1143.391098,0,0,0,116.1685355
145,1,146,0.1016,0,0,1143.391098,,,,0,0,1,1941.637009,1941.637009,0,310.6619214,64.46234868,0,,,291.2437879,1941.637009,1863.971528,77.66548034,1941.637009,0,1,0,0,0.156036093,98.44870873,0.96,657.2244686,630.9354898,26.28897874,1,0,0,0.156356517,96.40565468,0.96,642.2665268,616.5758657,25.69066107,1,0,0,0.156359533,96.3894245,0.96,642.1460132,616.4601727,25.68584053,,,,678.0057698,1863.971528,1724.173664,139.7978646,1863.971528,-1.68E-11,1,0,0,0.393235197,226.0019233,0.925,621.3238427,574.7245545,46.59928821,1,0,0,0.393235197,226.0019233,0.925,621.3238427,574.7245545,46.59928821,1,0,0,0.393235197,226.0019233,0.925,621.3238427,574.7245545,46.59928821,0,0,0,0.087248178,0,0.88,0,0,0,1,,,0.101,174.14154,1724.173664,1724.173664,0,53.44938357,0,,,217.463345,-5.68E-14,93.50923833,3,1143.391098,0,0,0,116.1685355
146,1,147,0.1016,0,0,1143.391098,,,,0,0,1,1941.637009,1941.637009,0,310.6619214,64.46234868,0,,,291.2437879,1941.637009,1863.971528,77.66548034,1941.637009,0,1,0,0,0.156036093,98.44870873,0.96,657.2244686,630.9354898,26.28897874,1,0,0,0.156356517,96.40565468,0.96,642.2665268,616.5758657,25.69066107,1,0,0,0.156359533,96.3894245,0.96,642.1460132,616.4601727,25.68584053,,,,678.0057698,1863.971528,1724.173664,139.7978646,1863.971528,-3.64E-12,1,0,0,0.393235197,226.0019233,0.925,621.3238427,574.7245545,46.59928821,1,0,0,0.393235197,226.0019233,0.925,621.3238427,574.7245545,46.59928821,1,0,0,0.393235197,226.0019233,0.925,621.3238427,574.7245545,46.59928821,0,0,0,0.087248178,0,0.88,0,0,0,1,,,0.101,174.14154,1724.173664,1724.173664,0,53.44938357,0,,,217.463345,-1.14E-13,93.50923833,3,1143.391098,0,0,0,116.1685355
147,1,148,0.1016,0,0,1143.391098,,,,0,0,1,1941.637009,1941.637009,0,310.6619214,64.46234868,0,,,291.2437879,1941.637009,1863.971528,77.66548034,1941.637009,0,1,0,0,0.156036093,98.44870873,0.96,657.2244686,630.9354898,26.28897874,1,0,0,0.156356517,96.40565468,0.96,642.2665268,616.5758657,25.69066107,1,0,0,0.156359533,96.3894245,0.96,642.1460132,616.4601727,25.68584053,,,,678.0057698,1863.971528,1724.173664,139.7978646,1863.971528,-1.05E-11,1,0,0,0.393235197,226.0019233,0.925,621.3238427,574.7245545,46.59928821,1,0,0,0.393235197,226.0019233,0.925,621.3238427,574.7245545,46.59928821,1,0,0,0.393235197,226.0019233,0.925,621.3238427,574.7245545,46.59928821,0,0,0,0.087248178,0,0.88,0,0,0,1,,,0.101,174.14154,1724.173664,1724.173664,0,53.44938357,0,,,217.463345,-1.42E-13,93.50923833,3,1143.391098,0,0,0,116.1685355
148,1,149,0.1016,0,0,1143.391098,,,,0,0,1,1941.637009,1941.637009,0,310.6619214,64.46234868,0,,,291.2437879,1941.637009,1863.971528,77.66548034,1941.637009,0,1,0,0,0.156036093,98.44870873,0.96,657.2244686,630.9354898,26.28897874,1,0,0,0.156356517,96.40565468,0.96,642.2665268,616.5758657,25.69066107,1,0,0,0.156359533,96.3894245,0.96,642.1460132,616.4601727,25.68584053,,,,678.0057698,1863.971528,1724.173664,139.7978646,1863.971528,-2.05E-12,1,0,0,0.393235197,226.0019233,0.925,621.3238427,574.7245545,46.59928821,1,0,0,0.393235197,226.0019233,0.925,621.3238427,574.7245545,46.59928821,1,0,0,0.393235197,226.0019233,0.925,621.3238427,574.7245545,46.59928821,0,0,0,0.087248178,0,0.88,0,0,0,1,,,0.101,174.14154,1724.173664,1724.173664,0,53.44938357,0,,,217.463345,5.68E-14,93.50923833,3,1143.391098,0,0,0,116.1685355
149,1,150,0.1016,0,0,1143.391098,,,,0,0,1,1941.637009,1941.637009,0,310.6619214,64.46234868,0,,,291.2437879,1941.637009,1863.971528,77.66548034,1941.637009,0,1,0,0,0.156036093,98.44870873,0.96,657.2244686,630.9354898,26.28897874,1,0,0,0.156356517,96.40565468,0.96,642.2665268,616.5758657,25.69066107,1,0,0,0.156359533,96.3894245,0.96,642.1460132,616.4601727,25.68584053,,,,678.0057698,1863.971528,1724.173664,139.7978646,1863.971528,-1.07E-11,1,0,0,0.393235197,226.0019233,0.925,621.3238427,574.7245545,46.59928821,1,0,0,0.393235197,226.0019233,0.925,621.3238427,574.7245545,46.59928821,1,0,0,0.393235197,226.0019233,0.925,621.3238427,574.7245545,46.59928821,0,0,0,0.087248178,0,0.88,0,0,0,1,,,0.101,174.14154,1724.173664,1724.173664,0,53.44938357,0,,,217.463345,1.42E-13,93.50923833,3,1143.391098,0,0,0,116.1685355
150,1,151,0.1016,0,0,1143.391098,,,,0,0,1,1941.637009,1941.637009,0,310.6619214,64.46234868,0,,,291.2437879,1941.637009,1863.971528,77.66548034,1941.637009,0,1,0,0,0.156036093,98.44870873,0.96,657.2244686,630.9354898,26.28897874,1,0,0,0.156356517,96.40565468,0.96,642.2665268,616.5758657,25.69066107,1,0,0,0.156359533,96.3894245,0.96,642.1460132,616.4601727,25.68584053,,,,678.0057698,1863.971528,1724.173664,139.7978646,1863.971528,-2.73E-12,1,0,0,0.393235197,226.0019233,0.925,621.3238427,574.7245545,46.59928821,1,0,0,0.393235197,226.0019233,0.925,621.3238427,574.7245545,46.59928821,1,0,0,0.393235197,226.0019233,0.925,621.3238427,574.7245545,46.59928821,0,0,0,0.087248178,0,0.88,0,0,0,1,,,0.101,174.14154,1724.173664,1724.173664,0,53.44938357,0,,,217.463345,-1.42E-13,93.50923833,3,1143.391098,0,0,0,116.1685355
151,1,152,0.1016,0,0,1143.391098,,,,0,0,1,1941.637009,1941.637009,0,310.6619214,64.46234868,0,,,291.2437879,1941.637009,1863.971528,77.66548034,1941.637009,0,1,0,0,0.156036093,98.44870873,0.96,657.2244686,630.9354898,26.28897874,1,0,0,0.156356517,96.40565468,0.96,642.2665268,616.5758657,25.69066107,1,0,0,0.156359533,96.3894245,0.96,642.1460132,616.4601727,25.68584053,,,,678.0057698,1863.971528,1724.173664,139.7978646,1863.971528,-4.09E-12,1,0,0,0.393235197,226.0019233,0.925,621.3238427,574.7245545,46.59928821,1,0,0,0.393235197,226.0019233,0.925,621.3238427,574.7245545,46.59928821,1,0,0,0.393235197,226.0019233,0.925,621.3238427,574.7245545,46.59928821,0,0,0,0.087248178,0,0.88,0,0,0,1,,,0.101,174.14154,1724.173664,1724.173664,0,53.44938357,0,,,217.463345,1.14E-13,93.50923833,3,1143.391098,0,0,0,116.1685355
152,1,153,0.1016,0,0,1143.391098,,,,0,0,1,1941.637009,1941.637009,0,310.6619214,64.46234868,0,,,291.2437879,1941.637009,1863.971528,77.66548034,1941.637009,0,1,0,0,0.156036093,98.44870873,0.96,657.2244686,630.9354898,26.28897874,1,0,0,0.156356517,96.40565468,0.96,642.2665268,616.5758657,25.69066107,1,0,0,0.156359533,96.3894245,0.96,642.1460132,616.4601727,25.68584053,,,,678.0057698,1863.971528,1724.173664,139.7978646,1863.971528,-3.87E-12,1,0,0,0.393235197,226.0019233,0.925,621.3238427,574.7245545,46.59928821,1,0,0,0.393235197,226.0019233,0.925,621.3238427,574.7245545,46.59928821,1,0,0,0.393235197,226.0019233,0.925,621.3238427,574.7245545,46.59928821,0,0,0,0.087248178,0,0.88,0,0,0,1,,,0.101,174.14154,1724.173664,1724.173664,0,53.44938357,0,,,217.463345,1.42E-13,93.50923833,3,1143.391098,0,0,0,116.1685355
153,1,154,0.1016,0,0,1143.391098,,,,0,0,1,1941.637009,1941.637009,0,310.6619214,64.46234868,0,,,291.2437879,1941.637009,1863.971528,77.66548034,1941.637009,0,1,0,0,0.156036093,98.44870873,0.96,657.2244686,630.9354898,26.28897874,1,0,0,0.156356517,96.40565468,0.96,642.2665268,616.5758657,25.69066107,1,0,0,0.156359533,96.3894245,0.96,642.1460132,616.4601727,25.68584053,,,,678.0057698,1863.971528,1724.173664,139.7978646,1863.971528,-3.87E-12,1,0,0,0.393235197,226.0019233,0.925,621.3238427,574.7245545,46.59928821,1,0,0,0.393235197,226.0019233,0.925,621.3238427,574.7245545,46.59928821,1,0,0,0.393235197,226.0019233,0.925,621.3238427,574.7245545,46.59928821,0,0,0,0.087248178,0,0.88,0,0,0,1,,,0.101,174.14154,1724.173664,1724.173664,0,53.44938357,0,,,217.463345,5.68E-14,93.50923833,3,1143.391098,0,0,0,116.1685355
154,1,155,0.1016,0,0,1143.391098,,,,0,0,1,1941.637009,1941.637009,0,310.6619214,64.46234868,0,,,291.2437879,1941.637009,1863.971528,77.66548034,1941.637009,0,1,0,0,0.156036093,98.44870873,0.96,657.2244686,630.9354898,26.28897874,1,0,0,0.156356517,96.40565468,0.96,642.2665268,616.5758657,25.69066107,1,0,0,0.156359533,96.3894245,0.96,642.1460132,616.4601727,25.68584053,,,,678.0057698,1863.971528,1724.173664,139.7978646,1863.971528,-1.25E-11,1,0,0,0.393235197,226.0019233,0.925,621.3238427,574.7245545,46.59928821,1,0,0,0.393235197,226.0019233,0.925,621.3238427,574.7245545,46.59928821,1,0,0,0.393235197,226.0019233,0.925,621.3238427,574.7245545,46.59928821,0,0,0,0.087248178,0,0.88,0,0,0,1,,,0.101,174.14154,1724.173664,1724.173664,0,53.44938357,0,,,217.463345,-2.84E-14,93.50923833,3,1143.391098,0,0,0,116.1685355
155,1,156,0.1016,0,0,1143.391098,,,,0,0,1,1941.637009,1941.637009,0,310.6619214,64.46234868,0,,,291.2437879,1941.637009,1863.971528,77.66548034,1941.637009,0,1,0,0,0.156036093,98.44870873,0.96,657.2244686,630.9354898,26.28897874,1,0,0,0.156356517,96.40565468,0.96,642.2665268,616.5758657,25.69066107,1,0,0,0.156359533,96.3894245,0.96,642.1460132,616.4601727,25.68584053,,,,678.0057698,1863.971528,1724.173664,139.7978646,1863.971528,-3.18E-12,1,0,0,0.393235197,226.0019233,0.925,621.3238427,574.7245545,46.59928821,1,0,0,0.393235197,226.0019233,0.925,621.3238427,574.7245545,46.59928821,1,0,0,0.393235197,226.0019233,0.925,621.3238427,574.7245545,46.59928821,0,0,0,0.087248178,0,0.88,0,0,0,1,,,0.101,174.14154,1724.173664,1724.173664,0,53.44938357,0,,,217.463345,5.68E-14,93.50923833,3,1143.391098,0,0,0,116.1685355
156,1,157,0.1016,0,0,1143.391098,,,,0,0,1,1941.637009,1941.637009,0,310.6619214,64.46234868,0,,,291.2437879,1941.637009,1863.971528,77.66548034,1941.637009,0,1,0,0,0.156036093,98.44870873,0.96,657.2244686,630.9354898,26.28897874,1,0,0,0.156356517,96.40565468,0.96,642.2665268,616.5758657,25.69066107,1,0,0,0.156359533,96.3894245,0.96,642.1460132,616.4601727,25.68584053,,,,678.0057698,1863.971528,1724.173664,139.7978646,1863.971528,-2.09E-11,1,0,0,0.393235197,226.0019233,0.925,621.3238427,574.7245545,46.59928821,1,0,0,0.393235197,226.0019233,0.925,621.3238427,574.7245545,46.59928821,1,0,0,0.393235197,226.0019233,0.925,621.3238427,574.7245545,46.59928821,0,0,0,0.087248178,0,0.88,0,0,0,1,,,0.101,174.14154,1724.173664,1724.173664,0,53.44938357,0,,,217.463345,5.68E-14,93.50923833,3,1143.391098,0,0,0,116.1685355
157,1,158,0.1016,0,0,1143.391098,,,,0,0,1,1941.637009,1941.637009,0,310.6619214,64.46234868,0,,,291.2437879,1941.637009,1863.971528,77.66548034,1941.637009,0,1,0,0,0.156036093,98.44870873,0.96,657.2244686,630.9354898,26.28897874,1,0,0,0.156356517,96.40565468,0.96,642.2665268,616.5758657,25.69066107,1,0,0,0.156359533,96.3894245,0.96,642.1460132,616.4601727,25.68584053,,,,678.0057698,1863.971528,1724.173664,139.7978646,1863.971528,-2.36E-11,1,0,0,0.393235197,226.0019233,0.925,621.3238427,574.7245545,46.59928821,1,0,0,0.393235197,226.0019233,0.925,621.3238427,574.7245545,46.59928821,1,0,0,0.393235197,226.0019233,0.925,621.3238427,574.7245545,46.59928821,0,0,0,0.087248178,0,0.88,0,0,0,1,,,0.101,174.14154,1724.173664,1724.173664,0,53.44938357,0,,,217.463345,5.68E-14,93.50923833,3,1143.391098,0,0,0,116.1685355
158,1,159,0.1016,0,0,1143.391098,,,,0,0,1,1941.637009,1941.637009,0,310.6619214,64.46234868,0,,,291.2437879,1941.637009,1863.971528,77.66548034,1941.637009,0,1,0,0,0.156036093,98.44870873,0.96,657.2244686,630.9354898,26.28897874,1,0,0,0.156356517,96.40565468,0.96,642.2665268,616.5758657,25.69066107,1,0,0,0.156359533,96.3894245,0.96,642.1460132,616.4601727,25.68584053,,,,678.0057698,1863.971528,1724.173664,139.7978646,1863.971528,-7.28E-12,1,0,0,0.393235197,226.0019233,0.925,621.3238427,574.7245545,46.59928821,1,0,0,0.393235197,226.0019233,0.925,621.3238427,574.7245545,46.59928821,1,0,0,0.393235197,226.0019233,0.925,621.3238427,574.7245545,46.59928821,0,0,0,0.087248178,0,0.88,0,0,0,1,,,0.101,174.14154,1724.173664,1724.173664,0,53.44938357,0,,,217.463345,-5.68E-14,93.50923833,3,1143.391098,0,0,0,116.1685355
159,1,160,0.1016,0,0,1143.391098,,,,0,0,1,1941.637009,1941.637009,0,310.6619214,64.46234868,0,,,291.2437879,1941.637009,1863.971528,77.66548034,1941.637009,0,1,0,0,0.156036093,98.44870873,0.96,657.2244686,630.9354898,26.28897874,1,0,0,0.156356517,96.40565468,0.96,642.2665268,616.5758657,25.69066107,1,0,0,0.156359533,96.3894245,0.96,642.1460132,616.4601727,25.68584053,,,,678.0057698,1863.971528,1724.173664,139.7978646,1863.971528,-9.55E-12,1,0,0,0.393235197,226.0019233,0.925,621.3238427,574.7245545,46.59928821,1,0,0,0.393235197,226.0019233,0.925,621.3238427,574.7245545,46.59928821,1,0,0,0.393235197,226.0019233,0.925,621.3238427,574.7245545,46.59928821,0,0,0,0.087248178,0,0.88,0,0,0,1,,,0.101,174.14154,1724.173664,1724.173664,0,53.44938357,0,,,217.463345,5.68E-14,93.50923833,3,1143.391098,0,0,0,116.1685355
160,1,161,0.1016,0,0,1143.391098,,,,0,0,1,1941.637009,1941.637009,0,310.6619214,64.46234868,0,,,291.2437879,1941.637009,1863.971528,77.66548034,1941.637009,0,1,0,0,0.156036093,98.44870873,0.96,657.2244686,630.9354898,26.28897874,1,0,0,0.156356517,96.40565468,0.96,642.2665268,616.5758657,25.69066107,1,0,0,0.156359533,96.3894245,0.96,642.1460132,616.4601727,25.68584053,,,,678.0057698,1863.971528,1724.173664,139.7978646,1863.971528,-4.09E-12,1,0,0,0.393235197,226.0019233,0.925,621.3238427,574.7245545,46.59928821,1,0,0,0.393235197,226.0019233,0.925,621.3238427,574.7245545,46.59928821,1,0,0,0.393235197,226.0019233,0.925,621.3238427,574.7245545,46.59928821,0,0,0,0.087248178,0,0.88,0,0,0,1,,,0.101,174.14154,1724.173664,1724.173664,0,53.44938357,0,,,217.463345,5.68E-14,93.50923833,3,1143.391098,0,0,0,116.1685355
161,1,162,0.13994,0,0,1143.391098,,,,0,0,1,1941.637009,1941.637009,0,310.6619214,64.46234868,0,,,291.2437879,1941.637009,1863.971528,77.66548034,1941.637009,0,1,0,0,0.156036093,98.44870873,0.96,657.2244686,630.9354898,26.28897874,1,0,0,0.156356517,96.40565468,0.96,642.2665268,616.5758657,25.69066107,1,0,0,0.156359533,96.3894245,0.96,642.1460132,616.4601727,25.68584053,,,,678.0057698,1863.971528,1724.173664,139.7978646,1863.971528,-4.55E-12,1,0,0,0.393235197,226.0019233,0.925,621.3238427,574.7245545,46.59928821,1,0,0,0.393235197,226.0019233,0.925,621.3238427,574.7245545,46.59928821,1,0,0,0.393235197,226.0019233,0.925,621.3238427,574.7245545,46.59928821,0,0,0,0.087248178,0,0.88,0,0,0,1,,,0.101,174.14154,1724.173664,1724.173664,0,53.44938357,0,,,217.463345,5.68E-14,93.50923833,3,1143.391098,0,0,0,160.0061502
162,1,163,0.13994,0,0,1143.391098,,,,0,0,1,1941.637009,1941.637009,0,310.6619214,64.46234868,0,,,291.2437879,1941.637009,1863.971528,77.66548034,1941.637009,0,1,0,0,0.156036093,98.44870873,0.96,657.2244686,630.9354898,26.28897874,1,0,0,0.156356517,96.40565468,0.96,642.2665268,616.5758657,25.69066107,1,0,0,0.156359533,96.3894245,0.96,642.1460132,616.4601727,25.68584053,,,,678.0057698,1863.971528,1724.173664,139.7978646,1863.971528,-5.30E-11,1,0,0,0.393235197,226.0019233,0.925,621.3238427,574.7245545,46.59928821,1,0,0,0.393235197,226.0019233,0.925,621.3238427,574.7245545,46.59928821,1,0,0,0.393235197,226.0019233,0.925,621.3238427,574.7245545,46.59928821,0,0,0,0.087248178,0,0.88,0,0,0,1,,,0.101,174.14154,1724.173664,1724.173664,0,53.44938357,0,,,217.463345,-1.14E-13,93.50923833,3,1143.391098,0,0,0,160.0061502
163,1,164,0.13994,0,0,1143.391098,,,,0,0,1,1941.637009,1941.637009,0,310.6619214,64.46234868,0,,,291.2437879,1941.637009,1863.971528,77.66548034,1941.637009,0,1,0,0,0.156036093,98.44870873,0.96,657.2244686,630.9354898,26.28897874,1,0,0,0.156356517,96.40565468,0.96,642.2665268,616.5758657,25.69066107,1,0,0,0.156359533,96.3894245,0.96,642.1460132,616.4601727,25.68584053,,,,678.0057698,1863.971528,1724.173664,139.7978646,1863.971528,-3.87E-12,1,0,0,0.393235197,226.0019233,0.925,621.3238427,574.7245545,46.59928821,1,0,0,0.393235197,226.0019233,0.925,621.3238427,574.7245545,46.59928821,1,0,0,0.393235197,226.0019233,0.925,621.3238427,574.7245545,46.59928821,0,0,0,0.087248178,0,0.88,0,0,0,1,,,0.101,174.14154,1724.173664,1724.173664,0,53.44938357,0,,,217.463345,-5.68E-14,93.50923833,3,1143.391098,0,0,0,160.0061502
164,1,165,0.13994,0,0,1143.391098,,,,0,0,1,1941.637009,1941.637009,0,310.6619214,64.46234868,0,,,291.2437879,1941.637009,1863.971528,77.66548034,1941.637009,0,1,0,0,0.156036093,98.44870873,0.96,657.2244686,630.9354898,26.28897874,1,0,0,0.156356517,96.40565468,0.96,642.2665268,616.5758657,25.69066107,1,0,0,0.156359533,96.3894245,0.96,642.1460132,616.4601727,25.68584053,,,,678.0057698,1863.971528,1724.173664,139.7978646,1863.971528,1.46E-11,1,0,0,0.393235197,226.0019233,0.925,621.3238427,574.7245545,46.59928821,1,0,0,0.393235197,226.0019233,0.925,621.3238427,574.7245545,46.59928821,1,0,0,0.393235197,226.0019233,0.925,621.3238427,574.7245545,46.59928821,0,0,0,0.087248178,0,0.88,0,0,0,1,,,0.101,174.14154,1724.173664,1724.173664,0,53.44938357,0,,,217.463345,1.42E-13,93.50923833,3,1143.391098,0,0,0,160.0061502
165,1,166,0.13994,0,0,1143.391098,,,,0,0,1,1941.637009,1941.637009,0,310.6619214,64.46234868,0,,,291.2437879,1941.637009,1863.971528,77.66548034,1941.637009,0,1,0,0,0.156036093,98.44870873,0.96,657.2244686,630.9354898,26.28897874,1,0,0,0.156356517,96.40565468,0.96,642.2665268,616.5758657,25.69066107,1,0,0,0.156359533,96.3894245,0.96,642.1460132,616.4601727,25.68584053,,,,678.0057698,1863.971528,1724.173664,139.7978646,1863.971528,-5.00E-12,1,0,0,0.393235197,226.0019233,0.925,621.3238427,574.7245545,46.59928821,1,0,0,0.393235197,226.0019233,0.925,621.3238427,574.7245545,46.59928821,1,0,0,0.393235197,226.0019233,0.925,621.3238427,574.7245545,46.59928821,0,0,0,0.087248178,0,0.88,0,0,0,1,,,0.101,174.14154,1724.173664,1724.173664,0,53.44938357,0,,,217.463345,0,93.50923833,3,1143.391098,0,0,0,160.0061502
166,1,167,0.1016,0,0,1143.391098,,,,0,0,1,1941.637009,1941.637009,0,310.6619214,64.46234868,0,,,291.2437879,1941.637009,1863.971528,77.66548034,1941.637009,0,1,0,0,0.156036093,98.44870873,0.96,657.2244686,630.9354898,26.28897874,1,0,0,0.156356517,96.40565468,0.96,642.2665268,616.5758657,25.69066107,1,0,0,0.156359533,96.3894245,0.96,642.1460132,616.4601727,25.68584053,,,,678.0057698,1863.971528,1724.173664,139.7978646,1863.971528,-4.32E-12,1,0,0,0.393235197,226.0019233,0.925,621.3238427,574.7245545,46.59928821,1,0,0,0.393235197,226.0019233,0.925,621.3238427,574.7245545,46.59928821,1,0,0,0.393235197,226.0019233,0.925,621.3238427,574.7245545,46.59928821,0,0,0,0.087248178,0,0.88,0,0,0,1,,,0.101,174.14154,1724.173664,1724.173664,0,53.44938357,0,,,217.463345,1.42E-13,93.50923833,3,1143.391098,0,0,0,116.1685355
167,1,168,0.1016,0,0,1143.391098,,,,0,0,1,1941.637009,1941.637009,0,310.6619214,64.46234868,0,,,291.2437879,1941.637009,1863.971528,77.66548034,1941.637009,0,1,0,0,0.156036093,98.44870873,0.96,657.2244686,630.9354898,26.28897874,1,0,0,0.156356517,96.40565468,0.96,642.2665268,616.5758657,25.69066107,1,0,0,0.156359533,96.3894245,0.96,642.1460132,616.4601727,25.68584053,,,,678.0057698,1863.971528,1724.173664,139.7978646,1863.971528,-3.18E-12,1,0,0,0.393235197,226.0019233,0.925,621.3238427,574.7245545,46.59928821,1,0,0,0.393235197,226.0019233,0.925,621.3238427,574.7245545,46.59928821,1,0,0,0.393235197,226.0019233,0.925,621.3238427,574.7245545,46.59928821,0,0,0,0.087248178,0,0.88,0,0,0,1,,,0.101,174.14154,1724.173664,1724.173664,0,53.44938357,0,,,217.463345,2.84E-14,93.50923833,3,1143.391098,0,0,0,116.1685355
