,Day,Time,LMP,peak_hour,bypass_pretreatment_flow,power_from_grid,intake.op_mode,intake.startup,intake.shutdown,intake.energy_intensity,intake.power_consumption,intake.recovery,intake.feed_flowrate,intake.product_flowrate,intake.reject_flowrate,intake.feed_cost,intake.chemical_cost,pretreatment.op_mode,pretreatment.startup,pretreatment.shutdown,pretreatment.power_consumption,pretreatment.feed_flowrate,pretreatment.product_flowrate,pretreatment.reject_flowrate,pretreatment.inlet_flowrate,pretreatment.leftover_flow,pretreatment.uf_pumps[1].op_mode,pretreatment.uf_pumps[1].startup,pretreatment.uf_pumps[1].shutdown,pretreatment.uf_pumps[1].energy_intensity,pretreatment.uf_pumps[1].power_consumption,pretreatment.uf_pumps[1].recovery,pretreatment.uf_pumps[1].feed_flowrate,pretreatment.uf_pumps[1].product_flowrate,pretreatment.uf_pumps[1].reject_flowrate,pretreatment.uf_pumps[2].op_mode,pretreatment.uf_pumps[2].startup,pretreatment.uf_pumps[2].shutdown,pretreatment.uf_pumps[2].energy_intensity,pretreatment.uf_pumps[2].power_consumption,pretreatment.uf_pumps[2].recovery,pretreatment.uf_pumps[2].feed_flowrate,pretreatment.uf_pumps[2].product_flowrate,pretreatment.uf_pumps[2].reject_flowrate,pretreatment.uf_pumps[3].op_mode,pretreatment.uf_pumps[3].startup,pretreatment.uf_pumps[3].shutdown,pretreatment.uf_pumps[3].energy_intensity,pretreatment.uf_pumps[3].power_consumption,pretreatment.uf_pumps[3].recovery,pretreatment.uf_pumps[3].feed_flowrate,pretreatment.uf_pumps[3].product_flowrate,pretreatment.uf_pumps[3].reject_flowrate,reverse_osmosis.op_mode,reverse_osmosis.startup,reverse_osmosis.shutdown,reverse_osmosis.power_consumption,reverse_osmosis.feed_flowrate,reverse_osmosis.product_flowrate,reverse_osmosis.reject_flowrate,reverse_osmosis.inlet_flowrate,reverse_osmosis.leftover_flow,reverse_osmosis.ro_skid[1].op_mode,reverse_osmosis.ro_skid[1].startup,reverse_osmosis.ro_skid[1].shutdown,reverse_osmosis.ro_skid[1].energy_intensity,reverse_osmosis.ro_skid[1].power_consumption,reverse_osmosis.ro_skid[1].recovery,reverse_osmosis.ro_skid[1].feed_flowrate,reverse_osmosis.ro_skid[1].product_flowrate,reverse_osmosis.ro_skid[1].reject_flowrate,reverse_osmosis.ro_skid[2].op_mode,reverse_osmosis.ro_skid[2].startup,reverse_osmosis.ro_skid[2].shutdown,reverse_osmosis.ro_skid[2].energy_intensity,reverse_osmosis.ro_skid[2].power_consumption,reverse_osmosis.ro_skid[2].recovery,reverse_osmosis.ro_skid[2].feed_flowrate,reverse_osmosis.ro_skid[2].product_flowrate,reverse_osmosis.ro_skid[2].reject_flowrate,reverse_osmosis.ro_skid[3].op_mode,reverse_osmosis.ro_skid[3].startup,reverse_osmosis.ro_skid[3].shutdown,reverse_osmosis.ro_skid[3].energy_intensity,reverse_osmosis.ro_skid[3].power_consumption,reverse_osmosis.ro_skid[3].recovery,reverse_osmosis.ro_skid[3].feed_flowrate,reverse_osmosis.ro_skid[3].product_flowrate,reverse_osmosis.ro_skid[3].reject_flowrate,reverse_osmosis.ro_skid[4].op_mode,reverse_osmosis.ro_skid[4].startup,reverse_osmosis.ro_skid[4].shutdown,reverse_osmosis.ro_skid[4].energy_intensity,reverse_osmosis.ro_skid[4].power_consumption,reverse_osmosis.ro_skid[4].recovery,reverse_osmosis.ro_skid[4].feed_flowrate,reverse_osmosis.ro_skid[4].product_flowrate,reverse_osmosis.ro_skid[4].reject_flowrate,posttreatment.op_mode,posttreatment.startup,posttreatment.shutdown,posttreatment.energy_intensity,posttreatment.power_consumption,posttreatment.feed_flowrate,posttreatment.product_flowrate,posttreatment.reject_flowrate,posttreatment.chemical_cost,brine_discharge.op_mode,brine_discharge.startup,brine_discharge.shutdown,brine_discharge.feed_flowrate,brine_discharge.power_consumption,brine_discharge.brine_cost,num_skids_online,net_power_consumption,water_revenue,demand_response_revenue,emissions_cost,energy_cost
0,1,1,0.1016,0,0,1179.616402,,,,0,0,1,1984.375,1984.375,0,317.5,65.88125,0,,,297.1129757,1984.375,1905,79.375,1984.375,0,1,0,0,0.155964817,99.03765856,0.96,661.4583333,635,26.45833333,1,0,0,0.155964817,99.03765856,0.96,661.4583333,635,26.45833333,1,0,0,0.155964817,99.03765856,0.96,661.4583333,635,26.45833333,,,,704.5288012,1905,1762.125,142.875,1905,0,1,0,0,0.399817721,234.8429337,0.925,635,587.375,47.625,1,0,0,0.399817721,234.8429337,0.925,635,587.375,47.625,1,0,0,0.399817721,234.8429337,0.925,635,587.375,47.625,0,0,0,0.087248178,0,0.88,0,0,0,1,,,0.101,177.974625,1762.125,1762.125,0,54.625875,0,,,222.25,5.68E-14,95.5675,3,1179.616402,0,0,0,119.8490264
1,1,2,0.1016,0,0,1179.616402,,,,0,0,1,1984.375,1984.375,0,317.5,65.88125,0,,,297.1129757,1984.375,1905,79.375,1984.375,0,1,0,0,0.155964817,99.03765856,0.96,661.4583333,635,26.45833333,1,0,0,0.155964817,99.03765856,0.96,661.4583333,635,26.45833333,1,0,0,0.155964817,99.03765856,0.96,661.4583333,635,26.45833333,,,,704.5288012,1905,1762.125,142.875,1905,0,1,0,0,0.399817721,234.8429337,0.925,635,587.375,47.625,1,0,0,0.399817721,234.8429337,0.925,635,587.375,47.625,1,0,0,0.399817721,234.8429337,0.925,635,587.375,47.625,0,0,0,0.087248178,0,0.88,0,0,0,1,,,0.101,177.974625,1762.125,1762.125,0,54.625875,0,,,222.25,5.68E-14,95.5675,3,1179.616402,0,0,0,119.8490264
2,1,3,0.1016,0,0,1179.616402,,,,0,0,1,1984.375,1984.375,0,317.5,65.88125,0,,,297.1129757,1984.375,1905,79.375,1984.375,0,1,0,0,0.155964817,99.03765856,0.96,661.4583333,635,26.45833333,1,0,0,0.155964817,99.03765856,0.96,661.4583333,635,26.45833333,1,0,0,0.155964817,99.03765856,0.96,661.4583333,635,26.45833333,,,,704.5288012,1905,1762.125,142.875,1905,0,1,0,0,0.399817721,234.8429337,0.925,635,587.375,47.625,1,0,0,0.399817721,234.8429337,0.925,635,587.375,47.625,1,0,0,0.399817721,234.8429337,0.925,635,587.375,47.625,0,0,0,0.087248178,0,0.88,0,0,0,1,,,0.101,177.974625,1762.125,1762.125,0,54.625875,0,,,222.25,5.68E-14,95.5675,3,1179.616402,0,0,0,119.8490264
3,1,4,0.1016,0,0,1179.616402,,,,0,0,1,1984.375,1984.375,0,317.5,65.88125,0,,,297.1129757,1984.375,1905,79.375,1984.375,0,1,0,0,0.155964817,99.03765856,0.96,661.4583333,635,26.45833333,1,0,0,0.155964817,99.03765856,0.96,661.4583333,635,26.45833333,1,0,0,0.155964817,99.03765856,0.96,661.4583333,635,26.45833333,,,,704.5288012,1905,1762.125,142.875,1905,0,1,0,0,0.399817721,234.8429337,0.925,635,587.375,47.625,1,0,0,0.399817721,234.8429337,0.925,635,587.375,47.625,1,0,0,0.399817721,234.8429337,0.925,635,587.375,47.625,0,0,0,0.087248178,0,0.88,0,0,0,1,,,0.101,177.974625,1762.125,1762.125,0,54.625875,0,,,222.25,5.68E-14,95.5675,3,1179.616402,0,0,0,119.8490264
4,1,5,0.1016,0,0,1179.616402,,,,0,0,1,1984.375,1984.375,0,317.5,65.88125,0,,,297.1129757,1984.375,1905,79.375,1984.375,0,1,0,0,0.155964817,99.03765856,0.96,661.4583333,635,26.45833333,1,0,0,0.155964817,99.03765856,0.96,661.4583333,635,26.45833333,1,0,0,0.155964817,99.03765856,0.96,661.4583333,635,26.45833333,,,,704.5288012,1905,1762.125,142.875,1905,0,1,0,0,0.399817721,234.8429337,0.925,635,587.375,47.625,1,0,0,0.399817721,234.8429337,0.925,635,587.375,47.625,1,0,0,0.399817721,234.8429337,0.925,635,587.375,47.625,0,0,0,0.087248178,0,0.88,0,0,0,1,,,0.101,177.974625,1762.125,1762.125,0,54.625875,0,,,222.25,5.68E-14,95.5675,3,1179.616402,0,0,0,119.8490264
5,1,6,0.1016,0,0,1179.616402,,,,0,0,1,1984.375,1984.375,0,317.5,65.88125,0,,,297.1129757,1984.375,1905,79.375,1984.375,0,1,0,0,0.155964817,99.03765856,0.96,661.4583333,635,26.45833333,1,0,0,0.155964817,99.03765856,0.96,661.4583333,635,26.45833333,1,0,0,0.155964817,99.03765856,0.96,661.4583333,635,26.45833333,,,,704.5288012,1905,1762.125,142.875,1905,0,1,0,0,0.399817721,234.8429337,0.925,635,587.375,47.625,1,0,0,0.399817721,234.8429337,0.925,635,587.375,47.625,1,0,0,0.399817721,234.8429337,0.925,635,587.375,47.625,0,0,0,0.087248178,0,0.88,0,0,0,1,,,0.101,177.974625,1762.125,1762.125,0,54.625875,0,,,222.25,5.68E-14,95.5675,3,1179.616402,0,0,0,119.8490264
6,1,7,0.1016,0,0,1179.616402,,,,0,0,1,1984.375,1984.375,0,317.5,65.88125,0,,,297.1129757,1984.375,1905,79.375,1984.375,0,1,0,0,0.155964817,99.03765856,0.96,661.4583333,635,26.45833333,1,0,0,0.155964817,99.03765856,0.96,661.4583333,635,26.45833333,1,0,0,0.155964817,99.03765856,0.96,661.4583333,635,26.45833333,,,,704.5288012,1905,1762.125,142.875,1905,0,1,0,0,0.399817721,234.8429337,0.925,635,587.375,47.625,1,0,0,0.399817721,234.8429337,0.925,635,587.375,47.625,1,0,0,0.399817721,234.8429337,0.925,635,587.375,47.625,0,0,0,0.087248178,0,0.88,0,0,0,1,,,0.101,177.974625,1762.125,1762.125,0,54.625875,0,,,222.25,-5.68E-14,95.5675,3,1179.616402,0,0,0,119.8490264
7,1,8,0.1016,0,0,1179.616402,,,,0,0,1,1984.375,1984.375,0,317.5,65.88125,0,,,297.1129757,1984.375,1905,79.375,1984.375,0,1,0,0,0.155964817,99.03765856,0.96,661.4583333,635,26.45833333,1,0,0,0.155964817,99.03765856,0.96,661.4583333,635,26.45833333,1,0,0,0.155964817,99.03765856,0.96,661.4583333,635,26.45833333,,,,704.5288012,1905,1762.125,142.875,1905,0,1,0,0,0.399817721,234.8429337,0.925,635,587.375,47.625,1,0,0,0.399817721,234.8429337,0.925,635,587.375,47.625,1,0,0,0.399817721,234.8429337,0.925,635,587.375,47.625,0,0,0,0.087248178,0,0.88,0,0,0,1,,,0.101,177.974625,1762.125,1762.125,0,54.625875,0,,,222.25,5.68E-14,95.5675,3,1179.616402,0,0,0,119.8490264
8,1,9,0.1016,0,0,1179.616402,,,,0,0,1,1984.375,1984.375,0,317.5,65.88125,0,,,297.1129757,1984.375,1905,79.375,1984.375,0,1,0,0,0.155964817,99.03765856,0.96,661.4583333,635,26.45833333,1,0,0,0.155964817,99.03765856,0.96,661.4583333,635,26.45833333,1,0,0,0.155964817,99.03765856,0.96,661.4583333,635,26.45833333,,,,704.5288012,1905,1762.125,142.875,1905,0,1,0,0,0.399817721,234.8429337,0.925,635,587.375,47.625,1,0,0,0.399817721,234.8429337,0.925,635,587.375,47.625,1,0,0,0.399817721,234.8429337,0.925,635,587.375,47.625,0,0,0,0.087248178,0,0.88,0,0,0,1,,,0.101,177.974625,1762.125,1762.125,0,54.625875,0,,,222.25,5.68E-14,95.5675,3,1179.616402,0,0,0,119.8490264
9,1,10,0.1016,0,0,1179.616402,,,,0,0,1,1984.375,1984.375,0,317.5,65.88125,0,,,297.1129757,1984.375,1905,79.375,1984.375,0,1,0,0,0.155964817,99.03765856,0.96,661.4583333,635,26.45833333,1,0,0,0.155964817,99.03765856,0.96,661.4583333,635,26.45833333,1,0,0,0.155964817,99.03765856,0.96,661.4583333,635,26.45833333,,,,704.5288012,1905,1762.125,142.875,1905,0,1,0,0,0.399817721,234.8429337,0.925,635,587.375,47.625,1,0,0,0.399817721,234.8429337,0.925,635,587.375,47.625,1,0,0,0.399817721,234.8429337,0.925,635,587.375,47.625,0,0,0,0.087248178,0,0.88,0,0,0,1,,,0.101,177.974625,1762.125,1762.125,0,54.625875,0,,,222.25,5.68E-14,95.5675,3,1179.616402,0,0,0,119.8490264
10,1,11,0.1016,0,0,1179.616402,,,,0,0,1,1984.375,1984.375,0,317.5,65.88125,0,,,297.1129757,1984.375,1905,79.375,1984.375,0,1,0,0,0.155964817,99.03765856,0.96,661.4583333,635,26.45833333,1,0,0,0.155964817,99.03765856,0.96,661.4583333,635,26.45833333,1,0,0,0.155964817,99.03765856,0.96,661.4583333,635,26.45833333,,,,704.5288012,1905,1762.125,142.875,1905,0,1,0,0,0.399817721,234.8429337,0.925,635,587.375,47.625,1,0,0,0.399817721,234.8429337,0.925,635,587.375,47.625,1,0,0,0.399817721,234.8429337,0.925,635,587.375,47.625,0,0,0,0.087248178,0,0.88,0,0,0,1,,,0.101,177.974625,1762.125,1762.125,0,54.625875,0,,,222.25,5.68E-14,95.5675,3,1179.616402,0,0,0,119.8490264
11,1,12,0.1016,0,0,1179.616402,,,,0,0,1,1984.375,1984.375,0,317.5,65.88125,0,,,297.1129757,1984.375,1905,79.375,1984.375,0,1,0,0,0.155964817,99.03765856,0.96,661.4583333,635,26.45833333,1,0,0,0.155964817,99.03765856,0.96,661.4583333,635,26.45833333,1,0,0,0.155964817,99.03765856,0.96,661.4583333,635,26.45833333,,,,704.5288012,1905,1762.125,142.875,1905,0,1,0,0,0.399817721,234.8429337,0.925,635,587.375,47.625,1,0,0,0.399817721,234.8429337,0.925,635,587.375,47.625,1,0,0,0.399817721,234.8429337,0.925,635,587.375,47.625,0,0,0,0.087248178,0,0.88,0,0,0,1,,,0.101,177.974625,1762.125,1762.125,0,54.625875,0,,,222.25,5.68E-14,95.5675,3,1179.616402,0,0,0,119.8490264
12,1,13,0.1016,0,0,1179.616402,,,,0,0,1,1984.375,1984.375,0,317.5,65.88125,0,,,297.1129757,1984.375,1905,79.375,1984.375,0,1,0,0,0.155964817,99.03765856,0.96,661.4583333,635,26.45833333,1,0,0,0.155964817,99.03765856,0.96,661.4583333,635,26.45833333,1,0,0,0.155964817,99.03765856,0.96,661.4583333,635,26.45833333,,,,704.5288012,1905,1762.125,142.875,1905,0,1,0,0,0.399817721,234.8429337,0.925,635,587.375,47.625,1,0,0,0.399817721,234.8429337,0.925,635,587.375,47.625,1,0,0,0.399817721,234.8429337,0.925,635,587.375,47.625,0,0,0,0.087248178,0,0.88,0,0,0,1,,,0.101,177.974625,1762.125,1762.125,0,54.625875,0,,,222.25,5.68E-14,95.5675,3,1179.616402,0,0,0,119.8490264
13,1,14,0.1016,0,0,1179.616402,,,,0,0,1,1984.375,1984.375,0,317.5,65.88125,0,,,297.1129757,1984.375,1905,79.375,1984.375,0,1,0,0,0.155964817,99.03765856,0.96,661.4583333,635,26.45833333,1,0,0,0.155964817,99.03765856,0.96,661.4583333,635,26.45833333,1,0,0,0.155964817,99.03765856,0.96,661.4583333,635,26.45833333,,,,704.5288012,1905,1762.125,142.875,1905,0,1,0,0,0.399817721,234.8429337,0.925,635,587.375,47.625,1,0,0,0.399817721,234.8429337,0.925,635,587.375,47.625,1,0,0,0.399817721,234.8429337,0.925,635,587.375,47.625,0,0,0,0.087248178,0,0.88,0,0,0,1,,,0.101,177.974625,1762.125,1762.125,0,54.625875,0,,,222.25,5.68E-14,95.5675,3,1179.616402,0,0,0,119.8490264
14,1,15,0.1016,0,0,1179.616402,,,,0,0,1,1984.375,1984.375,0,317.5,65.88125,0,,,297.1129757,1984.375,1905,79.375,1984.375,0,1,0,0,0.155964817,99.03765856,0.96,661.4583333,635,26.45833333,1,0,0,0.155964817,99.03765856,0.96,661.4583333,635,26.45833333,1,0,0,0.155964817,99.03765856,0.96,661.4583333,635,26.45833333,,,,704.5288012,1905,1762.125,142.875,1905,0,1,0,0,0.399817721,234.8429337,0.925,635,587.375,47.625,1,0,0,0.399817721,234.8429337,0.925,635,587.375,47.625,1,0,0,0.399817721,234.8429337,0.925,635,587.375,47.625,0,0,0,0.087248178,0,0.88,0,0,0,1,,,0.101,177.974625,1762.125,1762.125,0,54.625875,0,,,222.25,5.68E-14,95.5675,3,1179.616402,0,0,0,119.8490264
15,1,16,0.1016,0,0,1179.616402,,,,0,0,1,1984.375,1984.375,0,317.5,65.88125,0,,,297.1129757,1984.375,1905,79.375,1984.375,0,1,0,0,0.155964817,99.03765856,0.96,661.4583333,635,26.45833333,1,0,0,0.155964817,99.03765856,0.96,661.4583333,635,26.45833333,1,0,0,0.155964817,99.03765856,0.96,661.4583333,635,26.45833333,,,,704.5288012,1905,1762.125,142.875,1905,0,1,0,0,0.399817721,234.8429337,0.925,635,587.375,47.625,1,0,0,0.399817721,234.8429337,0.925,635,587.375,47.625,1,0,0,0.399817721,234.8429337,0.925,635,587.375,47.625,0,0,0,0.087248178,0,0.88,0,0,0,1,,,0.101,177.974625,1762.125,1762.125,0,54.625875,0,,,222.25,5.68E-14,95.5675,3,1179.616402,0,0,0,119.8490264
16,1,17,0.1016,0,0,1179.616402,,,,0,0,1,1984.375,1984.375,0,317.5,65.88125,0,,,297.1129757,1984.375,1905,79.375,1984.375,0,1,0,0,0.155964817,99.03765856,0.96,661.4583333,635,26.45833333,1,0,0,0.155964817,99.03765856,0.96,661.4583333,635,26.45833333,1,0,0,0.155964817,99.03765856,0.96,661.4583333,635,26.45833333,,,,704.5288012,1905,1762.125,142.875,1905,0,1,0,0,0.399817721,234.8429337,0.925,635,587.375,47.625,1,0,0,0.399817721,234.8429337,0.925,635,587.375,47.625,1,0,0,0.399817721,234.8429337,0.925,635,587.375,47.625,0,0,0,0.087248178,0,0.88,0,0,0,1,,,0.101,177.974625,1762.125,1762.125,0,54.625875,0,,,222.25,5.68E-14,95.5675,3,1179.616402,0,0,0,119.8490264
17,1,18,0.15246,1,0,590.7990836,,,,0,0,1,1083.333807,1083.333807,0,173.3334092,35.9666824,0,,,169.2948304,1083.333807,1040.000455,43.33335229,1083.333807,0,1,0,0,0.155964817,99.03765856,0.96,661.4583333,635,26.45833333,1,0,0,0.173474303,70.25717184,0.96,421.875474,405.000455,16.87501896,0,0,1,0.271,0,0.96,0,0,0,,,,325.5542072,1040.000455,950.000455,90,1040.000455,0,1,0,0,0.342688475,162.7771036,0.913461576,520.0002275,475.0002275,45,1,0,0,0.342688475,162.7771036,0.913461576,520.0002275,475.0002275,45,0,0,1,0.087248178,0,0.88,0,0,0,0,0,0,0.087248178,0,0.88,0,0,0,1,,,0.101,95.95004596,950.000455,950.000455,0,29.45001411,0,,,133.3333523,-1.42E-14,57.33334149,2,590.7990836,0,0,0,90.07322828
18,1,19,0.15246,1,0,590.7990836,,,,0,0,1,1083.333807,1083.333807,0,173.3334092,35.9666824,0,,,169.2948304,1083.333807,1040.000455,43.33335229,1083.333807,0,1,0,0,0.155964817,99.03765856,0.96,661.4583333,635,26.45833333,1,0,0,0.173474303,70.25717184,0.96,421.875474,405.000455,16.87501896,0,0,0,0.271,0,0.96,0,0,0,,,,325.5542072,1040.000455,950.000455,90,1040.000455,0,1,0,0,0.342688475,162.7771036,0.913461576,520.0002275,475.0002275,45,1,0,0,0.342688475,162.7771036,0.913461576,520.0002275,475.0002275,45,0,0,0,0.087248178,0,0.88,0,0,0,0,0,0,0.087248178,0,0.88,0,0,0,1,,,0.101,95.95004596,950.000455,950.000455,0,29.45001411,0,,,133.3333523,-1.42E-14,57.33334149,2,590.7990836,0,0,0,90.07322828
19,1,20,0.15246,1,0,590.7990836,,,,0,0,1,1083.333807,1083.333807,0,173.3334092,35.9666824,0,,,169.2948304,1083.333807,1040.000455,43.33335229,1083.333807,0,1,0,0,0.155964817,99.03765856,0.96,661.4583333,635,26.45833333,1,0,0,0.173474303,70.25717184,0.96,421.875474,405.000455,16.87501896,0,0,0,0.271,0,0.96,0,0,0,,,,325.5542072,1040.000455,950.000455,90,1040.000455,0,1,0,0,0.342688475,162.7771036,0.913461576,520.0002275,475.0002275,45,1,0,0,0.342688475,162.7771036,0.913461576,520.0002275,475.0002275,45,0,0,0,0.087248178,0,0.88,0,0,0,0,0,0,0.087248178,0,0.88,0,0,0,1,,,0.101,95.95004596,950.000455,950.000455,0,29.45001411,0,,,133.3333523,-1.42E-14,57.33334149,2,590.7990836,0,0,0,90.07322828
20,1,21,0.15246,1,0,590.7990836,,,,0,0,1,1083.333807,1083.333807,0,173.3334092,35.9666824,0,,,169.2948304,1083.333807,1040.000455,43.33335229,1083.333807,0,1,0,0,0.155964817,99.03765856,0.96,661.4583333,635,26.45833333,1,0,0,0.173474303,70.25717184,0.96,421.875474,405.000455,16.87501896,0,0,0,0.271,0,0.96,0,0,0,,,,325.5542072,1040.000455,950.000455,90,1040.000455,0,1,0,0,0.342688475,162.7771036,0.913461576,520.0002275,475.0002275,45,1,0,0,0.342688475,162.7771036,0.913461576,520.0002275,475.0002275,45,0,0,0,0.087248178,0,0.88,0,0,0,0,0,0,0.087248178,0,0.88,0,0,0,1,,,0.101,95.95004596,950.000455,950.000455,0,29.45001411,0,,,133.3333523,-1.42E-14,57.33334149,2,590.7990836,0,0,0,90.07322828
21,1,22,0.15246,1,0,590.7990836,,,,0,0,1,1083.333807,1083.333807,0,173.3334092,35.9666824,0,,,169.2948304,1083.333807,1040.000455,43.33335229,1083.333807,0,1,0,0,0.155964817,99.03765856,0.96,661.4583333,635,26.45833333,1,0,0,0.173474303,70.25717184,0.96,421.875474,405.000455,16.87501896,0,0,0,0.271,0,0.96,0,0,0,,,,325.5542072,1040.000455,950.000455,90,1040.000455,0,1,0,0,0.342688475,162.7771036,0.913461576,520.0002275,475.0002275,45,1,0,0,0.342688475,162.7771036,0.913461576,520.0002275,475.0002275,45,0,0,0,0.087248178,0,0.88,0,0,0,0,0,0,0.087248178,0,0.88,0,0,0,1,,,0.101,95.95004596,950.000455,950.000455,0,29.45001411,0,,,133.3333523,-1.42E-14,57.33334149,2,590.7990836,0,0,0,90.07322828
22,1,23,0.1016,0,0,1179.616402,,,,0,0,1,1984.375,1984.375,0,317.5,65.88125,0,,,297.1129757,1984.375,1905,79.375,1984.375,0,1,0,0,0.155964817,99.03765856,0.96,661.4583333,635,26.45833333,1,0,0,0.155964817,99.03765856,0.96,661.4583333,635,26.45833333,1,1,0,0.155964817,99.03765856,0.96,661.4583333,635,26.45833333,,,,704.5288012,1905,1762.125,142.875,1905,9.09E-13,1,0,0,0.399817721,234.8429337,0.925,635,587.375,47.625,1,0,0,0.399817721,234.8429337,0.925,635,587.375,47.625,1,1,0,0.399817721,234.8429337,0.925,635,587.375,47.625,0,0,0,0.087248178,0,0.88,0,0,0,1,,,0.101,177.974625,1762.125,1762.125,0,54.625875,0,,,222.25,1.14E-13,95.5675,3,1179.616402,0,0,0,119.8490264
23,1,24,0.1016,0,0,1179.616402,,,,0,0,1,1984.375,1984.375,0,317.5,65.88125,0,,,297.1129757,1984.375,1905,79.375,1984.375,0,1,0,0,0.155964817,99.03765856,0.96,661.4583333,635,26.45833333,1,0,0,0.155964817,99.03765856,0.96,661.4583333,635,26.45833333,1,0,0,0.155964817,99.03765856,0.96,661.4583333,635,26.45833333,,,,704.5288012,1905,1762.125,142.875,1905,9.09E-13,1,0,0,0.399817721,234.8429337,0.925,635,587.375,47.625,1,0,0,0.399817721,234.8429337,0.925,635,587.375,47.625,1,0,0,0.399817721,234.8429337,0.925,635,587.375,47.625,0,0,0,0.087248178,0,0.88,0,0,0,1,,,0.101,177.974625,1762.125,1762.125,0,54.625875,0,,,222.25,-1.14E-13,95.5675,3,1179.616402,0,0,0,119.8490264
24,1,25,0.1016,0,0,1179.616402,,,,0,0,1,1984.375,1984.375,0,317.5,65.88125,0,,,297.1129757,1984.375,1905,79.375,1984.375,0,1,0,0,0.155964817,99.03765856,0.96,661.4583333,635,26.45833333,1,0,0,0.155964817,99.03765856,0.96,661.4583333,635,26.45833333,1,0,0,0.155964817,99.03765856,0.96,661.4583333,635,26.45833333,,,,704.5288012,1905,1762.125,142.875,1905,9.09E-13,1,0,0,0.399817721,234.8429337,0.925,635,587.375,47.625,1,0,0,0.399817721,234.8429337,0.925,635,587.375,47.625,1,0,0,0.399817721,234.8429337,0.925,635,587.375,47.625,0,0,0,0.087248178,0,0.88,0,0,0,1,,,0.101,177.974625,1762.125,1762.125,0,54.625875,0,,,222.25,1.14E-13,95.5675,3,1179.616402,0,0,0,119.8490264
25,1,26,0.1016,0,0,1179.616402,,,,0,0,1,1984.375,1984.375,0,317.5,65.88125,0,,,297.1129757,1984.375,1905,79.375,1984.375,0,1,0,0,0.155964817,99.03765856,0.96,661.4583333,635,26.45833333,1,0,0,0.155964817,99.03765856,0.96,661.4583333,635,26.45833333,1,0,0,0.155964817,99.03765856,0.96,661.4583333,635,26.45833333,,,,704.5288012,1905,1762.125,142.875,1905,9.09E-13,1,0,0,0.399817721,234.8429337,0.925,635,587.375,47.625,1,0,0,0.399817721,234.8429337,0.925,635,587.375,47.625,1,0,0,0.399817721,234.8429337,0.925,635,587.375,47.625,0,0,0,0.087248178,0,0.88,0,0,0,1,,,0.101,177.974625,1762.125,1762.125,0,54.625875,0,,,222.25,0,95.5675,3,1179.616402,0,0,0,119.8490264
26,1,27,0.1016,0,0,1179.616402,,,,0,0,1,1984.375,1984.375,0,317.5,65.88125,0,,,297.1129757,1984.375,1905,79.375,1984.375,0,1,0,0,0.155964817,99.03765856,0.96,661.4583333,635,26.45833333,1,0,0,0.155964817,99.03765856,0.96,661.4583333,635,26.45833333,1,0,0,0.155964817,99.03765856,0.96,661.4583333,635,26.45833333,,,,704.5288012,1905,1762.125,142.875,1905,9.09E-13,1,0,0,0.399817721,234.8429337,0.925,635,587.375,47.625,1,0,0,0.399817721,234.8429337,0.925,635,587.375,47.625,1,0,0,0.399817721,234.8429337,0.925,635,587.375,47.625,0,0,0,0.087248178,0,0.88,0,0,0,1,,,0.101,177.974625,1762.125,1762.125,0,54.625875,0,,,222.25,1.14E-13,95.5675,3,1179.616402,0,0,0,119.8490264
27,1,28,0.1016,0,0,1179.616402,,,,0,0,1,1984.375,1984.375,0,317.5,65.88125,0,,,297.1129757,1984.375,1905,79.375,1984.375,0,1,0,0,0.155964817,99.03765856,0.96,661.4583333,635,26.45833333,1,0,0,0.155964817,99.03765856,0.96,661.4583333,635,26.45833333,1,0,0,0.155964817,99.03765856,0.96,661.4583333,635,26.45833333,,,,704.5288012,1905,1762.125,142.875,1905,9.09E-13,1,0,0,0.399817721,234.8429337,0.925,635,587.375,47.625,1,0,0,0.399817721,234.8429337,0.925,635,587.375,47.625,1,0,0,0.399817721,234.8429337,0.925,635,587.375,47.625,0,0,0,0.087248178,0,0.88,0,0,0,1,,,0.101,177.974625,1762.125,1762.125,0,54.625875,0,,,222.25,1.14E-13,95.5675,3,1179.616402,0,0,0,119.8490264
28,1,29,0.1016,0,0,1179.616402,,,,0,0,1,1984.375,1984.375,0,317.5,65.88125,0,,,297.1129757,1984.375,1905,79.375,1984.375,0,1,0,0,0.155964817,99.03765856,0.96,661.4583333,635,26.45833333,1,0,0,0.155964817,99.03765856,0.96,661.4583333,635,26.45833333,1,0,0,0.155964817,99.03765856,0.96,661.4583333,635,26.45833333,,,,704.5288012,1905,1762.125,142.875,1905,9.09E-13,1,0,0,0.399817721,234.8429337,0.925,635,587.375,47.625,1,0,0,0.399817721,234.8429337,0.925,635,587.375,47.625,1,0,0,0.399817721,234.8429337,0.925,635,587.375,47.625,0,0,0,0.087248178,0,0.88,0,0,0,1,,,0.101,177.974625,1762.125,1762.125,0,54.625875,0,,,222.25,1.14E-13,95.5675,3,1179.616402,0,0,0,119.8490264
29,1,30,0.1016,0,0,1179.616402,,,,0,0,1,1984.375,1984.375,0,317.5,65.88125,0,,,297.1129757,1984.375,1905,79.375,1984.375,0,1,0,0,0.155964817,99.03765856,0.96,661.4583333,635,26.45833333,1,0,0,0.155964817,99.03765856,0.96,661.4583333,635,26.45833333,1,0,0,0.155964817,99.03765856,0.96,661.4583333,635,26.45833333,,,,704.5288012,1905,1762.125,142.875,1905,9.09E-13,1,0,0,0.399817721,234.8429337,0.925,635,587.375,47.625,1,0,0,0.399817721,234.8429337,0.925,635,587.375,47.625,1,0,0,0.399817721,234.8429337,0.925,635,587.375,47.625,0,0,0,0.087248178,0,0.88,0,0,0,1,,,0.101,177.974625,1762.125,1762.125,0,54.625875,0,,,222.25,1.14E-13,95.5675,3,1179.616402,0,0,0,119.8490264
30,1,31,0.1016,0,0,1179.616402,,,,0,0,1,1984.375,1984.375,0,317.5,65.88125,0,,,297.1129757,1984.375,1905,79.375,1984.375,0,1,0,0,0.155964817,99.03765856,0.96,661.4583333,635,26.45833333,1,0,0,0.155964817,99.03765856,0.96,661.4583333,635,26.45833333,1,0,0,0.155964817,99.03765856,0.96,661.4583333,635,26.45833333,,,,704.5288012,1905,1762.125,142.875,1905,9.09E-13,1,0,0,0.399817721,234.8429337,0.925,635,587.375,47.625,1,0,0,0.399817721,234.8429337,0.925,635,587.375,47.625,1,0,0,0.399817721,234.8429337,0.925,635,587.375,47.625,0,0,0,0.087248178,0,0.88,0,0,0,1,,,0.101,177.974625,1762.125,1762.125,0,54.625875,0,,,222.25,1.14E-13,95.5675,3,1179.616402,0,0,0,119.8490264
31,1,32,0.1016,0,0,1179.616402,,,,0,0,1,1984.375,1984.375,0,317.5,65.88125,0,,,297.1129757,1984.375,1905,79.375,1984.375,0,1,0,0,0.155964817,99.03765856,0.96,661.4583333,635,26.45833333,1,0,0,0.155964817,99.03765856,0.96,661.4583333,635,26.45833333,1,0,0,0.155964817,99.03765856,0.96,661.4583333,635,26.45833333,,,,704.5288012,1905,1762.125,142.875,1905,9.09E-13,1,0,0,0.399817721,234.8429337,0.925,635,587.375,47.625,1,0,0,0.399817721,234.8429337,0.925,635,587.375,47.625,1,0,0,0.399817721,234.8429337,0.925,635,587.375,47.625,0,0,0,0.087248178,0,0.88,0,0,0,1,,,0.101,177.974625,1762.125,1762.125,0,54.625875,0,,,222.25,0,95.5675,3,1179.616402,0,0,0,119.8490264
32,1,33,0.1016,0,0,1179.616402,,,,0,0,1,1984.375,1984.375,0,317.5,65.88125,0,,,297.1129757,1984.375,1905,79.375,1984.375,0,1,0,0,0.155964817,99.03765856,0.96,661.4583333,635,26.45833333,1,0,0,0.155964817,99.03765856,0.96,661.4583333,635,26.45833333,1,0,0,0.155964817,99.03765856,0.96,661.4583333,635,26.45833333,,,,704.5288012,1905,1762.125,142.875,1905,9.09E-13,1,0,0,0.399817721,234.8429337,0.925,635,587.375,47.625,1,0,0,0.399817721,234.8429337,0.925,635,587.375,47.625,1,0,0,0.399817721,234.8429337,0.925,635,587.375,47.625,0,0,0,0.087248178,0,0.88,0,0,0,1,,,0.101,177.974625,1762.125,1762.125,0,54.625875,0,,,222.25,1.14E-13,95.5675,3,1179.616402,0,0,0,119.8490264
33,1,34,0.1016,0,0,1179.616402,,,,0,0,1,1984.375,1984.375,0,317.5,65.88125,0,,,297.1129757,1984.375,1905,79.375,1984.375,0,1,0,0,0.155964817,99.03765856,0.96,661.4583333,635,26.45833333,1,0,0,0.155964817,99.03765856,0.96,661.4583333,635,26.45833333,1,0,0,0.155964817,99.03765856,0.96,661.4583333,635,26.45833333,,,,704.5288012,1905,1762.125,142.875,1905,9.09E-13,1,0,0,0.399817721,234.8429337,0.925,635,587.375,47.625,1,0,0,0.399817721,234.8429337,0.925,635,587.375,47.625,1,0,0,0.399817721,234.8429337,0.925,635,587.375,47.625,0,0,0,0.087248178,0,0.88,0,0,0,1,,,0.101,177.974625,1762.125,1762.125,0,54.625875,0,,,222.25,1.14E-13,95.5675,3,1179.616402,0,0,0,119.8490264
34,1,35,0.1016,0,0,1179.616402,,,,0,0,1,1984.375,1984.375,0,317.5,65.88125,0,,,297.1129757,1984.375,1905,79.375,1984.375,0,1,0,0,0.155964817,99.03765856,0.96,661.4583333,635,26.45833333,1,0,0,0.155964817,99.03765856,0.96,661.4583333,635,26.45833333,1,0,0,0.155964817,99.03765856,0.96,661.4583333,635,26.45833333,,,,704.5288012,1905,1762.125,142.875,1905,9.09E-13,1,0,0,0.399817721,234.8429337,0.925,635,587.375,47.625,1,0,0,0.399817721,234.8429337,0.925,635,587.375,47.625,1,0,0,0.399817721,234.8429337,0.925,635,587.375,47.625,0,0,0,0.087248178,0,0.88,0,0,0,1,,,0.101,177.974625,1762.125,1762.125,0,54.625875,0,,,222.25,1.14E-13,95.5675,3,1179.616402,0,0,0,119.8490264
35,1,36,0.1016,0,0,1179.616402,,,,0,0,1,1984.375,1984.375,0,317.5,65.88125,0,,,297.1129757,1984.375,1905,79.375,1984.375,0,1,0,0,0.155964817,99.03765856,0.96,661.4583333,635,26.45833333,1,0,0,0.155964817,99.03765856,0.96,661.4583333,635,26.45833333,1,0,0,0.155964817,99.03765856,0.96,661.4583333,635,26.45833333,,,,704.5288012,1905,1762.125,142.875,1905,9.09E-13,1,0,0,0.399817721,234.8429337,0.925,635,587.375,47.625,1,0,0,0.399817721,234.8429337,0.925,635,587.375,47.625,1,0,0,0.399817721,234.8429337,0.925,635,587.375,47.625,0,0,0,0.087248178,0,0.88,0,0,0,1,,,0.101,177.974625,1762.125,1762.125,0,54.625875,0,,,222.25,1.14E-13,95.5675,3,1179.616402,0,0,0,119.8490264
36,1,37,0.1016,0,0,1179.616402,,,,0,0,1,1984.375,1984.375,0,317.5,65.88125,0,,,297.1129757,1984.375,1905,79.375,1984.375,0,1,0,0,0.155964817,99.03765856,0.96,661.4583333,635,26.45833333,1,0,0,0.155964817,99.03765856,0.96,661.4583333,635,26.45833333,1,0,0,0.155964817,99.03765856,0.96,661.4583333,635,26.45833333,,,,704.5288012,1905,1762.125,142.875,1905,9.09E-13,1,0,0,0.399817721,234.8429337,0.925,635,587.375,47.625,1,0,0,0.399817721,234.8429337,0.925,635,587.375,47.625,1,0,0,0.399817721,234.8429337,0.925,635,587.375,47.625,0,0,0,0.087248178,0,0.88,0,0,0,1,,,0.101,177.974625,1762.125,1762.125,0,54.625875,0,,,222.25,1.14E-13,95.5675,3,1179.616402,0,0,0,119.8490264
37,1,38,0.1016,0,0,1179.616402,,,,0,0,1,1984.375,1984.375,0,317.5,65.88125,0,,,297.1129757,1984.375,1905,79.375,1984.375,0,1,0,0,0.155964817,99.03765856,0.96,661.4583333,635,26.45833333,1,0,0,0.155964817,99.03765856,0.96,661.4583333,635,26.45833333,1,0,0,0.155964817,99.03765856,0.96,661.4583333,635,26.45833333,,,,704.5288012,1905,1762.125,142.875,1905,9.09E-13,1,0,0,0.399817721,234.8429337,0.925,635,587.375,47.625,1,0,0,0.399817721,234.8429337,0.925,635,587.375,47.625,1,0,0,0.399817721,234.8429337,0.925,635,587.375,47.625,0,0,0,0.087248178,0,0.88,0,0,0,1,,,0.101,177.974625,1762.125,1762.125,0,54.625875,0,,,222.25,1.14E-13,95.5675,3,1179.616402,0,0,0,119.8490264
38,1,39,0.1016,0,0,1179.616402,,,,0,0,1,1984.375,1984.375,0,317.5,65.88125,0,,,297.1129757,1984.375,1905,79.375,1984.375,0,1,0,0,0.155964817,99.03765856,0.96,661.4583333,635,26.45833333,1,0,0,0.155964817,99.03765856,0.96,661.4583333,635,26.45833333,1,0,0,0.155964817,99.03765856,0.96,661.4583333,635,26.45833333,,,,704.5288012,1905,1762.125,142.875,1905,9.09E-13,1,0,0,0.399817721,234.8429337,0.925,635,587.375,47.625,1,0,0,0.399817721,234.8429337,0.925,635,587.375,47.625,1,0,0,0.399817721,234.8429337,0.925,635,587.375,47.625,0,0,0,0.087248178,0,0.88,0,0,0,1,,,0.101,177.974625,1762.125,1762.125,0,54.625875,0,,,222.25,1.14E-13,95.5675,3,1179.616402,0,0,0,119.8490264
39,1,40,0.1016,0,0,1179.616402,,,,0,0,1,1984.375,1984.375,0,317.5,65.88125,0,,,297.1129757,1984.375,1905,79.375,1984.375,0,1,0,0,0.155964817,99.03765856,0.96,661.4583333,635,26.45833333,1,0,0,0.155964817,99.03765856,0.96,661.4583333,635,26.45833333,1,0,0,0.155964817,99.03765856,0.96,661.4583333,635,26.45833333,,,,704.5288012,1905,1762.125,142.875,1905,9.09E-13,1,0,0,0.399817721,234.8429337,0.925,635,587.375,47.625,1,0,0,0.399817721,234.8429337,0.925,635,587.375,47.625,1,0,0,0.399817721,234.8429337,0.925,635,587.375,47.625,0,0,0,0.087248178,0,0.88,0,0,0,1,,,0.101,177.974625,1762.125,1762.125,0,54.625875,0,,,222.25,0,95.5675,3,1179.616402,0,0,0,119.8490264
40,1,41,0.1016,0,0,1179.616402,,,,0,0,1,1984.375,1984.375,0,317.5,65.88125,0,,,297.1129757,1984.375,1905,79.375,1984.375,0,1,0,0,0.155964817,99.03765856,0.96,661.4583333,635,26.45833333,1,0,0,0.155964817,99.03765856,0.96,661.4583333,635,26.45833333,1,0,0,0.155964817,99.03765856,0.96,661.4583333,635,26.45833333,,,,704.5288012,1905,1762.125,142.875,1905,9.09E-13,1,0,0,0.399817721,234.8429337,0.925,635,587.375,47.625,1,0,0,0.399817721,234.8429337,0.925,635,587.375,47.625,1,0,0,0.399817721,234.8429337,0.925,635,587.375,47.625,0,0,0,0.087248178,0,0.88,0,0,0,1,,,0.101,177.974625,1762.125,1762.125,0,54.625875,0,,,222.25,-2.84E-14,95.5675,3,1179.616402,0,0,0,119.8490264
41,1,42,0.15246,1,0,590.7995931,,,,0,0,1,1083.334468,1083.334468,0,173.3335149,35.96670435,0,,,169.2949056,1083.334468,1040.00109,43.33337874,1083.334468,0,1,0,0,0.155964817,99.03765856,0.96,661.4583333,635,26.45833333,1,0,0,0.173474217,70.25724703,0.96,421.876135,405.0010896,16.8750454,0,0,1,0.271,0,0.96,0,0,0,,,,325.5545775,1040.00109,950.0010896,90,1040.00109,9.09E-13,1,0,0,0.342688636,162.7772889,0.913461629,520.000545,475.000545,45,1,0,0,0.342688636,162.7772886,0.913461629,520.0005446,475.0005446,45,0,0,1,0.087248178,0,0.88,0,0,0,0,0,0,0.087248178,0,0.88,0,0,0,1,,,0.101,95.95011005,950.0010896,950.0010896,0,29.45003378,0,,,133.3333787,-1.42E-14,57.33335286,2,590.7995931,0,0,0,90.07330597
42,1,43,0.15246,1,0,590.7995931,,,,0,0,1,1083.334468,1083.334468,0,173.3335149,35.96670435,0,,,169.2949056,1083.334468,1040.00109,43.33337874,1083.334468,0,1,0,0,0.155964817,99.03765856,0.96,661.4583333,635,26.45833333,1,0,0,0.173474217,70.25724703,0.96,421.876135,405.0010896,16.8750454,0,0,0,0.271,0,0.96,0,0,0,,,,325.5545775,1040.00109,950.0010896,90,1040.00109,9.09E-13,1,0,0,0.342688636,162.7772889,0.913461629,520.000545,475.000545,45,1,0,0,0.342688636,162.7772886,0.913461629,520.0005446,475.0005446,45,0,0,0,0.087248178,0,0.88,0,0,0,0,0,0,0.087248178,0,0.88,0,0,0,1,,,0.101,95.95011005,950.0010896,950.0010896,0,29.45003378,0,,,133.3333787,-1.42E-14,57.33335286,2,590.7995931,0,0,0,90.07330597
43,1,44,0.15246,1,0,590.7995931,,,,0,0,1,1083.334468,1083.334468,0,173.3335149,35.96670435,0,,,169.2949056,1083.334468,1040.00109,43.33337874,1083.334468,0,1,0,0,0.155964817,99.03765856,0.96,661.4583333,635,26.45833333,1,0,0,0.173474217,70.25724703,0.96,421.876135,405.0010896,16.8750454,0,0,0,0.271,0,0.96,0,0,0,,,,325.5545775,1040.00109,950.0010896,90,1040.00109,9.09E-13,1,0,0,0.342688636,162.7772889,0.913461629,520.000545,475.000545,45,1,0,0,0.342688636,162.7772886,0.913461629,520.0005446,475.0005446,45,0,0,0,0.087248178,0,0.88,0,0,0,0,0,0,0.087248178,0,0.88,0,0,0,1,,,0.101,95.95011005,950.0010896,950.0010896,0,29.45003378,0,,,133.3333787,-1.42E-14,57.33335286,2,590.7995931,0,0,0,90.07330597
44,1,45,0.15246,1,0,590.7995931,,,,0,0,1,1083.334468,1083.334468,0,173.3335149,35.96670435,0,,,169.2949056,1083.334468,1040.00109,43.33337874,1083.334468,0,1,0,0,0.155964817,99.03765856,0.96,661.4583333,635,26.45833333,1,0,0,0.173474217,70.25724703,0.96,421.876135,405.0010896,16.8750454,0,0,0,0.271,0,0.96,0,0,0,,,,325.5545775,1040.00109,950.0010896,90,1040.00109,9.09E-13,1,0,0,0.342688636,162.7772889,0.913461629,520.000545,475.000545,45,1,0,0,0.342688636,162.7772886,0.913461629,520.0005446,475.0005446,45,0,0,0,0.087248178,0,0.88,0,0,0,0,0,0,0.087248178,0,0.88,0,0,0,1,,,0.101,95.95011005,950.0010896,950.0010896,0,29.45003378,0,,,133.3333787,-1.42E-14,57.33335286,2,590.7995931,0,0,0,90.07330597
45,1,46,0.15246,1,0,590.7995931,,,,0,0,1,1083.334468,1083.334468,0,173.3335149,35.96670435,0,,,169.2949056,1083.334468,1040.00109,43.33337874,1083.334468,0,1,0,0,0.155964817,99.03765856,0.96,661.4583333,635,26.45833333,1,0,0,0.173474217,70.25724703,0.96,421.876135,405.0010896,16.8750454,0,0,0,0.271,0,0.96,0,0,0,,,,325.5545775,1040.00109,950.0010896,90,1040.00109,9.09E-13,1,0,0,0.342688636,162.7772889,0.913461629,520.000545,475.000545,45,1,0,0,0.342688636,162.7772886,0.913461629,520.0005446,475.0005446,45,0,0,0,0.087248178,0,0.88,0,0,0,0,0,0,0.087248178,0,0.88,0,0,0,1,,,0.101,95.95011005,950.0010896,950.0010896,0,29.45003378,0,,,133.3333787,-1.42E-14,57.33335286,2,590.7995931,0,0,0,90.07330597
46,1,47,0.1016,0,0,1179.616402,,,,0,0,1,1984.375,1984.375,0,317.5,65.88125,0,,,297.1129757,1984.375,1905,79.375,1984.375,0,1,0,0,0.155964817,99.03765856,0.96,661.4583333,635,26.45833333,1,0,0,0.155964817,99.03765856,0.96,661.4583333,635,26.45833333,1,1,0,0.155964817,99.03765856,0.96,661.4583333,635,26.45833333,,,,704.5288012,1905,1762.125,142.875,1905,0,1,0,0,0.399817721,234.8429337,0.925,635,587.375,47.625,1,0,0,0.399817721,234.8429337,0.925,635,587.375,47.625,1,1,0,0.399817721,234.8429337,0.925,635,587.375,47.625,0,0,0,0.087248178,0,0.88,0,0,0,1,,,0.101,177.974625,1762.125,1762.125,0,54.625875,0,,,222.25,-8.53E-14,95.5675,3,1179.616402,0,0,0,119.8490264
47,1,48,0.1016,0,0,1179.616402,,,,0,0,1,1984.375,1984.375,0,317.5,65.88125,0,,,297.1129757,1984.375,1905,79.375,1984.375,0,1,0,0,0.155964817,99.03765856,0.96,661.4583333,635,26.45833333,1,0,0,0.155964817,99.03765856,0.96,661.4583333,635,26.45833333,1,0,0,0.155964817,99.03765856,0.96,661.4583333,635,26.45833333,,,,704.5288012,1905,1762.125,142.875,1905,0,1,0,0,0.399817721,234.8429337,0.925,635,587.375,47.625,1,0,0,0.399817721,234.8429337,0.925,635,587.375,47.625,1,0,0,0.399817721,234.8429337,0.925,635,587.375,47.625,0,0,0,0.087248178,0,0.88,0,0,0,1,,,0.101,177.974625,1762.125,1762.125,0,54.625875,0,,,222.25,5.68E-14,95.5675,3,1179.616402,0,0,0,119.8490264
48,1,49,0.1016,0,0,1179.616402,,,,0,0,1,1984.375,1984.375,0,317.5,65.88125,0,,,297.1129757,1984.375,1905,79.375,1984.375,0,1,0,0,0.155964817,99.03765856,0.96,661.4583333,635,26.45833333,1,0,0,0.155964817,99.03765856,0.96,661.4583333,635,26.45833333,1,0,0,0.155964817,99.03765856,0.96,661.4583333,635,26.45833333,,,,704.5288012,1905,1762.125,142.875,1905,0,1,0,0,0.399817721,234.8429337,0.925,635,587.375,47.625,1,0,0,0.399817721,234.8429337,0.925,635,587.375,47.625,1,0,0,0.399817721,234.8429337,0.925,635,587.375,47.625,0,0,0,0.087248178,0,0.88,0,0,0,1,,,0.101,177.974625,1762.125,1762.125,0,54.625875,0,,,222.25,5.68E-14,95.5675,3,1179.616402,0,0,0,119.8490264
49,1,50,0.1016,0,0,1179.616402,,,,0,0,1,1984.375,1984.375,0,317.5,65.88125,0,,,297.1129757,1984.375,1905,79.375,1984.375,0,1,0,0,0.155964817,99.03765856,0.96,661.4583333,635,26.45833333,1,0,0,0.155964817,99.03765856,0.96,661.4583333,635,26.45833333,1,0,0,0.155964817,99.03765856,0.96,661.4583333,635,26.45833333,,,,704.5288012,1905,1762.125,142.875,1905,0,1,0,0,0.399817721,234.8429337,0.925,635,587.375,47.625,1,0,0,0.399817721,234.8429337,0.925,635,587.375,47.625,1,0,0,0.399817721,234.8429337,0.925,635,587.375,47.625,0,0,0,0.087248178,0,0.88,0,0,0,1,,,0.101,177.974625,1762.125,1762.125,0,54.625875,0,,,222.25,5.68E-14,95.5675,3,1179.616402,0,0,0,119.8490264
50,1,51,0.1016,0,0,1179.616402,,,,0,0,1,1984.375,1984.375,0,317.5,65.88125,0,,,297.1129757,1984.375,1905,79.375,1984.375,0,1,0,0,0.155964817,99.03765856,0.96,661.4583333,635,26.45833333,1,0,0,0.155964817,99.03765856,0.96,661.4583333,635,26.45833333,1,0,0,0.155964817,99.03765856,0.96,661.4583333,635,26.45833333,,,,704.5288012,1905,1762.125,142.875,1905,0,1,0,0,0.399817721,234.8429337,0.925,635,587.375,47.625,1,0,0,0.399817721,234.8429337,0.925,635,587.375,47.625,1,0,0,0.399817721,234.8429337,0.925,635,587.375,47.625,0,0,0,0.087248178,0,0.88,0,0,0,1,,,0.101,177.974625,1762.125,1762.125,0,54.625875,0,,,222.25,5.68E-14,95.5675,3,1179.616402,0,0,0,119.8490264
51,1,52,0.1016,0,0,1179.616402,,,,0,0,1,1984.375,1984.375,0,317.5,65.88125,0,,,297.1129757,1984.375,1905,79.375,1984.375,0,1,0,0,0.155964817,99.03765856,0.96,661.4583333,635,26.45833333,1,0,0,0.155964817,99.03765856,0.96,661.4583333,635,26.45833333,1,0,0,0.155964817,99.03765856,0.96,661.4583333,635,26.45833333,,,,704.5288012,1905,1762.125,142.875,1905,0,1,0,0,0.399817721,234.8429337,0.925,635,587.375,47.625,1,0,0,0.399817721,234.8429337,0.925,635,587.375,47.625,1,0,0,0.399817721,234.8429337,0.925,635,587.375,47.625,0,0,0,0.087248178,0,0.88,0,0,0,1,,,0.101,177.974625,1762.125,1762.125,0,54.625875,0,,,222.25,5.68E-14,95.5675,3,1179.616402,0,0,0,119.8490264
52,1,53,0.1016,0,0,1179.616402,,,,0,0,1,1984.375,1984.375,0,317.5,65.88125,0,,,297.1129757,1984.375,1905,79.375,1984.375,0,1,0,0,0.155964817,99.03765856,0.96,661.4583333,635,26.45833333,1,0,0,0.155964817,99.03765856,0.96,661.4583333,635,26.45833333,1,0,0,0.155964817,99.03765856,0.96,661.4583333,635,26.45833333,,,,704.5288012,1905,1762.125,142.875,1905,0,1,0,0,0.399817721,234.8429337,0.925,635,587.375,47.625,1,0,0,0.399817721,234.8429337,0.925,635,587.375,47.625,1,0,0,0.399817721,234.8429337,0.925,635,587.375,47.625,0,0,0,0.087248178,0,0.88,0,0,0,1,,,0.101,177.974625,1762.125,1762.125,0,54.625875,0,,,222.25,5.68E-14,95.5675,3,1179.616402,0,0,0,119.8490264
53,1,54,0.1016,0,0,1179.616402,,,,0,0,1,1984.375,1984.375,0,317.5,65.88125,0,,,297.1129757,1984.375,1905,79.375,1984.375,0,1,0,0,0.155964817,99.03765856,0.96,661.4583333,635,26.45833333,1,0,0,0.155964817,99.03765856,0.96,661.4583333,635,26.45833333,1,0,0,0.155964817,99.03765856,0.96,661.4583333,635,26.45833333,,,,704.5288012,1905,1762.125,142.875,1905,0,1,0,0,0.399817721,234.8429337,0.925,635,587.375,47.625,1,0,0,0.399817721,234.8429337,0.925,635,587.375,47.625,1,0,0,0.399817721,234.8429337,0.925,635,587.375,47.625,0,0,0,0.087248178,0,0.88,0,0,0,1,,,0.101,177.974625,1762.125,1762.125,0,54.625875,0,,,222.25,5.68E-14,95.5675,3,1179.616402,0,0,0,119.8490264
54,1,55,0.1016,0,0,1179.616402,,,,0,0,1,1984.375,1984.375,0,317.5,65.88125,0,,,297.1129757,1984.375,1905,79.375,1984.375,0,1,0,0,0.155964817,99.03765856,0.96,661.4583333,635,26.45833333,1,0,0,0.155964817,99.03765856,0.96,661.4583333,635,26.45833333,1,0,0,0.155964817,99.03765856,0.96,661.4583333,635,26.45833333,,,,704.5288012,1905,1762.125,142.875,1905,0,1,0,0,0.399817721,234.8429337,0.925,635,587.375,47.625,1,0,0,0.399817721,234.8429337,0.925,635,587.375,47.625,1,0,0,0.399817721,234.8429337,0.925,635,587.375,47.625,0,0,0,0.087248178,0,0.88,0,0,0,1,,,0.101,177.974625,1762.125,1762.125,0,54.625875,0,,,222.25,5.68E-14,95.5675,3,1179.616402,0,0,0,119.8490264
55,1,56,0.1016,0,0,1179.616402,,,,0,0,1,1984.375,1984.375,0,317.5,65.88125,0,,,297.1129757,1984.375,1905,79.375,1984.375,0,1,0,0,0.155964817,99.03765856,0.96,661.4583333,635,26.45833333,1,0,0,0.155964817,99.03765856,0.96,661.4583333,635,26.45833333,1,0,0,0.155964817,99.03765856,0.96,661.4583333,635,26.45833333,,,,704.5288012,1905,1762.125,142.875,1905,0,1,0,0,0.399817721,234.8429337,0.925,635,587.375,47.625,1,0,0,0.399817721,234.8429337,0.925,635,587.375,47.625,1,0,0,0.399817721,234.8429337,0.925,635,587.375,47.625,0,0,0,0.087248178,0,0.88,0,0,0,1,,,0.101,177.974625,1762.125,1762.125,0,54.625875,0,,,222.25,5.68E-14,95.5675,3,1179.616402,0,0,0,119.8490264
56,1,57,0.1016,0,0,1179.616402,,,,0,0,1,1984.375,1984.375,0,317.5,65.88125,0,,,297.1129757,1984.375,1905,79.375,1984.375,0,1,0,0,0.155964817,99.03765856,0.96,661.4583333,635,26.45833333,1,0,0,0.155964817,99.03765856,0.96,661.4583333,635,26.45833333,1,0,0,0.155964817,99.03765856,0.96,661.4583333,635,26.45833333,,,,704.5288012,1905,1762.125,142.875,1905,0,1,0,0,0.399817721,234.8429337,0.925,635,587.375,47.625,1,0,0,0.399817721,234.8429337,0.925,635,587.375,47.625,1,0,0,0.399817721,234.8429337,0.925,635,587.375,47.625,0,0,0,0.087248178,0,0.88,0,0,0,1,,,0.101,177.974625,1762.125,1762.125,0,54.625875,0,,,222.25,5.68E-14,95.5675,3,1179.616402,0,0,0,119.8490264
57,1,58,0.1016,0,0,1179.616402,,,,0,0,1,1984.375,1984.375,0,317.5,65.88125,0,,,297.1129757,1984.375,1905,79.375,1984.375,0,1,0,0,0.155964817,99.03765856,0.96,661.4583333,635,26.45833333,1,0,0,0.155964817,99.03765856,0.96,661.4583333,635,26.45833333,1,0,0,0.155964817,99.03765856,0.96,661.4583333,635,26.45833333,,,,704.5288012,1905,1762.125,142.875,1905,0,1,0,0,0.399817721,234.8429337,0.925,635,587.375,47.625,1,0,0,0.399817721,234.8429337,0.925,635,587.375,47.625,1,0,0,0.399817721,234.8429337,0.925,635,587.375,47.625,0,0,0,0.087248178,0,0.88,0,0,0,1,,,0.101,177.974625,1762.125,1762.125,0,54.625875,0,,,222.25,5.68E-14,95.5675,3,1179.616402,0,0,0,119.8490264
58,1,59,0.1016,0,0,1179.616402,,,,0,0,1,1984.375,1984.375,0,317.5,65.88125,0,,,297.1129757,1984.375,1905,79.375,1984.375,0,1,0,0,0.155964817,99.03765856,0.96,661.4583333,635,26.45833333,1,0,0,0.155964817,99.03765856,0.96,661.4583333,635,26.45833333,1,0,0,0.155964817,99.03765856,0.96,661.4583333,635,26.45833333,,,,704.5288012,1905,1762.125,142.875,1905,0,1,0,0,0.399817721,234.8429337,0.925,635,587.375,47.625,1,0,0,0.399817721,234.8429337,0.925,635,587.375,47.625,1,0,0,0.399817721,234.8429337,0.925,635,587.375,47.625,0,0,0,0.087248178,0,0.88,0,0,0,1,,,0.101,177.974625,1762.125,1762.125,0,54.625875,0,,,222.25,5.68E-14,95.5675,3,1179.616402,0,0,0,119.8490264
59,1,60,0.1016,0,0,1179.616402,,,,0,0,1,1984.375,1984.375,0,317.5,65.88125,0,,,297.1129757,1984.375,1905,79.375,1984.375,0,1,0,0,0.155964817,99.03765856,0.96,661.4583333,635,26.45833333,1,0,0,0.155964817,99.03765856,0.96,661.4583333,635,26.45833333,1,0,0,0.155964817,99.03765856,0.96,661.4583333,635,26.45833333,,,,704.5288012,1905,1762.125,142.875,1905,0,1,0,0,0.399817721,234.8429337,0.925,635,587.375,47.625,1,0,0,0.399817721,234.8429337,0.925,635,587.375,47.625,1,0,0,0.399817721,234.8429337,0.925,635,587.375,47.625,0,0,0,0.087248178,0,0.88,0,0,0,1,,,0.101,177.974625,1762.125,1762.125,0,54.625875,0,,,222.25,5.68E-14,95.5675,3,1179.616402,0,0,0,119.8490264
60,1,61,0.1016,0,0,1179.616402,,,,0,0,1,1984.375,1984.375,0,317.5,65.88125,0,,,297.1129757,1984.375,1905,79.375,1984.375,0,1,0,0,0.155964817,99.03765856,0.96,661.4583333,635,26.45833333,1,0,0,0.155964817,99.03765856,0.96,661.4583333,635,26.45833333,1,0,0,0.155964817,99.03765856,0.96,661.4583333,635,26.45833333,,,,704.5288012,1905,1762.125,142.875,1905,0,1,0,0,0.399817721,234.8429337,0.925,635,587.375,47.625,1,0,0,0.399817721,234.8429337,0.925,635,587.375,47.625,1,0,0,0.399817721,234.8429337,0.925,635,587.375,47.625,0,0,0,0.087248178,0,0.88,0,0,0,1,,,0.101,177.974625,1762.125,1762.125,0,54.625875,0,,,222.25,5.68E-14,95.5675,3,1179.616402,0,0,0,119.8490264
61,1,62,0.1016,0,0,1179.616402,,,,0,0,1,1984.375,1984.375,0,317.5,65.88125,0,,,297.1129757,1984.375,1905,79.375,1984.375,0,1,0,0,0.155964817,99.03765856,0.96,661.4583333,635,26.45833333,1,0,0,0.155964817,99.03765856,0.96,661.4583333,635,26.45833333,1,0,0,0.155964817,99.03765856,0.96,661.4583333,635,26.45833333,,,,704.5288012,1905,1762.125,142.875,1905,0,1,0,0,0.399817721,234.8429337,0.925,635,587.375,47.625,1,0,0,0.399817721,234.8429337,0.925,635,587.375,47.625,1,0,0,0.399817721,234.8429337,0.925,635,587.375,47.625,0,0,0,0.087248178,0,0.88,0,0,0,1,,,0.101,177.974625,1762.125,1762.125,0,54.625875,0,,,222.25,5.68E-14,95.5675,3,1179.616402,0,0,0,119.8490264
62,1,63,0.1016,0,0,1179.616402,,,,0,0,1,1984.375,1984.375,0,317.5,65.88125,0,,,297.1129757,1984.375,1905,79.375,1984.375,0,1,0,0,0.155964817,99.03765856,0.96,661.4583333,635,26.45833333,1,0,0,0.155964817,99.03765856,0.96,661.4583333,635,26.45833333,1,0,0,0.155964817,99.03765856,0.96,661.4583333,635,26.45833333,,,,704.5288012,1905,1762.125,142.875,1905,0,1,0,0,0.399817721,234.8429337,0.925,635,587.375,47.625,1,0,0,0.399817721,234.8429337,0.925,635,587.375,47.625,1,0,0,0.399817721,234.8429337,0.925,635,587.375,47.625,0,0,0,0.087248178,0,0.88,0,0,0,1,,,0.101,177.974625,1762.125,1762.125,0,54.625875,0,,,222.25,5.68E-14,95.5675,3,1179.616402,0,0,0,119.8490264
63,1,64,0.1016,0,0,1179.616402,,,,0,0,1,1984.375,1984.375,0,317.5,65.88125,0,,,297.1129757,1984.375,1905,79.375,1984.375,0,1,0,0,0.155964817,99.03765856,0.96,661.4583333,635,26.45833333,1,0,0,0.155964817,99.03765856,0.96,661.4583333,635,26.45833333,1,0,0,0.155964817,99.03765856,0.96,661.4583333,635,26.45833333,,,,704.5288012,1905,1762.125,142.875,1905,0,1,0,0,0.399817721,234.8429337,0.925,635,587.375,47.625,1,0,0,0.399817721,234.8429337,0.925,635,587.375,47.625,1,0,0,0.399817721,234.8429337,0.925,635,587.375,47.625,0,0,0,0.087248178,0,0.88,0,0,0,1,,,0.101,177.974625,1762.125,1762.125,0,54.625875,0,,,222.25,5.68E-14,95.5675,3,1179.616402,0,0,0,119.8490264
64,1,65,0.1016,0,0,1179.616402,,,,0,0,1,1984.375,1984.375,0,317.5,65.88125,0,,,297.1129757,1984.375,1905,79.375,1984.375,0,1,0,0,0.155964817,99.03765856,0.96,661.4583333,635,26.45833333,1,0,0,0.155964817,99.03765856,0.96,661.4583333,635,26.45833333,1,0,0,0.155964817,99.03765856,0.96,661.4583333,635,26.45833333,,,,704.5288012,1905,1762.125,142.875,1905,0,1,0,0,0.399817721,234.8429337,0.925,635,587.375,47.625,1,0,0,0.399817721,234.8429337,0.925,635,587.375,47.625,1,0,0,0.399817721,234.8429337,0.925,635,587.375,47.625,0,0,0,0.087248178,0,0.88,0,0,0,1,,,0.101,177.974625,1762.125,1762.125,0,54.625875,0,,,222.25,5.68E-14,95.5675,3,1179.616402,0,0,0,119.8490264
65,1,66,0.15246,1,0,590.7987182,,,,0,0,1,1083.333333,1083.333333,0,173.3333333,35.96666667,0,,,169.2947765,1083.333333,1040,43.33333333,1083.333333,0,1,0,0,0.155964817,99.03765856,0.96,661.4583333,635,26.45833333,1,0,0,0.173474365,70.25711792,0.96,421.875,405,16.875,0,0,1,0.271,0,0.96,0,0,0,,,,325.5539417,1040,950,90,1040,0,1,0,0,0.34268836,162.7769709,0.913461538,520,475,45,1,0,0,0.34268836,162.7769709,0.913461538,520,475,45,0,0,1,0.087248178,0,0.88,0,0,0,0,0,0,0.087248178,0,0.88,0,0,0,1,,,0.101,95.95,950,950,0,29.45,0,,,133.3333333,-1.42E-14,57.33333333,2,590.7987182,0,0,0,90.07317257
66,1,67,0.15246,1,0,590.798046,,,,0,0,1,1083.333333,1083.333333,0,173.3333333,35.96666667,0,,,169.2947765,1083.333333,1040,43.33333333,1083.333333,0,1,0,0,0.155964817,99.03765856,0.96,661.4583333,635,26.45833333,1,0,0,0.173474365,70.25711792,0.96,421.875,405,16.875,0,0,0,0.271,0,0.96,0,0,0,,,,325.5533857,1040,949.9988498,90.00115015,1040,0,1,0,0,0.342688019,162.7764148,0.913459327,520,474.9988498,45.00115015,1,0,0,0.34268836,162.7769709,0.913461538,520,475,45,0,0,0,0.087248178,0,0.88,0,0,0,0,0,0,0.087248178,0,0.88,0,0,0,1,,,0.101,95.94988383,949.9988498,949.9988498,0,29.44996435,0,,,133.3344835,1.42E-14,57.3338279,2,590.798046,0,0,0,90.07307009
67,1,68,0.15246,1,0,590.7987182,,,,0,0,1,1083.333333,1083.333333,0,173.3333333,35.96666667,0,,,169.2947765,1083.333333,1040,43.33333333,1083.333333,0,1,0,0,0.155964817,99.03765856,0.96,661.4583333,635,26.45833333,1,0,0,0.173474365,70.25711792,0.96,421.875,405,16.875,0,0,0,0.271,0,0.96,0,0,0,,,,325.5539417,1040,950,90,1040,0,1,0,0,0.34268836,162.7769709,0.913461538,520,475,45,1,0,0,0.34268836,162.7769709,0.913461538,520,475,45,0,0,0,0.087248178,0,0.88,0,0,0,0,0,0,0.087248178,0,0.88,0,0,0,1,,,0.101,95.95,950,950,0,29.45,0,,,133.3333333,-1.42E-14,57.33333333,2,590.7987182,0,0,0,90.07317257
68,1,69,0.15246,1,0,590.7987182,,,,0,0,1,1083.333333,1083.333333,0,173.3333333,35.96666667,0,,,169.2947765,1083.333333,1040,43.33333333,1083.333333,0,1,0,0,0.155964817,99.03765856,0.96,661.4583333,635,26.45833333,1,0,0,0.173474365,70.25711792,0.96,421.875,405,16.875,0,0,0,0.271,0,0.96,0,0,0,,,,325.5539417,1040,950,90,1040,0,1,0,0,0.34268836,162.7769709,0.913461538,520,475,45,1,0,0,0.34268836,162.7769709,0.913461538,520,475,45,0,0,0,0.087248178,0,0.88,0,0,0,0,0,0,0.087248178,0,0.88,0,0,0,1,,,0.101,95.95,950,950,0,29.45,0,,,133.3333333,-1.42E-14,57.33333333,2,590.7987182,0,0,0,90.07317257
69,1,70,0.15246,1,0,590.7987182,,,,0,0,1,1083.333333,1083.333333,0,173.3333333,35.96666667,0,,,169.2947765,1083.333333,1040,43.33333333,1083.333333,0,1,0,0,0.155964817,99.03765856,0.96,661.4583333,635,26.45833333,1,0,0,0.173474365,70.25711792,0.96,421.875,405,16.875,0,0,0,0.271,0,0.96,0,0,0,,,,325.5539417,1040,950,90,1040,0,1,0,0,0.34268836,162.7769709,0.913461538,520,475,45,1,0,0,0.34268836,162.7769709,0.913461538,520,475,45,0,0,0,0.087248178,0,0.88,0,0,0,0,0,0,0.087248178,0,0.88,0,0,0,1,,,0.101,95.95,950,950,0,29.45,0,,,133.3333333,-1.42E-14,57.33333333,2,590.7987182,0,0,0,90.07317257
70,1,71,0.1016,0,0,1179.616402,,,,0,0,1,1984.375,1984.375,0,317.5,65.88125,0,,,297.1129757,1984.375,1905,79.375,1984.375,0,1,0,0,0.155964817,99.03765856,0.96,661.4583333,635,26.45833333,1,0,0,0.155964817,99.03765856,0.96,661.4583333,635,26.45833333,1,1,0,0.155964817,99.03765856,0.96,661.4583333,635,26.45833333,,,,704.5288012,1905,1762.125,142.875,1905,0,1,0,0,0.399817721,234.8429337,0.925,635,587.375,47.625,1,0,0,0.399817721,234.8429337,0.925,635,587.375,47.625,1,1,0,0.399817721,234.8429337,0.925,635,587.375,47.625,0,0,0,0.087248178,0,0.88,0,0,0,1,,,0.101,177.974625,1762.125,1762.125,0,54.625875,0,,,222.25,-5.68E-14,95.5675,3,1179.616402,0,0,0,119.8490264
71,1,72,0.1016,0,0,1179.616402,,,,0,0,1,1984.375,1984.375,0,317.5,65.88125,0,,,297.1129757,1984.375,1905,79.375,1984.375,0,1,0,0,0.155964817,99.03765856,0.96,661.4583333,635,26.45833333,1,0,0,0.155964817,99.03765856,0.96,661.4583333,635,26.45833333,1,0,0,0.155964817,99.03765856,0.96,661.4583333,635,26.45833333,,,,704.5288012,1905,1762.125,142.875,1905,0,1,0,0,0.399817721,234.8429337,0.925,635,587.375,47.625,1,0,0,0.399817721,234.8429337,0.925,635,587.375,47.625,1,0,0,0.399817721,234.8429337,0.925,635,587.375,47.625,0,0,0,0.087248178,0,0.88,0,0,0,1,,,0.101,177.974625,1762.125,1762.125,0,54.625875,0,,,222.25,-5.68E-14,95.5675,3,1179.616402,0,0,0,119.8490264
72,1,73,0.1016,0,0,1179.616402,,,,0,0,1,1984.375,1984.375,0,317.5,65.88125,0,,,297.1129757,1984.375,1905,79.375,1984.375,0,1,0,0,0.155964817,99.03765856,0.96,661.4583333,635,26.45833333,1,0,0,0.155964817,99.03765856,0.96,661.4583333,635,26.45833333,1,0,0,0.155964817,99.03765856,0.96,661.4583333,635,26.45833333,,,,704.5288012,1905,1762.125,142.875,1905,0,1,0,0,0.399817721,234.8429337,0.925,635,587.375,47.625,1,0,0,0.399817721,234.8429337,0.925,635,587.375,47.625,1,0,0,0.399817721,234.8429337,0.925,635,587.375,47.625,0,0,0,0.087248178,0,0.88,0,0,0,1,,,0.101,177.974625,1762.125,1762.125,0,54.625875,0,,,222.25,-5.68E-14,95.5675,3,1179.616402,0,0,0,119.8490264
73,1,74,0.1016,0,0,1179.616402,,,,0,0,1,1984.375,1984.375,0,317.5,65.88125,0,,,297.1129757,1984.375,1905,79.375,1984.375,0,1,0,0,0.155964817,99.03765856,0.96,661.4583333,635,26.45833333,1,0,0,0.155964817,99.03765856,0.96,661.4583333,635,26.45833333,1,0,0,0.155964817,99.03765856,0.96,661.4583333,635,26.45833333,,,,704.5288012,1905,1762.125,142.875,1905,0,1,0,0,0.399817721,234.8429337,0.925,635,587.375,47.625,1,0,0,0.399817721,234.8429337,0.925,635,587.375,47.625,1,0,0,0.399817721,234.8429337,0.925,635,587.375,47.625,0,0,0,0.087248178,0,0.88,0,0,0,1,,,0.101,177.974625,1762.125,1762.125,0,54.625875,0,,,222.25,-5.68E-14,95.5675,3,1179.616402,0,0,0,119.8490264
74,1,75,0.1016,0,0,1179.616402,,,,0,0,1,1984.375,1984.375,0,317.5,65.88125,0,,,297.1129757,1984.375,1905,79.375,1984.375,0,1,0,0,0.155964817,99.03765856,0.96,661.4583333,635,26.45833333,1,0,0,0.155964817,99.03765856,0.96,661.4583333,635,26.45833333,1,0,0,0.155964817,99.03765856,0.96,661.4583333,635,26.45833333,,,,704.5288012,1905,1762.125,142.875,1905,0,1,0,0,0.399817721,234.8429337,0.925,635,587.375,47.625,1,0,0,0.399817721,234.8429337,0.925,635,587.375,47.625,1,0,0,0.399817721,234.8429337,0.925,635,587.375,47.625,0,0,0,0.087248178,0,0.88,0,0,0,1,,,0.101,177.974625,1762.125,1762.125,0,54.625875,0,,,222.25,-5.68E-14,95.5675,3,1179.616402,0,0,0,119.8490264
75,1,76,0.1016,0,0,1179.616402,,,,0,0,1,1984.375,1984.375,0,317.5,65.88125,0,,,297.1129757,1984.375,1905,79.375,1984.375,0,1,0,0,0.155964817,99.03765856,0.96,661.4583333,635,26.45833333,1,0,0,0.155964817,99.03765856,0.96,661.4583333,635,26.45833333,1,0,0,0.155964817,99.03765856,0.96,661.4583333,635,26.45833333,,,,704.5288012,1905,1762.125,142.875,1905,0,1,0,0,0.399817721,234.8429337,0.925,635,587.375,47.625,1,0,0,0.399817721,234.8429337,0.925,635,587.375,47.625,1,0,0,0.399817721,234.8429337,0.925,635,587.375,47.625,0,0,0,0.087248178,0,0.88,0,0,0,1,,,0.101,177.974625,1762.125,1762.125,0,54.625875,0,,,222.25,5.68E-14,95.5675,3,1179.616402,0,0,0,119.8490264
76,1,77,0.1016,0,0,1179.616402,,,,0,0,1,1984.375,1984.375,0,317.5,65.88125,0,,,297.1129757,1984.375,1905,79.375,1984.375,0,1,0,0,0.155964817,99.03765856,0.96,661.4583333,635,26.45833333,1,0,0,0.155964817,99.03765856,0.96,661.4583333,635,26.45833333,1,0,0,0.155964817,99.03765856,0.96,661.4583333,635,26.45833333,,,,704.5288012,1905,1762.125,142.875,1905,0,1,0,0,0.399817721,234.8429337,0.925,635,587.375,47.625,1,0,0,0.399817721,234.8429337,0.925,635,587.375,47.625,1,0,0,0.399817721,234.8429337,0.925,635,587.375,47.625,0,0,0,0.087248178,0,0.88,0,0,0,1,,,0.101,177.974625,1762.125,1762.125,0,54.625875,0,,,222.25,5.68E-14,95.5675,3,1179.616402,0,0,0,119.8490264
77,1,78,0.1016,0,0,1179.616402,,,,0,0,1,1984.375,1984.375,0,317.5,65.88125,0,,,297.1129757,1984.375,1905,79.375,1984.375,0,1,0,0,0.155964817,99.03765856,0.96,661.4583333,635,26.45833333,1,0,0,0.155964817,99.03765856,0.96,661.4583333,635,26.45833333,1,0,0,0.155964817,99.03765856,0.96,661.4583333,635,26.45833333,,,,704.5288012,1905,1762.125,142.875,1905,0,1,0,0,0.399817721,234.8429337,0.925,635,587.375,47.625,1,0,0,0.399817721,234.8429337,0.925,635,587.375,47.625,1,0,0,0.399817721,234.8429337,0.925,635,587.375,47.625,0,0,0,0.087248178,0,0.88,0,0,0,1,,,0.101,177.974625,1762.125,1762.125,0,54.625875,0,,,222.25,-5.68E-14,95.5675,3,1179.616402,0,0,0,119.8490264
78,1,79,0.1016,0,0,1179.616402,,,,0,0,1,1984.375,1984.375,0,317.5,65.88125,0,,,297.1129757,1984.375,1905,79.375,1984.375,0,1,0,0,0.155964817,99.03765856,0.96,661.4583333,635,26.45833333,1,0,0,0.155964817,99.03765856,0.96,661.4583333,635,26.45833333,1,0,0,0.155964817,99.03765856,0.96,661.4583333,635,26.45833333,,,,704.5288012,1905,1762.125,142.875,1905,0,1,0,0,0.399817721,234.8429337,0.925,635,587.375,47.625,1,0,0,0.399817721,234.8429337,0.925,635,587.375,47.625,1,0,0,0.399817721,234.8429337,0.925,635,587.375,47.625,0,0,0,0.087248178,0,0.88,0,0,0,1,,,0.101,177.974625,1762.125,1762.125,0,54.625875,0,,,222.25,5.68E-14,95.5675,3,1179.616402,0,0,0,119.8490264
79,1,80,0.1016,0,0,1179.616402,,,,0,0,1,1984.375,1984.375,0,317.5,65.88125,0,,,297.1129757,1984.375,1905,79.375,1984.375,0,1,0,0,0.155964817,99.03765856,0.96,661.4583333,635,26.45833333,1,0,0,0.155964817,99.03765856,0.96,661.4583333,635,26.45833333,1,0,0,0.155964817,99.03765856,0.96,661.4583333,635,26.45833333,,,,704.5288012,1905,1762.125,142.875,1905,0,1,0,0,0.399817721,234.8429337,0.925,635,587.375,47.625,1,0,0,0.399817721,234.8429337,0.925,635,587.375,47.625,1,0,0,0.399817721,234.8429337,0.925,635,587.375,47.625,0,0,0,0.087248178,0,0.88,0,0,0,1,,,0.101,177.974625,1762.125,1762.125,0,54.625875,0,,,222.25,-5.68E-14,95.5675,3,1179.616402,0,0,0,119.8490264
80,1,81,0.1016,0,0,1179.616402,,,,0,0,1,1984.375,1984.375,0,317.5,65.88125,0,,,297.1129757,1984.375,1905,79.375,1984.375,0,1,0,0,0.155964817,99.03765856,0.96,661.4583333,635,26.45833333,1,0,0,0.155964817,99.03765856,0.96,661.4583333,635,26.45833333,1,0,0,0.155964817,99.03765856,0.96,661.4583333,635,26.45833333,,,,704.5288012,1905,1762.125,142.875,1905,0,1,0,0,0.399817721,234.8429337,0.925,635,587.375,47.625,1,0,0,0.399817721,234.8429337,0.925,635,587.375,47.625,1,0,0,0.399817721,234.8429337,0.925,635,587.375,47.625,0,0,0,0.087248178,0,0.88,0,0,0,1,,,0.101,177.974625,1762.125,1762.125,0,54.625875,0,,,222.25,-5.68E-14,95.5675,3,1179.616402,0,0,0,119.8490264
81,1,82,0.1016,0,0,1179.616402,,,,0,0,1,1984.375,1984.375,0,317.5,65.88125,0,,,297.1129757,1984.375,1905,79.375,1984.375,0,1,0,0,0.155964817,99.03765856,0.96,661.4583333,635,26.45833333,1,0,0,0.155964817,99.03765856,0.96,661.4583333,635,26.45833333,1,0,0,0.155964817,99.03765856,0.96,661.4583333,635,26.45833333,,,,704.5288012,1905,1762.125,142.875,1905,0,1,0,0,0.399817721,234.8429337,0.925,635,587.375,47.625,1,0,0,0.399817721,234.8429337,0.925,635,587.375,47.625,1,0,0,0.399817721,234.8429337,0.925,635,587.375,47.625,0,0,0,0.087248178,0,0.88,0,0,0,1,,,0.101,177.974625,1762.125,1762.125,0,54.625875,0,,,222.25,-5.68E-14,95.5675,3,1179.616402,0,0,0,119.8490264
82,1,83,0.1016,0,0,1179.616402,,,,0,0,1,1984.375,1984.375,0,317.5,65.88125,0,,,297.1129757,1984.375,1905,79.375,1984.375,0,1,0,0,0.155964817,99.03765856,0.96,661.4583333,635,26.45833333,1,0,0,0.155964817,99.03765856,0.96,661.4583333,635,26.45833333,1,0,0,0.155964817,99.03765856,0.96,661.4583333,635,26.45833333,,,,704.5288012,1905,1762.125,142.875,1905,0,1,0,0,0.399817721,234.8429337,0.925,635,587.375,47.625,1,0,0,0.399817721,234.8429337,0.925,635,587.375,47.625,1,0,0,0.399817721,234.8429337,0.925,635,587.375,47.625,0,0,0,0.087248178,0,0.88,0,0,0,1,,,0.101,177.974625,1762.125,1762.125,0,54.625875,0,,,222.25,-5.68E-14,95.5675,3,1179.616402,0,0,0,119.8490264
83,1,84,0.1016,0,0,1179.616402,,,,0,0,1,1984.375,1984.375,0,317.5,65.88125,0,,,297.1129757,1984.375,1905,79.375,1984.375,0,1,0,0,0.155964817,99.03765856,0.96,661.4583333,635,26.45833333,1,0,0,0.155964817,99.03765856,0.96,661.4583333,635,26.45833333,1,0,0,0.155964817,99.03765856,0.96,661.4583333,635,26.45833333,,,,704.5288012,1905,1762.125,142.875,1905,0,1,0,0,0.399817721,234.8429337,0.925,635,587.375,47.625,1,0,0,0.399817721,234.8429337,0.925,635,587.375,47.625,1,0,0,0.399817721,234.8429337,0.925,635,587.375,47.625,0,0,0,0.087248178,0,0.88,0,0,0,1,,,0.101,177.974625,1762.125,1762.125,0,54.625875,0,,,222.25,-5.68E-14,95.5675,3,1179.616402,0,0,0,119.8490264
84,1,85,0.1016,0,0,1179.616402,,,,0,0,1,1984.375,1984.375,0,317.5,65.88125,0,,,297.1129757,1984.375,1905,79.375,1984.375,0,1,0,0,0.155964817,99.03765856,0.96,661.4583333,635,26.45833333,1,0,0,0.155964817,99.03765856,0.96,661.4583333,635,26.45833333,1,0,0,0.155964817,99.03765856,0.96,661.4583333,635,26.45833333,,,,704.5288012,1905,1762.125,142.875,1905,0,1,0,0,0.399817721,234.8429337,0.925,635,587.375,47.625,1,0,0,0.399817721,234.8429337,0.925,635,587.375,47.625,1,0,0,0.399817721,234.8429337,0.925,635,587.375,47.625,0,0,0,0.087248178,0,0.88,0,0,0,1,,,0.101,177.974625,1762.125,1762.125,0,54.625875,0,,,222.25,-5.68E-14,95.5675,3,1179.616402,0,0,0,119.8490264
85,1,86,0.1016,0,0,1179.616402,,,,0,0,1,1984.375,1984.375,0,317.5,65.88125,0,,,297.1129757,1984.375,1905,79.375,1984.375,0,1,0,0,0.155964817,99.03765856,0.96,661.4583333,635,26.45833333,1,0,0,0.155964817,99.03765856,0.96,661.4583333,635,26.45833333,1,0,0,0.155964817,99.03765856,0.96,661.4583333,635,26.45833333,,,,704.5288012,1905,1762.125,142.875,1905,0,1,0,0,0.399817721,234.8429337,0.925,635,587.375,47.625,1,0,0,0.399817721,234.8429337,0.925,635,587.375,47.625,1,0,0,0.399817721,234.8429337,0.925,635,587.375,47.625,0,0,0,0.087248178,0,0.88,0,0,0,1,,,0.101,177.974625,1762.125,1762.125,0,54.625875,0,,,222.25,5.68E-14,95.5675,3,1179.616402,0,0,0,119.8490264
86,1,87,0.1016,0,0,1179.616402,,,,0,0,1,1984.375,1984.375,0,317.5,65.88125,0,,,297.1129757,1984.375,1905,79.375,1984.375,0,1,0,0,0.155964817,99.03765856,0.96,661.4583333,635,26.45833333,1,0,0,0.155964817,99.03765856,0.96,661.4583333,635,26.45833333,1,0,0,0.155964817,99.03765856,0.96,661.4583333,635,26.45833333,,,,704.5288012,1905,1762.125,142.875,1905,0,1,0,0,0.399817721,234.8429337,0.925,635,587.375,47.625,1,0,0,0.399817721,234.8429337,0.925,635,587.375,47.625,1,0,0,0.399817721,234.8429337,0.925,635,587.375,47.625,0,0,0,0.087248178,0,0.88,0,0,0,1,,,0.101,177.974625,1762.125,1762.125,0,54.625875,0,,,222.25,-5.68E-14,95.5675,3,1179.616402,0,0,0,119.8490264
87,1,88,0.1016,0,0,1179.616402,,,,0,0,1,1984.375,1984.375,0,317.5,65.88125,0,,,297.1129757,1984.375,1905,79.375,1984.375,0,1,0,0,0.155964817,99.03765856,0.96,661.4583333,635,26.45833333,1,0,0,0.155964817,99.03765856,0.96,661.4583333,635,26.45833333,1,0,0,0.155964817,99.03765856,0.96,661.4583333,635,26.45833333,,,,704.5288012,1905,1762.125,142.875,1905,0,1,0,0,0.399817721,234.8429337,0.925,635,587.375,47.625,1,0,0,0.399817721,234.8429337,0.925,635,587.375,47.625,1,0,0,0.399817721,234.8429337,0.925,635,587.375,47.625,0,0,0,0.087248178,0,0.88,0,0,0,1,,,0.101,177.974625,1762.125,1762.125,0,54.625875,0,,,222.25,-5.68E-14,95.5675,3,1179.616402,0,0,0,119.8490264
88,1,89,0.1016,0,0,1179.616402,,,,0,0,1,1984.375,1984.375,0,317.5,65.88125,0,,,297.1129757,1984.375,1905,79.375,1984.375,0,1,0,0,0.155964817,99.03765856,0.96,661.4583333,635,26.45833333,1,0,0,0.155964817,99.03765856,0.96,661.4583333,635,26.45833333,1,0,0,0.155964817,99.03765856,0.96,661.4583333,635,26.45833333,,,,704.5288012,1905,1762.125,142.875,1905,0,1,0,0,0.399817721,234.8429337,0.925,635,587.375,47.625,1,0,0,0.399817721,234.8429337,0.925,635,587.375,47.625,1,0,0,0.399817721,234.8429337,0.925,635,587.375,47.625,0,0,0,0.087248178,0,0.88,0,0,0,1,,,0.101,177.974625,1762.125,1762.125,0,54.625875,0,,,222.25,-5.68E-14,95.5675,3,1179.616402,0,0,0,119.8490264
89,1,90,0.15246,1,0,590.7992859,,,,0,0,1,1083.33407,1083.33407,0,173.3334512,35.96669112,0,,,169.2948603,1083.33407,1040.000707,43.33336279,1083.33407,0,1,0,0,0.155964817,99.03765856,0.96,661.4583333,635,26.45833333,1,0,0,0.173474269,70.25720169,0.96,421.8757365,405.000707,16.87502946,0,0,1,0.271,0,0.96,0,0,0,,,,325.5543543,1040.000707,950.000707,90,1040.000707,0,1,0,0,0.342688718,162.7773834,0.913461656,520.000707,475.000707,45,1,0,0,0.34268836,162.7769709,0.913461538,520,475,45,0,0,1,0.087248178,0,0.88,0,0,0,0,0,0,0.087248178,0,0.88,0,0,0,1,,,0.101,95.95007141,950.000707,950.000707,0,29.45002192,0,,,133.3333628,0,57.333346,2,590.7992859,0,0,0,90.07325913
90,1,91,0.15246,1,0,590.7992859,,,,0,0,1,1083.33407,1083.33407,0,173.3334512,35.96669112,0,,,169.2948603,1083.33407,1040.000707,43.33336279,1083.33407,0,1,0,0,0.155964817,99.03765856,0.96,661.4583333,635,26.45833333,1,0,0,0.173474269,70.25720169,0.96,421.8757365,405.000707,16.87502946,0,0,0,0.271,0,0.96,0,0,0,,,,325.5543543,1040.000707,950.000707,90,1040.000707,0,1,0,0,0.342688718,162.7773834,0.913461656,520.000707,475.000707,45,1,0,0,0.34268836,162.7769709,0.913461538,520,475,45,0,0,0,0.087248178,0,0.88,0,0,0,0,0,0,0.087248178,0,0.88,0,0,0,1,,,0.101,95.95007141,950.000707,950.000707,0,29.45002192,0,,,133.3333628,0,57.333346,2,590.7992859,0,0,0,90.07325913
91,1,92,0.15246,1,0,590.7992859,,,,0,0,1,1083.33407,1083.33407,0,173.3334512,35.96669112,0,,,169.2948603,1083.33407,1040.000707,43.33336279,1083.33407,0,1,0,0,0.155964817,99.03765856,0.96,661.4583333,635,26.45833333,1,0,0,0.173474269,70.25720169,0.96,421.8757365,405.000707,16.87502946,0,0,0,0.271,0,0.96,0,0,0,,,,325.5543543,1040.000707,950.000707,90,1040.000707,0,1,0,0,0.342688718,162.7773834,0.913461656,520.000707,475.000707,45,1,0,0,0.34268836,162.7769709,0.913461538,520,475,45,0,0,0,0.087248178,0,0.88,0,0,0,0,0,0,0.087248178,0,0.88,0,0,0,1,,,0.101,95.95007141,950.000707,950.000707,0,29.45002192,0,,,133.3333628,0,57.333346,2,590.7992859,0,0,0,90.07325913
92,1,93,0.15246,1,0,590.7992859,,,,0,0,1,1083.33407,1083.33407,0,173.3334512,35.96669112,0,,,169.2948603,1083.33407,1040.000707,43.33336279,1083.33407,0,1,0,0,0.155964817,99.03765856,0.96,661.4583333,635,26.45833333,1,0,0,0.173474269,70.25720169,0.96,421.8757365,405.000707,16.87502946,0,0,0,0.271,0,0.96,0,0,0,,,,325.5543543,1040.000707,950.000707,90,1040.000707,0,1,0,0,0.342688718,162.7773834,0.913461656,520.000707,475.000707,45,1,0,0,0.34268836,162.7769709,0.913461538,520,475,45,0,0,0,0.087248178,0,0.88,0,0,0,0,0,0,0.087248178,0,0.88,0,0,0,1,,,0.101,95.95007141,950.000707,950.000707,0,29.45002192,0,,,133.3333628,0,57.333346,2,590.7992859,0,0,0,90.07325913
93,1,94,0.15246,1,0,590.7992859,,,,0,0,1,1083.33407,1083.33407,0,173.3334512,35.96669112,0,,,169.2948603,1083.33407,1040.000707,43.33336279,1083.33407,0,1,0,0,0.155964817,99.03765856,0.96,661.4583333,635,26.45833333,1,0,0,0.173474269,70.25720169,0.96,421.8757365,405.000707,16.87502946,0,0,0,0.271,0,0.96,0,0,0,,,,325.5543543,1040.000707,950.000707,90,1040.000707,0,1,0,0,0.342688718,162.7773834,0.913461656,520.000707,475.000707,45,1,0,0,0.34268836,162.7769709,0.913461538,520,475,45,0,0,0,0.087248178,0,0.88,0,0,0,0,0,0,0.087248178,0,0.88,0,0,0,1,,,0.101,95.95007141,950.000707,950.000707,0,29.45002192,0,,,133.3333628,0,57.333346,2,590.7992859,0,0,0,90.07325913
94,1,95,0.1016,0,0,1179.824203,,,,0,0,1,2181.932542,2181.932542,0,349.1092067,72.4401604,0,,,326.6810387,2181.932542,2094.65524,87.27730168,2181.932542,0,1,0,0,0.155964662,108.9486607,0.96,727.6532191,698.5470903,29.10612876,1,0,0,0.155964662,108.9486607,0.96,727.6532191,698.5470903,29.10612876,1,1,0,0.155948667,108.7837173,0.96,726.6261039,697.5610597,29.06504416,,,,659.7629854,2094.65524,1914.65524,180,2094.65524,-6.37E-12,1,0,0,0.350107706,171.4320729,0.915833613,534.6552404,489.6552404,45,1,0,0,0.34268836,162.7769709,0.913461538,520,475,45,1,1,0,0.34268836,162.7769709,0.913461538,520,475,45,1,1,0,0.34268836,162.7769709,0.913461538,520,475,45,1,,,0.101,193.3801793,1914.65524,1914.65524,0,59.35431245,0,,,267.2773017,0,114.9292397,4,1179.824203,0,0,0,119.8701391
95,1,96,0.1016,0,0,1179.824203,,,,0,0,1,2181.932542,2181.932542,0,349.1092067,72.4401604,0,,,326.6810387,2181.932542,2094.65524,87.27730168,2181.932542,0,1,0,0,0.155964662,108.9486607,0.96,727.6532191,698.5470903,29.10612876,1,0,0,0.155964662,108.9486607,0.96,727.6532191,698.5470903,29.10612876,1,0,0,0.155948667,108.7837173,0.96,726.6261039,697.5610597,29.06504416,,,,659.7629854,2094.65524,1914.65524,180,2094.65524,-6.37E-12,1,0,0,0.350107706,171.4320729,0.915833613,534.6552404,489.6552404,45,1,0,0,0.34268836,162.7769709,0.913461538,520,475,45,1,0,0,0.34268836,162.7769709,0.913461538,520,475,45,1,0,0,0.34268836,162.7769709,0.913461538,520,475,45,1,,,0.101,193.3801793,1914.65524,1914.65524,0,59.35431245,0,,,267.2773017,-1.14E-13,114.9292397,4,1179.824203,0,0,0,119.8701391
96,1,97,0.1016,0,0,1179.824203,,,,0,0,1,2181.932542,2181.932542,0,349.1092067,72.4401604,0,,,326.6810387,2181.932542,2094.65524,87.27730168,2181.932542,0,1,0,0,0.155964662,108.9486607,0.96,727.6532191,698.5470903,29.10612876,1,0,0,0.155964662,108.9486607,0.96,727.6532191,698.5470903,29.10612876,1,0,0,0.155948667,108.7837173,0.96,726.6261039,697.5610597,29.06504416,,,,659.7629854,2094.65524,1914.65524,180,2094.65524,-6.37E-12,1,0,0,0.350107706,171.4320729,0.915833613,534.6552404,489.6552404,45,1,0,0,0.34268836,162.7769709,0.913461538,520,475,45,1,0,0,0.34268836,162.7769709,0.913461538,520,475,45,1,0,0,0.34268836,162.7769709,0.913461538,520,475,45,1,,,0.101,193.3801793,1914.65524,1914.65524,0,59.35431245,0,,,267.2773017,-1.14E-13,114.9292397,4,1179.824203,0,0,0,119.8701391
97,1,98,0.1016,0,0,1179.824203,,,,0,0,1,2181.932542,2181.932542,0,349.1092067,72.4401604,0,,,326.6810387,2181.932542,2094.65524,87.27730168,2181.932542,0,1,0,0,0.155964662,108.9486607,0.96,727.6532191,698.5470903,29.10612876,1,0,0,0.155964662,108.9486607,0.96,727.6532191,698.5470903,29.10612876,1,0,0,0.155948667,108.7837173,0.96,726.6261039,697.5610597,29.06504416,,,,659.7629854,2094.65524,1914.65524,180,2094.65524,-6.37E-12,1,0,0,0.350107706,171.4320729,0.915833613,534.6552404,489.6552404,45,1,0,0,0.34268836,162.7769709,0.913461538,520,475,45,1,0,0,0.34268836,162.7769709,0.913461538,520,475,45,1,0,0,0.34268836,162.7769709,0.913461538,520,475,45,1,,,0.101,193.3801793,1914.65524,1914.65524,0,59.35431245,0,,,267.2773017,-1.14E-13,114.9292397,4,1179.824203,0,0,0,119.8701391
98,1,99,0.1016,0,0,1179.824203,,,,0,0,1,2181.932542,2181.932542,0,349.1092067,72.4401604,0,,,326.6810387,2181.932542,2094.65524,87.27730168,2181.932542,0,1,0,0,0.155964662,108.9486607,0.96,727.6532191,698.5470903,29.10612876,1,0,0,0.155964662,108.9486607,0.96,727.6532191,698.5470903,29.10612876,1,0,0,0.155948667,108.7837173,0.96,726.6261039,697.5610597,29.06504416,,,,659.7629854,2094.65524,1914.65524,180,2094.65524,-6.37E-12,1,0,0,0.350107706,171.4320729,0.915833613,534.6552404,489.6552404,45,1,0,0,0.34268836,162.7769709,0.913461538,520,475,45,1,0,0,0.34268836,162.7769709,0.913461538,520,475,45,1,0,0,0.34268836,162.7769709,0.913461538,520,475,45,1,,,0.101,193.3801793,1914.65524,1914.65524,0,59.35431245,0,,,267.2773017,-1.14E-13,114.9292397,4,1179.824203,0,0,0,119.8701391
99,1,100,0.1016,0,0,1179.824203,,,,0,0,1,2181.932542,2181.932542,0,349.1092067,72.4401604,0,,,326.6810387,2181.932542,2094.65524,87.27730168,2181.932542,0,1,0,0,0.155964662,108.9486607,0.96,727.6532191,698.5470903,29.10612876,1,0,0,0.155964662,108.9486607,0.96,727.6532191,698.5470903,29.10612876,1,0,0,0.155948667,108.7837173,0.96,726.6261039,697.5610597,29.06504416,,,,659.7629854,2094.65524,1914.65524,180,2094.65524,-6.37E-12,1,0,0,0.350107706,171.4320729,0.915833613,534.6552404,489.6552404,45,1,0,0,0.34268836,162.7769709,0.913461538,520,475,45,1,0,0,0.34268836,162.7769709,0.913461538,520,475,45,1,0,0,0.34268836,162.7769709,0.913461538,520,475,45,1,,,0.101,193.3801793,1914.65524,1914.65524,0,59.35431245,0,,,267.2773017,-2.84E-14,114.9292397,4,1179.824203,0,0,0,119.8701391
100,1,101,0.1016,0,0,1179.824203,,,,0,0,1,2181.932542,2181.932542,0,349.1092067,72.4401604,0,,,326.6810387,2181.932542,2094.65524,87.27730168,2181.932542,0,1,0,0,0.155964662,108.9486607,0.96,727.6532191,698.5470903,29.10612876,1,0,0,0.155964662,108.9486607,0.96,727.6532191,698.5470903,29.10612876,1,0,0,0.155948667,108.7837173,0.96,726.6261039,697.5610597,29.06504416,,,,659.7629854,2094.65524,1914.65524,180,2094.65524,-6.37E-12,1,0,0,0.350107706,171.4320729,0.915833613,534.6552404,489.6552404,45,1,0,0,0.34268836,162.7769709,0.913461538,520,475,45,1,0,0,0.34268836,162.7769709,0.913461538,520,475,45,1,0,0,0.34268836,162.7769709,0.913461538,520,475,45,1,,,0.101,193.3801793,1914.65524,1914.65524,0,59.35431245,0,,,267.2773017,0,114.9292397,4,1179.824203,0,0,0,119.8701391
101,1,102,0.1016,0,0,1179.824194,,,,0,0,1,2181.932542,2181.932542,0,349.1092067,72.4401604,0,,,326.6810387,2181.932542,2094.65524,87.27730168,2181.932542,0,1,0,0,0.155964662,108.9486607,0.96,727.6532191,698.5470903,29.10612876,1,0,0,0.155964662,108.9486607,0.96,727.6532191,698.5470903,29.10612876,1,0,0,0.155948667,108.7837173,0.96,726.6261039,697.5610597,29.06504416,,,,659.7629774,2094.65524,1914.655224,180.0000165,2094.65524,-6.37E-12,1,0,0,0.350107706,171.4320729,0.915833613,534.6552404,489.6552404,45,1,0,0,0.342688355,162.7769629,0.913461507,520,474.9999835,45.00001653,1,0,0,0.34268836,162.7769709,0.913461538,520,475,45,1,0,0,0.34268836,162.7769709,0.913461538,520,475,45,1,,,0.101,193.3801776,1914.655224,1914.655224,0,59.35431194,0,,,267.2773182,-2.84E-14,114.9292468,4,1179.824194,0,0,0,119.8701381
102,1,103,0.1016,0,0,1179.824203,,,,0,0,1,2181.932542,2181.932542,0,349.1092067,72.4401604,0,,,326.6810387,2181.932542,2094.65524,87.27730168,2181.932542,0,1,0,0,0.155964662,108.9486607,0.96,727.6532191,698.5470903,29.10612876,1,0,0,0.155964662,108.9486607,0.96,727.6532191,698.5470903,29.10612876,1,0,0,0.155948667,108.7837173,0.96,726.6261039,697.5610597,29.06504416,,,,659.7629854,2094.65524,1914.65524,180,2094.65524,-2.96E-11,1,0,0,0.350107706,171.4320729,0.915833613,534.6552404,489.6552404,45,1,0,0,0.34268836,162.7769709,0.913461538,520,475,45,1,0,0,0.34268836,162.7769709,0.913461538,520,475,45,1,0,0,0.34268836,162.7769709,0.913461538,520,475,45,1,,,0.101,193.3801793,1914.65524,1914.65524,0,59.35431245,0,,,267.2773017,0,114.9292397,4,1179.824203,0,0,0,119.8701391
103,1,104,0.1016,0,0,1179.824203,,,,0,0,1,2181.932542,2181.932542,0,349.1092067,72.4401604,0,,,326.6810387,2181.932542,2094.65524,87.27730168,2181.932542,0,1,0,0,0.155964662,108.9486607,0.96,727.6532191,698.5470903,29.10612876,1,0,0,0.155964662,108.9486607,0.96,727.6532191,698.5470903,29.10612876,1,0,0,0.155948667,108.7837173,0.96,726.6261039,697.5610597,29.06504416,,,,659.7629854,2094.65524,1914.65524,180,2094.65524,-6.37E-12,1,0,0,0.350107706,171.4320729,0.915833613,534.6552404,489.6552404,45,1,0,0,0.34268836,162.7769709,0.913461538,520,475,45,1,0,0,0.34268836,162.7769709,0.913461538,520,475,45,1,0,0,0.34268836,162.7769709,0.913461538,520,475,45,1,,,0.101,193.3801793,1914.65524,1914.65524,0,59.35431245,0,,,267.2773017,-1.14E-13,114.9292397,4,1179.824203,0,0,0,119.8701391
104,1,105,0.1016,0,0,1179.824194,,,,0,0,1,2181.932542,2181.932542,0,349.1092067,72.4401604,0,,,326.6810387,2181.932542,2094.65524,87.27730168,2181.932542,0,1,0,0,0.155964662,108.9486607,0.96,727.6532191,698.5470903,29.10612876,1,0,0,0.155964662,108.9486607,0.96,727.6532191,698.5470903,29.10612876,1,0,0,0.155948667,108.7837173,0.96,726.6261039,697.5610597,29.06504416,,,,659.7629774,2094.65524,1914.655224,180.0000165,2094.65524,-6.37E-12,1,0,0,0.350107706,171.4320729,0.915833613,534.6552404,489.6552404,45,1,0,0,0.342688355,162.7769629,0.913461507,520,474.9999835,45.00001653,1,0,0,0.34268836,162.7769709,0.913461538,520,475,45,1,0,0,0.34268836,162.7769709,0.913461538,520,475,45,1,,,0.101,193.3801776,1914.655224,1914.655224,0,59.35431194,0,,,267.2773182,-2.84E-14,114.9292468,4,1179.824194,0,0,0,119.8701381
105,1,106,0.1016,0,0,1179.824194,,,,0,0,1,2181.932542,2181.932542,0,349.1092067,72.4401604,0,,,326.6810387,2181.932542,2094.65524,87.27730168,2181.932542,0,1,0,0,0.155964662,108.9486607,0.96,727.6532191,698.5470903,29.10612876,1,0,0,0.155964662,108.9486607,0.96,727.6532191,698.5470903,29.10612876,1,0,0,0.155948667,108.7837173,0.96,726.6261039,697.5610597,29.06504416,,,,659.7629774,2094.65524,1914.655224,180.0000165,2094.65524,-6.37E-12,1,0,0,0.350107706,171.4320729,0.915833613,534.6552404,489.6552404,45,1,0,0,0.342688355,162.7769629,0.913461507,520,474.9999835,45.00001653,1,0,0,0.34268836,162.7769709,0.913461538,520,475,45,1,0,0,0.34268836,162.7769709,0.913461538,520,475,45,1,,,0.101,193.3801776,1914.655224,1914.655224,0,59.35431194,0,,,267.2773182,1.14E-13,114.9292468,4,1179.824194,0,0,0,119.8701381
106,1,107,0.1016,0,0,1179.824203,,,,0,0,1,2181.932542,2181.932542,0,349.1092067,72.4401604,0,,,326.6810387,2181.932542,2094.65524,87.27730168,2181.932542,0,1,0,0,0.155964662,108.9486607,0.96,727.6532191,698.5470903,29.10612876,1,0,0,0.155964662,108.9486607,0.96,727.6532191,698.5470903,29.10612876,1,0,0,0.155948667,108.7837173,0.96,726.6261039,697.5610597,29.06504416,,,,659.7629854,2094.65524,1914.65524,180,2094.65524,-6.37E-12,1,0,0,0.350107706,171.4320729,0.915833613,534.6552404,489.6552404,45,1,0,0,0.34268836,162.7769709,0.913461538,520,475,45,1,0,0,0.34268836,162.7769709,0.913461538,520,475,45,1,0,0,0.34268836,162.7769709,0.913461538,520,475,45,1,,,0.101,193.3801793,1914.65524,1914.65524,0,59.35431245,0,,,267.2773017,0,114.9292397,4,1179.824203,0,0,0,119.8701391
107,1,108,0.1016,0,0,1179.824203,,,,0,0,1,2181.932542,2181.932542,0,349.1092067,72.4401604,0,,,326.6810387,2181.932542,2094.65524,87.27730168,2181.932542,0,1,0,0,0.155964662,108.9486607,0.96,727.6532191,698.5470903,29.10612876,1,0,0,0.155964662,108.9486607,0.96,727.6532191,698.5470903,29.10612876,1,0,0,0.155948667,108.7837173,0.96,726.6261039,697.5610597,29.06504416,,,,659.7629854,2094.65524,1914.65524,180,2094.65524,-6.37E-12,1,0,0,0.350107706,171.4320729,0.915833613,534.6552404,489.6552404,45,1,0,0,0.34268836,162.7769709,0.913461538,520,475,45,1,0,0,0.34268836,162.7769709,0.913461538,520,475,45,1,0,0,0.34268836,162.7769709,0.913461538,520,475,45,1,,,0.101,193.3801793,1914.65524,1914.65524,0,59.35431245,0,,,267.2773017,-1.14E-13,114.9292397,4,1179.824203,0,0,0,119.8701391
108,1,109,0.1016,0,0,1179.824203,,,,0,0,1,2181.932542,2181.932542,0,349.1092067,72.4401604,0,,,326.6810387,2181.932542,2094.65524,87.27730168,2181.932542,0,1,0,0,0.155964662,108.9486607,0.96,727.6532191,698.5470903,29.10612876,1,0,0,0.155964662,108.9486607,0.96,727.6532191,698.5470903,29.10612876,1,0,0,0.155948667,108.7837173,0.96,726.6261039,697.5610597,29.06504416,,,,659.7629854,2094.65524,1914.65524,180,2094.65524,-6.37E-12,1,0,0,0.350107706,171.4320729,0.915833613,534.6552404,489.6552404,45,1,0,0,0.34268836,162.7769709,0.913461538,520,475,45,1,0,0,0.34268836,162.7769709,0.913461538,520,475,45,1,0,0,0.34268836,162.7769709,0.913461538,520,475,45,1,,,0.101,193.3801793,1914.65524,1914.65524,0,59.35431245,0,,,267.2773017,-1.42E-13,114.9292397,4,1179.824203,0,0,0,119.8701391
109,1,110,0.1016,0,0,1179.824203,,,,0,0,1,2181.932542,2181.932542,0,349.1092067,72.4401604,0,,,326.6810387,2181.932542,2094.65524,87.27730168,2181.932542,0,1,0,0,0.155964662,108.9486607,0.96,727.6532191,698.5470903,29.10612876,1,0,0,0.155964662,108.9486607,0.96,727.6532191,698.5470903,29.10612876,1,0,0,0.155948667,108.7837173,0.96,726.6261039,697.5610597,29.06504416,,,,659.7629854,2094.65524,1914.65524,180,2094.65524,-6.37E-12,1,0,0,0.350107706,171.4320729,0.915833613,534.6552404,489.6552404,45,1,0,0,0.34268836,162.7769709,0.913461538,520,475,45,1,0,0,0.34268836,162.7769709,0.913461538,520,475,45,1,0,0,0.34268836,162.7769709,0.913461538,520,475,45,1,,,0.101,193.3801793,1914.65524,1914.65524,0,59.35431245,0,,,267.2773017,-1.14E-13,114.9292397,4,1179.824203,0,0,0,119.8701391
110,1,111,0.1016,0,0,1179.824203,,,,0,0,1,2181.932542,2181.932542,0,349.1092067,72.4401604,0,,,326.6810387,2181.932542,2094.65524,87.27730168,2181.932542,0,1,0,0,0.155964662,108.9486607,0.96,727.6532191,698.5470903,29.10612876,1,0,0,0.155964662,108.9486607,0.96,727.6532191,698.5470903,29.10612876,1,0,0,0.155948667,108.7837173,0.96,726.6261039,697.5610597,29.06504416,,,,659.7629854,2094.65524,1914.65524,180,2094.65524,-6.37E-12,1,0,0,0.350107706,171.4320729,0.915833613,534.6552404,489.6552404,45,1,0,0,0.34268836,162.7769709,0.913461538,520,475,45,1,0,0,0.34268836,162.7769709,0.913461538,520,475,45,1,0,0,0.34268836,162.7769709,0.913461538,520,475,45,1,,,0.101,193.3801793,1914.65524,1914.65524,0,59.35431245,0,,,267.2773017,-1.14E-13,114.9292397,4,1179.824203,0,0,0,119.8701391
111,1,112,0.1016,0,0,1179.824203,,,,0,0,1,2181.932542,2181.932542,0,349.1092067,72.4401604,0,,,326.6810387,2181.932542,2094.65524,87.27730168,2181.932542,0,1,0,0,0.155964662,108.9486607,0.96,727.6532191,698.5470903,29.10612876,1,0,0,0.155964662,108.9486607,0.96,727.6532191,698.5470903,29.10612876,1,0,0,0.155948667,108.7837173,0.96,726.6261039,697.5610597,29.06504416,,,,659.7629854,2094.65524,1914.65524,180,2094.65524,-6.37E-12,1,0,0,0.350107706,171.4320729,0.915833613,534.6552404,489.6552404,45,1,0,0,0.34268836,162.7769709,0.913461538,520,475,45,1,0,0,0.34268836,162.7769709,0.913461538,520,475,45,1,0,0,0.34268836,162.7769709,0.913461538,520,475,45,1,,,0.101,193.3801793,1914.65524,1914.65524,0,59.35431245,0,,,267.2773017,-1.14E-13,114.9292397,4,1179.824203,0,0,0,119.8701391
112,1,113,0.1016,0,0,1179.824203,,,,0,0,1,2181.932542,2181.932542,0,349.1092067,72.4401604,0,,,326.6810387,2181.932542,2094.65524,87.27730168,2181.932542,0,1,0,0,0.155964662,108.9486607,0.96,727.6532191,698.5470903,29.10612876,1,0,0,0.155964662,108.9486607,0.96,727.6532191,698.5470903,29.10612876,1,0,0,0.155948667,108.7837173,0.96,726.6261039,697.5610597,29.06504416,,,,659.7629854,2094.65524,1914.65524,180,2094.65524,-6.37E-12,1,0,0,0.350107706,171.4320729,0.915833613,534.6552404,489.6552404,45,1,0,0,0.34268836,162.7769709,0.913461538,520,475,45,1,0,0,0.34268836,162.7769709,0.913461538,520,475,45,1,0,0,0.34268836,162.7769709,0.913461538,520,475,45,1,,,0.101,193.3801793,1914.65524,1914.65524,0,59.35431245,0,,,267.2773017,-1.14E-13,114.9292397,4,1179.824203,0,0,0,119.8701391
113,1,114,0.15246,1,0,590.8008647,,,,0,0,1,1087.160435,1087.160435,0,173.9456696,36.09372644,0,,,168.504493,1087.160435,1043.674017,43.48641739,1087.160435,0,1,0,0,0.157981585,90.52994271,0.96,596.9178226,573.0411097,23.8767129,1,0,0,0.165680191,77.97455026,0.96,490.2426123,470.6329078,19.60970449,0,0,1,0.271,0,0.96,0,0,0,,,,326.2735148,1043.674017,950.7213551,92.95266232,1043.674017,-2.27E-13,1,0,0,0.343681321,163.496544,0.90843032,523.6740174,475.7213551,47.95266232,1,0,0,0.34268836,162.7769709,0.913461538,520,475,45,0,0,1,0.087248178,0,0.88,0,0,0,0,0,1,0.087248178,0,0.88,0,0,0,1,,,0.101,96.02285687,950.7213551,950.7213551,0,29.47236201,0,,,136.4390797,0,58.66880428,2,590.8008647,0,0,0,90.07349983
114,1,115,0.15246,1,0,590.8008647,,,,0,0,1,1087.160435,1087.160435,0,173.9456696,36.09372644,0,,,168.504493,1087.160435,1043.674017,43.48641739,1087.160435,0,1,0,0,0.157981585,90.52994271,0.96,596.9178226,573.0411097,23.8767129,1,0,0,0.165680191,77.97455026,0.96,490.2426123,470.6329078,19.60970449,0,0,0,0.271,0,0.96,0,0,0,,,,326.2735148,1043.674017,950.7213551,92.95266232,1043.674017,-2.27E-13,1,0,0,0.343681321,163.496544,0.90843032,523.6740174,475.7213551,47.95266232,1,0,0,0.34268836,162.7769709,0.913461538,520,475,45,0,0,0,0.087248178,0,0.88,0,0,0,0,0,0,0.087248178,0,0.88,0,0,0,1,,,0.101,96.02285687,950.7213551,950.7213551,0,29.47236201,0,,,136.4390797,2.84E-14,58.66880428,2,590.8008647,0,0,0,90.07349983
115,1,116,0.15246,1,0,590.8008647,,,,0,0,1,1087.160435,1087.160435,0,173.9456696,36.09372644,0,,,168.504493,1087.160435,1043.674017,43.48641739,1087.160435,0,1,0,0,0.157981585,90.52994271,0.96,596.9178226,573.0411097,23.8767129,1,0,0,0.165680191,77.97455026,0.96,490.2426123,470.6329078,19.60970449,0,0,0,0.271,0,0.96,0,0,0,,,,326.2735148,1043.674017,950.7213551,92.95266232,1043.674017,-2.27E-13,1,0,0,0.343681321,163.496544,0.90843032,523.6740174,475.7213551,47.95266232,1,0,0,0.34268836,162.7769709,0.913461538,520,475,45,0,0,0,0.087248178,0,0.88,0,0,0,0,0,0,0.087248178,0,0.88,0,0,0,1,,,0.101,96.02285687,950.7213551,950.7213551,0,29.47236201,0,,,136.4390797,-1.42E-14,58.66880428,2,590.8008647,0,0,0,90.07349983
116,1,117,0.15246,1,0,590.8008647,,,,0,0,1,1087.160435,1087.160435,0,173.9456696,36.09372644,0,,,168.504493,1087.160435,1043.674017,43.48641739,1087.160435,0,1,0,0,0.157981585,90.52994271,0.96,596.9178226,573.0411097,23.8767129,1,0,0,0.165680191,77.97455026,0.96,490.2426123,470.6329078,19.60970449,0,0,0,0.271,0,0.96,0,0,0,,,,326.2735148,1043.674017,950.7213551,92.95266232,1043.674017,-2.27E-13,1,0,0,0.343681321,163.496544,0.90843032,523.6740174,475.7213551,47.95266232,1,0,0,0.34268836,162.7769709,0.913461538,520,475,45,0,0,0,0.087248178,0,0.88,0,0,0,0,0,0,0.087248178,0,0.88,0,0,0,1,,,0.101,96.02285687,950.7213551,950.7213551,0,29.47236201,0,,,136.4390797,0,58.66880428,2,590.8008647,0,0,0,90.07349983
117,1,118,0.15246,1,0,590.8008647,,,,0,0,1,1087.160435,1087.160435,0,173.9456696,36.09372644,0,,,168.504493,1087.160435,1043.674017,43.48641739,1087.160435,0,1,0,0,0.157981585,90.52994271,0.96,596.9178226,573.0411097,23.8767129,1,0,0,0.165680191,77.97455026,0.96,490.2426123,470.6329078,19.60970449,0,0,0,0.271,0,0.96,0,0,0,,,,326.2735148,1043.674017,950.7213551,92.95266232,1043.674017,-2.27E-13,1,0,0,0.343681321,163.496544,0.90843032,523.6740174,475.7213551,47.95266232,1,0,0,0.34268836,162.7769709,0.913461538,520,475,45,0,0,0,0.087248178,0,0.88,0,0,0,0,0,0,0.087248178,0,0.88,0,0,0,1,,,0.101,96.02285687,950.7213551,950.7213551,0,29.47236201,0,,,136.4390797,-1.42E-14,58.66880428,2,590.8008647,0,0,0,90.07349983
118,1,119,0.1016,0,0,1179.674877,,,,0,0,1,2181.753061,2181.753061,0,349.0804898,72.43420163,0,,,326.6520789,2181.753061,2094.482939,87.27012244,2181.753061,0,1,0,0,0.155958338,108.8840263,0.96,727.2510203,698.1609795,29.09004081,1,0,0,0.155958338,108.8840263,0.96,727.2510203,698.1609795,29.09004081,1,1,0,0.155958338,108.8840263,0.96,727.2510203,698.1609795,29.09004081,,,,659.660021,2094.482939,1914.482939,180,2094.482939,-4.55E-13,1,0,0,0.350020593,171.3291084,0.91580648,534.4829386,489.4829386,45,1,0,0,0.34268836,162.7769709,0.913461538,520,475,45,1,1,0,0.34268836,162.7769709,0.913461538,520,475,45,1,1,0,0.34268836,162.7769709,0.913461538,520,475,45,1,,,0.101,193.3627768,1914.482939,1914.482939,0,59.3489711,0,,,267.2701224,-8.53E-14,114.9261526,4,1179.674877,0,0,0,119.8549675
119,1,120,0.1016,0,0,1179.674877,,,,0,0,1,2181.753061,2181.753061,0,349.0804898,72.43420163,0,,,326.6520789,2181.753061,2094.482939,87.27012244,2181.753061,0,1,0,0,0.155958338,108.8840263,0.96,727.2510203,698.1609795,29.09004081,1,0,0,0.155958338,108.8840263,0.96,727.2510203,698.1609795,29.09004081,1,0,0,0.155958338,108.8840263,0.96,727.2510203,698.1609795,29.09004081,,,,659.660021,2094.482939,1914.482939,180,2094.482939,-4.55E-13,1,0,0,0.350020593,171.3291084,0.91580648,534.4829386,489.4829386,45,1,0,0,0.34268836,162.7769709,0.913461538,520,475,45,1,0,0,0.34268836,162.7769709,0.913461538,520,475,45,1,0,0,0.34268836,162.7769709,0.913461538,520,475,45,1,,,0.101,193.3627768,1914.482939,1914.482939,0,59.3489711,0,,,267.2701224,-8.53E-14,114.9261526,4,1179.674877,0,0,0,119.8549675
120,1,121,0.1016,0,0,1179.674877,,,,0,0,1,2181.753061,2181.753061,0,349.0804898,72.43420163,0,,,326.6520789,2181.753061,2094.482939,87.27012244,2181.753061,0,1,0,0,0.155958338,108.8840263,0.96,727.2510203,698.1609795,29.09004081,1,0,0,0.155958338,108.8840263,0.96,727.2510203,698.1609795,29.09004081,1,0,0,0.155958338,108.8840263,0.96,727.2510203,698.1609795,29.09004081,,,,659.660021,2094.482939,1914.482939,180,2094.482939,-4.55E-13,1,0,0,0.350020593,171.3291084,0.91580648,534.4829386,489.4829386,45,1,0,0,0.34268836,162.7769709,0.913461538,520,475,45,1,0,0,0.34268836,162.7769709,0.913461538,520,475,45,1,0,0,0.34268836,162.7769709,0.913461538,520,475,45,1,,,0.101,193.3627768,1914.482939,1914.482939,0,59.3489711,0,,,267.2701224,-8.53E-14,114.9261526,4,1179.674877,0,0,0,119.8549675
121,1,122,0.1016,0,0,1179.674877,,,,0,0,1,2181.753061,2181.753061,0,349.0804898,72.43420163,0,,,326.6520789,2181.753061,2094.482939,87.27012244,2181.753061,0,1,0,0,0.155958338,108.8840263,0.96,727.2510203,698.1609795,29.09004081,1,0,0,0.155958338,108.8840263,0.96,727.2510203,698.1609795,29.09004081,1,0,0,0.155958338,108.8840263,0.96,727.2510203,698.1609795,29.09004081,,,,659.660021,2094.482939,1914.482939,180,2094.482939,-4.55E-13,1,0,0,0.350020593,171.3291084,0.91580648,534.4829386,489.4829386,45,1,0,0,0.34268836,162.7769709,0.913461538,520,475,45,1,0,0,0.34268836,162.7769709,0.913461538,520,475,45,1,0,0,0.34268836,162.7769709,0.913461538,520,475,45,1,,,0.101,193.3627768,1914.482939,1914.482939,0,59.3489711,0,,,267.2701224,-8.53E-14,114.9261526,4,1179.674877,0,0,0,119.8549675
122,1,123,0.1016,0,0,1179.674877,,,,0,0,1,2181.753061,2181.753061,0,349.0804898,72.43420163,0,,,326.6520789,2181.753061,2094.482939,87.27012244,2181.753061,0,1,0,0,0.155958338,108.8840263,0.96,727.2510203,698.1609795,29.09004081,1,0,0,0.155958338,108.8840263,0.96,727.2510203,698.1609795,29.09004081,1,0,0,0.155958338,108.8840263,0.96,727.2510203,698.1609795,29.09004081,,,,659.660021,2094.482939,1914.482939,180,2094.482939,-4.55E-13,1,0,0,0.350020593,171.3291084,0.91580648,534.4829386,489.4829386,45,1,0,0,0.34268836,162.7769709,0.913461538,520,475,45,1,0,0,0.34268836,162.7769709,0.913461538,520,475,45,1,0,0,0.34268836,162.7769709,0.913461538,520,475,45,1,,,0.101,193.3627768,1914.482939,1914.482939,0,59.3489711,0,,,267.2701224,-8.53E-14,114.9261526,4,1179.674877,0,0,0,119.8549675
123,1,124,0.1016,0,0,1179.674877,,,,0,0,1,2181.753061,2181.753061,0,349.0804898,72.43420163,0,,,326.6520789,2181.753061,2094.482939,87.27012244,2181.753061,0,1,0,0,0.155958338,108.8840263,0.96,727.2510203,698.1609795,29.09004081,1,0,0,0.155958338,108.8840263,0.96,727.2510203,698.1609795,29.09004081,1,0,0,0.155958338,108.8840263,0.96,727.2510203,698.1609795,29.09004081,,,,659.660021,2094.482939,1914.482939,180,2094.482939,-4.55E-13,1,0,0,0.350020593,171.3291084,0.91580648,534.4829386,489.4829386,45,1,0,0,0.34268836,162.7769709,0.913461538,520,475,45,1,0,0,0.34268836,162.7769709,0.913461538,520,475,45,1,0,0,0.34268836,162.7769709,0.913461538,520,475,45,1,,,0.101,193.3627768,1914.482939,1914.482939,0,59.3489711,0,,,267.2701224,-8.53E-14,114.9261526,4,1179.674877,0,0,0,119.8549675
124,1,125,0.1016,0,0,1179.674877,,,,0,0,1,2181.753061,2181.753061,0,349.0804898,72.43420163,0,,,326.6520789,2181.753061,2094.482939,87.27012244,2181.753061,0,1,0,0,0.155958338,108.8840263,0.96,727.2510203,698.1609795,29.09004081,1,0,0,0.155958338,108.8840263,0.96,727.2510203,698.1609795,29.09004081,1,0,0,0.155958338,108.8840263,0.96,727.2510203,698.1609795,29.09004081,,,,659.660021,2094.482939,1914.482939,180,2094.482939,-4.55E-13,1,0,0,0.350020593,171.3291084,0.91580648,534.4829386,489.4829386,45,1,0,0,0.34268836,162.7769709,0.913461538,520,475,45,1,0,0,0.34268836,162.7769709,0.913461538,520,475,45,1,0,0,0.34268836,162.7769709,0.913461538,520,475,45,1,,,0.101,193.3627768,1914.482939,1914.482939,0,59.3489711,0,,,267.2701224,-8.53E-14,114.9261526,4,1179.674877,0,0,0,119.8549675
125,1,126,0.1016,0,0,1179.674877,,,,0,0,1,2181.753061,2181.753061,0,349.0804898,72.43420163,0,,,326.6520789,2181.753061,2094.482939,87.27012244,2181.753061,0,1,0,0,0.155958338,108.8840263,0.96,727.2510203,698.1609795,29.09004081,1,0,0,0.155958338,108.8840263,0.96,727.2510203,698.1609795,29.09004081,1,0,0,0.155958338,108.8840263,0.96,727.2510203,698.1609795,29.09004081,,,,659.660021,2094.482939,1914.482939,180,2094.482939,-4.55E-13,1,0,0,0.350020593,171.3291084,0.91580648,534.4829386,489.4829386,45,1,0,0,0.34268836,162.7769709,0.913461538,520,475,45,1,0,0,0.34268836,162.7769709,0.913461538,520,475,45,1,0,0,0.34268836,162.7769709,0.913461538,520,475,45,1,,,0.101,193.3627768,1914.482939,1914.482939,0,59.3489711,0,,,267.2701224,-8.53E-14,114.9261526,4,1179.674877,0,0,0,119.8549675
126,1,127,0.1016,0,0,1179.674877,,,,0,0,1,2181.753061,2181.753061,0,349.0804898,72.43420163,0,,,326.6520789,2181.753061,2094.482939,87.27012244,2181.753061,0,1,0,0,0.155958338,108.8840263,0.96,727.2510203,698.1609795,29.09004081,1,0,0,0.155958338,108.8840263,0.96,727.2510203,698.1609795,29.09004081,1,0,0,0.155958338,108.8840263,0.96,727.2510203,698.1609795,29.09004081,,,,659.660021,2094.482939,1914.482939,180,2094.482939,-4.55E-13,1,0,0,0.350020593,171.3291084,0.91580648,534.4829386,489.4829386,45,1,0,0,0.34268836,162.7769709,0.913461538,520,475,45,1,0,0,0.34268836,162.7769709,0.913461538,520,475,45,1,0,0,0.34268836,162.7769709,0.913461538,520,475,45,1,,,0.101,193.3627768,1914.482939,1914.482939,0,59.3489711,0,,,267.2701224,-8.53E-14,114.9261526,4,1179.674877,0,0,0,119.8549675
127,1,128,0.1016,0,0,1179.674877,,,,0,0,1,2181.753061,2181.753061,0,349.0804898,72.43420163,0,,,326.6520789,2181.753061,2094.482939,87.27012244,2181.753061,0,1,0,0,0.155958338,108.8840263,0.96,727.2510203,698.1609795,29.09004081,1,0,0,0.155958338,108.8840263,0.96,727.2510203,698.1609795,29.09004081,1,0,0,0.155958338,108.8840263,0.96,727.2510203,698.1609795,29.09004081,,,,659.660021,2094.482939,1914.482939,180,2094.482939,0,1,0,0,0.350020593,171.3291084,0.91580648,534.4829386,489.4829386,45,1,0,0,0.34268836,162.7769709,0.913461538,520,475,45,1,0,0,0.34268836,162.7769709,0.913461538,520,475,45,1,0,0,0.34268836,162.7769709,0.913461538,520,475,45,1,,,0.101,193.3627768,1914.482939,1914.482939,0,59.3489711,0,,,267.2701224,-8.53E-14,114.9261526,4,1179.674877,0,0,0,119.8549675
128,1,129,0.1016,0,0,1179.674877,,,,0,0,1,2181.753061,2181.753061,0,349.0804898,72.43420163,0,,,326.6520789,2181.753061,2094.482939,87.27012244,2181.753061,0,1,0,0,0.155958338,108.8840263,0.96,727.2510203,698.1609795,29.09004081,1,0,0,0.155958338,108.8840263,0.96,727.2510203,698.1609795,29.09004081,1,0,0,0.155958338,108.8840263,0.96,727.2510203,698.1609795,29.09004081,,,,659.660021,2094.482939,1914.482939,180,2094.482939,-4.55E-13,1,0,0,0.350020593,171.3291084,0.91580648,534.4829386,489.4829386,45,1,0,0,0.34268836,162.7769709,0.913461538,520,475,45,1,0,0,0.34268836,162.7769709,0.913461538,520,475,45,1,0,0,0.34268836,162.7769709,0.913461538,520,475,45,1,,,0.101,193.3627768,1914.482939,1914.482939,0,59.3489711,0,,,267.2701224,-8.53E-14,114.9261526,4,1179.674877,0,0,0,119.8549675
129,1,130,0.1016,0,0,1179.674877,,,,0,0,1,2181.753061,2181.753061,0,349.0804898,72.43420163,0,,,326.6520789,2181.753061,2094.482939,87.27012244,2181.753061,0,1,0,0,0.155958338,108.8840263,0.96,727.2510203,698.1609795,29.09004081,1,0,0,0.155958338,108.8840263,0.96,727.2510203,698.1609795,29.09004081,1,0,0,0.155958338,108.8840263,0.96,727.2510203,698.1609795,29.09004081,,,,659.660021,2094.482939,1914.482939,180,2094.482939,-4.55E-13,1,0,0,0.350020593,171.3291084,0.91580648,534.4829386,489.4829386,45,1,0,0,0.34268836,162.7769709,0.913461538,520,475,45,1,0,0,0.34268836,162.7769709,0.913461538,520,475,45,1,0,0,0.34268836,162.7769709,0.913461538,520,475,45,1,,,0.101,193.3627768,1914.482939,1914.482939,0,59.3489711,0,,,267.2701224,-8.53E-14,114.9261526,4,1179.674877,0,0,0,119.8549675
130,1,131,0.1016,0,0,1179.674877,,,,0,0,1,2181.753061,2181.753061,0,349.0804898,72.43420163,0,,,326.6520789,2181.753061,2094.482939,87.27012244,2181.753061,0,1,0,0,0.155958338,108.8840263,0.96,727.2510203,698.1609795,29.09004081,1,0,0,0.155958338,108.8840263,0.96,727.2510203,698.1609795,29.09004081,1,0,0,0.155958338,108.8840263,0.96,727.2510203,698.1609795,29.09004081,,,,659.660021,2094.482939,1914.482939,180,2094.482939,-4.55E-13,1,0,0,0.350020593,171.3291084,0.91580648,534.4829386,489.4829386,45,1,0,0,0.34268836,162.7769709,0.913461538,520,475,45,1,0,0,0.34268836,162.7769709,0.913461538,520,475,45,1,0,0,0.34268836,162.7769709,0.913461538,520,475,45,1,,,0.101,193.3627768,1914.482939,1914.482939,0,59.3489711,0,,,267.2701224,-8.53E-14,114.9261526,4,1179.674877,0,0,0,119.8549675
131,1,132,0.1016,0,0,1179.674877,,,,0,0,1,2181.753061,2181.753061,0,349.0804898,72.43420163,0,,,326.6520789,2181.753061,2094.482939,87.27012244,2181.753061,0,1,0,0,0.155958338,108.8840263,0.96,727.2510203,698.1609795,29.09004081,1,0,0,0.155958338,108.8840263,0.96,727.2510203,698.1609795,29.09004081,1,0,0,0.155958338,108.8840263,0.96,727.2510203,698.1609795,29.09004081,,,,659.660021,2094.482939,1914.482939,180,2094.482939,-4.55E-13,1,0,0,0.350020593,171.3291084,0.91580648,534.4829386,489.4829386,45,1,0,0,0.34268836,162.7769709,0.913461538,520,475,45,1,0,0,0.34268836,162.7769709,0.913461538,520,475,45,1,0,0,0.34268836,162.7769709,0.913461538,520,475,45,1,,,0.101,193.3627768,1914.482939,1914.482939,0,59.3489711,0,,,267.2701224,-8.53E-14,114.9261526,4,1179.674877,0,0,0,119.8549675
132,1,133,0.1016,0,0,1179.674877,,,,0,0,1,2181.753061,2181.753061,0,349.0804898,72.43420163,0,,,326.6520789,2181.753061,2094.482939,87.27012244,2181.753061,0,1,0,0,0.155958338,108.8840263,0.96,727.2510203,698.1609795,29.09004081,1,0,0,0.155958338,108.8840263,0.96,727.2510203,698.1609795,29.09004081,1,0,0,0.155958338,108.8840263,0.96,727.2510203,698.1609795,29.09004081,,,,659.660021,2094.482939,1914.482939,180,2094.482939,-4.55E-13,1,0,0,0.350020593,171.3291084,0.91580648,534.4829386,489.4829386,45,1,0,0,0.34268836,162.7769709,0.913461538,520,475,45,1,0,0,0.34268836,162.7769709,0.913461538,520,475,45,1,0,0,0.34268836,162.7769709,0.913461538,520,475,45,1,,,0.101,193.3627768,1914.482939,1914.482939,0,59.3489711,0,,,267.2701224,-8.53E-14,114.9261526,4,1179.674877,0,0,0,119.8549675
133,1,134,0.1016,0,0,1179.674877,,,,0,0,1,2181.753061,2181.753061,0,349.0804898,72.43420163,0,,,326.6520789,2181.753061,2094.482939,87.27012244,2181.753061,0,1,0,0,0.155958338,108.8840263,0.96,727.2510203,698.1609795,29.09004081,1,0,0,0.155958338,108.8840263,0.96,727.2510203,698.1609795,29.09004081,1,0,0,0.155958338,108.8840263,0.96,727.2510203,698.1609795,29.09004081,,,,659.660021,2094.482939,1914.482939,180,2094.482939,-4.55E-13,1,0,0,0.350020593,171.3291084,0.91580648,534.4829386,489.4829386,45,1,0,0,0.34268836,162.7769709,0.913461538,520,475,45,1,0,0,0.34268836,162.7769709,0.913461538,520,475,45,1,0,0,0.34268836,162.7769709,0.913461538,520,475,45,1,,,0.101,193.3627768,1914.482939,1914.482939,0,59.3489711,0,,,267.2701224,-8.53E-14,114.9261526,4,1179.674877,0,0,0,119.8549675
134,1,135,0.1016,0,0,1179.674877,,,,0,0,1,2181.753061,2181.753061,0,349.0804898,72.43420163,0,,,326.6520789,2181.753061,2094.482939,87.27012244,2181.753061,0,1,0,0,0.155958338,108.8840263,0.96,727.2510203,698.1609795,29.09004081,1,0,0,0.155958338,108.8840263,0.96,727.2510203,698.1609795,29.09004081,1,0,0,0.155958338,108.8840263,0.96,727.2510203,698.1609795,29.09004081,,,,659.660021,2094.482939,1914.482939,180,2094.482939,-4.55E-13,1,0,0,0.350020593,171.3291084,0.91580648,534.4829386,489.4829386,45,1,0,0,0.34268836,162.7769709,0.913461538,520,475,45,1,0,0,0.34268836,162.7769709,0.913461538,520,475,45,1,0,0,0.34268836,162.7769709,0.913461538,520,475,45,1,,,0.101,193.3627768,1914.482939,1914.482939,0,59.3489711,0,,,267.2701224,-8.53E-14,114.9261526,4,1179.674877,0,0,0,119.8549675
135,1,136,0.1016,0,0,1179.674877,,,,0,0,1,2181.753061,2181.753061,0,349.0804898,72.43420163,0,,,326.6520789,2181.753061,2094.482939,87.27012244,2181.753061,0,1,0,0,0.155958338,108.8840263,0.96,727.2510203,698.1609795,29.09004081,1,0,0,0.155958338,108.8840263,0.96,727.2510203,698.1609795,29.09004081,1,0,0,0.155958338,108.8840263,0.96,727.2510203,698.1609795,29.09004081,,,,659.660021,2094.482939,1914.482939,180,2094.482939,-4.55E-13,1,0,0,0.350020593,171.3291084,0.91580648,534.4829386,489.4829386,45,1,0,0,0.34268836,162.7769709,0.913461538,520,475,45,1,0,0,0.34268836,162.7769709,0.913461538,520,475,45,1,0,0,0.34268836,162.7769709,0.913461538,520,475,45,1,,,0.101,193.3627768,1914.482939,1914.482939,0,59.3489711,0,,,267.2701224,-8.53E-14,114.9261526,4,1179.674877,0,0,0,119.8549675
136,1,137,0.1016,0,0,1179.674877,,,,0,0,1,2181.753061,2181.753061,0,349.0804898,72.43420163,0,,,326.6520789,2181.753061,2094.482939,87.27012244,2181.753061,0,1,0,0,0.155958338,108.8840263,0.96,727.2510203,698.1609795,29.09004081,1,0,0,0.155958338,108.8840263,0.96,727.2510203,698.1609795,29.09004081,1,0,0,0.155958338,108.8840263,0.96,727.2510203,698.1609795,29.09004081,,,,659.660021,2094.482939,1914.482939,180,2094.482939,-4.55E-13,1,0,0,0.350020593,171.3291084,0.91580648,534.4829386,489.4829386,45,1,0,0,0.34268836,162.7769709,0.913461538,520,475,45,1,0,0,0.34268836,162.7769709,0.913461538,520,475,45,1,0,0,0.34268836,162.7769709,0.913461538,520,475,45,1,,,0.101,193.3627768,1914.482939,1914.482939,0,59.3489711,0,,,267.2701224,-8.53E-14,114.9261526,4,1179.674877,0,0,0,119.8549675
137,1,138,0.13994,0,0,1179.674877,,,,0,0,1,2181.753061,2181.753061,0,349.0804898,72.43420163,0,,,326.6520789,2181.753061,2094.482939,87.27012244,2181.753061,0,1,0,0,0.155958338,108.8840263,0.96,727.2510203,698.1609795,29.09004081,1,0,0,0.155958338,108.8840263,0.96,727.2510203,698.1609795,29.09004081,1,0,0,0.155958338,108.8840263,0.96,727.2510203,698.1609795,29.09004081,,,,659.660021,2094.482939,1914.482939,180,2094.482939,-4.55E-13,1,0,0,0.350020593,171.3291084,0.91580648,534.4829386,489.4829386,45,1,0,0,0.34268836,162.7769709,0.913461538,520,475,45,1,0,0,0.34268836,162.7769709,0.913461538,520,475,45,1,0,0,0.34268836,162.7769709,0.913461538,520,475,45,1,,,0.101,193.3627768,1914.482939,1914.482939,0,59.3489711,0,,,267.2701224,-8.53E-14,114.9261526,4,1179.674877,0,0,0,165.0837022
138,1,139,0.13994,0,0,1179.674877,,,,0,0,1,2181.753061,2181.753061,0,349.0804898,72.43420163,0,,,326.6520789,2181.753061,2094.482939,87.27012244,2181.753061,0,1,0,0,0.155958338,108.8840263,0.96,727.2510203,698.1609795,29.09004081,1,0,0,0.155958338,108.8840263,0.96,727.2510203,698.1609795,29.09004081,1,0,0,0.155958338,108.8840263,0.96,727.2510203,698.1609795,29.09004081,,,,659.660021,2094.482939,1914.482939,180,2094.482939,-4.55E-13,1,0,0,0.350020593,171.3291084,0.91580648,534.4829386,489.4829386,45,1,0,0,0.34268836,162.7769709,0.913461538,520,475,45,1,0,0,0.34268836,162.7769709,0.913461538,520,475,45,1,0,0,0.34268836,162.7769709,0.913461538,520,475,45,1,,,0.101,193.3627768,1914.482939,1914.482939,0,59.3489711,0,,,267.2701224,-8.53E-14,114.9261526,4,1179.674877,0,0,0,165.0837022
139,1,140,0.13994,0,0,1179.674877,,,,0,0,1,2181.753061,2181.753061,0,349.0804898,72.43420163,0,,,326.6520789,2181.753061,2094.482939,87.27012244,2181.753061,0,1,0,0,0.155958338,108.8840263,0.96,727.2510203,698.1609795,29.09004081,1,0,0,0.155958338,108.8840263,0.96,727.2510203,698.1609795,29.09004081,1,0,0,0.155958338,108.8840263,0.96,727.2510203,698.1609795,29.09004081,,,,659.660021,2094.482939,1914.482939,180,2094.482939,-4.55E-13,1,0,0,0.350020593,171.3291084,0.91580648,534.4829386,489.4829386,45,1,0,0,0.34268836,162.7769709,0.913461538,520,475,45,1,0,0,0.34268836,162.7769709,0.913461538,520,475,45,1,0,0,0.34268836,162.7769709,0.913461538,520,475,45,1,,,0.101,193.3627768,1914.482939,1914.482939,0,59.3489711,0,,,267.2701224,-8.53E-14,114.9261526,4,1179.674877,0,0,0,165.0837022
140,1,141,0.13994,0,0,1179.674877,,,,0,0,1,2181.753061,2181.753061,0,349.0804898,72.43420163,0,,,326.6520789,2181.753061,2094.482939,87.27012244,2181.753061,0,1,0,0,0.155958338,108.8840263,0.96,727.2510203,698.1609795,29.09004081,1,0,0,0.155958338,108.8840263,0.96,727.2510203,698.1609795,29.09004081,1,0,0,0.155958338,108.8840263,0.96,727.2510203,698.1609795,29.09004081,,,,659.660021,2094.482939,1914.482939,180,2094.482939,-4.55E-13,1,0,0,0.350020593,171.3291084,0.91580648,534.4829386,489.4829386,45,1,0,0,0.34268836,162.7769709,0.913461538,520,475,45,1,0,0,0.34268836,162.7769709,0.913461538,520,475,45,1,0,0,0.34268836,162.7769709,0.913461538,520,475,45,1,,,0.101,193.3627768,1914.482939,1914.482939,0,59.3489711,0,,,267.2701224,-8.53E-14,114.9261526,4,1179.674877,0,0,0,165.0837022
141,1,142,0.13994,0,0,1179.674877,,,,0,0,1,2181.753061,2181.753061,0,349.0804898,72.43420163,0,,,326.6520789,2181.753061,2094.482939,87.27012244,2181.753061,0,1,0,0,0.155958338,108.8840263,0.96,727.2510203,698.1609795,29.09004081,1,0,0,0.155958338,108.8840263,0.96,727.2510203,698.1609795,29.09004081,1,0,0,0.155958338,108.8840263,0.96,727.2510203,698.1609795,29.09004081,,,,659.660021,2094.482939,1914.482939,180,2094.482939,-4.55E-13,1,0,0,0.350020593,171.3291084,0.91580648,534.4829386,489.4829386,45,1,0,0,0.34268836,162.7769709,0.913461538,520,475,45,1,0,0,0.34268836,162.7769709,0.913461538,520,475,45,1,0,0,0.34268836,162.7769709,0.913461538,520,475,45,1,,,0.101,193.3627768,1914.482939,1914.482939,0,59.3489711,0,,,267.2701224,-8.53E-14,114.9261526,4,1179.674877,0,0,0,165.0837022
142,1,143,0.1016,0,0,1178.724927,,,,0,0,1,1979.502958,1979.502958,0,316.7204733,65.71949822,0,,,299.7056433,1979.502958,1900.32284,79.18011834,1979.502958,0,1,0,0,0.155958338,108.8840263,0.96,727.2510203,698.1609795,29.09004081,1,0,0,0.155958338,108.8840263,0.96,727.2510203,698.1609795,29.09004081,1,0,0,0.162574301,81.93759074,0.96,525.0009177,504.000881,21.00003671,,,,701.4816224,1900.32284,1757.798627,142.524213,1900.32284,4.55E-13,1,0,0,0.399817721,234.8429337,0.925,635,587.375,47.625,1,0,0,0.39869213,233.3193444,0.925,632.6614201,585.2118136,47.44960651,1,0,0,0.39869213,233.3193443,0.925,632.66142,585.2118135,47.4496065,0,0,1,0.087248178,0,0.88,0,0,0,1,,,0.101,177.5376613,1757.798627,1757.798627,0,54.49175744,0,,,221.7043313,-5.68E-14,95.33286248,3,1178.724927,0,0,0,119.7584526
143,1,144,0.1016,0,0,1178.724927,,,,0,0,1,1979.502958,1979.502958,0,316.7204733,65.71949822,0,,,299.7056433,1979.502958,1900.32284,79.18011834,1979.502958,0,1,0,0,0.155958338,108.8840263,0.96,727.2510203,698.1609795,29.09004081,1,0,0,0.155958338,108.8840263,0.96,727.2510203,698.1609795,29.09004081,1,0,0,0.162574301,81.93759074,0.96,525.0009177,504.000881,21.00003671,,,,701.4816224,1900.32284,1757.798627,142.524213,1900.32284,4.55E-13,1,0,0,0.399817721,234.8429337,0.925,635,587.375,47.625,1,0,0,0.39869213,233.3193444,0.925,632.6614201,585.2118136,47.44960651,1,0,0,0.39869213,233.3193443,0.925,632.66142,585.2118135,47.4496065,0,0,0,0.087248178,0,0.88,0,0,0,1,,,0.101,177.5376613,1757.798627,1757.798627,0,54.49175744,0,,,221.7043313,5.68E-14,95.33286248,3,1178.724927,0,0,0,119.7584526
144,1,145,0.1016,0,0,1178.724927,,,,0,0,1,1979.502958,1979.502958,0,316.7204733,65.71949822,0,,,299.7056433,1979.502958,1900.32284,79.18011834,1979.502958,0,1,0,0,0.155958338,108.8840263,0.96,727.2510203,698.1609795,29.09004081,1,0,0,0.155958338,108.8840263,0.96,727.2510203,698.1609795,29.09004081,1,0,0,0.162574301,81.93759074,0.96,525.0009177,504.000881,21.00003671,,,,701.4816224,1900.32284,1757.798627,142.524213,1900.32284,4.55E-13,1,0,0,0.399817721,234.8429337,0.925,635,587.375,47.625,1,0,0,0.39869213,233.3193444,0.925,632.6614201,585.2118136,47.44960651,1,0,0,0.39869213,233.3193443,0.925,632.66142,585.2118135,47.4496065,0,0,0,0.087248178,0,0.88,0,0,0,1,,,0.101,177.5376613,1757.798627,1757.798627,0,54.49175744,0,,,221.7043313,-5.68E-14,95.33286248,3,1178.724927,0,0,0,119.7584526
145,1,146,0.1016,0,0,1178.724927,,,,0,0,1,1979.502958,1979.502958,0,316.7204733,65.71949822,0,,,299.7056433,1979.502958,1900.32284,79.18011834,1979.502958,0,1,0,0,0.155958338,108.8840263,0.96,727.2510203,698.1609795,29.09004081,1,0,0,0.155958338,108.8840263,0.96,727.2510203,698.1609795,29.09004081,1,0,0,0.162574301,81.93759074,0.96,525.0009177,504.000881,21.00003671,,,,701.4816224,1900.32284,1757.798627,142.524213,1900.32284,4.55E-13,1,0,0,0.399817721,234.8429337,0.925,635,587.375,47.625,1,0,0,0.39869213,233.3193444,0.925,632.6614201,585.2118136,47.44960651,1,0,0,0.39869213,233.3193443,0.925,632.66142,585.2118135,47.4496065,0,0,0,0.087248178,0,0.88,0,0,0,1,,,0.101,177.5376613,1757.798627,1757.798627,0,54.49175744,0,,,221.7043313,5.68E-14,95.33286248,3,1178.724927,0,0,0,119.7584526
146,1,147,0.1016,0,0,1178.724927,,,,0,0,1,1979.502958,1979.502958,0,316.7204733,65.71949822,0,,,299.7056433,1979.502958,1900.32284,79.18011834,1979.502958,0,1,0,0,0.155958338,108.8840263,0.96,727.2510203,698.1609795,29.09004081,1,0,0,0.155958338,108.8840263,0.96,727.2510203,698.1609795,29.09004081,1,0,0,0.162574301,81.93759074,0.96,525.0009177,504.000881,21.00003671,,,,701.4816224,1900.32284,1757.798627,142.524213,1900.32284,4.55E-13,1,0,0,0.399817721,234.8429337,0.925,635,587.375,47.625,1,0,0,0.39869213,233.3193444,0.925,632.6614201,585.2118136,47.44960651,1,0,0,0.39869213,233.3193443,0.925,632.66142,585.2118135,47.4496065,0,0,0,0.087248178,0,0.88,0,0,0,1,,,0.101,177.5376613,1757.798627,1757.798627,0,54.49175744,0,,,221.7043313,-5.68E-14,95.33286248,3,1178.724927,0,0,0,119.7584526
147,1,148,0.1016,0,0,1178.724927,,,,0,0,1,1979.502958,1979.502958,0,316.7204733,65.71949822,0,,,299.7056433,1979.502958,1900.32284,79.18011834,1979.502958,0,1,0,0,0.155958338,108.8840263,0.96,727.2510203,698.1609795,29.09004081,1,0,0,0.155958338,108.8840263,0.96,727.2510203,698.1609795,29.09004081,1,0,0,0.162574301,81.93759074,0.96,525.0009177,504.000881,21.00003671,,,,701.4816224,1900.32284,1757.798627,142.524213,1900.32284,4.55E-13,1,0,0,0.399817721,234.8429337,0.925,635,587.375,47.625,1,0,0,0.39869213,233.3193444,0.925,632.6614201,585.2118136,47.44960651,1,0,0,0.39869213,233.3193443,0.925,632.66142,585.2118135,47.4496065,0,0,0,0.087248178,0,0.88,0,0,0,1,,,0.101,177.5376613,1757.798627,1757.798627,0,54.49175744,0,,,221.7043313,-5.68E-14,95.33286248,3,1178.724927,0,0,0,119.7584526
148,1,149,0.1016,0,0,1178.724927,,,,0,0,1,1979.502958,1979.502958,0,316.7204733,65.71949822,0,,,299.7056433,1979.502958,1900.32284,79.18011834,1979.502958,0,1,0,0,0.155958338,108.8840263,0.96,727.2510203,698.1609795,29.09004081,1,0,0,0.155958338,108.8840263,0.96,727.2510203,698.1609795,29.09004081,1,0,0,0.162574301,81.93759074,0.96,525.0009177,504.000881,21.00003671,,,,701.4816224,1900.32284,1757.798627,142.524213,1900.32284,4.55E-13,1,0,0,0.399817721,234.8429337,0.925,635,587.375,47.625,1,0,0,0.39869213,233.3193444,0.925,632.6614201,585.2118136,47.44960651,1,0,0,0.39869213,233.3193443,0.925,632.66142,585.2118135,47.4496065,0,0,0,0.087248178,0,0.88,0,0,0,1,,,0.101,177.5376613,1757.798627,1757.798627,0,54.49175744,0,,,221.7043313,5.68E-14,95.33286248,3,1178.724927,0,0,0,119.7584526
149,1,150,0.1016,0,0,1178.724927,,,,0,0,1,1979.502958,1979.502958,0,316.7204733,65.71949822,0,,,299.7056433,1979.502958,1900.32284,79.18011834,1979.502958,0,1,0,0,0.155958338,108.8840263,0.96,727.2510203,698.1609795,29.09004081,1,0,0,0.155958338,108.8840263,0.96,727.2510203,698.1609795,29.09004081,1,0,0,0.162574301,81.93759074,0.96,525.0009177,504.000881,21.00003671,,,,701.4816224,1900.32284,1757.798627,142.524213,1900.32284,4.55E-13,1,0,0,0.399817721,234.8429337,0.925,635,587.375,47.625,1,0,0,0.39869213,233.3193444,0.925,632.6614201,585.2118136,47.44960651,1,0,0,0.39869213,233.3193443,0.925,632.66142,585.2118135,47.4496065,0,0,0,0.087248178,0,0.88,0,0,0,1,,,0.101,177.5376613,1757.798627,1757.798627,0,54.49175744,0,,,221.7043313,-5.68E-14,95.33286248,3,1178.724927,0,0,0,119.7584526
150,1,151,0.1016,0,0,1178.724927,,,,0,0,1,1979.502958,1979.502958,0,316.7204733,65.71949822,0,,,299.7056433,1979.502958,1900.32284,79.18011834,1979.502958,0,1,0,0,0.155958338,108.8840263,0.96,727.2510203,698.1609795,29.09004081,1,0,0,0.155958338,108.8840263,0.96,727.2510203,698.1609795,29.09004081,1,0,0,0.162574301,81.93759074,0.96,525.0009177,504.000881,21.00003671,,,,701.4816224,1900.32284,1757.798627,142.524213,1900.32284,4.55E-13,1,0,0,0.399817721,234.8429337,0.925,635,587.375,47.625,1,0,0,0.39869213,233.3193444,0.925,632.6614201,585.2118136,47.44960651,1,0,0,0.39869213,233.3193443,0.925,632.66142,585.2118135,47.4496065,0,0,0,0.087248178,0,0.88,0,0,0,1,,,0.101,177.5376613,1757.798627,1757.798627,0,54.49175744,0,,,221.7043313,-5.68E-14,95.33286248,3,1178.724927,0,0,0,119.7584526
151,1,152,0.1016,0,0,1178.724927,,,,0,0,1,1979.502958,1979.502958,0,316.7204733,65.71949822,0,,,299.7056433,1979.502958,1900.32284,79.18011834,1979.502958,0,1,0,0,0.155958338,108.8840263,0.96,727.2510203,698.1609795,29.09004081,1,0,0,0.155958338,108.8840263,0.96,727.2510203,698.1609795,29.09004081,1,0,0,0.162574301,81.93759074,0.96,525.0009177,504.000881,21.00003671,,,,701.4816224,1900.32284,1757.798627,142.524213,1900.32284,4.55E-13,1,0,0,0.399817721,234.8429337,0.925,635,587.375,47.625,1,0,0,0.39869213,233.3193444,0.925,632.6614201,585.2118136,47.44960651,1,0,0,0.39869213,233.3193443,0.925,632.66142,585.2118135,47.4496065,0,0,0,0.087248178,0,0.88,0,0,0,1,,,0.101,177.5376613,1757.798627,1757.798627,0,54.49175744,0,,,221.7043313,-5.68E-14,95.33286248,3,1178.724927,0,0,0,119.7584526
152,1,153,0.1016,0,0,1178.724927,,,,0,0,1,1979.502958,1979.502958,0,316.7204733,65.71949822,0,,,299.7056433,1979.502958,1900.32284,79.18011834,1979.502958,0,1,0,0,0.155958338,108.8840263,0.96,727.2510203,698.1609795,29.09004081,1,0,0,0.155958338,108.8840263,0.96,727.2510203,698.1609795,29.09004081,1,0,0,0.162574301,81.93759074,0.96,525.0009177,504.000881,21.00003671,,,,701.4816224,1900.32284,1757.798627,142.524213,1900.32284,4.55E-13,1,0,0,0.399817721,234.8429337,0.925,635,587.375,47.625,1,0,0,0.39869213,233.3193444,0.925,632.6614201,585.2118136,47.44960651,1,0,0,0.39869213,233.3193443,0.925,632.66142,585.2118135,47.4496065,0,0,0,0.087248178,0,0.88,0,0,0,1,,,0.101,177.5376613,1757.798627,1757.798627,0,54.49175744,0,,,221.7043313,-5.68E-14,95.33286248,3,1178.724927,0,0,0,119.7584526
153,1,154,0.1016,0,0,1178.724927,,,,0,0,1,1979.502958,1979.502958,0,316.7204733,65.71949822,0,,,299.7056433,1979.502958,1900.32284,79.18011834,1979.502958,0,1,0,0,0.155958338,108.8840263,0.96,727.2510203,698.1609795,29.09004081,1,0,0,0.155958338,108.8840263,0.96,727.2510203,698.1609795,29.09004081,1,0,0,0.162574301,81.93759074,0.96,525.0009177,504.000881,21.00003671,,,,701.4816224,1900.32284,1757.798627,142.524213,1900.32284,4.55E-13,1,0,0,0.399817721,234.8429337,0.925,635,587.375,47.625,1,0,0,0.39869213,233.3193444,0.925,632.6614201,585.2118136,47.44960651,1,0,0,0.39869213,233.3193443,0.925,632.66142,585.2118135,47.4496065,0,0,0,0.087248178,0,0.88,0,0,0,1,,,0.101,177.5376613,1757.798627,1757.798627,0,54.49175744,0,,,221.7043313,-5.68E-14,95.33286248,3,1178.724927,0,0,0,119.7584526
154,1,155,0.1016,0,0,1178.724927,,,,0,0,1,1979.502958,1979.502958,0,316.7204733,65.71949822,0,,,299.7056433,1979.502958,1900.32284,79.18011834,1979.502958,0,1,0,0,0.155958338,108.8840263,0.96,727.2510203,698.1609795,29.09004081,1,0,0,0.155958338,108.8840263,0.96,727.2510203,698.1609795,29.09004081,1,0,0,0.162574301,81.93759074,0.96,525.0009177,504.000881,21.00003671,,,,701.4816224,1900.32284,1757.798627,142.524213,1900.32284,4.55E-13,1,0,0,0.399817721,234.8429337,0.925,635,587.375,47.625,1,0,0,0.39869213,233.3193444,0.925,632.6614201,585.2118136,47.44960651,1,0,0,0.39869213,233.3193443,0.925,632.66142,585.2118135,47.4496065,0,0,0,0.087248178,0,0.88,0,0,0,1,,,0.101,177.5376613,1757.798627,1757.798627,0,54.49175744,0,,,221.7043313,5.68E-14,95.33286248,3,1178.724927,0,0,0,119.7584526
155,1,156,0.1016,0,0,1178.724927,,,,0,0,1,1979.502958,1979.502958,0,316.7204733,65.71949822,0,,,299.7056433,1979.502958,1900.32284,79.18011834,1979.502958,0,1,0,0,0.155958338,108.8840263,0.96,727.2510203,698.1609795,29.09004081,1,0,0,0.155958338,108.8840263,0.96,727.2510203,698.1609795,29.09004081,1,0,0,0.162574301,81.93759074,0.96,525.0009177,504.000881,21.00003671,,,,701.4816224,1900.32284,1757.798627,142.524213,1900.32284,4.55E-13,1,0,0,0.399817721,234.8429337,0.925,635,587.375,47.625,1,0,0,0.39869213,233.3193444,0.925,632.6614201,585.2118136,47.44960651,1,0,0,0.39869213,233.3193443,0.925,632.66142,585.2118135,47.4496065,0,0,0,0.087248178,0,0.88,0,0,0,1,,,0.101,177.5376613,1757.798627,1757.798627,0,54.49175744,0,,,221.7043313,-5.68E-14,95.33286248,3,1178.724927,0,0,0,119.7584526
156,1,157,0.1016,0,0,1178.724927,,,,0,0,1,1979.502958,1979.502958,0,316.7204733,65.71949822,0,,,299.7056433,1979.502958,1900.32284,79.18011834,1979.502958,0,1,0,0,0.155958338,108.8840263,0.96,727.2510203,698.1609795,29.09004081,1,0,0,0.155958338,108.8840263,0.96,727.2510203,698.1609795,29.09004081,1,0,0,0.162574301,81.93759074,0.96,525.0009177,504.000881,21.00003671,,,,701.4816224,1900.32284,1757.798627,142.524213,1900.32284,4.55E-13,1,0,0,0.399817721,234.8429337,0.925,635,587.375,47.625,1,0,0,0.39869213,233.3193444,0.925,632.6614201,585.2118136,47.44960651,1,0,0,0.39869213,233.3193443,0.925,632.66142,585.2118135,47.4496065,0,0,0,0.087248178,0,0.88,0,0,0,1,,,0.101,177.5376613,1757.798627,1757.798627,0,54.49175744,0,,,221.7043313,5.68E-14,95.33286248,3,1178.724927,0,0,0,119.7584526
157,1,158,0.1016,0,0,1178.724927,,,,0,0,1,1979.502958,1979.502958,0,316.7204733,65.71949822,0,,,299.7056433,1979.502958,1900.32284,79.18011834,1979.502958,0,1,0,0,0.155958338,108.8840263,0.96,727.2510203,698.1609795,29.09004081,1,0,0,0.155958338,108.8840263,0.96,727.2510203,698.1609795,29.09004081,1,0,0,0.162574301,81.93759074,0.96,525.0009177,504.000881,21.00003671,,,,701.4816224,1900.32284,1757.798627,142.524213,1900.32284,4.55E-13,1,0,0,0.399817721,234.8429337,0.925,635,587.375,47.625,1,0,0,0.39869213,233.3193444,0.925,632.6614201,585.2118136,47.44960651,1,0,0,0.39869213,233.3193443,0.925,632.66142,585.2118135,47.4496065,0,0,0,0.087248178,0,0.88,0,0,0,1,,,0.101,177.5376613,1757.798627,1757.798627,0,54.49175744,0,,,221.7043313,5.68E-14,95.33286248,3,1178.724927,0,0,0,119.7584526
158,1,159,0.1016,0,0,1178.724927,,,,0,0,1,1979.502958,1979.502958,0,316.7204733,65.71949822,0,,,299.7056433,1979.502958,1900.32284,79.18011834,1979.502958,0,1,0,0,0.155958338,108.8840263,0.96,727.2510203,698.1609795,29.09004081,1,0,0,0.155958338,108.8840263,0.96,727.2510203,698.1609795,29.09004081,1,0,0,0.162574301,81.93759074,0.96,525.0009177,504.000881,21.00003671,,,,701.4816224,1900.32284,1757.798627,142.524213,1900.32284,4.55E-13,1,0,0,0.399817721,234.8429337,0.925,635,587.375,47.625,1,0,0,0.39869213,233.3193444,0.925,632.6614201,585.2118136,47.44960651,1,0,0,0.39869213,233.3193443,0.925,632.66142,585.2118135,47.4496065,0,0,0,0.087248178,0,0.88,0,0,0,1,,,0.101,177.5376613,1757.798627,1757.798627,0,54.49175744,0,,,221.7043313,-5.68E-14,95.33286248,3,1178.724927,0,0,0,119.7584526
159,1,160,0.1016,0,0,1178.724927,,,,0,0,1,1979.502958,1979.502958,0,316.7204733,65.71949822,0,,,299.7056433,1979.502958,1900.32284,79.18011834,1979.502958,0,1,0,0,0.155958338,108.8840263,0.96,727.2510203,698.1609795,29.09004081,1,0,0,0.155958338,108.8840263,0.96,727.2510203,698.1609795,29.09004081,1,0,0,0.162574301,81.93759074,0.96,525.0009177,504.000881,21.00003671,,,,701.4816224,1900.32284,1757.798627,142.524213,1900.32284,4.55E-13,1,0,0,0.399817721,234.8429337,0.925,635,587.375,47.625,1,0,0,0.39869213,233.3193444,0.925,632.6614201,585.2118136,47.44960651,1,0,0,0.39869213,233.3193443,0.925,632.66142,585.2118135,47.4496065,0,0,0,0.087248178,0,0.88,0,0,0,1,,,0.101,177.5376613,1757.798627,1757.798627,0,54.49175744,0,,,221.7043313,5.68E-14,95.33286248,3,1178.724927,0,0,0,119.7584526
160,1,161,0.1016,0,0,1178.724927,,,,0,0,1,1979.502958,1979.502958,0,316.7204733,65.71949822,0,,,299.7056433,1979.502958,1900.32284,79.18011834,1979.502958,0,1,0,0,0.155958338,108.8840263,0.96,727.2510203,698.1609795,29.09004081,1,0,0,0.155958338,108.8840263,0.96,727.2510203,698.1609795,29.09004081,1,0,0,0.162574301,81.93759074,0.96,525.0009177,504.000881,21.00003671,,,,701.4816224,1900.32284,1757.798627,142.524213,1900.32284,4.55E-13,1,0,0,0.399817721,234.8429337,0.925,635,587.375,47.625,1,0,0,0.39869213,233.3193444,0.925,632.6614201,585.2118136,47.44960651,1,0,0,0.39869213,233.3193443,0.925,632.66142,585.2118135,47.4496065,0,0,0,0.087248178,0,0.88,0,0,0,1,,,0.101,177.5376613,1757.798627,1757.798627,0,54.49175744,0,,,221.7043313,5.68E-14,95.33286248,3,1178.724927,0,0,0,119.7584526
161,1,162,0.13994,0,0,1178.724927,,,,0,0,1,1979.502958,1979.502958,0,316.7204733,65.71949822,0,,,299.7056433,1979.502958,1900.32284,79.18011834,1979.502958,0,1,0,0,0.155958338,108.8840263,0.96,727.2510203,698.1609795,29.09004081,1,0,0,0.155958338,108.8840263,0.96,727.2510203,698.1609795,29.09004081,1,0,0,0.162574301,81.93759074,0.96,525.0009177,504.000881,21.00003671,,,,701.4816224,1900.32284,1757.798627,142.524213,1900.32284,4.55E-13,1,0,0,0.399817721,234.8429337,0.925,635,587.375,47.625,1,0,0,0.39869213,233.3193444,0.925,632.6614201,585.2118136,47.44960651,1,0,0,0.39869213,233.3193443,0.925,632.66142,585.2118135,47.4496065,0,0,0,0.087248178,0,0.88,0,0,0,1,,,0.101,177.5376613,1757.798627,1757.798627,0,54.49175744,0,,,221.7043313,5.68E-14,95.33286248,3,1178.724927,0,0,0,164.9507663
162,1,163,0.13994,0,0,1178.724927,,,,0,0,1,1979.502958,1979.502958,0,316.7204733,65.71949822,0,,,299.7056433,1979.502958,1900.32284,79.18011834,1979.502958,0,1,0,0,0.155958338,108.8840263,0.96,727.2510203,698.1609795,29.09004081,1,0,0,0.155958338,108.8840263,0.96,727.2510203,698.1609795,29.09004081,1,0,0,0.162574301,81.93759074,0.96,525.0009177,504.000881,21.00003671,,,,701.4816224,1900.32284,1757.798627,142.524213,1900.32284,4.55E-13,1,0,0,0.399817721,234.8429337,0.925,635,587.375,47.625,1,0,0,0.39869213,233.3193444,0.925,632.6614201,585.2118136,47.44960651,1,0,0,0.39869213,233.3193443,0.925,632.66142,585.2118135,47.4496065,0,0,0,0.087248178,0,0.88,0,0,0,1,,,0.101,177.5376613,1757.798627,1757.798627,0,54.49175744,0,,,221.7043313,5.68E-14,95.33286248,3,1178.724927,0,0,0,164.9507663
163,1,164,0.13994,0,0,1178.724927,,,,0,0,1,1979.502958,1979.502958,0,316.7204733,65.71949822,0,,,299.7056433,1979.502958,1900.32284,79.18011834,1979.502958,0,1,0,0,0.155958338,108.8840263,0.96,727.2510203,698.1609795,29.09004081,1,0,0,0.155958338,108.8840263,0.96,727.2510203,698.1609795,29.09004081,1,0,0,0.162574301,81.93759074,0.96,525.0009177,504.000881,21.00003671,,,,701.4816224,1900.32284,1757.798627,142.524213,1900.32284,4.55E-13,1,0,0,0.399817721,234.8429337,0.925,635,587.375,47.625,1,0,0,0.39869213,233.3193444,0.925,632.6614201,585.2118136,47.44960651,1,0,0,0.39869213,233.3193443,0.925,632.66142,585.2118135,47.4496065,0,0,0,0.087248178,0,0.88,0,0,0,1,,,0.101,177.5376613,1757.798627,1757.798627,0,54.49175744,0,,,221.7043313,-5.68E-14,95.33286248,3,1178.724927,0,0,0,164.9507663
164,1,165,0.13994,0,0,1178.724927,,,,0,0,1,1979.502958,1979.502958,0,316.7204733,65.71949822,0,,,299.7056433,1979.502958,1900.32284,79.18011834,1979.502958,0,1,0,0,0.155958338,108.8840263,0.96,727.2510203,698.1609795,29.09004081,1,0,0,0.155958338,108.8840263,0.96,727.2510203,698.1609795,29.09004081,1,0,0,0.162574301,81.93759074,0.96,525.0009177,504.000881,21.00003671,,,,701.4816224,1900.32284,1757.798627,142.524213,1900.32284,4.55E-13,1,0,0,0.399817721,234.8429337,0.925,635,587.375,47.625,1,0,0,0.39869213,233.3193444,0.925,632.6614201,585.2118136,47.44960651,1,0,0,0.39869213,233.3193443,0.925,632.66142,585.2118135,47.4496065,0,0,0,0.087248178,0,0.88,0,0,0,1,,,0.101,177.5376613,1757.798627,1757.798627,0,54.49175744,0,,,221.7043313,-5.68E-14,95.33286248,3,1178.724927,0,0,0,164.9507663
165,1,166,0.13994,0,0,1178.724927,,,,0,0,1,1979.502958,1979.502958,0,316.7204733,65.71949822,0,,,299.7056433,1979.502958,1900.32284,79.18011834,1979.502958,0,1,0,0,0.155958338,108.8840263,0.96,727.2510203,698.1609795,29.09004081,1,0,0,0.155958338,108.8840263,0.96,727.2510203,698.1609795,29.09004081,1,0,0,0.162574301,81.93759074,0.96,525.0009177,504.000881,21.00003671,,,,701.4816224,1900.32284,1757.798627,142.524213,1900.32284,4.55E-13,1,0,0,0.399817721,234.8429337,0.925,635,587.375,47.625,1,0,0,0.39869213,233.3193444,0.925,632.6614201,585.2118136,47.44960651,1,0,0,0.39869213,233.3193443,0.925,632.66142,585.2118135,47.4496065,0,0,0,0.087248178,0,0.88,0,0,0,1,,,0.101,177.5376613,1757.798627,1757.798627,0,54.49175744,0,,,221.7043313,-5.68E-14,95.33286248,3,1178.724927,0,0,0,164.9507663
166,1,167,0.1016,0,0,1178.724927,,,,0,0,1,1979.502958,1979.502958,0,316.7204733,65.71949822,0,,,299.7056433,1979.502958,1900.32284,79.18011834,1979.502958,0,1,0,0,0.155958338,108.8840263,0.96,727.2510203,698.1609795,29.09004081,1,0,0,0.155958338,108.8840263,0.96,727.2510203,698.1609795,29.09004081,1,0,0,0.162574301,81.93759074,0.96,525.0009177,504.000881,21.00003671,,,,701.4816224,1900.32284,1757.798627,142.524213,1900.32284,4.55E-13,1,0,0,0.399817721,234.8429337,0.925,635,587.375,47.625,1,0,0,0.39869213,233.3193444,0.925,632.6614201,585.2118136,47.44960651,1,0,0,0.39869213,233.3193443,0.925,632.66142,585.2118135,47.4496065,0,0,0,0.087248178,0,0.88,0,0,0,1,,,0.101,177.5376613,1757.798627,1757.798627,0,54.49175744,0,,,221.7043313,-5.68E-14,95.33286248,3,1178.724927,0,0,0,119.7584526
167,1,168,0.1016,0,0,1178.724927,,,,0,0,1,1979.502958,1979.502958,0,316.7204733,65.71949822,0,,,299.7056433,1979.502958,1900.32284,79.18011834,1979.502958,0,1,0,0,0.155958338,108.8840263,0.96,727.2510203,698.1609795,29.09004081,1,0,0,0.155958338,108.8840263,0.96,727.2510203,698.1609795,29.09004081,1,0,0,0.162574301,81.93759074,0.96,525.0009177,504.000881,21.00003671,,,,701.4816224,1900.32284,1757.798627,142.524213,1900.32284,4.46E-11,1,0,0,0.399817721,234.8429337,0.925,635,587.375,47.625,1,0,0,0.39869213,233.3193444,0.925,632.6614201,585.2118136,47.44960651,1,0,0,0.39869213,233.3193443,0.925,632.66142,585.2118135,47.4496065,0,0,0,0.087248178,0,0.88,0,0,0,1,,,0.101,177.5376613,1757.798627,1757.798627,0,54.49175744,0,,,221.7043313,-5.68E-14,95.33286248,3,1178.724927,0,0,0,119.7584526
