,Day,Time,LMP,peak_hour,bypass_pretreatment_flow,power_from_grid,intake.op_mode,intake.startup,intake.shutdown,intake.energy_intensity,intake.power_consumption,intake.recovery,intake.feed_flowrate,intake.product_flowrate,intake.reject_flowrate,intake.feed_cost,intake.chemical_cost,pretreatment.op_mode,pretreatment.startup,pretreatment.shutdown,pretreatment.power_consumption,pretreatment.feed_flowrate,pretreatment.product_flowrate,pretreatment.reject_flowrate,pretreatment.inlet_flowrate,pretreatment.leftover_flow,pretreatment.uf_pumps[1].op_mode,pretreatment.uf_pumps[1].startup,pretreatment.uf_pumps[1].shutdown,pretreatment.uf_pumps[1].energy_intensity,pretreatment.uf_pumps[1].power_consumption,pretreatment.uf_pumps[1].recovery,pretreatment.uf_pumps[1].feed_flowrate,pretreatment.uf_pumps[1].product_flowrate,pretreatment.uf_pumps[1].reject_flowrate,pretreatment.uf_pumps[2].op_mode,pretreatment.uf_pumps[2].startup,pretreatment.uf_pumps[2].shutdown,pretreatment.uf_pumps[2].energy_intensity,pretreatment.uf_pumps[2].power_consumption,pretreatment.uf_pumps[2].recovery,pretreatment.uf_pumps[2].feed_flowrate,pretreatment.uf_pumps[2].product_flowrate,pretreatment.uf_pumps[2].reject_flowrate,pretreatment.uf_pumps[3].op_mode,pretreatment.uf_pumps[3].startup,pretreatment.uf_pumps[3].shutdown,pretreatment.uf_pumps[3].energy_intensity,pretreatment.uf_pumps[3].power_consumption,pretreatment.uf_pumps[3].recovery,pretreatment.uf_pumps[3].feed_flowrate,pretreatment.uf_pumps[3].product_flowrate,pretreatment.uf_pumps[3].reject_flowrate,reverse_osmosis.op_mode,reverse_osmosis.startup,reverse_osmosis.shutdown,reverse_osmosis.power_consumption,reverse_osmosis.feed_flowrate,reverse_osmosis.product_flowrate,reverse_osmosis.reject_flowrate,reverse_osmosis.inlet_flowrate,reverse_osmosis.leftover_flow,reverse_osmosis.ro_skid[1].op_mode,reverse_osmosis.ro_skid[1].startup,reverse_osmosis.ro_skid[1].shutdown,reverse_osmosis.ro_skid[1].energy_intensity,reverse_osmosis.ro_skid[1].power_consumption,reverse_osmosis.ro_skid[1].recovery,reverse_osmosis.ro_skid[1].feed_flowrate,reverse_osmosis.ro_skid[1].product_flowrate,reverse_osmosis.ro_skid[1].reject_flowrate,reverse_osmosis.ro_skid[2].op_mode,reverse_osmosis.ro_skid[2].startup,reverse_osmosis.ro_skid[2].shutdown,reverse_osmosis.ro_skid[2].energy_intensity,reverse_osmosis.ro_skid[2].power_consumption,reverse_osmosis.ro_skid[2].recovery,reverse_osmosis.ro_skid[2].feed_flowrate,reverse_osmosis.ro_skid[2].product_flowrate,reverse_osmosis.ro_skid[2].reject_flowrate,reverse_osmosis.ro_skid[3].op_mode,reverse_osmosis.ro_skid[3].startup,reverse_osmosis.ro_skid[3].shutdown,reverse_osmosis.ro_skid[3].energy_intensity,reverse_osmosis.ro_skid[3].power_consumption,reverse_osmosis.ro_skid[3].recovery,reverse_osmosis.ro_skid[3].feed_flowrate,reverse_osmosis.ro_skid[3].product_flowrate,reverse_osmosis.ro_skid[3].reject_flowrate,reverse_osmosis.ro_skid[4].op_mode,reverse_osmosis.ro_skid[4].startup,reverse_osmosis.ro_skid[4].shutdown,reverse_osmosis.ro_skid[4].energy_intensity,reverse_osmosis.ro_skid[4].power_consumption,reverse_osmosis.ro_skid[4].recovery,reverse_osmosis.ro_skid[4].feed_flowrate,reverse_osmosis.ro_skid[4].product_flowrate,reverse_osmosis.ro_skid[4].reject_flowrate,posttreatment.op_mode,posttreatment.startup,posttreatment.shutdown,posttreatment.energy_intensity,posttreatment.power_consumption,posttreatment.feed_flowrate,posttreatment.product_flowrate,posttreatment.reject_flowrate,posttreatment.chemical_cost,brine_discharge.op_mode,brine_discharge.startup,brine_discharge.shutdown,brine_discharge.feed_flowrate,brine_discharge.power_consumption,brine_discharge.brine_cost,num_skids_online,net_power_consumption,water_revenue,demand_response_revenue,emissions_cost,energy_cost
0,1,1,0.1016,0,0,1101.674945,,,,0,0,1,1891.4875,1891.4875,0,302.638,62.79738501,0,,,284.5109233,1891.4875,1815.828,75.65950001,1891.4875,0,1,0,0,0.156683857,94.83697734,0.96,630.4958334,605.2760001,25.21983334,1,0,0,0.156683857,94.83697778,0.96,630.4958334,605.2760001,25.21983334,1,0,0,0.156683841,94.83696822,0.96,630.4958334,605.2760001,25.21983334,,,,647.520291,1815.828,1679.6409,136.1871,1815.828,0,1,0,0,0.385511915,215.8410946,0.925,605.2775935,559.881774,45.39581951,1,0,0,0.385511915,215.8410946,0.925,605.2775935,559.881774,45.39581951,1,0,0,0.385509614,215.8381018,0.925,605.2728133,559.8773523,45.39546099,0,0,0,0.094183419,0,0.925,0,0,0,1,,,0.101,169.6437309,1679.6409,1679.6409,0,52.06886791,0,,,211.8466,0,91.09403801,3,1101.674945,0,0,0,111.9301744
1,1,2,0.1016,0,0,1101.674945,,,,0,0,1,1891.4875,1891.4875,0,302.638,62.79738501,0,,,284.5109233,1891.4875,1815.828,75.65950001,1891.4875,0,1,0,0,0.156683857,94.83697734,0.96,630.4958334,605.2760001,25.21983334,1,0,0,0.156683857,94.83697778,0.96,630.4958334,605.2760001,25.21983334,1,0,0,0.156683841,94.83696822,0.96,630.4958334,605.2760001,25.21983334,,,,647.520291,1815.828,1679.6409,136.1871,1815.828,0,1,0,0,0.385511915,215.8410946,0.925,605.2775935,559.881774,45.39581951,1,0,0,0.385511915,215.8410946,0.925,605.2775935,559.881774,45.39581951,1,0,0,0.385509614,215.8381018,0.925,605.2728133,559.8773523,45.39546099,0,0,0,0.094183419,0,0.925,0,0,0,1,,,0.101,169.6437309,1679.6409,1679.6409,0,52.06886791,0,,,211.8466,0,91.09403801,3,1101.674945,0,0,0,111.9301744
2,1,3,0.1016,0,0,1101.674945,,,,0,0,1,1891.4875,1891.4875,0,302.638,62.79738501,0,,,284.5109233,1891.4875,1815.828,75.65950001,1891.4875,0,1,0,0,0.156683857,94.83697734,0.96,630.4958334,605.2760001,25.21983334,1,0,0,0.156683857,94.83697778,0.96,630.4958334,605.2760001,25.21983334,1,0,0,0.156683841,94.83696822,0.96,630.4958334,605.2760001,25.21983334,,,,647.520291,1815.828,1679.6409,136.1871,1815.828,0,1,0,0,0.385511915,215.8410946,0.925,605.2775935,559.881774,45.39581951,1,0,0,0.385511915,215.8410946,0.925,605.2775935,559.881774,45.39581951,1,0,0,0.385509614,215.8381018,0.925,605.2728133,559.8773523,45.39546099,0,0,0,0.094183419,0,0.925,0,0,0,1,,,0.101,169.6437309,1679.6409,1679.6409,0,52.06886791,0,,,211.8466,0,91.09403801,3,1101.674945,0,0,0,111.9301744
3,1,4,0.1016,0,0,1101.674945,,,,0,0,1,1891.4875,1891.4875,0,302.638,62.79738501,0,,,284.5109233,1891.4875,1815.828,75.65950001,1891.4875,0,1,0,0,0.156683857,94.83697734,0.96,630.4958334,605.2760001,25.21983334,1,0,0,0.156683857,94.83697778,0.96,630.4958334,605.2760001,25.21983334,1,0,0,0.156683841,94.83696822,0.96,630.4958334,605.2760001,25.21983334,,,,647.520291,1815.828,1679.6409,136.1871,1815.828,0,1,0,0,0.385511915,215.8410946,0.925,605.2775935,559.881774,45.39581951,1,0,0,0.385511915,215.8410946,0.925,605.2775935,559.881774,45.39581951,1,0,0,0.385509614,215.8381018,0.925,605.2728133,559.8773523,45.39546099,0,0,0,0.094183419,0,0.925,0,0,0,1,,,0.101,169.6437309,1679.6409,1679.6409,0,52.06886791,0,,,211.8466,0,91.09403801,3,1101.674945,0,0,0,111.9301744
4,1,5,0.1016,0,0,1101.674945,,,,0,0,1,1891.4875,1891.4875,0,302.638,62.79738501,0,,,284.5109233,1891.4875,1815.828,75.65950001,1891.4875,0,1,0,0,0.156683857,94.83697734,0.96,630.4958334,605.2760001,25.21983334,1,0,0,0.156683857,94.83697778,0.96,630.4958334,605.2760001,25.21983334,1,0,0,0.156683841,94.83696822,0.96,630.4958334,605.2760001,25.21983334,,,,647.520291,1815.828,1679.6409,136.1871,1815.828,0,1,0,0,0.385511915,215.8410946,0.925,605.2775935,559.881774,45.39581951,1,0,0,0.385511915,215.8410946,0.925,605.2775935,559.881774,45.39581951,1,0,0,0.385509614,215.8381018,0.925,605.2728133,559.8773523,45.39546099,0,0,0,0.094183419,0,0.925,0,0,0,1,,,0.101,169.6437309,1679.6409,1679.6409,0,52.06886791,0,,,211.8466,0,91.09403801,3,1101.674945,0,0,0,111.9301744
5,1,6,0.1016,0,0,1101.674945,,,,0,0,1,1891.4875,1891.4875,0,302.638,62.79738501,0,,,284.5109233,1891.4875,1815.828,75.65950001,1891.4875,0,1,0,0,0.156683857,94.83697734,0.96,630.4958334,605.2760001,25.21983334,1,0,0,0.156683857,94.83697778,0.96,630.4958334,605.2760001,25.21983334,1,0,0,0.156683841,94.83696822,0.96,630.4958334,605.2760001,25.21983334,,,,647.520291,1815.828,1679.6409,136.1871,1815.828,0,1,0,0,0.385511915,215.8410946,0.925,605.2775935,559.881774,45.39581951,1,0,0,0.385511915,215.8410946,0.925,605.2775935,559.881774,45.39581951,1,0,0,0.385509614,215.8381018,0.925,605.2728133,559.8773523,45.39546099,0,0,0,0.094183419,0,0.925,0,0,0,1,,,0.101,169.6437309,1679.6409,1679.6409,0,52.06886791,0,,,211.8466,0,91.09403801,3,1101.674945,0,0,0,111.9301744
6,1,7,0.1016,0,0,1101.674945,,,,0,0,1,1891.4875,1891.4875,0,302.638,62.79738501,0,,,284.5109233,1891.4875,1815.828,75.65950001,1891.4875,0,1,0,0,0.156683857,94.83697734,0.96,630.4958334,605.2760001,25.21983334,1,0,0,0.156683857,94.83697778,0.96,630.4958334,605.2760001,25.21983334,1,0,0,0.156683841,94.83696822,0.96,630.4958334,605.2760001,25.21983334,,,,647.520291,1815.828,1679.6409,136.1871,1815.828,0,1,0,0,0.385511915,215.8410946,0.925,605.2775935,559.881774,45.39581951,1,0,0,0.385511915,215.8410946,0.925,605.2775935,559.881774,45.39581951,1,0,0,0.385509614,215.8381018,0.925,605.2728133,559.8773523,45.39546099,0,0,0,0.094183419,0,0.925,0,0,0,1,,,0.101,169.6437309,1679.6409,1679.6409,0,52.06886791,0,,,211.8466,0,91.09403801,3,1101.674945,0,0,0,111.9301744
7,1,8,0.1016,0,0,1101.674945,,,,0,0,1,1891.4875,1891.4875,0,302.638,62.79738501,0,,,284.5109233,1891.4875,1815.828,75.65950001,1891.4875,0,1,0,0,0.156683857,94.83697734,0.96,630.4958334,605.2760001,25.21983334,1,0,0,0.156683857,94.83697778,0.96,630.4958334,605.2760001,25.21983334,1,0,0,0.156683841,94.83696822,0.96,630.4958334,605.2760001,25.21983334,,,,647.520291,1815.828,1679.6409,136.1871,1815.828,0,1,0,0,0.385511915,215.8410946,0.925,605.2775935,559.881774,45.39581951,1,0,0,0.385511915,215.8410946,0.925,605.2775935,559.881774,45.39581951,1,0,0,0.385509614,215.8381018,0.925,605.2728133,559.8773523,45.39546099,0,0,0,0.094183419,0,0.925,0,0,0,1,,,0.101,169.6437309,1679.6409,1679.6409,0,52.06886791,0,,,211.8466,0,91.09403801,3,1101.674945,0,0,0,111.9301744
8,1,9,0.1016,0,0,1101.674945,,,,0,0,1,1891.4875,1891.4875,0,302.638,62.79738501,0,,,284.5109233,1891.4875,1815.828,75.65950001,1891.4875,0,1,0,0,0.156683857,94.83697734,0.96,630.4958334,605.2760001,25.21983334,1,0,0,0.156683857,94.83697778,0.96,630.4958334,605.2760001,25.21983334,1,0,0,0.156683841,94.83696822,0.96,630.4958334,605.2760001,25.21983334,,,,647.520291,1815.828,1679.6409,136.1871,1815.828,0,1,0,0,0.385511915,215.8410946,0.925,605.2775935,559.881774,45.39581951,1,0,0,0.385511915,215.8410946,0.925,605.2775935,559.881774,45.39581951,1,0,0,0.385509614,215.8381018,0.925,605.2728133,559.8773523,45.39546099,0,0,0,0.094183419,0,0.925,0,0,0,1,,,0.101,169.6437309,1679.6409,1679.6409,0,52.06886791,0,,,211.8466,0,91.09403801,3,1101.674945,0,0,0,111.9301744
9,1,10,0.1016,0,0,1101.674945,,,,0,0,1,1891.4875,1891.4875,0,302.638,62.79738501,0,,,284.5109233,1891.4875,1815.828,75.65950001,1891.4875,0,1,0,0,0.156683857,94.83697734,0.96,630.4958334,605.2760001,25.21983334,1,0,0,0.156683857,94.83697778,0.96,630.4958334,605.2760001,25.21983334,1,0,0,0.156683841,94.83696822,0.96,630.4958334,605.2760001,25.21983334,,,,647.520291,1815.828,1679.6409,136.1871,1815.828,0,1,0,0,0.385511915,215.8410946,0.925,605.2775935,559.881774,45.39581951,1,0,0,0.385511915,215.8410946,0.925,605.2775935,559.881774,45.39581951,1,0,0,0.385509614,215.8381018,0.925,605.2728133,559.8773523,45.39546099,0,0,0,0.094183419,0,0.925,0,0,0,1,,,0.101,169.6437309,1679.6409,1679.6409,0,52.06886791,0,,,211.8466,0,91.09403801,3,1101.674945,0,0,0,111.9301744
10,1,11,0.1016,0,0,1101.674945,,,,0,0,1,1891.4875,1891.4875,0,302.638,62.79738501,0,,,284.5109233,1891.4875,1815.828,75.65950001,1891.4875,0,1,0,0,0.156683857,94.83697734,0.96,630.4958334,605.2760001,25.21983334,1,0,0,0.156683857,94.83697778,0.96,630.4958334,605.2760001,25.21983334,1,0,0,0.156683841,94.83696822,0.96,630.4958334,605.2760001,25.21983334,,,,647.520291,1815.828,1679.6409,136.1871,1815.828,0,1,0,0,0.385511915,215.8410946,0.925,605.2775935,559.881774,45.39581951,1,0,0,0.385511915,215.8410946,0.925,605.2775935,559.881774,45.39581951,1,0,0,0.385509614,215.8381018,0.925,605.2728133,559.8773523,45.39546099,0,0,0,0.094183419,0,0.925,0,0,0,1,,,0.101,169.6437309,1679.6409,1679.6409,0,52.06886791,0,,,211.8466,0,91.09403801,3,1101.674945,0,0,0,111.9301744
11,1,12,0.1016,0,0,1101.674945,,,,0,0,1,1891.4875,1891.4875,0,302.638,62.79738501,0,,,284.5109233,1891.4875,1815.828,75.65950001,1891.4875,0,1,0,0,0.156683857,94.83697734,0.96,630.4958334,605.2760001,25.21983334,1,0,0,0.156683857,94.83697778,0.96,630.4958334,605.2760001,25.21983334,1,0,0,0.156683841,94.83696822,0.96,630.4958334,605.2760001,25.21983334,,,,647.520291,1815.828,1679.6409,136.1871,1815.828,0,1,0,0,0.385511915,215.8410946,0.925,605.2775935,559.881774,45.39581951,1,0,0,0.385511915,215.8410946,0.925,605.2775935,559.881774,45.39581951,1,0,0,0.385509614,215.8381018,0.925,605.2728133,559.8773523,45.39546099,0,0,0,0.094183419,0,0.925,0,0,0,1,,,0.101,169.6437309,1679.6409,1679.6409,0,52.06886791,0,,,211.8466,0,91.09403801,3,1101.674945,0,0,0,111.9301744
12,1,13,0.1016,0,0,1101.674945,,,,0,0,1,1891.4875,1891.4875,0,302.638,62.79738501,0,,,284.5109233,1891.4875,1815.828,75.65950001,1891.4875,0,1,0,0,0.156683857,94.83697734,0.96,630.4958334,605.2760001,25.21983334,1,0,0,0.156683857,94.83697778,0.96,630.4958334,605.2760001,25.21983334,1,0,0,0.156683841,94.83696822,0.96,630.4958334,605.2760001,25.21983334,,,,647.520291,1815.828,1679.6409,136.1871,1815.828,0,1,0,0,0.385511915,215.8410946,0.925,605.2775935,559.881774,45.39581951,1,0,0,0.385511915,215.8410946,0.925,605.2775935,559.881774,45.39581951,1,0,0,0.385509614,215.8381018,0.925,605.2728133,559.8773523,45.39546099,0,0,0,0.094183419,0,0.925,0,0,0,1,,,0.101,169.6437309,1679.6409,1679.6409,0,52.06886791,0,,,211.8466,0,91.09403801,3,1101.674945,0,0,0,111.9301744
13,1,14,0.1016,0,0,1101.674945,,,,0,0,1,1891.4875,1891.4875,0,302.638,62.79738501,0,,,284.5109233,1891.4875,1815.828,75.65950001,1891.4875,0,1,0,0,0.156683857,94.83697734,0.96,630.4958334,605.2760001,25.21983334,1,0,0,0.156683857,94.83697778,0.96,630.4958334,605.2760001,25.21983334,1,0,0,0.156683841,94.83696822,0.96,630.4958334,605.2760001,25.21983334,,,,647.520291,1815.828,1679.6409,136.1871,1815.828,0,1,0,0,0.385511915,215.8410946,0.925,605.2775935,559.881774,45.39581951,1,0,0,0.385511915,215.8410946,0.925,605.2775935,559.881774,45.39581951,1,0,0,0.385509614,215.8381018,0.925,605.2728133,559.8773523,45.39546099,0,0,0,0.094183419,0,0.925,0,0,0,1,,,0.101,169.6437309,1679.6409,1679.6409,0,52.06886791,0,,,211.8466,0,91.09403801,3,1101.674945,0,0,0,111.9301744
14,1,15,0.1016,0,0,1101.674945,,,,0,0,1,1891.4875,1891.4875,0,302.638,62.79738501,0,,,284.5109233,1891.4875,1815.828,75.65950001,1891.4875,0,1,0,0,0.156683857,94.83697734,0.96,630.4958334,605.2760001,25.21983334,1,0,0,0.156683857,94.83697778,0.96,630.4958334,605.2760001,25.21983334,1,0,0,0.156683841,94.83696822,0.96,630.4958334,605.2760001,25.21983334,,,,647.520291,1815.828,1679.6409,136.1871,1815.828,0,1,0,0,0.385511915,215.8410946,0.925,605.2775935,559.881774,45.39581951,1,0,0,0.385511915,215.8410946,0.925,605.2775935,559.881774,45.39581951,1,0,0,0.385509614,215.8381018,0.925,605.2728133,559.8773523,45.39546099,0,0,0,0.094183419,0,0.925,0,0,0,1,,,0.101,169.6437309,1679.6409,1679.6409,0,52.06886791,0,,,211.8466,0,91.09403801,3,1101.674945,0,0,0,111.9301744
15,1,16,0.1016,0,0,1101.674945,,,,0,0,1,1891.4875,1891.4875,0,302.638,62.79738501,0,,,284.5109233,1891.4875,1815.828,75.65950001,1891.4875,0,1,0,0,0.156683857,94.83697734,0.96,630.4958334,605.2760001,25.21983334,1,0,0,0.156683857,94.83697778,0.96,630.4958334,605.2760001,25.21983334,1,0,0,0.156683841,94.83696822,0.96,630.4958334,605.2760001,25.21983334,,,,647.520291,1815.828,1679.6409,136.1871,1815.828,0,1,0,0,0.385511915,215.8410946,0.925,605.2775935,559.881774,45.39581951,1,0,0,0.385511915,215.8410946,0.925,605.2775935,559.881774,45.39581951,1,0,0,0.385509614,215.8381018,0.925,605.2728133,559.8773523,45.39546099,0,0,0,0.094183419,0,0.925,0,0,0,1,,,0.101,169.6437309,1679.6409,1679.6409,0,52.06886791,0,,,211.8466,0,91.09403801,3,1101.674945,0,0,0,111.9301744
16,1,17,0.1016,0,0,1101.674945,,,,0,0,1,1891.4875,1891.4875,0,302.638,62.79738501,0,,,284.5109233,1891.4875,1815.828,75.65950001,1891.4875,0,1,0,0,0.156683857,94.83697734,0.96,630.4958334,605.2760001,25.21983334,1,0,0,0.156683857,94.83697778,0.96,630.4958334,605.2760001,25.21983334,1,0,0,0.156683841,94.83696822,0.96,630.4958334,605.2760001,25.21983334,,,,647.520291,1815.828,1679.6409,136.1871,1815.828,0,1,0,0,0.385511915,215.8410946,0.925,605.2775935,559.881774,45.39581951,1,0,0,0.385511915,215.8410946,0.925,605.2775935,559.881774,45.39581951,1,0,0,0.385509614,215.8381018,0.925,605.2728133,559.8773523,45.39546099,0,0,0,0.094183419,0,0.925,0,0,0,1,,,0.101,169.6437309,1679.6409,1679.6409,0,52.06886791,0,,,211.8466,0,91.09403801,3,1101.674945,0,0,0,111.9301744
17,1,18,0.15246,1,0,1101.674945,,,,0,0,1,1891.4875,1891.4875,0,302.638,62.79738501,0,,,284.5109233,1891.4875,1815.828,75.65950001,1891.4875,0,1,0,0,0.156683857,94.83697734,0.96,630.4958334,605.2760001,25.21983334,1,0,0,0.156683857,94.83697778,0.96,630.4958334,605.2760001,25.21983334,1,0,0,0.156683841,94.83696822,0.96,630.4958334,605.2760001,25.21983334,,,,647.520291,1815.828,1679.6409,136.1871,1815.828,0,1,0,0,0.385511915,215.8410946,0.925,605.2775935,559.881774,45.39581951,1,0,0,0.385511915,215.8410946,0.925,605.2775935,559.881774,45.39581951,1,0,0,0.385509614,215.8381018,0.925,605.2728133,559.8773523,45.39546099,0,0,0,0.094183419,0,0.925,0,0,0,1,,,0.101,169.6437309,1679.6409,1679.6409,0,52.06886791,0,,,211.8466,0,91.09403801,3,1101.674945,0,0,0,167.9613622
18,1,19,0.15246,1,0,1101.674945,,,,0,0,1,1891.4875,1891.4875,0,302.638,62.79738501,0,,,284.5109233,1891.4875,1815.828,75.65950001,1891.4875,0,1,0,0,0.156683857,94.83697734,0.96,630.4958334,605.2760001,25.21983334,1,0,0,0.156683857,94.83697778,0.96,630.4958334,605.2760001,25.21983334,1,0,0,0.156683841,94.83696822,0.96,630.4958334,605.2760001,25.21983334,,,,647.520291,1815.828,1679.6409,136.1871,1815.828,0,1,0,0,0.385511915,215.8410946,0.925,605.2775935,559.881774,45.39581951,1,0,0,0.385511915,215.8410946,0.925,605.2775935,559.881774,45.39581951,1,0,0,0.385509614,215.8381018,0.925,605.2728133,559.8773523,45.39546099,0,0,0,0.094183419,0,0.925,0,0,0,1,,,0.101,169.6437309,1679.6409,1679.6409,0,52.06886791,0,,,211.8466,0,91.09403801,3,1101.674945,0,0,0,167.9613622
19,1,20,0.15246,1,0,1101.674945,,,,0,0,1,1891.4875,1891.4875,0,302.638,62.79738501,0,,,284.5109233,1891.4875,1815.828,75.65950001,1891.4875,0,1,0,0,0.156683857,94.83697734,0.96,630.4958334,605.2760001,25.21983334,1,0,0,0.156683857,94.83697778,0.96,630.4958334,605.2760001,25.21983334,1,0,0,0.156683841,94.83696822,0.96,630.4958334,605.2760001,25.21983334,,,,647.520291,1815.828,1679.6409,136.1871,1815.828,0,1,0,0,0.385511915,215.8410946,0.925,605.2775935,559.881774,45.39581951,1,0,0,0.385511915,215.8410946,0.925,605.2775935,559.881774,45.39581951,1,0,0,0.385509614,215.8381018,0.925,605.2728133,559.8773523,45.39546099,0,0,0,0.094183419,0,0.925,0,0,0,1,,,0.101,169.6437309,1679.6409,1679.6409,0,52.06886791,0,,,211.8466,0,91.09403801,3,1101.674945,0,0,0,167.9613622
20,1,21,0.15246,1,0,1101.674945,,,,0,0,1,1891.4875,1891.4875,0,302.638,62.79738501,0,,,284.5109233,1891.4875,1815.828,75.65950001,1891.4875,0,1,0,0,0.156683857,94.83697734,0.96,630.4958334,605.2760001,25.21983334,1,0,0,0.156683857,94.83697778,0.96,630.4958334,605.2760001,25.21983334,1,0,0,0.156683841,94.83696822,0.96,630.4958334,605.2760001,25.21983334,,,,647.520291,1815.828,1679.6409,136.1871,1815.828,0,1,0,0,0.385511915,215.8410946,0.925,605.2775935,559.881774,45.39581951,1,0,0,0.385511915,215.8410946,0.925,605.2775935,559.881774,45.39581951,1,0,0,0.385509614,215.8381018,0.925,605.2728133,559.8773523,45.39546099,0,0,0,0.094183419,0,0.925,0,0,0,1,,,0.101,169.6437309,1679.6409,1679.6409,0,52.06886791,0,,,211.8466,0,91.09403801,3,1101.674945,0,0,0,167.9613622
21,1,22,0.15246,1,0,1101.674945,,,,0,0,1,1891.4875,1891.4875,0,302.638,62.79738501,0,,,284.5109233,1891.4875,1815.828,75.65950001,1891.4875,0,1,0,0,0.156683857,94.83697734,0.96,630.4958334,605.2760001,25.21983334,1,0,0,0.156683857,94.83697778,0.96,630.4958334,605.2760001,25.21983334,1,0,0,0.156683841,94.83696822,0.96,630.4958334,605.2760001,25.21983334,,,,647.520291,1815.828,1679.6409,136.1871,1815.828,0,1,0,0,0.385511915,215.8410946,0.925,605.2775935,559.881774,45.39581951,1,0,0,0.385511915,215.8410946,0.925,605.2775935,559.881774,45.39581951,1,0,0,0.385509614,215.8381018,0.925,605.2728133,559.8773523,45.39546099,0,0,0,0.094183419,0,0.925,0,0,0,1,,,0.101,169.6437309,1679.6409,1679.6409,0,52.06886791,0,,,211.8466,0,91.09403801,3,1101.674945,0,0,0,167.9613622
22,1,23,0.1016,0,0,1101.674945,,,,0,0,1,1891.4875,1891.4875,0,302.638,62.79738501,0,,,284.5109233,1891.4875,1815.828,75.65950001,1891.4875,0,1,0,0,0.156683857,94.83697734,0.96,630.4958334,605.2760001,25.21983334,1,0,0,0.156683857,94.83697778,0.96,630.4958334,605.2760001,25.21983334,1,0,0,0.156683841,94.83696822,0.96,630.4958334,605.2760001,25.21983334,,,,647.520291,1815.828,1679.6409,136.1871,1815.828,0,1,0,0,0.385511915,215.8410946,0.925,605.2775935,559.881774,45.39581951,1,0,0,0.385511915,215.8410946,0.925,605.2775935,559.881774,45.39581951,1,0,0,0.385509614,215.8381018,0.925,605.2728133,559.8773523,45.39546099,0,0,0,0.094183419,0,0.925,0,0,0,1,,,0.101,169.6437309,1679.6409,1679.6409,0,52.06886791,0,,,211.8466,0,91.09403801,3,1101.674945,0,0,0,111.9301744
23,1,24,0.1016,0,0,1101.674945,,,,0,0,1,1891.4875,1891.4875,0,302.638,62.79738501,0,,,284.5109233,1891.4875,1815.828,75.65950001,1891.4875,0,1,0,0,0.156683857,94.83697734,0.96,630.4958334,605.2760001,25.21983334,1,0,0,0.156683857,94.83697778,0.96,630.4958334,605.2760001,25.21983334,1,0,0,0.156683841,94.83696822,0.96,630.4958334,605.2760001,25.21983334,,,,647.520291,1815.828,1679.6409,136.1871,1815.828,0,1,0,0,0.385511915,215.8410946,0.925,605.2775935,559.881774,45.39581951,1,0,0,0.385511915,215.8410946,0.925,605.2775935,559.881774,45.39581951,1,0,0,0.385509614,215.8381018,0.925,605.2728133,559.8773523,45.39546099,0,0,0,0.094183419,0,0.925,0,0,0,1,,,0.101,169.6437309,1679.6409,1679.6409,0,52.06886791,0,,,211.8466,0,91.09403801,3,1101.674945,0,0,0,111.9301744
24,1,25,0.1016,0,0,1101.674945,,,,0,0,1,1891.4875,1891.4875,0,302.638,62.79738501,0,,,284.5109233,1891.4875,1815.828,75.65950001,1891.4875,0,1,0,0,0.156683857,94.83697734,0.96,630.4958334,605.2760001,25.21983334,1,0,0,0.156683857,94.83697778,0.96,630.4958334,605.2760001,25.21983334,1,0,0,0.156683841,94.83696822,0.96,630.4958334,605.2760001,25.21983334,,,,647.520291,1815.828,1679.6409,136.1871,1815.828,0,1,0,0,0.385511915,215.8410946,0.925,605.2775935,559.881774,45.39581951,1,0,0,0.385511915,215.8410946,0.925,605.2775935,559.881774,45.39581951,1,0,0,0.385509614,215.8381018,0.925,605.2728133,559.8773523,45.39546099,0,0,0,0.094183419,0,0.925,0,0,0,1,,,0.101,169.6437309,1679.6409,1679.6409,0,52.06886791,0,,,211.8466,0,91.09403801,3,1101.674945,0,0,0,111.9301744
25,1,26,0.1016,0,0,1101.674945,,,,0,0,1,1891.4875,1891.4875,0,302.638,62.79738501,0,,,284.5109233,1891.4875,1815.828,75.65950001,1891.4875,0,1,0,0,0.156683857,94.83697734,0.96,630.4958334,605.2760001,25.21983334,1,0,0,0.156683857,94.83697778,0.96,630.4958334,605.2760001,25.21983334,1,0,0,0.156683841,94.83696822,0.96,630.4958334,605.2760001,25.21983334,,,,647.520291,1815.828,1679.6409,136.1871,1815.828,0,1,0,0,0.385511915,215.8410946,0.925,605.2775935,559.881774,45.39581951,1,0,0,0.385511915,215.8410946,0.925,605.2775935,559.881774,45.39581951,1,0,0,0.385509614,215.8381018,0.925,605.2728133,559.8773523,45.39546099,0,0,0,0.094183419,0,0.925,0,0,0,1,,,0.101,169.6437309,1679.6409,1679.6409,0,52.06886791,0,,,211.8466,0,91.09403801,3,1101.674945,0,0,0,111.9301744
26,1,27,0.1016,0,0,1101.674945,,,,0,0,1,1891.4875,1891.4875,0,302.638,62.79738501,0,,,284.5109233,1891.4875,1815.828,75.65950001,1891.4875,0,1,0,0,0.156683857,94.83697734,0.96,630.4958334,605.2760001,25.21983334,1,0,0,0.156683857,94.83697778,0.96,630.4958334,605.2760001,25.21983334,1,0,0,0.156683841,94.83696822,0.96,630.4958334,605.2760001,25.21983334,,,,647.520291,1815.828,1679.6409,136.1871,1815.828,0,1,0,0,0.385511915,215.8410946,0.925,605.2775935,559.881774,45.39581951,1,0,0,0.385511915,215.8410946,0.925,605.2775935,559.881774,45.39581951,1,0,0,0.385509614,215.8381018,0.925,605.2728133,559.8773523,45.39546099,0,0,0,0.094183419,0,0.925,0,0,0,1,,,0.101,169.6437309,1679.6409,1679.6409,0,52.06886791,0,,,211.8466,0,91.09403801,3,1101.674945,0,0,0,111.9301744
27,1,28,0.1016,0,0,1101.674945,,,,0,0,1,1891.4875,1891.4875,0,302.638,62.79738501,0,,,284.5109233,1891.4875,1815.828,75.65950001,1891.4875,0,1,0,0,0.156683857,94.83697734,0.96,630.4958334,605.2760001,25.21983334,1,0,0,0.156683857,94.83697778,0.96,630.4958334,605.2760001,25.21983334,1,0,0,0.156683841,94.83696822,0.96,630.4958334,605.2760001,25.21983334,,,,647.520291,1815.828,1679.6409,136.1871,1815.828,0,1,0,0,0.385511915,215.8410946,0.925,605.2775935,559.881774,45.39581951,1,0,0,0.385511915,215.8410946,0.925,605.2775935,559.881774,45.39581951,1,0,0,0.385509614,215.8381018,0.925,605.2728133,559.8773523,45.39546099,0,0,0,0.094183419,0,0.925,0,0,0,1,,,0.101,169.6437309,1679.6409,1679.6409,0,52.06886791,0,,,211.8466,0,91.09403801,3,1101.674945,0,0,0,111.9301744
28,1,29,0.1016,0,0,1101.674945,,,,0,0,1,1891.4875,1891.4875,0,302.638,62.79738501,0,,,284.5109233,1891.4875,1815.828,75.65950001,1891.4875,0,1,0,0,0.156683857,94.83697734,0.96,630.4958334,605.2760001,25.21983334,1,0,0,0.156683857,94.83697778,0.96,630.4958334,605.2760001,25.21983334,1,0,0,0.156683841,94.83696822,0.96,630.4958334,605.2760001,25.21983334,,,,647.520291,1815.828,1679.6409,136.1871,1815.828,0,1,0,0,0.385511915,215.8410946,0.925,605.2775935,559.881774,45.39581951,1,0,0,0.385511915,215.8410946,0.925,605.2775935,559.881774,45.39581951,1,0,0,0.385509614,215.8381018,0.925,605.2728133,559.8773523,45.39546099,0,0,0,0.094183419,0,0.925,0,0,0,1,,,0.101,169.6437309,1679.6409,1679.6409,0,52.06886791,0,,,211.8466,0,91.09403801,3,1101.674945,0,0,0,111.9301744
29,1,30,0.1016,0,0,1101.674945,,,,0,0,1,1891.4875,1891.4875,0,302.638,62.79738501,0,,,284.5109233,1891.4875,1815.828,75.65950001,1891.4875,0,1,0,0,0.156683857,94.83697734,0.96,630.4958334,605.2760001,25.21983334,1,0,0,0.156683857,94.83697778,0.96,630.4958334,605.2760001,25.21983334,1,0,0,0.156683841,94.83696822,0.96,630.4958334,605.2760001,25.21983334,,,,647.520291,1815.828,1679.6409,136.1871,1815.828,0,1,0,0,0.385511915,215.8410946,0.925,605.2775935,559.881774,45.39581951,1,0,0,0.385511915,215.8410946,0.925,605.2775935,559.881774,45.39581951,1,0,0,0.385509614,215.8381018,0.925,605.2728133,559.8773523,45.39546099,0,0,0,0.094183419,0,0.925,0,0,0,1,,,0.101,169.6437309,1679.6409,1679.6409,0,52.06886791,0,,,211.8466,0,91.09403801,3,1101.674945,0,0,0,111.9301744
30,1,31,0.1016,0,0,1101.674945,,,,0,0,1,1891.4875,1891.4875,0,302.638,62.79738501,0,,,284.5109233,1891.4875,1815.828,75.65950001,1891.4875,0,1,0,0,0.156683857,94.83697734,0.96,630.4958334,605.2760001,25.21983334,1,0,0,0.156683857,94.83697778,0.96,630.4958334,605.2760001,25.21983334,1,0,0,0.156683841,94.83696822,0.96,630.4958334,605.2760001,25.21983334,,,,647.520291,1815.828,1679.6409,136.1871,1815.828,0,1,0,0,0.385511915,215.8410946,0.925,605.2775935,559.881774,45.39581951,1,0,0,0.385511915,215.8410946,0.925,605.2775935,559.881774,45.39581951,1,0,0,0.385509614,215.8381018,0.925,605.2728133,559.8773523,45.39546099,0,0,0,0.094183419,0,0.925,0,0,0,1,,,0.101,169.6437309,1679.6409,1679.6409,0,52.06886791,0,,,211.8466,0,91.09403801,3,1101.674945,0,0,0,111.9301744
31,1,32,0.1016,0,0,1101.674945,,,,0,0,1,1891.4875,1891.4875,0,302.638,62.79738501,0,,,284.5109233,1891.4875,1815.828,75.65950001,1891.4875,0,1,0,0,0.156683857,94.83697734,0.96,630.4958334,605.2760001,25.21983334,1,0,0,0.156683857,94.83697778,0.96,630.4958334,605.2760001,25.21983334,1,0,0,0.156683841,94.83696822,0.96,630.4958334,605.2760001,25.21983334,,,,647.520291,1815.828,1679.6409,136.1871,1815.828,0,1,0,0,0.385511915,215.8410946,0.925,605.2775935,559.881774,45.39581951,1,0,0,0.385511915,215.8410946,0.925,605.2775935,559.881774,45.39581951,1,0,0,0.385509614,215.8381018,0.925,605.2728133,559.8773523,45.39546099,0,0,0,0.094183419,0,0.925,0,0,0,1,,,0.101,169.6437309,1679.6409,1679.6409,0,52.06886791,0,,,211.8466,0,91.09403801,3,1101.674945,0,0,0,111.9301744
32,1,33,0.1016,0,0,1101.674945,,,,0,0,1,1891.4875,1891.4875,0,302.638,62.79738501,0,,,284.5109233,1891.4875,1815.828,75.65950001,1891.4875,0,1,0,0,0.156683857,94.83697734,0.96,630.4958334,605.2760001,25.21983334,1,0,0,0.156683857,94.83697778,0.96,630.4958334,605.2760001,25.21983334,1,0,0,0.156683841,94.83696822,0.96,630.4958334,605.2760001,25.21983334,,,,647.520291,1815.828,1679.6409,136.1871,1815.828,0,1,0,0,0.385511915,215.8410946,0.925,605.2775935,559.881774,45.39581951,1,0,0,0.385511915,215.8410946,0.925,605.2775935,559.881774,45.39581951,1,0,0,0.385509614,215.8381018,0.925,605.2728133,559.8773523,45.39546099,0,0,0,0.094183419,0,0.925,0,0,0,1,,,0.101,169.6437309,1679.6409,1679.6409,0,52.06886791,0,,,211.8466,0,91.09403801,3,1101.674945,0,0,0,111.9301744
33,1,34,0.1016,0,0,1101.674945,,,,0,0,1,1891.4875,1891.4875,0,302.638,62.79738501,0,,,284.5109233,1891.4875,1815.828,75.65950001,1891.4875,0,1,0,0,0.156683857,94.83697734,0.96,630.4958334,605.2760001,25.21983334,1,0,0,0.156683857,94.83697778,0.96,630.4958334,605.2760001,25.21983334,1,0,0,0.156683841,94.83696822,0.96,630.4958334,605.2760001,25.21983334,,,,647.520291,1815.828,1679.6409,136.1871,1815.828,0,1,0,0,0.385511915,215.8410946,0.925,605.2775935,559.881774,45.39581951,1,0,0,0.385511915,215.8410946,0.925,605.2775935,559.881774,45.39581951,1,0,0,0.385509614,215.8381018,0.925,605.2728133,559.8773523,45.39546099,0,0,0,0.094183419,0,0.925,0,0,0,1,,,0.101,169.6437309,1679.6409,1679.6409,0,52.06886791,0,,,211.8466,0,91.09403801,3,1101.674945,0,0,0,111.9301744
34,1,35,0.1016,0,0,1101.674945,,,,0,0,1,1891.4875,1891.4875,0,302.638,62.79738501,0,,,284.5109233,1891.4875,1815.828,75.65950001,1891.4875,0,1,0,0,0.156683857,94.83697734,0.96,630.4958334,605.2760001,25.21983334,1,0,0,0.156683857,94.83697778,0.96,630.4958334,605.2760001,25.21983334,1,0,0,0.156683841,94.83696822,0.96,630.4958334,605.2760001,25.21983334,,,,647.520291,1815.828,1679.6409,136.1871,1815.828,0,1,0,0,0.385511915,215.8410946,0.925,605.2775935,559.881774,45.39581951,1,0,0,0.385511915,215.8410946,0.925,605.2775935,559.881774,45.39581951,1,0,0,0.385509614,215.8381018,0.925,605.2728133,559.8773523,45.39546099,0,0,0,0.094183419,0,0.925,0,0,0,1,,,0.101,169.6437309,1679.6409,1679.6409,0,52.06886791,0,,,211.8466,0,91.09403801,3,1101.674945,0,0,0,111.9301744
35,1,36,0.1016,0,0,1101.674945,,,,0,0,1,1891.4875,1891.4875,0,302.638,62.79738501,0,,,284.5109233,1891.4875,1815.828,75.65950001,1891.4875,0,1,0,0,0.156683857,94.83697734,0.96,630.4958334,605.2760001,25.21983334,1,0,0,0.156683857,94.83697778,0.96,630.4958334,605.2760001,25.21983334,1,0,0,0.156683841,94.83696822,0.96,630.4958334,605.2760001,25.21983334,,,,647.520291,1815.828,1679.6409,136.1871,1815.828,0,1,0,0,0.385511915,215.8410946,0.925,605.2775935,559.881774,45.39581951,1,0,0,0.385511915,215.8410946,0.925,605.2775935,559.881774,45.39581951,1,0,0,0.385509614,215.8381018,0.925,605.2728133,559.8773523,45.39546099,0,0,0,0.094183419,0,0.925,0,0,0,1,,,0.101,169.6437309,1679.6409,1679.6409,0,52.06886791,0,,,211.8466,0,91.09403801,3,1101.674945,0,0,0,111.9301744
36,1,37,0.1016,0,0,1101.674945,,,,0,0,1,1891.4875,1891.4875,0,302.638,62.79738501,0,,,284.5109233,1891.4875,1815.828,75.65950001,1891.4875,0,1,0,0,0.156683857,94.83697734,0.96,630.4958334,605.2760001,25.21983334,1,0,0,0.156683857,94.83697778,0.96,630.4958334,605.2760001,25.21983334,1,0,0,0.156683841,94.83696822,0.96,630.4958334,605.2760001,25.21983334,,,,647.520291,1815.828,1679.6409,136.1871,1815.828,0,1,0,0,0.385511915,215.8410946,0.925,605.2775935,559.881774,45.39581951,1,0,0,0.385511915,215.8410946,0.925,605.2775935,559.881774,45.39581951,1,0,0,0.385509614,215.8381018,0.925,605.2728133,559.8773523,45.39546099,0,0,0,0.094183419,0,0.925,0,0,0,1,,,0.101,169.6437309,1679.6409,1679.6409,0,52.06886791,0,,,211.8466,0,91.09403801,3,1101.674945,0,0,0,111.9301744
37,1,38,0.1016,0,0,1101.674945,,,,0,0,1,1891.4875,1891.4875,0,302.638,62.79738501,0,,,284.5109233,1891.4875,1815.828,75.65950001,1891.4875,0,1,0,0,0.156683857,94.83697734,0.96,630.4958334,605.2760001,25.21983334,1,0,0,0.156683857,94.83697778,0.96,630.4958334,605.2760001,25.21983334,1,0,0,0.156683841,94.83696822,0.96,630.4958334,605.2760001,25.21983334,,,,647.520291,1815.828,1679.6409,136.1871,1815.828,0,1,0,0,0.385511915,215.8410946,0.925,605.2775935,559.881774,45.39581951,1,0,0,0.385511915,215.8410946,0.925,605.2775935,559.881774,45.39581951,1,0,0,0.385509614,215.8381018,0.925,605.2728133,559.8773523,45.39546099,0,0,0,0.094183419,0,0.925,0,0,0,1,,,0.101,169.6437309,1679.6409,1679.6409,0,52.06886791,0,,,211.8466,0,91.09403801,3,1101.674945,0,0,0,111.9301744
38,1,39,0.1016,0,0,1101.674945,,,,0,0,1,1891.4875,1891.4875,0,302.638,62.79738501,0,,,284.5109233,1891.4875,1815.828,75.65950001,1891.4875,0,1,0,0,0.156683857,94.83697734,0.96,630.4958334,605.2760001,25.21983334,1,0,0,0.156683857,94.83697778,0.96,630.4958334,605.2760001,25.21983334,1,0,0,0.156683841,94.83696822,0.96,630.4958334,605.2760001,25.21983334,,,,647.520291,1815.828,1679.6409,136.1871,1815.828,0,1,0,0,0.385511915,215.8410946,0.925,605.2775935,559.881774,45.39581951,1,0,0,0.385511915,215.8410946,0.925,605.2775935,559.881774,45.39581951,1,0,0,0.385509614,215.8381018,0.925,605.2728133,559.8773523,45.39546099,0,0,0,0.094183419,0,0.925,0,0,0,1,,,0.101,169.6437309,1679.6409,1679.6409,0,52.06886791,0,,,211.8466,0,91.09403801,3,1101.674945,0,0,0,111.9301744
39,1,40,0.1016,0,0,1101.674945,,,,0,0,1,1891.4875,1891.4875,0,302.638,62.79738501,0,,,284.5109233,1891.4875,1815.828,75.65950001,1891.4875,0,1,0,0,0.156683857,94.83697734,0.96,630.4958334,605.2760001,25.21983334,1,0,0,0.156683857,94.83697778,0.96,630.4958334,605.2760001,25.21983334,1,0,0,0.156683841,94.83696822,0.96,630.4958334,605.2760001,25.21983334,,,,647.520291,1815.828,1679.6409,136.1871,1815.828,0,1,0,0,0.385511915,215.8410946,0.925,605.2775935,559.881774,45.39581951,1,0,0,0.385511915,215.8410946,0.925,605.2775935,559.881774,45.39581951,1,0,0,0.385509614,215.8381018,0.925,605.2728133,559.8773523,45.39546099,0,0,0,0.094183419,0,0.925,0,0,0,1,,,0.101,169.6437309,1679.6409,1679.6409,0,52.06886791,0,,,211.8466,0,91.09403801,3,1101.674945,0,0,0,111.9301744
40,1,41,0.1016,0,0,1101.674945,,,,0,0,1,1891.4875,1891.4875,0,302.638,62.79738501,0,,,284.5109233,1891.4875,1815.828,75.65950001,1891.4875,0,1,0,0,0.156683857,94.83697734,0.96,630.4958334,605.2760001,25.21983334,1,0,0,0.156683857,94.83697778,0.96,630.4958334,605.2760001,25.21983334,1,0,0,0.156683841,94.83696822,0.96,630.4958334,605.2760001,25.21983334,,,,647.520291,1815.828,1679.6409,136.1871,1815.828,0,1,0,0,0.385511915,215.8410946,0.925,605.2775935,559.881774,45.39581951,1,0,0,0.385511915,215.8410946,0.925,605.2775935,559.881774,45.39581951,1,0,0,0.385509614,215.8381018,0.925,605.2728133,559.8773523,45.39546099,0,0,0,0.094183419,0,0.925,0,0,0,1,,,0.101,169.6437309,1679.6409,1679.6409,0,52.06886791,0,,,211.8466,0,91.09403801,3,1101.674945,0,0,0,111.9301744
41,1,42,0.15246,1,0,1101.674945,,,,0,0,1,1891.4875,1891.4875,0,302.638,62.79738501,0,,,284.5109233,1891.4875,1815.828,75.65950001,1891.4875,0,1,0,0,0.156683857,94.83697734,0.96,630.4958334,605.2760001,25.21983334,1,0,0,0.156683857,94.83697778,0.96,630.4958334,605.2760001,25.21983334,1,0,0,0.156683841,94.83696822,0.96,630.4958334,605.2760001,25.21983334,,,,647.520291,1815.828,1679.6409,136.1871,1815.828,0,1,0,0,0.385511915,215.8410946,0.925,605.2775935,559.881774,45.39581951,1,0,0,0.385511915,215.8410946,0.925,605.2775935,559.881774,45.39581951,1,0,0,0.385509614,215.8381018,0.925,605.2728133,559.8773523,45.39546099,0,0,0,0.094183419,0,0.925,0,0,0,1,,,0.101,169.6437309,1679.6409,1679.6409,0,52.06886791,0,,,211.8466,0,91.09403801,3,1101.674945,0,0,0,167.9613622
42,1,43,0.15246,1,0,1101.674945,,,,0,0,1,1891.4875,1891.4875,0,302.638,62.79738501,0,,,284.5109233,1891.4875,1815.828,75.65950001,1891.4875,0,1,0,0,0.156683857,94.83697734,0.96,630.4958334,605.2760001,25.21983334,1,0,0,0.156683857,94.83697778,0.96,630.4958334,605.2760001,25.21983334,1,0,0,0.156683841,94.83696822,0.96,630.4958334,605.2760001,25.21983334,,,,647.520291,1815.828,1679.6409,136.1871,1815.828,0,1,0,0,0.385511915,215.8410946,0.925,605.2775935,559.881774,45.39581951,1,0,0,0.385511915,215.8410946,0.925,605.2775935,559.881774,45.39581951,1,0,0,0.385509614,215.8381018,0.925,605.2728133,559.8773523,45.39546099,0,0,0,0.094183419,0,0.925,0,0,0,1,,,0.101,169.6437309,1679.6409,1679.6409,0,52.06886791,0,,,211.8466,0,91.09403801,3,1101.674945,0,0,0,167.9613622
43,1,44,0.15246,1,0,1101.674945,,,,0,0,1,1891.4875,1891.4875,0,302.638,62.79738501,0,,,284.5109233,1891.4875,1815.828,75.65950001,1891.4875,0,1,0,0,0.156683857,94.83697734,0.96,630.4958334,605.2760001,25.21983334,1,0,0,0.156683857,94.83697778,0.96,630.4958334,605.2760001,25.21983334,1,0,0,0.156683841,94.83696822,0.96,630.4958334,605.2760001,25.21983334,,,,647.520291,1815.828,1679.6409,136.1871,1815.828,0,1,0,0,0.385511915,215.8410946,0.925,605.2775935,559.881774,45.39581951,1,0,0,0.385511915,215.8410946,0.925,605.2775935,559.881774,45.39581951,1,0,0,0.385509614,215.8381018,0.925,605.2728133,559.8773523,45.39546099,0,0,0,0.094183419,0,0.925,0,0,0,1,,,0.101,169.6437309,1679.6409,1679.6409,0,52.06886791,0,,,211.8466,0,91.09403801,3,1101.674945,0,0,0,167.9613622
44,1,45,0.15246,1,0,1101.674945,,,,0,0,1,1891.4875,1891.4875,0,302.638,62.79738501,0,,,284.5109233,1891.4875,1815.828,75.65950001,1891.4875,0,1,0,0,0.156683857,94.83697734,0.96,630.4958334,605.2760001,25.21983334,1,0,0,0.156683857,94.83697778,0.96,630.4958334,605.2760001,25.21983334,1,0,0,0.156683841,94.83696822,0.96,630.4958334,605.2760001,25.21983334,,,,647.520291,1815.828,1679.6409,136.1871,1815.828,0,1,0,0,0.385511915,215.8410946,0.925,605.2775935,559.881774,45.39581951,1,0,0,0.385511915,215.8410946,0.925,605.2775935,559.881774,45.39581951,1,0,0,0.385509614,215.8381018,0.925,605.2728133,559.8773523,45.39546099,0,0,0,0.094183419,0,0.925,0,0,0,1,,,0.101,169.6437309,1679.6409,1679.6409,0,52.06886791,0,,,211.8466,0,91.09403801,3,1101.674945,0,0,0,167.9613622
45,1,46,0.15246,1,0,1101.674945,,,,0,0,1,1891.4875,1891.4875,0,302.638,62.79738501,0,,,284.5109233,1891.4875,1815.828,75.65950001,1891.4875,0,1,0,0,0.156683857,94.83697734,0.96,630.4958334,605.2760001,25.21983334,1,0,0,0.156683857,94.83697778,0.96,630.4958334,605.2760001,25.21983334,1,0,0,0.156683841,94.83696822,0.96,630.4958334,605.2760001,25.21983334,,,,647.520291,1815.828,1679.6409,136.1871,1815.828,0,1,0,0,0.385511915,215.8410946,0.925,605.2775935,559.881774,45.39581951,1,0,0,0.385511915,215.8410946,0.925,605.2775935,559.881774,45.39581951,1,0,0,0.385509614,215.8381018,0.925,605.2728133,559.8773523,45.39546099,0,0,0,0.094183419,0,0.925,0,0,0,1,,,0.101,169.6437309,1679.6409,1679.6409,0,52.06886791,0,,,211.8466,0,91.09403801,3,1101.674945,0,0,0,167.9613622
46,1,47,0.1016,0,0,1101.674945,,,,0,0,1,1891.4875,1891.4875,0,302.638,62.79738501,0,,,284.5109233,1891.4875,1815.828,75.65950001,1891.4875,0,1,0,0,0.156683857,94.83697734,0.96,630.4958334,605.2760001,25.21983334,1,0,0,0.156683857,94.83697778,0.96,630.4958334,605.2760001,25.21983334,1,0,0,0.156683841,94.83696822,0.96,630.4958334,605.2760001,25.21983334,,,,647.520291,1815.828,1679.6409,136.1871,1815.828,0,1,0,0,0.385511915,215.8410946,0.925,605.2775935,559.881774,45.39581951,1,0,0,0.385511915,215.8410946,0.925,605.2775935,559.881774,45.39581951,1,0,0,0.385509614,215.8381018,0.925,605.2728133,559.8773523,45.39546099,0,0,0,0.094183419,0,0.925,0,0,0,1,,,0.101,169.6437309,1679.6409,1679.6409,0,52.06886791,0,,,211.8466,0,91.09403801,3,1101.674945,0,0,0,111.9301744
47,1,48,0.1016,0,0,1101.674945,,,,0,0,1,1891.4875,1891.4875,0,302.638,62.79738501,0,,,284.5109233,1891.4875,1815.828,75.65950001,1891.4875,0,1,0,0,0.156683857,94.83697734,0.96,630.4958334,605.2760001,25.21983334,1,0,0,0.156683857,94.83697778,0.96,630.4958334,605.2760001,25.21983334,1,0,0,0.156683841,94.83696822,0.96,630.4958334,605.2760001,25.21983334,,,,647.520291,1815.828,1679.6409,136.1871,1815.828,0,1,0,0,0.385511915,215.8410946,0.925,605.2775935,559.881774,45.39581951,1,0,0,0.385511915,215.8410946,0.925,605.2775935,559.881774,45.39581951,1,0,0,0.385509614,215.8381018,0.925,605.2728133,559.8773523,45.39546099,0,0,0,0.094183419,0,0.925,0,0,0,1,,,0.101,169.6437309,1679.6409,1679.6409,0,52.06886791,0,,,211.8466,0,91.09403801,3,1101.674945,0,0,0,111.9301744
48,1,49,0.1016,0,0,1101.674945,,,,0,0,1,1891.4875,1891.4875,0,302.638,62.79738501,0,,,284.5109233,1891.4875,1815.828,75.65950001,1891.4875,0,1,0,0,0.156683857,94.83697734,0.96,630.4958334,605.2760001,25.21983334,1,0,0,0.156683857,94.83697778,0.96,630.4958334,605.2760001,25.21983334,1,0,0,0.156683841,94.83696822,0.96,630.4958334,605.2760001,25.21983334,,,,647.520291,1815.828,1679.6409,136.1871,1815.828,0,1,0,0,0.385511915,215.8410946,0.925,605.2775935,559.881774,45.39581951,1,0,0,0.385511915,215.8410946,0.925,605.2775935,559.881774,45.39581951,1,0,0,0.385509614,215.8381018,0.925,605.2728133,559.8773523,45.39546099,0,0,0,0.094183419,0,0.925,0,0,0,1,,,0.101,169.6437309,1679.6409,1679.6409,0,52.06886791,0,,,211.8466,0,91.09403801,3,1101.674945,0,0,0,111.9301744
49,1,50,0.1016,0,0,1101.674945,,,,0,0,1,1891.4875,1891.4875,0,302.638,62.79738501,0,,,284.5109233,1891.4875,1815.828,75.65950001,1891.4875,0,1,0,0,0.156683857,94.83697734,0.96,630.4958334,605.2760001,25.21983334,1,0,0,0.156683857,94.83697778,0.96,630.4958334,605.2760001,25.21983334,1,0,0,0.156683841,94.83696822,0.96,630.4958334,605.2760001,25.21983334,,,,647.520291,1815.828,1679.6409,136.1871,1815.828,0,1,0,0,0.385511915,215.8410946,0.925,605.2775935,559.881774,45.39581951,1,0,0,0.385511915,215.8410946,0.925,605.2775935,559.881774,45.39581951,1,0,0,0.385509614,215.8381018,0.925,605.2728133,559.8773523,45.39546099,0,0,0,0.094183419,0,0.925,0,0,0,1,,,0.101,169.6437309,1679.6409,1679.6409,0,52.06886791,0,,,211.8466,0,91.09403801,3,1101.674945,0,0,0,111.9301744
50,1,51,0.1016,0,0,1101.674945,,,,0,0,1,1891.4875,1891.4875,0,302.638,62.79738501,0,,,284.5109233,1891.4875,1815.828,75.65950001,1891.4875,0,1,0,0,0.156683857,94.83697734,0.96,630.4958334,605.2760001,25.21983334,1,0,0,0.156683857,94.83697778,0.96,630.4958334,605.2760001,25.21983334,1,0,0,0.156683841,94.83696822,0.96,630.4958334,605.2760001,25.21983334,,,,647.520291,1815.828,1679.6409,136.1871,1815.828,0,1,0,0,0.385511915,215.8410946,0.925,605.2775935,559.881774,45.39581951,1,0,0,0.385511915,215.8410946,0.925,605.2775935,559.881774,45.39581951,1,0,0,0.385509614,215.8381018,0.925,605.2728133,559.8773523,45.39546099,0,0,0,0.094183419,0,0.925,0,0,0,1,,,0.101,169.6437309,1679.6409,1679.6409,0,52.06886791,0,,,211.8466,0,91.09403801,3,1101.674945,0,0,0,111.9301744
51,1,52,0.1016,0,0,1101.674945,,,,0,0,1,1891.4875,1891.4875,0,302.638,62.79738501,0,,,284.5109233,1891.4875,1815.828,75.65950001,1891.4875,0,1,0,0,0.156683857,94.83697734,0.96,630.4958334,605.2760001,25.21983334,1,0,0,0.156683857,94.83697778,0.96,630.4958334,605.2760001,25.21983334,1,0,0,0.156683841,94.83696822,0.96,630.4958334,605.2760001,25.21983334,,,,647.520291,1815.828,1679.6409,136.1871,1815.828,0,1,0,0,0.385511915,215.8410946,0.925,605.2775935,559.881774,45.39581951,1,0,0,0.385511915,215.8410946,0.925,605.2775935,559.881774,45.39581951,1,0,0,0.385509614,215.8381018,0.925,605.2728133,559.8773523,45.39546099,0,0,0,0.094183419,0,0.925,0,0,0,1,,,0.101,169.6437309,1679.6409,1679.6409,0,52.06886791,0,,,211.8466,0,91.09403801,3,1101.674945,0,0,0,111.9301744
52,1,53,0.1016,0,0,1101.674945,,,,0,0,1,1891.4875,1891.4875,0,302.638,62.79738501,0,,,284.5109233,1891.4875,1815.828,75.65950001,1891.4875,0,1,0,0,0.156683857,94.83697734,0.96,630.4958334,605.2760001,25.21983334,1,0,0,0.156683857,94.83697778,0.96,630.4958334,605.2760001,25.21983334,1,0,0,0.156683841,94.83696822,0.96,630.4958334,605.2760001,25.21983334,,,,647.520291,1815.828,1679.6409,136.1871,1815.828,0,1,0,0,0.385511915,215.8410946,0.925,605.2775935,559.881774,45.39581951,1,0,0,0.385511915,215.8410946,0.925,605.2775935,559.881774,45.39581951,1,0,0,0.385509614,215.8381018,0.925,605.2728133,559.8773523,45.39546099,0,0,0,0.094183419,0,0.925,0,0,0,1,,,0.101,169.6437309,1679.6409,1679.6409,0,52.06886791,0,,,211.8466,0,91.09403801,3,1101.674945,0,0,0,111.9301744
53,1,54,0.1016,0,0,1101.674945,,,,0,0,1,1891.4875,1891.4875,0,302.638,62.79738501,0,,,284.5109233,1891.4875,1815.828,75.65950001,1891.4875,0,1,0,0,0.156683857,94.83697734,0.96,630.4958334,605.2760001,25.21983334,1,0,0,0.156683857,94.83697778,0.96,630.4958334,605.2760001,25.21983334,1,0,0,0.156683841,94.83696822,0.96,630.4958334,605.2760001,25.21983334,,,,647.520291,1815.828,1679.6409,136.1871,1815.828,0,1,0,0,0.385511915,215.8410946,0.925,605.2775935,559.881774,45.39581951,1,0,0,0.385511915,215.8410946,0.925,605.2775935,559.881774,45.39581951,1,0,0,0.385509614,215.8381018,0.925,605.2728133,559.8773523,45.39546099,0,0,0,0.094183419,0,0.925,0,0,0,1,,,0.101,169.6437309,1679.6409,1679.6409,0,52.06886791,0,,,211.8466,0,91.09403801,3,1101.674945,0,0,0,111.9301744
54,1,55,0.1016,0,0,1101.674945,,,,0,0,1,1891.4875,1891.4875,0,302.638,62.79738501,0,,,284.5109233,1891.4875,1815.828,75.65950001,1891.4875,0,1,0,0,0.156683857,94.83697734,0.96,630.4958334,605.2760001,25.21983334,1,0,0,0.156683857,94.83697778,0.96,630.4958334,605.2760001,25.21983334,1,0,0,0.156683841,94.83696822,0.96,630.4958334,605.2760001,25.21983334,,,,647.520291,1815.828,1679.6409,136.1871,1815.828,0,1,0,0,0.385511915,215.8410946,0.925,605.2775935,559.881774,45.39581951,1,0,0,0.385511915,215.8410946,0.925,605.2775935,559.881774,45.39581951,1,0,0,0.385509614,215.8381018,0.925,605.2728133,559.8773523,45.39546099,0,0,0,0.094183419,0,0.925,0,0,0,1,,,0.101,169.6437309,1679.6409,1679.6409,0,52.06886791,0,,,211.8466,0,91.09403801,3,1101.674945,0,0,0,111.9301744
55,1,56,0.1016,0,0,1101.674945,,,,0,0,1,1891.4875,1891.4875,0,302.638,62.79738501,0,,,284.5109233,1891.4875,1815.828,75.65950001,1891.4875,0,1,0,0,0.156683857,94.83697734,0.96,630.4958334,605.2760001,25.21983334,1,0,0,0.156683857,94.83697778,0.96,630.4958334,605.2760001,25.21983334,1,0,0,0.156683841,94.83696822,0.96,630.4958334,605.2760001,25.21983334,,,,647.520291,1815.828,1679.6409,136.1871,1815.828,0,1,0,0,0.385511915,215.8410946,0.925,605.2775935,559.881774,45.39581951,1,0,0,0.385511915,215.8410946,0.925,605.2775935,559.881774,45.39581951,1,0,0,0.385509614,215.8381018,0.925,605.2728133,559.8773523,45.39546099,0,0,0,0.094183419,0,0.925,0,0,0,1,,,0.101,169.6437309,1679.6409,1679.6409,0,52.06886791,0,,,211.8466,0,91.09403801,3,1101.674945,0,0,0,111.9301744
56,1,57,0.1016,0,0,1101.674945,,,,0,0,1,1891.4875,1891.4875,0,302.638,62.79738501,0,,,284.5109233,1891.4875,1815.828,75.65950001,1891.4875,0,1,0,0,0.156683857,94.83697734,0.96,630.4958334,605.2760001,25.21983334,1,0,0,0.156683857,94.83697778,0.96,630.4958334,605.2760001,25.21983334,1,0,0,0.156683841,94.83696822,0.96,630.4958334,605.2760001,25.21983334,,,,647.520291,1815.828,1679.6409,136.1871,1815.828,0,1,0,0,0.385511915,215.8410946,0.925,605.2775935,559.881774,45.39581951,1,0,0,0.385511915,215.8410946,0.925,605.2775935,559.881774,45.39581951,1,0,0,0.385509614,215.8381018,0.925,605.2728133,559.8773523,45.39546099,0,0,0,0.094183419,0,0.925,0,0,0,1,,,0.101,169.6437309,1679.6409,1679.6409,0,52.06886791,0,,,211.8466,0,91.09403801,3,1101.674945,0,0,0,111.9301744
57,1,58,0.1016,0,0,1101.674945,,,,0,0,1,1891.4875,1891.4875,0,302.638,62.79738501,0,,,284.5109233,1891.4875,1815.828,75.65950001,1891.4875,0,1,0,0,0.156683857,94.83697734,0.96,630.4958334,605.2760001,25.21983334,1,0,0,0.156683857,94.83697778,0.96,630.4958334,605.2760001,25.21983334,1,0,0,0.156683841,94.83696822,0.96,630.4958334,605.2760001,25.21983334,,,,647.520291,1815.828,1679.6409,136.1871,1815.828,0,1,0,0,0.385511915,215.8410946,0.925,605.2775935,559.881774,45.39581951,1,0,0,0.385511915,215.8410946,0.925,605.2775935,559.881774,45.39581951,1,0,0,0.385509614,215.8381018,0.925,605.2728133,559.8773523,45.39546099,0,0,0,0.094183419,0,0.925,0,0,0,1,,,0.101,169.6437309,1679.6409,1679.6409,0,52.06886791,0,,,211.8466,0,91.09403801,3,1101.674945,0,0,0,111.9301744
58,1,59,0.1016,0,0,1101.674945,,,,0,0,1,1891.4875,1891.4875,0,302.638,62.79738501,0,,,284.5109233,1891.4875,1815.828,75.65950001,1891.4875,0,1,0,0,0.156683857,94.83697734,0.96,630.4958334,605.2760001,25.21983334,1,0,0,0.156683857,94.83697778,0.96,630.4958334,605.2760001,25.21983334,1,0,0,0.156683841,94.83696822,0.96,630.4958334,605.2760001,25.21983334,,,,647.520291,1815.828,1679.6409,136.1871,1815.828,0,1,0,0,0.385511915,215.8410946,0.925,605.2775935,559.881774,45.39581951,1,0,0,0.385511915,215.8410946,0.925,605.2775935,559.881774,45.39581951,1,0,0,0.385509614,215.8381018,0.925,605.2728133,559.8773523,45.39546099,0,0,0,0.094183419,0,0.925,0,0,0,1,,,0.101,169.6437309,1679.6409,1679.6409,0,52.06886791,0,,,211.8466,0,91.09403801,3,1101.674945,0,0,0,111.9301744
59,1,60,0.1016,0,0,1101.674945,,,,0,0,1,1891.4875,1891.4875,0,302.638,62.79738501,0,,,284.5109233,1891.4875,1815.828,75.65950001,1891.4875,0,1,0,0,0.156683857,94.83697734,0.96,630.4958334,605.2760001,25.21983334,1,0,0,0.156683857,94.83697778,0.96,630.4958334,605.2760001,25.21983334,1,0,0,0.156683841,94.83696822,0.96,630.4958334,605.2760001,25.21983334,,,,647.520291,1815.828,1679.6409,136.1871,1815.828,0,1,0,0,0.385511915,215.8410946,0.925,605.2775935,559.881774,45.39581951,1,0,0,0.385511915,215.8410946,0.925,605.2775935,559.881774,45.39581951,1,0,0,0.385509614,215.8381018,0.925,605.2728133,559.8773523,45.39546099,0,0,0,0.094183419,0,0.925,0,0,0,1,,,0.101,169.6437309,1679.6409,1679.6409,0,52.06886791,0,,,211.8466,0,91.09403801,3,1101.674945,0,0,0,111.9301744
60,1,61,0.1016,0,0,1101.674945,,,,0,0,1,1891.4875,1891.4875,0,302.638,62.79738501,0,,,284.5109233,1891.4875,1815.828,75.65950001,1891.4875,0,1,0,0,0.156683857,94.83697734,0.96,630.4958334,605.2760001,25.21983334,1,0,0,0.156683857,94.83697778,0.96,630.4958334,605.2760001,25.21983334,1,0,0,0.156683841,94.83696822,0.96,630.4958334,605.2760001,25.21983334,,,,647.520291,1815.828,1679.6409,136.1871,1815.828,0,1,0,0,0.385511915,215.8410946,0.925,605.2775935,559.881774,45.39581951,1,0,0,0.385511915,215.8410946,0.925,605.2775935,559.881774,45.39581951,1,0,0,0.385509614,215.8381018,0.925,605.2728133,559.8773523,45.39546099,0,0,0,0.094183419,0,0.925,0,0,0,1,,,0.101,169.6437309,1679.6409,1679.6409,0,52.06886791,0,,,211.8466,0,91.09403801,3,1101.674945,0,0,0,111.9301744
61,1,62,0.1016,0,0,1101.674945,,,,0,0,1,1891.4875,1891.4875,0,302.638,62.79738501,0,,,284.5109233,1891.4875,1815.828,75.65950001,1891.4875,0,1,0,0,0.156683857,94.83697734,0.96,630.4958334,605.2760001,25.21983334,1,0,0,0.156683857,94.83697778,0.96,630.4958334,605.2760001,25.21983334,1,0,0,0.156683841,94.83696822,0.96,630.4958334,605.2760001,25.21983334,,,,647.520291,1815.828,1679.6409,136.1871,1815.828,0,1,0,0,0.385511915,215.8410946,0.925,605.2775935,559.881774,45.39581951,1,0,0,0.385511915,215.8410946,0.925,605.2775935,559.881774,45.39581951,1,0,0,0.385509614,215.8381018,0.925,605.2728133,559.8773523,45.39546099,0,0,0,0.094183419,0,0.925,0,0,0,1,,,0.101,169.6437309,1679.6409,1679.6409,0,52.06886791,0,,,211.8466,0,91.09403801,3,1101.674945,0,0,0,111.9301744
62,1,63,0.1016,0,0,1101.674945,,,,0,0,1,1891.4875,1891.4875,0,302.638,62.79738501,0,,,284.5109233,1891.4875,1815.828,75.65950001,1891.4875,0,1,0,0,0.156683857,94.83697734,0.96,630.4958334,605.2760001,25.21983334,1,0,0,0.156683857,94.83697778,0.96,630.4958334,605.2760001,25.21983334,1,0,0,0.156683841,94.83696822,0.96,630.4958334,605.2760001,25.21983334,,,,647.520291,1815.828,1679.6409,136.1871,1815.828,0,1,0,0,0.385511915,215.8410946,0.925,605.2775935,559.881774,45.39581951,1,0,0,0.385511915,215.8410946,0.925,605.2775935,559.881774,45.39581951,1,0,0,0.385509614,215.8381018,0.925,605.2728133,559.8773523,45.39546099,0,0,0,0.094183419,0,0.925,0,0,0,1,,,0.101,169.6437309,1679.6409,1679.6409,0,52.06886791,0,,,211.8466,0,91.09403801,3,1101.674945,0,0,0,111.9301744
63,1,64,0.1016,0,0,1101.674945,,,,0,0,1,1891.4875,1891.4875,0,302.638,62.79738501,0,,,284.5109233,1891.4875,1815.828,75.65950001,1891.4875,0,1,0,0,0.156683857,94.83697734,0.96,630.4958334,605.2760001,25.21983334,1,0,0,0.156683857,94.83697778,0.96,630.4958334,605.2760001,25.21983334,1,0,0,0.156683841,94.83696822,0.96,630.4958334,605.2760001,25.21983334,,,,647.520291,1815.828,1679.6409,136.1871,1815.828,0,1,0,0,0.385511915,215.8410946,0.925,605.2775935,559.881774,45.39581951,1,0,0,0.385511915,215.8410946,0.925,605.2775935,559.881774,45.39581951,1,0,0,0.385509614,215.8381018,0.925,605.2728133,559.8773523,45.39546099,0,0,0,0.094183419,0,0.925,0,0,0,1,,,0.101,169.6437309,1679.6409,1679.6409,0,52.06886791,0,,,211.8466,0,91.09403801,3,1101.674945,0,0,0,111.9301744
64,1,65,0.1016,0,0,1101.674945,,,,0,0,1,1891.4875,1891.4875,0,302.638,62.79738501,0,,,284.5109233,1891.4875,1815.828,75.65950001,1891.4875,0,1,0,0,0.156683857,94.83697734,0.96,630.4958334,605.2760001,25.21983334,1,0,0,0.156683857,94.83697778,0.96,630.4958334,605.2760001,25.21983334,1,0,0,0.156683841,94.83696822,0.96,630.4958334,605.2760001,25.21983334,,,,647.520291,1815.828,1679.6409,136.1871,1815.828,0,1,0,0,0.385511915,215.8410946,0.925,605.2775935,559.881774,45.39581951,1,0,0,0.385511915,215.8410946,0.925,605.2775935,559.881774,45.39581951,1,0,0,0.385509614,215.8381018,0.925,605.2728133,559.8773523,45.39546099,0,0,0,0.094183419,0,0.925,0,0,0,1,,,0.101,169.6437309,1679.6409,1679.6409,0,52.06886791,0,,,211.8466,0,91.09403801,3,1101.674945,0,0,0,111.9301744
65,1,66,0.15246,1,0,1101.674945,,,,0,0,1,1891.4875,1891.4875,0,302.638,62.79738501,0,,,284.5109233,1891.4875,1815.828,75.65950001,1891.4875,0,1,0,0,0.156683857,94.83697734,0.96,630.4958334,605.2760001,25.21983334,1,0,0,0.156683857,94.83697778,0.96,630.4958334,605.2760001,25.21983334,1,0,0,0.156683841,94.83696822,0.96,630.4958334,605.2760001,25.21983334,,,,647.520291,1815.828,1679.6409,136.1871,1815.828,0,1,0,0,0.385511915,215.8410946,0.925,605.2775935,559.881774,45.39581951,1,0,0,0.385511915,215.8410946,0.925,605.2775935,559.881774,45.39581951,1,0,0,0.385509614,215.8381018,0.925,605.2728133,559.8773523,45.39546099,0,0,0,0.094183419,0,0.925,0,0,0,1,,,0.101,169.6437309,1679.6409,1679.6409,0,52.06886791,0,,,211.8466,0,91.09403801,3,1101.674945,0,0,0,167.9613622
66,1,67,0.15246,1,0,1101.674945,,,,0,0,1,1891.4875,1891.4875,0,302.638,62.79738501,0,,,284.5109233,1891.4875,1815.828,75.65950001,1891.4875,0,1,0,0,0.156683857,94.83697734,0.96,630.4958334,605.2760001,25.21983334,1,0,0,0.156683857,94.83697778,0.96,630.4958334,605.2760001,25.21983334,1,0,0,0.156683841,94.83696822,0.96,630.4958334,605.2760001,25.21983334,,,,647.520291,1815.828,1679.6409,136.1871,1815.828,0,1,0,0,0.385511915,215.8410946,0.925,605.2775935,559.881774,45.39581951,1,0,0,0.385511915,215.8410946,0.925,605.2775935,559.881774,45.39581951,1,0,0,0.385509614,215.8381018,0.925,605.2728133,559.8773523,45.39546099,0,0,0,0.094183419,0,0.925,0,0,0,1,,,0.101,169.6437309,1679.6409,1679.6409,0,52.06886791,0,,,211.8466,0,91.09403801,3,1101.674945,0,0,0,167.9613622
67,1,68,0.15246,1,0,1101.674945,,,,0,0,1,1891.4875,1891.4875,0,302.638,62.79738501,0,,,284.5109233,1891.4875,1815.828,75.65950001,1891.4875,0,1,0,0,0.156683857,94.83697734,0.96,630.4958334,605.2760001,25.21983334,1,0,0,0.156683857,94.83697778,0.96,630.4958334,605.2760001,25.21983334,1,0,0,0.156683841,94.83696822,0.96,630.4958334,605.2760001,25.21983334,,,,647.520291,1815.828,1679.6409,136.1871,1815.828,0,1,0,0,0.385511915,215.8410946,0.925,605.2775935,559.881774,45.39581951,1,0,0,0.385511915,215.8410946,0.925,605.2775935,559.881774,45.39581951,1,0,0,0.385509614,215.8381018,0.925,605.2728133,559.8773523,45.39546099,0,0,0,0.094183419,0,0.925,0,0,0,1,,,0.101,169.6437309,1679.6409,1679.6409,0,52.06886791,0,,,211.8466,0,91.09403801,3,1101.674945,0,0,0,167.9613622
68,1,69,0.15246,1,0,1101.674945,,,,0,0,1,1891.4875,1891.4875,0,302.638,62.79738501,0,,,284.5109233,1891.4875,1815.828,75.65950001,1891.4875,0,1,0,0,0.156683857,94.83697734,0.96,630.4958334,605.2760001,25.21983334,1,0,0,0.156683857,94.83697778,0.96,630.4958334,605.2760001,25.21983334,1,0,0,0.156683841,94.83696822,0.96,630.4958334,605.2760001,25.21983334,,,,647.520291,1815.828,1679.6409,136.1871,1815.828,0,1,0,0,0.385511915,215.8410946,0.925,605.2775935,559.881774,45.39581951,1,0,0,0.385511915,215.8410946,0.925,605.2775935,559.881774,45.39581951,1,0,0,0.385509614,215.8381018,0.925,605.2728133,559.8773523,45.39546099,0,0,0,0.094183419,0,0.925,0,0,0,1,,,0.101,169.6437309,1679.6409,1679.6409,0,52.06886791,0,,,211.8466,0,91.09403801,3,1101.674945,0,0,0,167.9613622
69,1,70,0.15246,1,0,1101.674945,,,,0,0,1,1891.4875,1891.4875,0,302.638,62.79738501,0,,,284.5109233,1891.4875,1815.828,75.65950001,1891.4875,0,1,0,0,0.156683857,94.83697734,0.96,630.4958334,605.2760001,25.21983334,1,0,0,0.156683857,94.83697778,0.96,630.4958334,605.2760001,25.21983334,1,0,0,0.156683841,94.83696822,0.96,630.4958334,605.2760001,25.21983334,,,,647.520291,1815.828,1679.6409,136.1871,1815.828,0,1,0,0,0.385511915,215.8410946,0.925,605.2775935,559.881774,45.39581951,1,0,0,0.385511915,215.8410946,0.925,605.2775935,559.881774,45.39581951,1,0,0,0.385509614,215.8381018,0.925,605.2728133,559.8773523,45.39546099,0,0,0,0.094183419,0,0.925,0,0,0,1,,,0.101,169.6437309,1679.6409,1679.6409,0,52.06886791,0,,,211.8466,0,91.09403801,3,1101.674945,0,0,0,167.9613622
70,1,71,0.1016,0,0,1101.674945,,,,0,0,1,1891.4875,1891.4875,0,302.638,62.79738501,0,,,284.5109233,1891.4875,1815.828,75.65950001,1891.4875,0,1,0,0,0.156683857,94.83697734,0.96,630.4958334,605.2760001,25.21983334,1,0,0,0.156683857,94.83697778,0.96,630.4958334,605.2760001,25.21983334,1,0,0,0.156683841,94.83696822,0.96,630.4958334,605.2760001,25.21983334,,,,647.520291,1815.828,1679.6409,136.1871,1815.828,0,1,0,0,0.385511915,215.8410946,0.925,605.2775935,559.881774,45.39581951,1,0,0,0.385511915,215.8410946,0.925,605.2775935,559.881774,45.39581951,1,0,0,0.385509614,215.8381018,0.925,605.2728133,559.8773523,45.39546099,0,0,0,0.094183419,0,0.925,0,0,0,1,,,0.101,169.6437309,1679.6409,1679.6409,0,52.06886791,0,,,211.8466,0,91.09403801,3,1101.674945,0,0,0,111.9301744
71,1,72,0.1016,0,0,1101.674945,,,,0,0,1,1891.4875,1891.4875,0,302.638,62.79738501,0,,,284.5109233,1891.4875,1815.828,75.65950001,1891.4875,0,1,0,0,0.156683857,94.83697734,0.96,630.4958334,605.2760001,25.21983334,1,0,0,0.156683857,94.83697778,0.96,630.4958334,605.2760001,25.21983334,1,0,0,0.156683841,94.83696822,0.96,630.4958334,605.2760001,25.21983334,,,,647.520291,1815.828,1679.6409,136.1871,1815.828,0,1,0,0,0.385511915,215.8410946,0.925,605.2775935,559.881774,45.39581951,1,0,0,0.385511915,215.8410946,0.925,605.2775935,559.881774,45.39581951,1,0,0,0.385509614,215.8381018,0.925,605.2728133,559.8773523,45.39546099,0,0,0,0.094183419,0,0.925,0,0,0,1,,,0.101,169.6437309,1679.6409,1679.6409,0,52.06886791,0,,,211.8466,0,91.09403801,3,1101.674945,0,0,0,111.9301744
72,1,73,0.1016,0,0,1101.674945,,,,0,0,1,1891.4875,1891.4875,0,302.638,62.79738501,0,,,284.5109233,1891.4875,1815.828,75.65950001,1891.4875,0,1,0,0,0.156683857,94.83697734,0.96,630.4958334,605.2760001,25.21983334,1,0,0,0.156683857,94.83697778,0.96,630.4958334,605.2760001,25.21983334,1,0,0,0.156683841,94.83696822,0.96,630.4958334,605.2760001,25.21983334,,,,647.520291,1815.828,1679.6409,136.1871,1815.828,0,1,0,0,0.385511915,215.8410946,0.925,605.2775935,559.881774,45.39581951,1,0,0,0.385511915,215.8410946,0.925,605.2775935,559.881774,45.39581951,1,0,0,0.385509614,215.8381018,0.925,605.2728133,559.8773523,45.39546099,0,0,0,0.094183419,0,0.925,0,0,0,1,,,0.101,169.6437309,1679.6409,1679.6409,0,52.06886791,0,,,211.8466,0,91.09403801,3,1101.674945,0,0,0,111.9301744
73,1,74,0.1016,0,0,1101.674945,,,,0,0,1,1891.4875,1891.4875,0,302.638,62.79738501,0,,,284.5109233,1891.4875,1815.828,75.65950001,1891.4875,0,1,0,0,0.156683857,94.83697734,0.96,630.4958334,605.2760001,25.21983334,1,0,0,0.156683857,94.83697778,0.96,630.4958334,605.2760001,25.21983334,1,0,0,0.156683841,94.83696822,0.96,630.4958334,605.2760001,25.21983334,,,,647.520291,1815.828,1679.6409,136.1871,1815.828,0,1,0,0,0.385511915,215.8410946,0.925,605.2775935,559.881774,45.39581951,1,0,0,0.385511915,215.8410946,0.925,605.2775935,559.881774,45.39581951,1,0,0,0.385509614,215.8381018,0.925,605.2728133,559.8773523,45.39546099,0,0,0,0.094183419,0,0.925,0,0,0,1,,,0.101,169.6437309,1679.6409,1679.6409,0,52.06886791,0,,,211.8466,0,91.09403801,3,1101.674945,0,0,0,111.9301744
74,1,75,0.1016,0,0,1101.674945,,,,0,0,1,1891.4875,1891.4875,0,302.638,62.79738501,0,,,284.5109233,1891.4875,1815.828,75.65950001,1891.4875,0,1,0,0,0.156683857,94.83697734,0.96,630.4958334,605.2760001,25.21983334,1,0,0,0.156683857,94.83697778,0.96,630.4958334,605.2760001,25.21983334,1,0,0,0.156683841,94.83696822,0.96,630.4958334,605.2760001,25.21983334,,,,647.520291,1815.828,1679.6409,136.1871,1815.828,0,1,0,0,0.385511915,215.8410946,0.925,605.2775935,559.881774,45.39581951,1,0,0,0.385511915,215.8410946,0.925,605.2775935,559.881774,45.39581951,1,0,0,0.385509614,215.8381018,0.925,605.2728133,559.8773523,45.39546099,0,0,0,0.094183419,0,0.925,0,0,0,1,,,0.101,169.6437309,1679.6409,1679.6409,0,52.06886791,0,,,211.8466,0,91.09403801,3,1101.674945,0,0,0,111.9301744
75,1,76,0.1016,0,0,1101.674945,,,,0,0,1,1891.4875,1891.4875,0,302.638,62.79738501,0,,,284.5109233,1891.4875,1815.828,75.65950001,1891.4875,0,1,0,0,0.156683857,94.83697734,0.96,630.4958334,605.2760001,25.21983334,1,0,0,0.156683857,94.83697778,0.96,630.4958334,605.2760001,25.21983334,1,0,0,0.156683841,94.83696822,0.96,630.4958334,605.2760001,25.21983334,,,,647.520291,1815.828,1679.6409,136.1871,1815.828,0,1,0,0,0.385511915,215.8410946,0.925,605.2775935,559.881774,45.39581951,1,0,0,0.385511915,215.8410946,0.925,605.2775935,559.881774,45.39581951,1,0,0,0.385509614,215.8381018,0.925,605.2728133,559.8773523,45.39546099,0,0,0,0.094183419,0,0.925,0,0,0,1,,,0.101,169.6437309,1679.6409,1679.6409,0,52.06886791,0,,,211.8466,0,91.09403801,3,1101.674945,0,0,0,111.9301744
76,1,77,0.1016,0,0,1101.674945,,,,0,0,1,1891.4875,1891.4875,0,302.638,62.79738501,0,,,284.5109233,1891.4875,1815.828,75.65950001,1891.4875,0,1,0,0,0.156683857,94.83697734,0.96,630.4958334,605.2760001,25.21983334,1,0,0,0.156683857,94.83697778,0.96,630.4958334,605.2760001,25.21983334,1,0,0,0.156683841,94.83696822,0.96,630.4958334,605.2760001,25.21983334,,,,647.520291,1815.828,1679.6409,136.1871,1815.828,0,1,0,0,0.385511915,215.8410946,0.925,605.2775935,559.881774,45.39581951,1,0,0,0.385511915,215.8410946,0.925,605.2775935,559.881774,45.39581951,1,0,0,0.385509614,215.8381018,0.925,605.2728133,559.8773523,45.39546099,0,0,0,0.094183419,0,0.925,0,0,0,1,,,0.101,169.6437309,1679.6409,1679.6409,0,52.06886791,0,,,211.8466,0,91.09403801,3,1101.674945,0,0,0,111.9301744
77,1,78,0.1016,0,0,1101.674945,,,,0,0,1,1891.4875,1891.4875,0,302.638,62.79738501,0,,,284.5109233,1891.4875,1815.828,75.65950001,1891.4875,0,1,0,0,0.156683857,94.83697734,0.96,630.4958334,605.2760001,25.21983334,1,0,0,0.156683857,94.83697778,0.96,630.4958334,605.2760001,25.21983334,1,0,0,0.156683841,94.83696822,0.96,630.4958334,605.2760001,25.21983334,,,,647.520291,1815.828,1679.6409,136.1871,1815.828,0,1,0,0,0.385511915,215.8410946,0.925,605.2775935,559.881774,45.39581951,1,0,0,0.385511915,215.8410946,0.925,605.2775935,559.881774,45.39581951,1,0,0,0.385509614,215.8381018,0.925,605.2728133,559.8773523,45.39546099,0,0,0,0.094183419,0,0.925,0,0,0,1,,,0.101,169.6437309,1679.6409,1679.6409,0,52.06886791,0,,,211.8466,0,91.09403801,3,1101.674945,0,0,0,111.9301744
78,1,79,0.1016,0,0,1101.674945,,,,0,0,1,1891.4875,1891.4875,0,302.638,62.79738501,0,,,284.5109233,1891.4875,1815.828,75.65950001,1891.4875,0,1,0,0,0.156683857,94.83697734,0.96,630.4958334,605.2760001,25.21983334,1,0,0,0.156683857,94.83697778,0.96,630.4958334,605.2760001,25.21983334,1,0,0,0.156683841,94.83696822,0.96,630.4958334,605.2760001,25.21983334,,,,647.520291,1815.828,1679.6409,136.1871,1815.828,0,1,0,0,0.385511915,215.8410946,0.925,605.2775935,559.881774,45.39581951,1,0,0,0.385511915,215.8410946,0.925,605.2775935,559.881774,45.39581951,1,0,0,0.385509614,215.8381018,0.925,605.2728133,559.8773523,45.39546099,0,0,0,0.094183419,0,0.925,0,0,0,1,,,0.101,169.6437309,1679.6409,1679.6409,0,52.06886791,0,,,211.8466,0,91.09403801,3,1101.674945,0,0,0,111.9301744
79,1,80,0.1016,0,0,1101.674945,,,,0,0,1,1891.4875,1891.4875,0,302.638,62.79738501,0,,,284.5109233,1891.4875,1815.828,75.65950001,1891.4875,0,1,0,0,0.156683857,94.83697734,0.96,630.4958334,605.2760001,25.21983334,1,0,0,0.156683857,94.83697778,0.96,630.4958334,605.2760001,25.21983334,1,0,0,0.156683841,94.83696822,0.96,630.4958334,605.2760001,25.21983334,,,,647.520291,1815.828,1679.6409,136.1871,1815.828,0,1,0,0,0.385511915,215.8410946,0.925,605.2775935,559.881774,45.39581951,1,0,0,0.385511915,215.8410946,0.925,605.2775935,559.881774,45.39581951,1,0,0,0.385509614,215.8381018,0.925,605.2728133,559.8773523,45.39546099,0,0,0,0.094183419,0,0.925,0,0,0,1,,,0.101,169.6437309,1679.6409,1679.6409,0,52.06886791,0,,,211.8466,0,91.09403801,3,1101.674945,0,0,0,111.9301744
80,1,81,0.1016,0,0,1101.674945,,,,0,0,1,1891.4875,1891.4875,0,302.638,62.79738501,0,,,284.5109233,1891.4875,1815.828,75.65950001,1891.4875,0,1,0,0,0.156683857,94.83697734,0.96,630.4958334,605.2760001,25.21983334,1,0,0,0.156683857,94.83697778,0.96,630.4958334,605.2760001,25.21983334,1,0,0,0.156683841,94.83696822,0.96,630.4958334,605.2760001,25.21983334,,,,647.520291,1815.828,1679.6409,136.1871,1815.828,0,1,0,0,0.385511915,215.8410946,0.925,605.2775935,559.881774,45.39581951,1,0,0,0.385511915,215.8410946,0.925,605.2775935,559.881774,45.39581951,1,0,0,0.385509614,215.8381018,0.925,605.2728133,559.8773523,45.39546099,0,0,0,0.094183419,0,0.925,0,0,0,1,,,0.101,169.6437309,1679.6409,1679.6409,0,52.06886791,0,,,211.8466,0,91.09403801,3,1101.674945,0,0,0,111.9301744
81,1,82,0.1016,0,0,1101.674945,,,,0,0,1,1891.4875,1891.4875,0,302.638,62.79738501,0,,,284.5109233,1891.4875,1815.828,75.65950001,1891.4875,0,1,0,0,0.156683857,94.83697734,0.96,630.4958334,605.2760001,25.21983334,1,0,0,0.156683857,94.83697778,0.96,630.4958334,605.2760001,25.21983334,1,0,0,0.156683841,94.83696822,0.96,630.4958334,605.2760001,25.21983334,,,,647.520291,1815.828,1679.6409,136.1871,1815.828,0,1,0,0,0.385511915,215.8410946,0.925,605.2775935,559.881774,45.39581951,1,0,0,0.385511915,215.8410946,0.925,605.2775935,559.881774,45.39581951,1,0,0,0.385509614,215.8381018,0.925,605.2728133,559.8773523,45.39546099,0,0,0,0.094183419,0,0.925,0,0,0,1,,,0.101,169.6437309,1679.6409,1679.6409,0,52.06886791,0,,,211.8466,0,91.09403801,3,1101.674945,0,0,0,111.9301744
82,1,83,0.1016,0,0,1101.674945,,,,0,0,1,1891.4875,1891.4875,0,302.638,62.79738501,0,,,284.5109233,1891.4875,1815.828,75.65950001,1891.4875,0,1,0,0,0.156683857,94.83697734,0.96,630.4958334,605.2760001,25.21983334,1,0,0,0.156683857,94.83697778,0.96,630.4958334,605.2760001,25.21983334,1,0,0,0.156683841,94.83696822,0.96,630.4958334,605.2760001,25.21983334,,,,647.520291,1815.828,1679.6409,136.1871,1815.828,0,1,0,0,0.385511915,215.8410946,0.925,605.2775935,559.881774,45.39581951,1,0,0,0.385511915,215.8410946,0.925,605.2775935,559.881774,45.39581951,1,0,0,0.385509614,215.8381018,0.925,605.2728133,559.8773523,45.39546099,0,0,0,0.094183419,0,0.925,0,0,0,1,,,0.101,169.6437309,1679.6409,1679.6409,0,52.06886791,0,,,211.8466,0,91.09403801,3,1101.674945,0,0,0,111.9301744
83,1,84,0.1016,0,0,1101.674945,,,,0,0,1,1891.4875,1891.4875,0,302.638,62.79738501,0,,,284.5109233,1891.4875,1815.828,75.65950001,1891.4875,0,1,0,0,0.156683857,94.83697734,0.96,630.4958334,605.2760001,25.21983334,1,0,0,0.156683857,94.83697778,0.96,630.4958334,605.2760001,25.21983334,1,0,0,0.156683841,94.83696822,0.96,630.4958334,605.2760001,25.21983334,,,,647.520291,1815.828,1679.6409,136.1871,1815.828,0,1,0,0,0.385511915,215.8410946,0.925,605.2775935,559.881774,45.39581951,1,0,0,0.385511915,215.8410946,0.925,605.2775935,559.881774,45.39581951,1,0,0,0.385509614,215.8381018,0.925,605.2728133,559.8773523,45.39546099,0,0,0,0.094183419,0,0.925,0,0,0,1,,,0.101,169.6437309,1679.6409,1679.6409,0,52.06886791,0,,,211.8466,0,91.09403801,3,1101.674945,0,0,0,111.9301744
84,1,85,0.1016,0,0,1101.674945,,,,0,0,1,1891.4875,1891.4875,0,302.638,62.79738501,0,,,284.5109233,1891.4875,1815.828,75.65950001,1891.4875,0,1,0,0,0.156683857,94.83697734,0.96,630.4958334,605.2760001,25.21983334,1,0,0,0.156683857,94.83697778,0.96,630.4958334,605.2760001,25.21983334,1,0,0,0.156683841,94.83696822,0.96,630.4958334,605.2760001,25.21983334,,,,647.520291,1815.828,1679.6409,136.1871,1815.828,0,1,0,0,0.385511915,215.8410946,0.925,605.2775935,559.881774,45.39581951,1,0,0,0.385511915,215.8410946,0.925,605.2775935,559.881774,45.39581951,1,0,0,0.385509614,215.8381018,0.925,605.2728133,559.8773523,45.39546099,0,0,0,0.094183419,0,0.925,0,0,0,1,,,0.101,169.6437309,1679.6409,1679.6409,0,52.06886791,0,,,211.8466,0,91.09403801,3,1101.674945,0,0,0,111.9301744
85,1,86,0.1016,0,0,1101.674945,,,,0,0,1,1891.4875,1891.4875,0,302.638,62.79738501,0,,,284.5109233,1891.4875,1815.828,75.65950001,1891.4875,0,1,0,0,0.156683857,94.83697734,0.96,630.4958334,605.2760001,25.21983334,1,0,0,0.156683857,94.83697778,0.96,630.4958334,605.2760001,25.21983334,1,0,0,0.156683841,94.83696822,0.96,630.4958334,605.2760001,25.21983334,,,,647.520291,1815.828,1679.6409,136.1871,1815.828,0,1,0,0,0.385511915,215.8410946,0.925,605.2775935,559.881774,45.39581951,1,0,0,0.385511915,215.8410946,0.925,605.2775935,559.881774,45.39581951,1,0,0,0.385509614,215.8381018,0.925,605.2728133,559.8773523,45.39546099,0,0,0,0.094183419,0,0.925,0,0,0,1,,,0.101,169.6437309,1679.6409,1679.6409,0,52.06886791,0,,,211.8466,0,91.09403801,3,1101.674945,0,0,0,111.9301744
86,1,87,0.1016,0,0,1101.674945,,,,0,0,1,1891.4875,1891.4875,0,302.638,62.79738501,0,,,284.5109233,1891.4875,1815.828,75.65950001,1891.4875,0,1,0,0,0.156683857,94.83697734,0.96,630.4958334,605.2760001,25.21983334,1,0,0,0.156683857,94.83697778,0.96,630.4958334,605.2760001,25.21983334,1,0,0,0.156683841,94.83696822,0.96,630.4958334,605.2760001,25.21983334,,,,647.520291,1815.828,1679.6409,136.1871,1815.828,0,1,0,0,0.385511915,215.8410946,0.925,605.2775935,559.881774,45.39581951,1,0,0,0.385511915,215.8410946,0.925,605.2775935,559.881774,45.39581951,1,0,0,0.385509614,215.8381018,0.925,605.2728133,559.8773523,45.39546099,0,0,0,0.094183419,0,0.925,0,0,0,1,,,0.101,169.6437309,1679.6409,1679.6409,0,52.06886791,0,,,211.8466,0,91.09403801,3,1101.674945,0,0,0,111.9301744
87,1,88,0.1016,0,0,1101.674945,,,,0,0,1,1891.4875,1891.4875,0,302.638,62.79738501,0,,,284.5109233,1891.4875,1815.828,75.65950001,1891.4875,0,1,0,0,0.156683857,94.83697734,0.96,630.4958334,605.2760001,25.21983334,1,0,0,0.156683857,94.83697778,0.96,630.4958334,605.2760001,25.21983334,1,0,0,0.156683841,94.83696822,0.96,630.4958334,605.2760001,25.21983334,,,,647.520291,1815.828,1679.6409,136.1871,1815.828,0,1,0,0,0.385511915,215.8410946,0.925,605.2775935,559.881774,45.39581951,1,0,0,0.385511915,215.8410946,0.925,605.2775935,559.881774,45.39581951,1,0,0,0.385509614,215.8381018,0.925,605.2728133,559.8773523,45.39546099,0,0,0,0.094183419,0,0.925,0,0,0,1,,,0.101,169.6437309,1679.6409,1679.6409,0,52.06886791,0,,,211.8466,0,91.09403801,3,1101.674945,0,0,0,111.9301744
88,1,89,0.1016,0,0,1101.674945,,,,0,0,1,1891.4875,1891.4875,0,302.638,62.79738501,0,,,284.5109233,1891.4875,1815.828,75.65950001,1891.4875,0,1,0,0,0.156683857,94.83697734,0.96,630.4958334,605.2760001,25.21983334,1,0,0,0.156683857,94.83697778,0.96,630.4958334,605.2760001,25.21983334,1,0,0,0.156683841,94.83696822,0.96,630.4958334,605.2760001,25.21983334,,,,647.520291,1815.828,1679.6409,136.1871,1815.828,0,1,0,0,0.385511915,215.8410946,0.925,605.2775935,559.881774,45.39581951,1,0,0,0.385511915,215.8410946,0.925,605.2775935,559.881774,45.39581951,1,0,0,0.385509614,215.8381018,0.925,605.2728133,559.8773523,45.39546099,0,0,0,0.094183419,0,0.925,0,0,0,1,,,0.101,169.6437309,1679.6409,1679.6409,0,52.06886791,0,,,211.8466,0,91.09403801,3,1101.674945,0,0,0,111.9301744
89,1,90,0.15246,1,0,1101.674945,,,,0,0,1,1891.4875,1891.4875,0,302.638,62.79738501,0,,,284.5109233,1891.4875,1815.828,75.65950001,1891.4875,0,1,0,0,0.156683857,94.83697734,0.96,630.4958334,605.2760001,25.21983334,1,0,0,0.156683857,94.83697778,0.96,630.4958334,605.2760001,25.21983334,1,0,0,0.156683841,94.83696822,0.96,630.4958334,605.2760001,25.21983334,,,,647.520291,1815.828,1679.6409,136.1871,1815.828,0,1,0,0,0.385511915,215.8410946,0.925,605.2775935,559.881774,45.39581951,1,0,0,0.385511915,215.8410946,0.925,605.2775935,559.881774,45.39581951,1,0,0,0.385509614,215.8381018,0.925,605.2728133,559.8773523,45.39546099,0,0,0,0.094183419,0,0.925,0,0,0,1,,,0.101,169.6437309,1679.6409,1679.6409,0,52.06886791,0,,,211.8466,0,91.09403801,3,1101.674945,0,0,0,167.9613622
90,1,91,0.15246,1,0,1101.674945,,,,0,0,1,1891.4875,1891.4875,0,302.638,62.79738501,0,,,284.5109233,1891.4875,1815.828,75.65950001,1891.4875,0,1,0,0,0.156683857,94.83697734,0.96,630.4958334,605.2760001,25.21983334,1,0,0,0.156683857,94.83697778,0.96,630.4958334,605.2760001,25.21983334,1,0,0,0.156683841,94.83696822,0.96,630.4958334,605.2760001,25.21983334,,,,647.520291,1815.828,1679.6409,136.1871,1815.828,0,1,0,0,0.385511915,215.8410946,0.925,605.2775935,559.881774,45.39581951,1,0,0,0.385511915,215.8410946,0.925,605.2775935,559.881774,45.39581951,1,0,0,0.385509614,215.8381018,0.925,605.2728133,559.8773523,45.39546099,0,0,0,0.094183419,0,0.925,0,0,0,1,,,0.101,169.6437309,1679.6409,1679.6409,0,52.06886791,0,,,211.8466,0,91.09403801,3,1101.674945,0,0,0,167.9613622
91,1,92,0.15246,1,0,1101.674945,,,,0,0,1,1891.4875,1891.4875,0,302.638,62.79738501,0,,,284.5109233,1891.4875,1815.828,75.65950001,1891.4875,0,1,0,0,0.156683857,94.83697734,0.96,630.4958334,605.2760001,25.21983334,1,0,0,0.156683857,94.83697778,0.96,630.4958334,605.2760001,25.21983334,1,0,0,0.156683841,94.83696822,0.96,630.4958334,605.2760001,25.21983334,,,,647.520291,1815.828,1679.6409,136.1871,1815.828,0,1,0,0,0.385511915,215.8410946,0.925,605.2775935,559.881774,45.39581951,1,0,0,0.385511915,215.8410946,0.925,605.2775935,559.881774,45.39581951,1,0,0,0.385509614,215.8381018,0.925,605.2728133,559.8773523,45.39546099,0,0,0,0.094183419,0,0.925,0,0,0,1,,,0.101,169.6437309,1679.6409,1679.6409,0,52.06886791,0,,,211.8466,0,91.09403801,3,1101.674945,0,0,0,167.9613622
92,1,93,0.15246,1,0,1101.674945,,,,0,0,1,1891.4875,1891.4875,0,302.638,62.79738501,0,,,284.5109233,1891.4875,1815.828,75.65950001,1891.4875,0,1,0,0,0.156683857,94.83697734,0.96,630.4958334,605.2760001,25.21983334,1,0,0,0.156683857,94.83697778,0.96,630.4958334,605.2760001,25.21983334,1,0,0,0.156683841,94.83696822,0.96,630.4958334,605.2760001,25.21983334,,,,647.520291,1815.828,1679.6409,136.1871,1815.828,0,1,0,0,0.385511915,215.8410946,0.925,605.2775935,559.881774,45.39581951,1,0,0,0.385511915,215.8410946,0.925,605.2775935,559.881774,45.39581951,1,0,0,0.385509614,215.8381018,0.925,605.2728133,559.8773523,45.39546099,0,0,0,0.094183419,0,0.925,0,0,0,1,,,0.101,169.6437309,1679.6409,1679.6409,0,52.06886791,0,,,211.8466,0,91.09403801,3,1101.674945,0,0,0,167.9613622
93,1,94,0.15246,1,0,1101.674945,,,,0,0,1,1891.4875,1891.4875,0,302.638,62.79738501,0,,,284.5109233,1891.4875,1815.828,75.65950001,1891.4875,0,1,0,0,0.156683857,94.83697734,0.96,630.4958334,605.2760001,25.21983334,1,0,0,0.156683857,94.83697778,0.96,630.4958334,605.2760001,25.21983334,1,0,0,0.156683841,94.83696822,0.96,630.4958334,605.2760001,25.21983334,,,,647.520291,1815.828,1679.6409,136.1871,1815.828,0,1,0,0,0.385511915,215.8410946,0.925,605.2775935,559.881774,45.39581951,1,0,0,0.385511915,215.8410946,0.925,605.2775935,559.881774,45.39581951,1,0,0,0.385509614,215.8381018,0.925,605.2728133,559.8773523,45.39546099,0,0,0,0.094183419,0,0.925,0,0,0,1,,,0.101,169.6437309,1679.6409,1679.6409,0,52.06886791,0,,,211.8466,0,91.09403801,3,1101.674945,0,0,0,167.9613622
94,1,95,0.1016,0,0,1101.674945,,,,0,0,1,1891.4875,1891.4875,0,302.638,62.79738501,0,,,284.5109233,1891.4875,1815.828,75.65950001,1891.4875,0,1,0,0,0.156683857,94.83697734,0.96,630.4958334,605.2760001,25.21983334,1,0,0,0.156683857,94.83697778,0.96,630.4958334,605.2760001,25.21983334,1,0,0,0.156683841,94.83696822,0.96,630.4958334,605.2760001,25.21983334,,,,647.520291,1815.828,1679.6409,136.1871,1815.828,0,1,0,0,0.385511915,215.8410946,0.925,605.2775935,559.881774,45.39581951,1,0,0,0.385511915,215.8410946,0.925,605.2775935,559.881774,45.39581951,1,0,0,0.385509614,215.8381018,0.925,605.2728133,559.8773523,45.39546099,0,0,0,0.094183419,0,0.925,0,0,0,1,,,0.101,169.6437309,1679.6409,1679.6409,0,52.06886791,0,,,211.8466,0,91.09403801,3,1101.674945,0,0,0,111.9301744
95,1,96,0.1016,0,0,1101.674945,,,,0,0,1,1891.4875,1891.4875,0,302.638,62.79738501,0,,,284.5109233,1891.4875,1815.828,75.65950001,1891.4875,0,1,0,0,0.156683857,94.83697734,0.96,630.4958334,605.2760001,25.21983334,1,0,0,0.156683857,94.83697778,0.96,630.4958334,605.2760001,25.21983334,1,0,0,0.156683841,94.83696822,0.96,630.4958334,605.2760001,25.21983334,,,,647.520291,1815.828,1679.6409,136.1871,1815.828,0,1,0,0,0.385511915,215.8410946,0.925,605.2775935,559.881774,45.39581951,1,0,0,0.385511915,215.8410946,0.925,605.2775935,559.881774,45.39581951,1,0,0,0.385509614,215.8381018,0.925,605.2728133,559.8773523,45.39546099,0,0,0,0.094183419,0,0.925,0,0,0,1,,,0.101,169.6437309,1679.6409,1679.6409,0,52.06886791,0,,,211.8466,0,91.09403801,3,1101.674945,0,0,0,111.9301744
96,1,97,0.1016,0,0,1101.674945,,,,0,0,1,1891.4875,1891.4875,0,302.638,62.79738501,0,,,284.5109233,1891.4875,1815.828,75.65950001,1891.4875,0,1,0,0,0.156683857,94.83697734,0.96,630.4958334,605.2760001,25.21983334,1,0,0,0.156683857,94.83697778,0.96,630.4958334,605.2760001,25.21983334,1,0,0,0.156683841,94.83696822,0.96,630.4958334,605.2760001,25.21983334,,,,647.520291,1815.828,1679.6409,136.1871,1815.828,0,1,0,0,0.385511915,215.8410946,0.925,605.2775935,559.881774,45.39581951,1,0,0,0.385511915,215.8410946,0.925,605.2775935,559.881774,45.39581951,1,0,0,0.385509614,215.8381018,0.925,605.2728133,559.8773523,45.39546099,0,0,0,0.094183419,0,0.925,0,0,0,1,,,0.101,169.6437309,1679.6409,1679.6409,0,52.06886791,0,,,211.8466,0,91.09403801,3,1101.674945,0,0,0,111.9301744
97,1,98,0.1016,0,0,1101.674945,,,,0,0,1,1891.4875,1891.4875,0,302.638,62.79738501,0,,,284.5109233,1891.4875,1815.828,75.65950001,1891.4875,0,1,0,0,0.156683857,94.83697734,0.96,630.4958334,605.2760001,25.21983334,1,0,0,0.156683857,94.83697778,0.96,630.4958334,605.2760001,25.21983334,1,0,0,0.156683841,94.83696822,0.96,630.4958334,605.2760001,25.21983334,,,,647.520291,1815.828,1679.6409,136.1871,1815.828,0,1,0,0,0.385511915,215.8410946,0.925,605.2775935,559.881774,45.39581951,1,0,0,0.385511915,215.8410946,0.925,605.2775935,559.881774,45.39581951,1,0,0,0.385509614,215.8381018,0.925,605.2728133,559.8773523,45.39546099,0,0,0,0.094183419,0,0.925,0,0,0,1,,,0.101,169.6437309,1679.6409,1679.6409,0,52.06886791,0,,,211.8466,0,91.09403801,3,1101.674945,0,0,0,111.9301744
98,1,99,0.1016,0,0,1101.674945,,,,0,0,1,1891.4875,1891.4875,0,302.638,62.79738501,0,,,284.5109233,1891.4875,1815.828,75.65950001,1891.4875,0,1,0,0,0.156683857,94.83697734,0.96,630.4958334,605.2760001,25.21983334,1,0,0,0.156683857,94.83697778,0.96,630.4958334,605.2760001,25.21983334,1,0,0,0.156683841,94.83696822,0.96,630.4958334,605.2760001,25.21983334,,,,647.520291,1815.828,1679.6409,136.1871,1815.828,0,1,0,0,0.385511915,215.8410946,0.925,605.2775935,559.881774,45.39581951,1,0,0,0.385511915,215.8410946,0.925,605.2775935,559.881774,45.39581951,1,0,0,0.385509614,215.8381018,0.925,605.2728133,559.8773523,45.39546099,0,0,0,0.094183419,0,0.925,0,0,0,1,,,0.101,169.6437309,1679.6409,1679.6409,0,52.06886791,0,,,211.8466,0,91.09403801,3,1101.674945,0,0,0,111.9301744
99,1,100,0.1016,0,0,1101.674945,,,,0,0,1,1891.4875,1891.4875,0,302.638,62.79738501,0,,,284.5109233,1891.4875,1815.828,75.65950001,1891.4875,0,1,0,0,0.156683857,94.83697734,0.96,630.4958334,605.2760001,25.21983334,1,0,0,0.156683857,94.83697778,0.96,630.4958334,605.2760001,25.21983334,1,0,0,0.156683841,94.83696822,0.96,630.4958334,605.2760001,25.21983334,,,,647.520291,1815.828,1679.6409,136.1871,1815.828,0,1,0,0,0.385511915,215.8410946,0.925,605.2775935,559.881774,45.39581951,1,0,0,0.385511915,215.8410946,0.925,605.2775935,559.881774,45.39581951,1,0,0,0.385509614,215.8381018,0.925,605.2728133,559.8773523,45.39546099,0,0,0,0.094183419,0,0.925,0,0,0,1,,,0.101,169.6437309,1679.6409,1679.6409,0,52.06886791,0,,,211.8466,0,91.09403801,3,1101.674945,0,0,0,111.9301744
100,1,101,0.1016,0,0,1101.674945,,,,0,0,1,1891.4875,1891.4875,0,302.638,62.79738501,0,,,284.5109233,1891.4875,1815.828,75.65950001,1891.4875,0,1,0,0,0.156683857,94.83697734,0.96,630.4958334,605.2760001,25.21983334,1,0,0,0.156683857,94.83697778,0.96,630.4958334,605.2760001,25.21983334,1,0,0,0.156683841,94.83696822,0.96,630.4958334,605.2760001,25.21983334,,,,647.520291,1815.828,1679.6409,136.1871,1815.828,0,1,0,0,0.385511915,215.8410946,0.925,605.2775935,559.881774,45.39581951,1,0,0,0.385511915,215.8410946,0.925,605.2775935,559.881774,45.39581951,1,0,0,0.385509614,215.8381018,0.925,605.2728133,559.8773523,45.39546099,0,0,0,0.094183419,0,0.925,0,0,0,1,,,0.101,169.6437309,1679.6409,1679.6409,0,52.06886791,0,,,211.8466,0,91.09403801,3,1101.674945,0,0,0,111.9301744
101,1,102,0.1016,0,0,1101.674945,,,,0,0,1,1891.4875,1891.4875,0,302.638,62.79738501,0,,,284.5109233,1891.4875,1815.828,75.65950001,1891.4875,0,1,0,0,0.156683857,94.83697734,0.96,630.4958334,605.2760001,25.21983334,1,0,0,0.156683857,94.83697778,0.96,630.4958334,605.2760001,25.21983334,1,0,0,0.156683841,94.83696822,0.96,630.4958334,605.2760001,25.21983334,,,,647.520291,1815.828,1679.6409,136.1871,1815.828,0,1,0,0,0.385511915,215.8410946,0.925,605.2775935,559.881774,45.39581951,1,0,0,0.385511915,215.8410946,0.925,605.2775935,559.881774,45.39581951,1,0,0,0.385509614,215.8381018,0.925,605.2728133,559.8773523,45.39546099,0,0,0,0.094183419,0,0.925,0,0,0,1,,,0.101,169.6437309,1679.6409,1679.6409,0,52.06886791,0,,,211.8466,0,91.09403801,3,1101.674945,0,0,0,111.9301744
102,1,103,0.1016,0,0,1101.674945,,,,0,0,1,1891.4875,1891.4875,0,302.638,62.79738501,0,,,284.5109233,1891.4875,1815.828,75.65950001,1891.4875,0,1,0,0,0.156683857,94.83697734,0.96,630.4958334,605.2760001,25.21983334,1,0,0,0.156683857,94.83697778,0.96,630.4958334,605.2760001,25.21983334,1,0,0,0.156683841,94.83696822,0.96,630.4958334,605.2760001,25.21983334,,,,647.520291,1815.828,1679.6409,136.1871,1815.828,0,1,0,0,0.385511915,215.8410946,0.925,605.2775935,559.881774,45.39581951,1,0,0,0.385511915,215.8410946,0.925,605.2775935,559.881774,45.39581951,1,0,0,0.385509614,215.8381018,0.925,605.2728133,559.8773523,45.39546099,0,0,0,0.094183419,0,0.925,0,0,0,1,,,0.101,169.6437309,1679.6409,1679.6409,0,52.06886791,0,,,211.8466,0,91.09403801,3,1101.674945,0,0,0,111.9301744
103,1,104,0.1016,0,0,1101.674945,,,,0,0,1,1891.4875,1891.4875,0,302.638,62.79738501,0,,,284.5109233,1891.4875,1815.828,75.65950001,1891.4875,0,1,0,0,0.156683857,94.83697734,0.96,630.4958334,605.2760001,25.21983334,1,0,0,0.156683857,94.83697778,0.96,630.4958334,605.2760001,25.21983334,1,0,0,0.156683841,94.83696822,0.96,630.4958334,605.2760001,25.21983334,,,,647.520291,1815.828,1679.6409,136.1871,1815.828,0,1,0,0,0.385511915,215.8410946,0.925,605.2775935,559.881774,45.39581951,1,0,0,0.385511915,215.8410946,0.925,605.2775935,559.881774,45.39581951,1,0,0,0.385509614,215.8381018,0.925,605.2728133,559.8773523,45.39546099,0,0,0,0.094183419,0,0.925,0,0,0,1,,,0.101,169.6437309,1679.6409,1679.6409,0,52.06886791,0,,,211.8466,0,91.09403801,3,1101.674945,0,0,0,111.9301744
104,1,105,0.1016,0,0,1101.674945,,,,0,0,1,1891.4875,1891.4875,0,302.638,62.79738501,0,,,284.5109233,1891.4875,1815.828,75.65950001,1891.4875,0,1,0,0,0.156683857,94.83697734,0.96,630.4958334,605.2760001,25.21983334,1,0,0,0.156683857,94.83697778,0.96,630.4958334,605.2760001,25.21983334,1,0,0,0.156683841,94.83696822,0.96,630.4958334,605.2760001,25.21983334,,,,647.520291,1815.828,1679.6409,136.1871,1815.828,0,1,0,0,0.385511915,215.8410946,0.925,605.2775935,559.881774,45.39581951,1,0,0,0.385511915,215.8410946,0.925,605.2775935,559.881774,45.39581951,1,0,0,0.385509614,215.8381018,0.925,605.2728133,559.8773523,45.39546099,0,0,0,0.094183419,0,0.925,0,0,0,1,,,0.101,169.6437309,1679.6409,1679.6409,0,52.06886791,0,,,211.8466,0,91.09403801,3,1101.674945,0,0,0,111.9301744
105,1,106,0.1016,0,0,1101.674945,,,,0,0,1,1891.4875,1891.4875,0,302.638,62.79738501,0,,,284.5109233,1891.4875,1815.828,75.65950001,1891.4875,0,1,0,0,0.156683857,94.83697734,0.96,630.4958334,605.2760001,25.21983334,1,0,0,0.156683857,94.83697778,0.96,630.4958334,605.2760001,25.21983334,1,0,0,0.156683841,94.83696822,0.96,630.4958334,605.2760001,25.21983334,,,,647.520291,1815.828,1679.6409,136.1871,1815.828,0,1,0,0,0.385511915,215.8410946,0.925,605.2775935,559.881774,45.39581951,1,0,0,0.385511915,215.8410946,0.925,605.2775935,559.881774,45.39581951,1,0,0,0.385509614,215.8381018,0.925,605.2728133,559.8773523,45.39546099,0,0,0,0.094183419,0,0.925,0,0,0,1,,,0.101,169.6437309,1679.6409,1679.6409,0,52.06886791,0,,,211.8466,0,91.09403801,3,1101.674945,0,0,0,111.9301744
106,1,107,0.1016,0,0,1101.674945,,,,0,0,1,1891.4875,1891.4875,0,302.638,62.79738501,0,,,284.5109233,1891.4875,1815.828,75.65950001,1891.4875,0,1,0,0,0.156683857,94.83697734,0.96,630.4958334,605.2760001,25.21983334,1,0,0,0.156683857,94.83697778,0.96,630.4958334,605.2760001,25.21983334,1,0,0,0.156683841,94.83696822,0.96,630.4958334,605.2760001,25.21983334,,,,647.520291,1815.828,1679.6409,136.1871,1815.828,0,1,0,0,0.385511915,215.8410946,0.925,605.2775935,559.881774,45.39581951,1,0,0,0.385511915,215.8410946,0.925,605.2775935,559.881774,45.39581951,1,0,0,0.385509614,215.8381018,0.925,605.2728133,559.8773523,45.39546099,0,0,0,0.094183419,0,0.925,0,0,0,1,,,0.101,169.6437309,1679.6409,1679.6409,0,52.06886791,0,,,211.8466,0,91.09403801,3,1101.674945,0,0,0,111.9301744
107,1,108,0.1016,0,0,1101.674945,,,,0,0,1,1891.4875,1891.4875,0,302.638,62.79738501,0,,,284.5109233,1891.4875,1815.828,75.65950001,1891.4875,0,1,0,0,0.156683857,94.83697734,0.96,630.4958334,605.2760001,25.21983334,1,0,0,0.156683857,94.83697778,0.96,630.4958334,605.2760001,25.21983334,1,0,0,0.156683841,94.83696822,0.96,630.4958334,605.2760001,25.21983334,,,,647.520291,1815.828,1679.6409,136.1871,1815.828,0,1,0,0,0.385511915,215.8410946,0.925,605.2775935,559.881774,45.39581951,1,0,0,0.385511915,215.8410946,0.925,605.2775935,559.881774,45.39581951,1,0,0,0.385509614,215.8381018,0.925,605.2728133,559.8773523,45.39546099,0,0,0,0.094183419,0,0.925,0,0,0,1,,,0.101,169.6437309,1679.6409,1679.6409,0,52.06886791,0,,,211.8466,0,91.09403801,3,1101.674945,0,0,0,111.9301744
108,1,109,0.1016,0,0,1101.674945,,,,0,0,1,1891.4875,1891.4875,0,302.638,62.79738501,0,,,284.5109233,1891.4875,1815.828,75.65950001,1891.4875,0,1,0,0,0.156683857,94.83697734,0.96,630.4958334,605.2760001,25.21983334,1,0,0,0.156683857,94.83697778,0.96,630.4958334,605.2760001,25.21983334,1,0,0,0.156683841,94.83696822,0.96,630.4958334,605.2760001,25.21983334,,,,647.520291,1815.828,1679.6409,136.1871,1815.828,0,1,0,0,0.385511915,215.8410946,0.925,605.2775935,559.881774,45.39581951,1,0,0,0.385511915,215.8410946,0.925,605.2775935,559.881774,45.39581951,1,0,0,0.385509614,215.8381018,0.925,605.2728133,559.8773523,45.39546099,0,0,0,0.094183419,0,0.925,0,0,0,1,,,0.101,169.6437309,1679.6409,1679.6409,0,52.06886791,0,,,211.8466,0,91.09403801,3,1101.674945,0,0,0,111.9301744
109,1,110,0.1016,0,0,1101.674945,,,,0,0,1,1891.4875,1891.4875,0,302.638,62.79738501,0,,,284.5109233,1891.4875,1815.828,75.65950001,1891.4875,0,1,0,0,0.156683857,94.83697734,0.96,630.4958334,605.2760001,25.21983334,1,0,0,0.156683857,94.83697778,0.96,630.4958334,605.2760001,25.21983334,1,0,0,0.156683841,94.83696822,0.96,630.4958334,605.2760001,25.21983334,,,,647.520291,1815.828,1679.6409,136.1871,1815.828,0,1,0,0,0.385511915,215.8410946,0.925,605.2775935,559.881774,45.39581951,1,0,0,0.385511915,215.8410946,0.925,605.2775935,559.881774,45.39581951,1,0,0,0.385509614,215.8381018,0.925,605.2728133,559.8773523,45.39546099,0,0,0,0.094183419,0,0.925,0,0,0,1,,,0.101,169.6437309,1679.6409,1679.6409,0,52.06886791,0,,,211.8466,0,91.09403801,3,1101.674945,0,0,0,111.9301744
110,1,111,0.1016,0,0,1101.674945,,,,0,0,1,1891.4875,1891.4875,0,302.638,62.79738501,0,,,284.5109233,1891.4875,1815.828,75.65950001,1891.4875,0,1,0,0,0.156683857,94.83697734,0.96,630.4958334,605.2760001,25.21983334,1,0,0,0.156683857,94.83697778,0.96,630.4958334,605.2760001,25.21983334,1,0,0,0.156683841,94.83696822,0.96,630.4958334,605.2760001,25.21983334,,,,647.520291,1815.828,1679.6409,136.1871,1815.828,0,1,0,0,0.385511915,215.8410946,0.925,605.2775935,559.881774,45.39581951,1,0,0,0.385511915,215.8410946,0.925,605.2775935,559.881774,45.39581951,1,0,0,0.385509614,215.8381018,0.925,605.2728133,559.8773523,45.39546099,0,0,0,0.094183419,0,0.925,0,0,0,1,,,0.101,169.6437309,1679.6409,1679.6409,0,52.06886791,0,,,211.8466,0,91.09403801,3,1101.674945,0,0,0,111.9301744
111,1,112,0.1016,0,0,1101.674945,,,,0,0,1,1891.4875,1891.4875,0,302.638,62.79738501,0,,,284.5109233,1891.4875,1815.828,75.65950001,1891.4875,0,1,0,0,0.156683857,94.83697734,0.96,630.4958334,605.2760001,25.21983334,1,0,0,0.156683857,94.83697778,0.96,630.4958334,605.2760001,25.21983334,1,0,0,0.156683841,94.83696822,0.96,630.4958334,605.2760001,25.21983334,,,,647.520291,1815.828,1679.6409,136.1871,1815.828,0,1,0,0,0.385511915,215.8410946,0.925,605.2775935,559.881774,45.39581951,1,0,0,0.385511915,215.8410946,0.925,605.2775935,559.881774,45.39581951,1,0,0,0.385509614,215.8381018,0.925,605.2728133,559.8773523,45.39546099,0,0,0,0.094183419,0,0.925,0,0,0,1,,,0.101,169.6437309,1679.6409,1679.6409,0,52.06886791,0,,,211.8466,0,91.09403801,3,1101.674945,0,0,0,111.9301744
112,1,113,0.1016,0,0,1101.674945,,,,0,0,1,1891.4875,1891.4875,0,302.638,62.79738501,0,,,284.5109233,1891.4875,1815.828,75.65950001,1891.4875,0,1,0,0,0.156683857,94.83697734,0.96,630.4958334,605.2760001,25.21983334,1,0,0,0.156683857,94.83697778,0.96,630.4958334,605.2760001,25.21983334,1,0,0,0.156683841,94.83696822,0.96,630.4958334,605.2760001,25.21983334,,,,647.520291,1815.828,1679.6409,136.1871,1815.828,0,1,0,0,0.385511915,215.8410946,0.925,605.2775935,559.881774,45.39581951,1,0,0,0.385511915,215.8410946,0.925,605.2775935,559.881774,45.39581951,1,0,0,0.385509614,215.8381018,0.925,605.2728133,559.8773523,45.39546099,0,0,0,0.094183419,0,0.925,0,0,0,1,,,0.101,169.6437309,1679.6409,1679.6409,0,52.06886791,0,,,211.8466,0,91.09403801,3,1101.674945,0,0,0,111.9301744
113,1,114,0.15246,1,0,1101.674945,,,,0,0,1,1891.4875,1891.4875,0,302.638,62.79738501,0,,,284.5109233,1891.4875,1815.828,75.65950001,1891.4875,0,1,0,0,0.156683857,94.83697734,0.96,630.4958334,605.2760001,25.21983334,1,0,0,0.156683857,94.83697778,0.96,630.4958334,605.2760001,25.21983334,1,0,0,0.156683841,94.83696822,0.96,630.4958334,605.2760001,25.21983334,,,,647.520291,1815.828,1679.6409,136.1871,1815.828,0,1,0,0,0.385511915,215.8410946,0.925,605.2775935,559.881774,45.39581951,1,0,0,0.385511915,215.8410946,0.925,605.2775935,559.881774,45.39581951,1,0,0,0.385509614,215.8381018,0.925,605.2728133,559.8773523,45.39546099,0,0,0,0.094183419,0,0.925,0,0,0,1,,,0.101,169.6437309,1679.6409,1679.6409,0,52.06886791,0,,,211.8466,0,91.09403801,3,1101.674945,0,0,0,167.9613622
114,1,115,0.15246,1,0,1101.674945,,,,0,0,1,1891.4875,1891.4875,0,302.638,62.79738501,0,,,284.5109233,1891.4875,1815.828,75.65950001,1891.4875,0,1,0,0,0.156683857,94.83697734,0.96,630.4958334,605.2760001,25.21983334,1,0,0,0.156683857,94.83697778,0.96,630.4958334,605.2760001,25.21983334,1,0,0,0.156683841,94.83696822,0.96,630.4958334,605.2760001,25.21983334,,,,647.520291,1815.828,1679.6409,136.1871,1815.828,0,1,0,0,0.385511915,215.8410946,0.925,605.2775935,559.881774,45.39581951,1,0,0,0.385511915,215.8410946,0.925,605.2775935,559.881774,45.39581951,1,0,0,0.385509614,215.8381018,0.925,605.2728133,559.8773523,45.39546099,0,0,0,0.094183419,0,0.925,0,0,0,1,,,0.101,169.6437309,1679.6409,1679.6409,0,52.06886791,0,,,211.8466,0,91.09403801,3,1101.674945,0,0,0,167.9613622
115,1,116,0.15246,1,0,1101.674945,,,,0,0,1,1891.4875,1891.4875,0,302.638,62.79738501,0,,,284.5109233,1891.4875,1815.828,75.65950001,1891.4875,0,1,0,0,0.156683857,94.83697734,0.96,630.4958334,605.2760001,25.21983334,1,0,0,0.156683857,94.83697778,0.96,630.4958334,605.2760001,25.21983334,1,0,0,0.156683841,94.83696822,0.96,630.4958334,605.2760001,25.21983334,,,,647.520291,1815.828,1679.6409,136.1871,1815.828,0,1,0,0,0.385511915,215.8410946,0.925,605.2775935,559.881774,45.39581951,1,0,0,0.385511915,215.8410946,0.925,605.2775935,559.881774,45.39581951,1,0,0,0.385509614,215.8381018,0.925,605.2728133,559.8773523,45.39546099,0,0,0,0.094183419,0,0.925,0,0,0,1,,,0.101,169.6437309,1679.6409,1679.6409,0,52.06886791,0,,,211.8466,0,91.09403801,3,1101.674945,0,0,0,167.9613622
116,1,117,0.15246,1,0,1101.674945,,,,0,0,1,1891.4875,1891.4875,0,302.638,62.79738501,0,,,284.5109233,1891.4875,1815.828,75.65950001,1891.4875,0,1,0,0,0.156683857,94.83697734,0.96,630.4958334,605.2760001,25.21983334,1,0,0,0.156683857,94.83697778,0.96,630.4958334,605.2760001,25.21983334,1,0,0,0.156683841,94.83696822,0.96,630.4958334,605.2760001,25.21983334,,,,647.520291,1815.828,1679.6409,136.1871,1815.828,0,1,0,0,0.385511915,215.8410946,0.925,605.2775935,559.881774,45.39581951,1,0,0,0.385511915,215.8410946,0.925,605.2775935,559.881774,45.39581951,1,0,0,0.385509614,215.8381018,0.925,605.2728133,559.8773523,45.39546099,0,0,0,0.094183419,0,0.925,0,0,0,1,,,0.101,169.6437309,1679.6409,1679.6409,0,52.06886791,0,,,211.8466,0,91.09403801,3,1101.674945,0,0,0,167.9613622
117,1,118,0.15246,1,0,1101.674945,,,,0,0,1,1891.4875,1891.4875,0,302.638,62.79738501,0,,,284.5109233,1891.4875,1815.828,75.65950001,1891.4875,0,1,0,0,0.156683857,94.83697734,0.96,630.4958334,605.2760001,25.21983334,1,0,0,0.156683857,94.83697778,0.96,630.4958334,605.2760001,25.21983334,1,0,0,0.156683841,94.83696822,0.96,630.4958334,605.2760001,25.21983334,,,,647.520291,1815.828,1679.6409,136.1871,1815.828,0,1,0,0,0.385511915,215.8410946,0.925,605.2775935,559.881774,45.39581951,1,0,0,0.385511915,215.8410946,0.925,605.2775935,559.881774,45.39581951,1,0,0,0.385509614,215.8381018,0.925,605.2728133,559.8773523,45.39546099,0,0,0,0.094183419,0,0.925,0,0,0,1,,,0.101,169.6437309,1679.6409,1679.6409,0,52.06886791,0,,,211.8466,0,91.09403801,3,1101.674945,0,0,0,167.9613622
118,1,119,0.1016,0,0,1101.674945,,,,0,0,1,1891.4875,1891.4875,0,302.638,62.79738501,0,,,284.5109233,1891.4875,1815.828,75.65950001,1891.4875,0,1,0,0,0.156683857,94.83697734,0.96,630.4958334,605.2760001,25.21983334,1,0,0,0.156683857,94.83697778,0.96,630.4958334,605.2760001,25.21983334,1,0,0,0.156683841,94.83696822,0.96,630.4958334,605.2760001,25.21983334,,,,647.520291,1815.828,1679.6409,136.1871,1815.828,0,1,0,0,0.385511915,215.8410946,0.925,605.2775935,559.881774,45.39581951,1,0,0,0.385511915,215.8410946,0.925,605.2775935,559.881774,45.39581951,1,0,0,0.385509614,215.8381018,0.925,605.2728133,559.8773523,45.39546099,0,0,0,0.094183419,0,0.925,0,0,0,1,,,0.101,169.6437309,1679.6409,1679.6409,0,52.06886791,0,,,211.8466,0,91.09403801,3,1101.674945,0,0,0,111.9301744
119,1,120,0.1016,0,0,1101.674945,,,,0,0,1,1891.4875,1891.4875,0,302.638,62.79738501,0,,,284.5109233,1891.4875,1815.828,75.65950001,1891.4875,0,1,0,0,0.156683857,94.83697734,0.96,630.4958334,605.2760001,25.21983334,1,0,0,0.156683857,94.83697778,0.96,630.4958334,605.2760001,25.21983334,1,0,0,0.156683841,94.83696822,0.96,630.4958334,605.2760001,25.21983334,,,,647.520291,1815.828,1679.6409,136.1871,1815.828,0,1,0,0,0.385511915,215.8410946,0.925,605.2775935,559.881774,45.39581951,1,0,0,0.385511915,215.8410946,0.925,605.2775935,559.881774,45.39581951,1,0,0,0.385509614,215.8381018,0.925,605.2728133,559.8773523,45.39546099,0,0,0,0.094183419,0,0.925,0,0,0,1,,,0.101,169.6437309,1679.6409,1679.6409,0,52.06886791,0,,,211.8466,0,91.09403801,3,1101.674945,0,0,0,111.9301744
120,1,121,0.1016,0,0,1101.674945,,,,0,0,1,1891.4875,1891.4875,0,302.638,62.79738501,0,,,284.5109233,1891.4875,1815.828,75.65950001,1891.4875,0,1,0,0,0.156683857,94.83697734,0.96,630.4958334,605.2760001,25.21983334,1,0,0,0.156683857,94.83697778,0.96,630.4958334,605.2760001,25.21983334,1,0,0,0.156683841,94.83696822,0.96,630.4958334,605.2760001,25.21983334,,,,647.520291,1815.828,1679.6409,136.1871,1815.828,0,1,0,0,0.385511915,215.8410946,0.925,605.2775935,559.881774,45.39581951,1,0,0,0.385511915,215.8410946,0.925,605.2775935,559.881774,45.39581951,1,0,0,0.385509614,215.8381018,0.925,605.2728133,559.8773523,45.39546099,0,0,0,0.094183419,0,0.925,0,0,0,1,,,0.101,169.6437309,1679.6409,1679.6409,0,52.06886791,0,,,211.8466,0,91.09403801,3,1101.674945,0,0,0,111.9301744
121,1,122,0.1016,0,0,1101.674945,,,,0,0,1,1891.4875,1891.4875,0,302.638,62.79738501,0,,,284.5109233,1891.4875,1815.828,75.65950001,1891.4875,0,1,0,0,0.156683857,94.83697734,0.96,630.4958334,605.2760001,25.21983334,1,0,0,0.156683857,94.83697778,0.96,630.4958334,605.2760001,25.21983334,1,0,0,0.156683841,94.83696822,0.96,630.4958334,605.2760001,25.21983334,,,,647.520291,1815.828,1679.6409,136.1871,1815.828,0,1,0,0,0.385511915,215.8410946,0.925,605.2775935,559.881774,45.39581951,1,0,0,0.385511915,215.8410946,0.925,605.2775935,559.881774,45.39581951,1,0,0,0.385509614,215.8381018,0.925,605.2728133,559.8773523,45.39546099,0,0,0,0.094183419,0,0.925,0,0,0,1,,,0.101,169.6437309,1679.6409,1679.6409,0,52.06886791,0,,,211.8466,0,91.09403801,3,1101.674945,0,0,0,111.9301744
122,1,123,0.1016,0,0,1101.674945,,,,0,0,1,1891.4875,1891.4875,0,302.638,62.79738501,0,,,284.5109233,1891.4875,1815.828,75.65950001,1891.4875,0,1,0,0,0.156683857,94.83697734,0.96,630.4958334,605.2760001,25.21983334,1,0,0,0.156683857,94.83697778,0.96,630.4958334,605.2760001,25.21983334,1,0,0,0.156683841,94.83696822,0.96,630.4958334,605.2760001,25.21983334,,,,647.520291,1815.828,1679.6409,136.1871,1815.828,0,1,0,0,0.385511915,215.8410946,0.925,605.2775935,559.881774,45.39581951,1,0,0,0.385511915,215.8410946,0.925,605.2775935,559.881774,45.39581951,1,0,0,0.385509614,215.8381018,0.925,605.2728133,559.8773523,45.39546099,0,0,0,0.094183419,0,0.925,0,0,0,1,,,0.101,169.6437309,1679.6409,1679.6409,0,52.06886791,0,,,211.8466,0,91.09403801,3,1101.674945,0,0,0,111.9301744
123,1,124,0.1016,0,0,1101.674945,,,,0,0,1,1891.4875,1891.4875,0,302.638,62.79738501,0,,,284.5109233,1891.4875,1815.828,75.65950001,1891.4875,0,1,0,0,0.156683857,94.83697734,0.96,630.4958334,605.2760001,25.21983334,1,0,0,0.156683857,94.83697778,0.96,630.4958334,605.2760001,25.21983334,1,0,0,0.156683841,94.83696822,0.96,630.4958334,605.2760001,25.21983334,,,,647.520291,1815.828,1679.6409,136.1871,1815.828,0,1,0,0,0.385511915,215.8410946,0.925,605.2775935,559.881774,45.39581951,1,0,0,0.385511915,215.8410946,0.925,605.2775935,559.881774,45.39581951,1,0,0,0.385509614,215.8381018,0.925,605.2728133,559.8773523,45.39546099,0,0,0,0.094183419,0,0.925,0,0,0,1,,,0.101,169.6437309,1679.6409,1679.6409,0,52.06886791,0,,,211.8466,0,91.09403801,3,1101.674945,0,0,0,111.9301744
124,1,125,0.1016,0,0,1101.674945,,,,0,0,1,1891.4875,1891.4875,0,302.638,62.79738501,0,,,284.5109233,1891.4875,1815.828,75.65950001,1891.4875,0,1,0,0,0.156683857,94.83697734,0.96,630.4958334,605.2760001,25.21983334,1,0,0,0.156683857,94.83697778,0.96,630.4958334,605.2760001,25.21983334,1,0,0,0.156683841,94.83696822,0.96,630.4958334,605.2760001,25.21983334,,,,647.520291,1815.828,1679.6409,136.1871,1815.828,0,1,0,0,0.385511915,215.8410946,0.925,605.2775935,559.881774,45.39581951,1,0,0,0.385511915,215.8410946,0.925,605.2775935,559.881774,45.39581951,1,0,0,0.385509614,215.8381018,0.925,605.2728133,559.8773523,45.39546099,0,0,0,0.094183419,0,0.925,0,0,0,1,,,0.101,169.6437309,1679.6409,1679.6409,0,52.06886791,0,,,211.8466,0,91.09403801,3,1101.674945,0,0,0,111.9301744
125,1,126,0.1016,0,0,1101.674945,,,,0,0,1,1891.4875,1891.4875,0,302.638,62.79738501,0,,,284.5109233,1891.4875,1815.828,75.65950001,1891.4875,0,1,0,0,0.156683857,94.83697734,0.96,630.4958334,605.2760001,25.21983334,1,0,0,0.156683857,94.83697778,0.96,630.4958334,605.2760001,25.21983334,1,0,0,0.156683841,94.83696822,0.96,630.4958334,605.2760001,25.21983334,,,,647.520291,1815.828,1679.6409,136.1871,1815.828,0,1,0,0,0.385511915,215.8410946,0.925,605.2775935,559.881774,45.39581951,1,0,0,0.385511915,215.8410946,0.925,605.2775935,559.881774,45.39581951,1,0,0,0.385509614,215.8381018,0.925,605.2728133,559.8773523,45.39546099,0,0,0,0.094183419,0,0.925,0,0,0,1,,,0.101,169.6437309,1679.6409,1679.6409,0,52.06886791,0,,,211.8466,0,91.09403801,3,1101.674945,0,0,0,111.9301744
126,1,127,0.1016,0,0,1101.674945,,,,0,0,1,1891.4875,1891.4875,0,302.638,62.79738501,0,,,284.5109233,1891.4875,1815.828,75.65950001,1891.4875,0,1,0,0,0.156683857,94.83697734,0.96,630.4958334,605.2760001,25.21983334,1,0,0,0.156683857,94.83697778,0.96,630.4958334,605.2760001,25.21983334,1,0,0,0.156683841,94.83696822,0.96,630.4958334,605.2760001,25.21983334,,,,647.520291,1815.828,1679.6409,136.1871,1815.828,0,1,0,0,0.385511915,215.8410946,0.925,605.2775935,559.881774,45.39581951,1,0,0,0.385511915,215.8410946,0.925,605.2775935,559.881774,45.39581951,1,0,0,0.385509614,215.8381018,0.925,605.2728133,559.8773523,45.39546099,0,0,0,0.094183419,0,0.925,0,0,0,1,,,0.101,169.6437309,1679.6409,1679.6409,0,52.06886791,0,,,211.8466,0,91.09403801,3,1101.674945,0,0,0,111.9301744
127,1,128,0.1016,0,0,1101.674945,,,,0,0,1,1891.4875,1891.4875,0,302.638,62.79738501,0,,,284.5109233,1891.4875,1815.828,75.65950001,1891.4875,0,1,0,0,0.156683857,94.83697734,0.96,630.4958334,605.2760001,25.21983334,1,0,0,0.156683857,94.83697778,0.96,630.4958334,605.2760001,25.21983334,1,0,0,0.156683841,94.83696822,0.96,630.4958334,605.2760001,25.21983334,,,,647.520291,1815.828,1679.6409,136.1871,1815.828,0,1,0,0,0.385511915,215.8410946,0.925,605.2775935,559.881774,45.39581951,1,0,0,0.385511915,215.8410946,0.925,605.2775935,559.881774,45.39581951,1,0,0,0.385509614,215.8381018,0.925,605.2728133,559.8773523,45.39546099,0,0,0,0.094183419,0,0.925,0,0,0,1,,,0.101,169.6437309,1679.6409,1679.6409,0,52.06886791,0,,,211.8466,0,91.09403801,3,1101.674945,0,0,0,111.9301744
128,1,129,0.1016,0,0,1101.674945,,,,0,0,1,1891.4875,1891.4875,0,302.638,62.79738501,0,,,284.5109233,1891.4875,1815.828,75.65950001,1891.4875,0,1,0,0,0.156683857,94.83697734,0.96,630.4958334,605.2760001,25.21983334,1,0,0,0.156683857,94.83697778,0.96,630.4958334,605.2760001,25.21983334,1,0,0,0.156683841,94.83696822,0.96,630.4958334,605.2760001,25.21983334,,,,647.520291,1815.828,1679.6409,136.1871,1815.828,0,1,0,0,0.385511915,215.8410946,0.925,605.2775935,559.881774,45.39581951,1,0,0,0.385511915,215.8410946,0.925,605.2775935,559.881774,45.39581951,1,0,0,0.385509614,215.8381018,0.925,605.2728133,559.8773523,45.39546099,0,0,0,0.094183419,0,0.925,0,0,0,1,,,0.101,169.6437309,1679.6409,1679.6409,0,52.06886791,0,,,211.8466,0,91.09403801,3,1101.674945,0,0,0,111.9301744
129,1,130,0.1016,0,0,1101.674945,,,,0,0,1,1891.4875,1891.4875,0,302.638,62.79738501,0,,,284.5109233,1891.4875,1815.828,75.65950001,1891.4875,0,1,0,0,0.156683857,94.83697734,0.96,630.4958334,605.2760001,25.21983334,1,0,0,0.156683857,94.83697778,0.96,630.4958334,605.2760001,25.21983334,1,0,0,0.156683841,94.83696822,0.96,630.4958334,605.2760001,25.21983334,,,,647.520291,1815.828,1679.6409,136.1871,1815.828,0,1,0,0,0.385511915,215.8410946,0.925,605.2775935,559.881774,45.39581951,1,0,0,0.385511915,215.8410946,0.925,605.2775935,559.881774,45.39581951,1,0,0,0.385509614,215.8381018,0.925,605.2728133,559.8773523,45.39546099,0,0,0,0.094183419,0,0.925,0,0,0,1,,,0.101,169.6437309,1679.6409,1679.6409,0,52.06886791,0,,,211.8466,0,91.09403801,3,1101.674945,0,0,0,111.9301744
130,1,131,0.1016,0,0,1101.674945,,,,0,0,1,1891.4875,1891.4875,0,302.638,62.79738501,0,,,284.5109233,1891.4875,1815.828,75.65950001,1891.4875,0,1,0,0,0.156683857,94.83697734,0.96,630.4958334,605.2760001,25.21983334,1,0,0,0.156683857,94.83697778,0.96,630.4958334,605.2760001,25.21983334,1,0,0,0.156683841,94.83696822,0.96,630.4958334,605.2760001,25.21983334,,,,647.520291,1815.828,1679.6409,136.1871,1815.828,0,1,0,0,0.385511915,215.8410946,0.925,605.2775935,559.881774,45.39581951,1,0,0,0.385511915,215.8410946,0.925,605.2775935,559.881774,45.39581951,1,0,0,0.385509614,215.8381018,0.925,605.2728133,559.8773523,45.39546099,0,0,0,0.094183419,0,0.925,0,0,0,1,,,0.101,169.6437309,1679.6409,1679.6409,0,52.06886791,0,,,211.8466,0,91.09403801,3,1101.674945,0,0,0,111.9301744
131,1,132,0.1016,0,0,1101.674945,,,,0,0,1,1891.4875,1891.4875,0,302.638,62.79738501,0,,,284.5109233,1891.4875,1815.828,75.65950001,1891.4875,0,1,0,0,0.156683857,94.83697734,0.96,630.4958334,605.2760001,25.21983334,1,0,0,0.156683857,94.83697778,0.96,630.4958334,605.2760001,25.21983334,1,0,0,0.156683841,94.83696822,0.96,630.4958334,605.2760001,25.21983334,,,,647.520291,1815.828,1679.6409,136.1871,1815.828,0,1,0,0,0.385511915,215.8410946,0.925,605.2775935,559.881774,45.39581951,1,0,0,0.385511915,215.8410946,0.925,605.2775935,559.881774,45.39581951,1,0,0,0.385509614,215.8381018,0.925,605.2728133,559.8773523,45.39546099,0,0,0,0.094183419,0,0.925,0,0,0,1,,,0.101,169.6437309,1679.6409,1679.6409,0,52.06886791,0,,,211.8466,0,91.09403801,3,1101.674945,0,0,0,111.9301744
132,1,133,0.1016,0,0,1101.674945,,,,0,0,1,1891.4875,1891.4875,0,302.638,62.79738501,0,,,284.5109233,1891.4875,1815.828,75.65950001,1891.4875,0,1,0,0,0.156683857,94.83697734,0.96,630.4958334,605.2760001,25.21983334,1,0,0,0.156683857,94.83697778,0.96,630.4958334,605.2760001,25.21983334,1,0,0,0.156683841,94.83696822,0.96,630.4958334,605.2760001,25.21983334,,,,647.520291,1815.828,1679.6409,136.1871,1815.828,0,1,0,0,0.385511915,215.8410946,0.925,605.2775935,559.881774,45.39581951,1,0,0,0.385511915,215.8410946,0.925,605.2775935,559.881774,45.39581951,1,0,0,0.385509614,215.8381018,0.925,605.2728133,559.8773523,45.39546099,0,0,0,0.094183419,0,0.925,0,0,0,1,,,0.101,169.6437309,1679.6409,1679.6409,0,52.06886791,0,,,211.8466,0,91.09403801,3,1101.674945,0,0,0,111.9301744
133,1,134,0.1016,0,0,1101.674945,,,,0,0,1,1891.4875,1891.4875,0,302.638,62.79738501,0,,,284.5109233,1891.4875,1815.828,75.65950001,1891.4875,0,1,0,0,0.156683857,94.83697734,0.96,630.4958334,605.2760001,25.21983334,1,0,0,0.156683857,94.83697778,0.96,630.4958334,605.2760001,25.21983334,1,0,0,0.156683841,94.83696822,0.96,630.4958334,605.2760001,25.21983334,,,,647.520291,1815.828,1679.6409,136.1871,1815.828,0,1,0,0,0.385511915,215.8410946,0.925,605.2775935,559.881774,45.39581951,1,0,0,0.385511915,215.8410946,0.925,605.2775935,559.881774,45.39581951,1,0,0,0.385509614,215.8381018,0.925,605.2728133,559.8773523,45.39546099,0,0,0,0.094183419,0,0.925,0,0,0,1,,,0.101,169.6437309,1679.6409,1679.6409,0,52.06886791,0,,,211.8466,0,91.09403801,3,1101.674945,0,0,0,111.9301744
134,1,135,0.1016,0,0,1101.674945,,,,0,0,1,1891.4875,1891.4875,0,302.638,62.79738501,0,,,284.5109233,1891.4875,1815.828,75.65950001,1891.4875,0,1,0,0,0.156683857,94.83697734,0.96,630.4958334,605.2760001,25.21983334,1,0,0,0.156683857,94.83697778,0.96,630.4958334,605.2760001,25.21983334,1,0,0,0.156683841,94.83696822,0.96,630.4958334,605.2760001,25.21983334,,,,647.520291,1815.828,1679.6409,136.1871,1815.828,0,1,0,0,0.385511915,215.8410946,0.925,605.2775935,559.881774,45.39581951,1,0,0,0.385511915,215.8410946,0.925,605.2775935,559.881774,45.39581951,1,0,0,0.385509614,215.8381018,0.925,605.2728133,559.8773523,45.39546099,0,0,0,0.094183419,0,0.925,0,0,0,1,,,0.101,169.6437309,1679.6409,1679.6409,0,52.06886791,0,,,211.8466,0,91.09403801,3,1101.674945,0,0,0,111.9301744
135,1,136,0.1016,0,0,1101.674945,,,,0,0,1,1891.4875,1891.4875,0,302.638,62.79738501,0,,,284.5109233,1891.4875,1815.828,75.65950001,1891.4875,0,1,0,0,0.156683857,94.83697734,0.96,630.4958334,605.2760001,25.21983334,1,0,0,0.156683857,94.83697778,0.96,630.4958334,605.2760001,25.21983334,1,0,0,0.156683841,94.83696822,0.96,630.4958334,605.2760001,25.21983334,,,,647.520291,1815.828,1679.6409,136.1871,1815.828,0,1,0,0,0.385511915,215.8410946,0.925,605.2775935,559.881774,45.39581951,1,0,0,0.385511915,215.8410946,0.925,605.2775935,559.881774,45.39581951,1,0,0,0.385509614,215.8381018,0.925,605.2728133,559.8773523,45.39546099,0,0,0,0.094183419,0,0.925,0,0,0,1,,,0.101,169.6437309,1679.6409,1679.6409,0,52.06886791,0,,,211.8466,0,91.09403801,3,1101.674945,0,0,0,111.9301744
136,1,137,0.1016,0,0,1101.674945,,,,0,0,1,1891.4875,1891.4875,0,302.638,62.79738501,0,,,284.5109233,1891.4875,1815.828,75.65950001,1891.4875,0,1,0,0,0.156683857,94.83697734,0.96,630.4958334,605.2760001,25.21983334,1,0,0,0.156683857,94.83697778,0.96,630.4958334,605.2760001,25.21983334,1,0,0,0.156683841,94.83696822,0.96,630.4958334,605.2760001,25.21983334,,,,647.520291,1815.828,1679.6409,136.1871,1815.828,0,1,0,0,0.385511915,215.8410946,0.925,605.2775935,559.881774,45.39581951,1,0,0,0.385511915,215.8410946,0.925,605.2775935,559.881774,45.39581951,1,0,0,0.385509614,215.8381018,0.925,605.2728133,559.8773523,45.39546099,0,0,0,0.094183419,0,0.925,0,0,0,1,,,0.101,169.6437309,1679.6409,1679.6409,0,52.06886791,0,,,211.8466,0,91.09403801,3,1101.674945,0,0,0,111.9301744
137,1,138,0.13994,0,0,1101.674945,,,,0,0,1,1891.4875,1891.4875,0,302.638,62.79738501,0,,,284.5109233,1891.4875,1815.828,75.65950001,1891.4875,0,1,0,0,0.156683857,94.83697734,0.96,630.4958334,605.2760001,25.21983334,1,0,0,0.156683857,94.83697778,0.96,630.4958334,605.2760001,25.21983334,1,0,0,0.156683841,94.83696822,0.96,630.4958334,605.2760001,25.21983334,,,,647.520291,1815.828,1679.6409,136.1871,1815.828,0,1,0,0,0.385511915,215.8410946,0.925,605.2775935,559.881774,45.39581951,1,0,0,0.385511915,215.8410946,0.925,605.2775935,559.881774,45.39581951,1,0,0,0.385509614,215.8381018,0.925,605.2728133,559.8773523,45.39546099,0,0,0,0.094183419,0,0.925,0,0,0,1,,,0.101,169.6437309,1679.6409,1679.6409,0,52.06886791,0,,,211.8466,0,91.09403801,3,1101.674945,0,0,0,154.1683918
138,1,139,0.13994,0,0,1101.674945,,,,0,0,1,1891.4875,1891.4875,0,302.638,62.79738501,0,,,284.5109233,1891.4875,1815.828,75.65950001,1891.4875,0,1,0,0,0.156683857,94.83697734,0.96,630.4958334,605.2760001,25.21983334,1,0,0,0.156683857,94.83697778,0.96,630.4958334,605.2760001,25.21983334,1,0,0,0.156683841,94.83696822,0.96,630.4958334,605.2760001,25.21983334,,,,647.520291,1815.828,1679.6409,136.1871,1815.828,0,1,0,0,0.385511915,215.8410946,0.925,605.2775935,559.881774,45.39581951,1,0,0,0.385511915,215.8410946,0.925,605.2775935,559.881774,45.39581951,1,0,0,0.385509614,215.8381018,0.925,605.2728133,559.8773523,45.39546099,0,0,0,0.094183419,0,0.925,0,0,0,1,,,0.101,169.6437309,1679.6409,1679.6409,0,52.06886791,0,,,211.8466,0,91.09403801,3,1101.674945,0,0,0,154.1683918
139,1,140,0.13994,0,0,1101.674945,,,,0,0,1,1891.4875,1891.4875,0,302.638,62.79738501,0,,,284.5109233,1891.4875,1815.828,75.65950001,1891.4875,0,1,0,0,0.156683857,94.83697734,0.96,630.4958334,605.2760001,25.21983334,1,0,0,0.156683857,94.83697778,0.96,630.4958334,605.2760001,25.21983334,1,0,0,0.156683841,94.83696822,0.96,630.4958334,605.2760001,25.21983334,,,,647.520291,1815.828,1679.6409,136.1871,1815.828,0,1,0,0,0.385511915,215.8410946,0.925,605.2775935,559.881774,45.39581951,1,0,0,0.385511915,215.8410946,0.925,605.2775935,559.881774,45.39581951,1,0,0,0.385509614,215.8381018,0.925,605.2728133,559.8773523,45.39546099,0,0,0,0.094183419,0,0.925,0,0,0,1,,,0.101,169.6437309,1679.6409,1679.6409,0,52.06886791,0,,,211.8466,0,91.09403801,3,1101.674945,0,0,0,154.1683918
140,1,141,0.13994,0,0,1101.674945,,,,0,0,1,1891.4875,1891.4875,0,302.638,62.79738501,0,,,284.5109233,1891.4875,1815.828,75.65950001,1891.4875,0,1,0,0,0.156683857,94.83697734,0.96,630.4958334,605.2760001,25.21983334,1,0,0,0.156683857,94.83697778,0.96,630.4958334,605.2760001,25.21983334,1,0,0,0.156683841,94.83696822,0.96,630.4958334,605.2760001,25.21983334,,,,647.520291,1815.828,1679.6409,136.1871,1815.828,0,1,0,0,0.385511915,215.8410946,0.925,605.2775935,559.881774,45.39581951,1,0,0,0.385511915,215.8410946,0.925,605.2775935,559.881774,45.39581951,1,0,0,0.385509614,215.8381018,0.925,605.2728133,559.8773523,45.39546099,0,0,0,0.094183419,0,0.925,0,0,0,1,,,0.101,169.6437309,1679.6409,1679.6409,0,52.06886791,0,,,211.8466,0,91.09403801,3,1101.674945,0,0,0,154.1683918
141,1,142,0.13994,0,0,1101.674945,,,,0,0,1,1891.4875,1891.4875,0,302.638,62.79738501,0,,,284.5109233,1891.4875,1815.828,75.65950001,1891.4875,0,1,0,0,0.156683857,94.83697734,0.96,630.4958334,605.2760001,25.21983334,1,0,0,0.156683857,94.83697778,0.96,630.4958334,605.2760001,25.21983334,1,0,0,0.156683841,94.83696822,0.96,630.4958334,605.2760001,25.21983334,,,,647.520291,1815.828,1679.6409,136.1871,1815.828,0,1,0,0,0.385511915,215.8410946,0.925,605.2775935,559.881774,45.39581951,1,0,0,0.385511915,215.8410946,0.925,605.2775935,559.881774,45.39581951,1,0,0,0.385509614,215.8381018,0.925,605.2728133,559.8773523,45.39546099,0,0,0,0.094183419,0,0.925,0,0,0,1,,,0.101,169.6437309,1679.6409,1679.6409,0,52.06886791,0,,,211.8466,0,91.09403801,3,1101.674945,0,0,0,154.1683918
142,1,143,0.1016,0,0,1101.674945,,,,0,0,1,1891.4875,1891.4875,0,302.638,62.79738501,0,,,284.5109233,1891.4875,1815.828,75.65950001,1891.4875,0,1,0,0,0.156683857,94.83697734,0.96,630.4958334,605.2760001,25.21983334,1,0,0,0.156683857,94.83697778,0.96,630.4958334,605.2760001,25.21983334,1,0,0,0.156683841,94.83696822,0.96,630.4958334,605.2760001,25.21983334,,,,647.520291,1815.828,1679.6409,136.1871,1815.828,0,1,0,0,0.385511915,215.8410946,0.925,605.2775935,559.881774,45.39581951,1,0,0,0.385511915,215.8410946,0.925,605.2775935,559.881774,45.39581951,1,0,0,0.385509614,215.8381018,0.925,605.2728133,559.8773523,45.39546099,0,0,0,0.094183419,0,0.925,0,0,0,1,,,0.101,169.6437309,1679.6409,1679.6409,0,52.06886791,0,,,211.8466,0,91.09403801,3,1101.674945,0,0,0,111.9301744
143,1,144,0.1016,0,0,1101.674945,,,,0,0,1,1891.4875,1891.4875,0,302.638,62.79738501,0,,,284.5109233,1891.4875,1815.828,75.65950001,1891.4875,0,1,0,0,0.156683857,94.83697734,0.96,630.4958334,605.2760001,25.21983334,1,0,0,0.156683857,94.83697778,0.96,630.4958334,605.2760001,25.21983334,1,0,0,0.156683841,94.83696822,0.96,630.4958334,605.2760001,25.21983334,,,,647.520291,1815.828,1679.6409,136.1871,1815.828,0,1,0,0,0.385511915,215.8410946,0.925,605.2775935,559.881774,45.39581951,1,0,0,0.385511915,215.8410946,0.925,605.2775935,559.881774,45.39581951,1,0,0,0.385509614,215.8381018,0.925,605.2728133,559.8773523,45.39546099,0,0,0,0.094183419,0,0.925,0,0,0,1,,,0.101,169.6437309,1679.6409,1679.6409,0,52.06886791,0,,,211.8466,0,91.09403801,3,1101.674945,0,0,0,111.9301744
144,1,145,0.1016,0,0,1101.674945,,,,0,0,1,1891.4875,1891.4875,0,302.638,62.79738501,0,,,284.5109233,1891.4875,1815.828,75.65950001,1891.4875,0,1,0,0,0.156683857,94.83697734,0.96,630.4958334,605.2760001,25.21983334,1,0,0,0.156683857,94.83697778,0.96,630.4958334,605.2760001,25.21983334,1,0,0,0.156683841,94.83696822,0.96,630.4958334,605.2760001,25.21983334,,,,647.520291,1815.828,1679.6409,136.1871,1815.828,0,1,0,0,0.385511915,215.8410946,0.925,605.2775935,559.881774,45.39581951,1,0,0,0.385511915,215.8410946,0.925,605.2775935,559.881774,45.39581951,1,0,0,0.385509614,215.8381018,0.925,605.2728133,559.8773523,45.39546099,0,0,0,0.094183419,0,0.925,0,0,0,1,,,0.101,169.6437309,1679.6409,1679.6409,0,52.06886791,0,,,211.8466,0,91.09403801,3,1101.674945,0,0,0,111.9301744
145,1,146,0.1016,0,0,1101.674945,,,,0,0,1,1891.4875,1891.4875,0,302.638,62.79738501,0,,,284.5109233,1891.4875,1815.828,75.65950001,1891.4875,0,1,0,0,0.156683857,94.83697734,0.96,630.4958334,605.2760001,25.21983334,1,0,0,0.156683857,94.83697778,0.96,630.4958334,605.2760001,25.21983334,1,0,0,0.156683841,94.83696822,0.96,630.4958334,605.2760001,25.21983334,,,,647.520291,1815.828,1679.6409,136.1871,1815.828,0,1,0,0,0.385511915,215.8410946,0.925,605.2775935,559.881774,45.39581951,1,0,0,0.385511915,215.8410946,0.925,605.2775935,559.881774,45.39581951,1,0,0,0.385509614,215.8381018,0.925,605.2728133,559.8773523,45.39546099,0,0,0,0.094183419,0,0.925,0,0,0,1,,,0.101,169.6437309,1679.6409,1679.6409,0,52.06886791,0,,,211.8466,0,91.09403801,3,1101.674945,0,0,0,111.9301744
146,1,147,0.1016,0,0,1101.674945,,,,0,0,1,1891.4875,1891.4875,0,302.638,62.79738501,0,,,284.5109233,1891.4875,1815.828,75.65950001,1891.4875,0,1,0,0,0.156683857,94.83697734,0.96,630.4958334,605.2760001,25.21983334,1,0,0,0.156683857,94.83697778,0.96,630.4958334,605.2760001,25.21983334,1,0,0,0.156683841,94.83696822,0.96,630.4958334,605.2760001,25.21983334,,,,647.520291,1815.828,1679.6409,136.1871,1815.828,0,1,0,0,0.385511915,215.8410946,0.925,605.2775935,559.881774,45.39581951,1,0,0,0.385511915,215.8410946,0.925,605.2775935,559.881774,45.39581951,1,0,0,0.385509614,215.8381018,0.925,605.2728133,559.8773523,45.39546099,0,0,0,0.094183419,0,0.925,0,0,0,1,,,0.101,169.6437309,1679.6409,1679.6409,0,52.06886791,0,,,211.8466,0,91.09403801,3,1101.674945,0,0,0,111.9301744
147,1,148,0.1016,0,0,1101.674945,,,,0,0,1,1891.4875,1891.4875,0,302.638,62.79738501,0,,,284.5109233,1891.4875,1815.828,75.65950001,1891.4875,0,1,0,0,0.156683857,94.83697734,0.96,630.4958334,605.2760001,25.21983334,1,0,0,0.156683857,94.83697778,0.96,630.4958334,605.2760001,25.21983334,1,0,0,0.156683841,94.83696822,0.96,630.4958334,605.2760001,25.21983334,,,,647.520291,1815.828,1679.6409,136.1871,1815.828,0,1,0,0,0.385511915,215.8410946,0.925,605.2775935,559.881774,45.39581951,1,0,0,0.385511915,215.8410946,0.925,605.2775935,559.881774,45.39581951,1,0,0,0.385509614,215.8381018,0.925,605.2728133,559.8773523,45.39546099,0,0,0,0.094183419,0,0.925,0,0,0,1,,,0.101,169.6437309,1679.6409,1679.6409,0,52.06886791,0,,,211.8466,0,91.09403801,3,1101.674945,0,0,0,111.9301744
148,1,149,0.1016,0,0,1101.674945,,,,0,0,1,1891.4875,1891.4875,0,302.638,62.79738501,0,,,284.5109233,1891.4875,1815.828,75.65950001,1891.4875,0,1,0,0,0.156683857,94.83697734,0.96,630.4958334,605.2760001,25.21983334,1,0,0,0.156683857,94.83697778,0.96,630.4958334,605.2760001,25.21983334,1,0,0,0.156683841,94.83696822,0.96,630.4958334,605.2760001,25.21983334,,,,647.520291,1815.828,1679.6409,136.1871,1815.828,0,1,0,0,0.385511915,215.8410946,0.925,605.2775935,559.881774,45.39581951,1,0,0,0.385511915,215.8410946,0.925,605.2775935,559.881774,45.39581951,1,0,0,0.385509614,215.8381018,0.925,605.2728133,559.8773523,45.39546099,0,0,0,0.094183419,0,0.925,0,0,0,1,,,0.101,169.6437309,1679.6409,1679.6409,0,52.06886791,0,,,211.8466,0,91.09403801,3,1101.674945,0,0,0,111.9301744
149,1,150,0.1016,0,0,1101.674945,,,,0,0,1,1891.4875,1891.4875,0,302.638,62.79738501,0,,,284.5109233,1891.4875,1815.828,75.65950001,1891.4875,0,1,0,0,0.156683857,94.83697734,0.96,630.4958334,605.2760001,25.21983334,1,0,0,0.156683857,94.83697778,0.96,630.4958334,605.2760001,25.21983334,1,0,0,0.156683841,94.83696822,0.96,630.4958334,605.2760001,25.21983334,,,,647.520291,1815.828,1679.6409,136.1871,1815.828,0,1,0,0,0.385511915,215.8410946,0.925,605.2775935,559.881774,45.39581951,1,0,0,0.385511915,215.8410946,0.925,605.2775935,559.881774,45.39581951,1,0,0,0.385509614,215.8381018,0.925,605.2728133,559.8773523,45.39546099,0,0,0,0.094183419,0,0.925,0,0,0,1,,,0.101,169.6437309,1679.6409,1679.6409,0,52.06886791,0,,,211.8466,0,91.09403801,3,1101.674945,0,0,0,111.9301744
150,1,151,0.1016,0,0,1101.674945,,,,0,0,1,1891.4875,1891.4875,0,302.638,62.79738501,0,,,284.5109233,1891.4875,1815.828,75.65950001,1891.4875,0,1,0,0,0.156683857,94.83697734,0.96,630.4958334,605.2760001,25.21983334,1,0,0,0.156683857,94.83697778,0.96,630.4958334,605.2760001,25.21983334,1,0,0,0.156683841,94.83696822,0.96,630.4958334,605.2760001,25.21983334,,,,647.520291,1815.828,1679.6409,136.1871,1815.828,0,1,0,0,0.385511915,215.8410946,0.925,605.2775935,559.881774,45.39581951,1,0,0,0.385511915,215.8410946,0.925,605.2775935,559.881774,45.39581951,1,0,0,0.385509614,215.8381018,0.925,605.2728133,559.8773523,45.39546099,0,0,0,0.094183419,0,0.925,0,0,0,1,,,0.101,169.6437309,1679.6409,1679.6409,0,52.06886791,0,,,211.8466,0,91.09403801,3,1101.674945,0,0,0,111.9301744
151,1,152,0.1016,0,0,1101.674945,,,,0,0,1,1891.4875,1891.4875,0,302.638,62.79738501,0,,,284.5109233,1891.4875,1815.828,75.65950001,1891.4875,0,1,0,0,0.156683857,94.83697734,0.96,630.4958334,605.2760001,25.21983334,1,0,0,0.156683857,94.83697778,0.96,630.4958334,605.2760001,25.21983334,1,0,0,0.156683841,94.83696822,0.96,630.4958334,605.2760001,25.21983334,,,,647.520291,1815.828,1679.6409,136.1871,1815.828,0,1,0,0,0.385511915,215.8410946,0.925,605.2775935,559.881774,45.39581951,1,0,0,0.385511915,215.8410946,0.925,605.2775935,559.881774,45.39581951,1,0,0,0.385509614,215.8381018,0.925,605.2728133,559.8773523,45.39546099,0,0,0,0.094183419,0,0.925,0,0,0,1,,,0.101,169.6437309,1679.6409,1679.6409,0,52.06886791,0,,,211.8466,0,91.09403801,3,1101.674945,0,0,0,111.9301744
152,1,153,0.1016,0,0,1101.674945,,,,0,0,1,1891.4875,1891.4875,0,302.638,62.79738501,0,,,284.5109233,1891.4875,1815.828,75.65950001,1891.4875,0,1,0,0,0.156683857,94.83697734,0.96,630.4958334,605.2760001,25.21983334,1,0,0,0.156683857,94.83697778,0.96,630.4958334,605.2760001,25.21983334,1,0,0,0.156683841,94.83696822,0.96,630.4958334,605.2760001,25.21983334,,,,647.520291,1815.828,1679.6409,136.1871,1815.828,0,1,0,0,0.385511915,215.8410946,0.925,605.2775935,559.881774,45.39581951,1,0,0,0.385511915,215.8410946,0.925,605.2775935,559.881774,45.39581951,1,0,0,0.385509614,215.8381018,0.925,605.2728133,559.8773523,45.39546099,0,0,0,0.094183419,0,0.925,0,0,0,1,,,0.101,169.6437309,1679.6409,1679.6409,0,52.06886791,0,,,211.8466,0,91.09403801,3,1101.674945,0,0,0,111.9301744
153,1,154,0.1016,0,0,1101.674945,,,,0,0,1,1891.4875,1891.4875,0,302.638,62.79738501,0,,,284.5109233,1891.4875,1815.828,75.65950001,1891.4875,0,1,0,0,0.156683857,94.83697734,0.96,630.4958334,605.2760001,25.21983334,1,0,0,0.156683857,94.83697778,0.96,630.4958334,605.2760001,25.21983334,1,0,0,0.156683841,94.83696822,0.96,630.4958334,605.2760001,25.21983334,,,,647.520291,1815.828,1679.6409,136.1871,1815.828,0,1,0,0,0.385511915,215.8410946,0.925,605.2775935,559.881774,45.39581951,1,0,0,0.385511915,215.8410946,0.925,605.2775935,559.881774,45.39581951,1,0,0,0.385509614,215.8381018,0.925,605.2728133,559.8773523,45.39546099,0,0,0,0.094183419,0,0.925,0,0,0,1,,,0.101,169.6437309,1679.6409,1679.6409,0,52.06886791,0,,,211.8466,0,91.09403801,3,1101.674945,0,0,0,111.9301744
154,1,155,0.1016,0,0,1101.674945,,,,0,0,1,1891.4875,1891.4875,0,302.638,62.79738501,0,,,284.5109233,1891.4875,1815.828,75.65950001,1891.4875,0,1,0,0,0.156683857,94.83697734,0.96,630.4958334,605.2760001,25.21983334,1,0,0,0.156683857,94.83697778,0.96,630.4958334,605.2760001,25.21983334,1,0,0,0.156683841,94.83696822,0.96,630.4958334,605.2760001,25.21983334,,,,647.520291,1815.828,1679.6409,136.1871,1815.828,0,1,0,0,0.385511915,215.8410946,0.925,605.2775935,559.881774,45.39581951,1,0,0,0.385511915,215.8410946,0.925,605.2775935,559.881774,45.39581951,1,0,0,0.385509614,215.8381018,0.925,605.2728133,559.8773523,45.39546099,0,0,0,0.094183419,0,0.925,0,0,0,1,,,0.101,169.6437309,1679.6409,1679.6409,0,52.06886791,0,,,211.8466,0,91.09403801,3,1101.674945,0,0,0,111.9301744
155,1,156,0.1016,0,0,1101.674945,,,,0,0,1,1891.4875,1891.4875,0,302.638,62.79738501,0,,,284.5109233,1891.4875,1815.828,75.65950001,1891.4875,0,1,0,0,0.156683857,94.83697734,0.96,630.4958334,605.2760001,25.21983334,1,0,0,0.156683857,94.83697778,0.96,630.4958334,605.2760001,25.21983334,1,0,0,0.156683841,94.83696822,0.96,630.4958334,605.2760001,25.21983334,,,,647.520291,1815.828,1679.6409,136.1871,1815.828,0,1,0,0,0.385511915,215.8410946,0.925,605.2775935,559.881774,45.39581951,1,0,0,0.385511915,215.8410946,0.925,605.2775935,559.881774,45.39581951,1,0,0,0.385509614,215.8381018,0.925,605.2728133,559.8773523,45.39546099,0,0,0,0.094183419,0,0.925,0,0,0,1,,,0.101,169.6437309,1679.6409,1679.6409,0,52.06886791,0,,,211.8466,0,91.09403801,3,1101.674945,0,0,0,111.9301744
156,1,157,0.1016,0,0,1101.674945,,,,0,0,1,1891.4875,1891.4875,0,302.638,62.79738501,0,,,284.5109233,1891.4875,1815.828,75.65950001,1891.4875,0,1,0,0,0.156683857,94.83697734,0.96,630.4958334,605.2760001,25.21983334,1,0,0,0.156683857,94.83697778,0.96,630.4958334,605.2760001,25.21983334,1,0,0,0.156683841,94.83696822,0.96,630.4958334,605.2760001,25.21983334,,,,647.520291,1815.828,1679.6409,136.1871,1815.828,0,1,0,0,0.385511915,215.8410946,0.925,605.2775935,559.881774,45.39581951,1,0,0,0.385511915,215.8410946,0.925,605.2775935,559.881774,45.39581951,1,0,0,0.385509614,215.8381018,0.925,605.2728133,559.8773523,45.39546099,0,0,0,0.094183419,0,0.925,0,0,0,1,,,0.101,169.6437309,1679.6409,1679.6409,0,52.06886791,0,,,211.8466,0,91.09403801,3,1101.674945,0,0,0,111.9301744
157,1,158,0.1016,0,0,1101.674945,,,,0,0,1,1891.4875,1891.4875,0,302.638,62.79738501,0,,,284.5109233,1891.4875,1815.828,75.65950001,1891.4875,0,1,0,0,0.156683857,94.83697734,0.96,630.4958334,605.2760001,25.21983334,1,0,0,0.156683857,94.83697778,0.96,630.4958334,605.2760001,25.21983334,1,0,0,0.156683841,94.83696822,0.96,630.4958334,605.2760001,25.21983334,,,,647.520291,1815.828,1679.6409,136.1871,1815.828,0,1,0,0,0.385511915,215.8410946,0.925,605.2775935,559.881774,45.39581951,1,0,0,0.385511915,215.8410946,0.925,605.2775935,559.881774,45.39581951,1,0,0,0.385509614,215.8381018,0.925,605.2728133,559.8773523,45.39546099,0,0,0,0.094183419,0,0.925,0,0,0,1,,,0.101,169.6437309,1679.6409,1679.6409,0,52.06886791,0,,,211.8466,0,91.09403801,3,1101.674945,0,0,0,111.9301744
158,1,159,0.1016,0,0,1101.674945,,,,0,0,1,1891.4875,1891.4875,0,302.638,62.79738501,0,,,284.5109233,1891.4875,1815.828,75.65950001,1891.4875,0,1,0,0,0.156683857,94.83697734,0.96,630.4958334,605.2760001,25.21983334,1,0,0,0.156683857,94.83697778,0.96,630.4958334,605.2760001,25.21983334,1,0,0,0.156683841,94.83696822,0.96,630.4958334,605.2760001,25.21983334,,,,647.520291,1815.828,1679.6409,136.1871,1815.828,0,1,0,0,0.385511915,215.8410946,0.925,605.2775935,559.881774,45.39581951,1,0,0,0.385511915,215.8410946,0.925,605.2775935,559.881774,45.39581951,1,0,0,0.385509614,215.8381018,0.925,605.2728133,559.8773523,45.39546099,0,0,0,0.094183419,0,0.925,0,0,0,1,,,0.101,169.6437309,1679.6409,1679.6409,0,52.06886791,0,,,211.8466,0,91.09403801,3,1101.674945,0,0,0,111.9301744
159,1,160,0.1016,0,0,1101.674945,,,,0,0,1,1891.4875,1891.4875,0,302.638,62.79738501,0,,,284.5109233,1891.4875,1815.828,75.65950001,1891.4875,0,1,0,0,0.156683857,94.83697734,0.96,630.4958334,605.2760001,25.21983334,1,0,0,0.156683857,94.83697778,0.96,630.4958334,605.2760001,25.21983334,1,0,0,0.156683841,94.83696822,0.96,630.4958334,605.2760001,25.21983334,,,,647.520291,1815.828,1679.6409,136.1871,1815.828,0,1,0,0,0.385511915,215.8410946,0.925,605.2775935,559.881774,45.39581951,1,0,0,0.385511915,215.8410946,0.925,605.2775935,559.881774,45.39581951,1,0,0,0.385509614,215.8381018,0.925,605.2728133,559.8773523,45.39546099,0,0,0,0.094183419,0,0.925,0,0,0,1,,,0.101,169.6437309,1679.6409,1679.6409,0,52.06886791,0,,,211.8466,0,91.09403801,3,1101.674945,0,0,0,111.9301744
160,1,161,0.1016,0,0,1101.674945,,,,0,0,1,1891.4875,1891.4875,0,302.638,62.79738501,0,,,284.5109233,1891.4875,1815.828,75.65950001,1891.4875,0,1,0,0,0.156683857,94.83697734,0.96,630.4958334,605.2760001,25.21983334,1,0,0,0.156683857,94.83697778,0.96,630.4958334,605.2760001,25.21983334,1,0,0,0.156683841,94.83696822,0.96,630.4958334,605.2760001,25.21983334,,,,647.520291,1815.828,1679.6409,136.1871,1815.828,0,1,0,0,0.385511915,215.8410946,0.925,605.2775935,559.881774,45.39581951,1,0,0,0.385511915,215.8410946,0.925,605.2775935,559.881774,45.39581951,1,0,0,0.385509614,215.8381018,0.925,605.2728133,559.8773523,45.39546099,0,0,0,0.094183419,0,0.925,0,0,0,1,,,0.101,169.6437309,1679.6409,1679.6409,0,52.06886791,0,,,211.8466,0,91.09403801,3,1101.674945,0,0,0,111.9301744
161,1,162,0.13994,0,0,1101.674945,,,,0,0,1,1891.4875,1891.4875,0,302.638,62.79738501,0,,,284.5109233,1891.4875,1815.828,75.65950001,1891.4875,0,1,0,0,0.156683857,94.83697734,0.96,630.4958334,605.2760001,25.21983334,1,0,0,0.156683857,94.83697778,0.96,630.4958334,605.2760001,25.21983334,1,0,0,0.156683841,94.83696822,0.96,630.4958334,605.2760001,25.21983334,,,,647.520291,1815.828,1679.6409,136.1871,1815.828,0,1,0,0,0.385511915,215.8410946,0.925,605.2775935,559.881774,45.39581951,1,0,0,0.385511915,215.8410946,0.925,605.2775935,559.881774,45.39581951,1,0,0,0.385509614,215.8381018,0.925,605.2728133,559.8773523,45.39546099,0,0,0,0.094183419,0,0.925,0,0,0,1,,,0.101,169.6437309,1679.6409,1679.6409,0,52.06886791,0,,,211.8466,0,91.09403801,3,1101.674945,0,0,0,154.1683918
162,1,163,0.13994,0,0,1101.674945,,,,0,0,1,1891.4875,1891.4875,0,302.638,62.79738501,0,,,284.5109233,1891.4875,1815.828,75.65950001,1891.4875,0,1,0,0,0.156683857,94.83697734,0.96,630.4958334,605.2760001,25.21983334,1,0,0,0.156683857,94.83697778,0.96,630.4958334,605.2760001,25.21983334,1,0,0,0.156683841,94.83696822,0.96,630.4958334,605.2760001,25.21983334,,,,647.520291,1815.828,1679.6409,136.1871,1815.828,0,1,0,0,0.385511915,215.8410946,0.925,605.2775935,559.881774,45.39581951,1,0,0,0.385511915,215.8410946,0.925,605.2775935,559.881774,45.39581951,1,0,0,0.385509614,215.8381018,0.925,605.2728133,559.8773523,45.39546099,0,0,0,0.094183419,0,0.925,0,0,0,1,,,0.101,169.6437309,1679.6409,1679.6409,0,52.06886791,0,,,211.8466,0,91.09403801,3,1101.674945,0,0,0,154.1683918
163,1,164,0.13994,0,0,1101.674945,,,,0,0,1,1891.4875,1891.4875,0,302.638,62.79738501,0,,,284.5109233,1891.4875,1815.828,75.65950001,1891.4875,0,1,0,0,0.156683857,94.83697734,0.96,630.4958334,605.2760001,25.21983334,1,0,0,0.156683857,94.83697778,0.96,630.4958334,605.2760001,25.21983334,1,0,0,0.156683841,94.83696822,0.96,630.4958334,605.2760001,25.21983334,,,,647.520291,1815.828,1679.6409,136.1871,1815.828,0,1,0,0,0.385511915,215.8410946,0.925,605.2775935,559.881774,45.39581951,1,0,0,0.385511915,215.8410946,0.925,605.2775935,559.881774,45.39581951,1,0,0,0.385509614,215.8381018,0.925,605.2728133,559.8773523,45.39546099,0,0,0,0.094183419,0,0.925,0,0,0,1,,,0.101,169.6437309,1679.6409,1679.6409,0,52.06886791,0,,,211.8466,0,91.09403801,3,1101.674945,0,0,0,154.1683918
164,1,165,0.13994,0,0,1101.674945,,,,0,0,1,1891.4875,1891.4875,0,302.638,62.79738501,0,,,284.5109233,1891.4875,1815.828,75.65950001,1891.4875,0,1,0,0,0.156683857,94.83697734,0.96,630.4958334,605.2760001,25.21983334,1,0,0,0.156683857,94.83697778,0.96,630.4958334,605.2760001,25.21983334,1,0,0,0.156683841,94.83696822,0.96,630.4958334,605.2760001,25.21983334,,,,647.520291,1815.828,1679.6409,136.1871,1815.828,0,1,0,0,0.385511915,215.8410946,0.925,605.2775935,559.881774,45.39581951,1,0,0,0.385511915,215.8410946,0.925,605.2775935,559.881774,45.39581951,1,0,0,0.385509614,215.8381018,0.925,605.2728133,559.8773523,45.39546099,0,0,0,0.094183419,0,0.925,0,0,0,1,,,0.101,169.6437309,1679.6409,1679.6409,0,52.06886791,0,,,211.8466,0,91.09403801,3,1101.674945,0,0,0,154.1683918
165,1,166,0.13994,0,0,1101.674945,,,,0,0,1,1891.4875,1891.4875,0,302.638,62.79738501,0,,,284.5109233,1891.4875,1815.828,75.65950001,1891.4875,0,1,0,0,0.156683857,94.83697734,0.96,630.4958334,605.2760001,25.21983334,1,0,0,0.156683857,94.83697778,0.96,630.4958334,605.2760001,25.21983334,1,0,0,0.156683841,94.83696822,0.96,630.4958334,605.2760001,25.21983334,,,,647.520291,1815.828,1679.6409,136.1871,1815.828,0,1,0,0,0.385511915,215.8410946,0.925,605.2775935,559.881774,45.39581951,1,0,0,0.385511915,215.8410946,0.925,605.2775935,559.881774,45.39581951,1,0,0,0.385509614,215.8381018,0.925,605.2728133,559.8773523,45.39546099,0,0,0,0.094183419,0,0.925,0,0,0,1,,,0.101,169.6437309,1679.6409,1679.6409,0,52.06886791,0,,,211.8466,0,91.09403801,3,1101.674945,0,0,0,154.1683918
166,1,167,0.1016,0,0,1101.674945,,,,0,0,1,1891.4875,1891.4875,0,302.638,62.79738501,0,,,284.5109233,1891.4875,1815.828,75.65950001,1891.4875,0,1,0,0,0.156683857,94.83697734,0.96,630.4958334,605.2760001,25.21983334,1,0,0,0.156683857,94.83697778,0.96,630.4958334,605.2760001,25.21983334,1,0,0,0.156683841,94.83696822,0.96,630.4958334,605.2760001,25.21983334,,,,647.520291,1815.828,1679.6409,136.1871,1815.828,0,1,0,0,0.385511915,215.8410946,0.925,605.2775935,559.881774,45.39581951,1,0,0,0.385511915,215.8410946,0.925,605.2775935,559.881774,45.39581951,1,0,0,0.385509614,215.8381018,0.925,605.2728133,559.8773523,45.39546099,0,0,0,0.094183419,0,0.925,0,0,0,1,,,0.101,169.6437309,1679.6409,1679.6409,0,52.06886791,0,,,211.8466,0,91.09403801,3,1101.674945,0,0,0,111.9301744
167,1,168,0.1016,0,0,1101.674945,,,,0,0,1,1891.4875,1891.4875,0,302.638,62.79738501,0,,,284.5109233,1891.4875,1815.828,75.65950001,1891.4875,0,1,0,0,0.156683857,94.83697734,0.96,630.4958334,605.2760001,25.21983334,1,0,0,0.156683857,94.83697778,0.96,630.4958334,605.2760001,25.21983334,1,0,0,0.156683841,94.83696822,0.96,630.4958334,605.2760001,25.21983334,,,,647.520291,1815.828,1679.6409,136.1871,1815.828,0,1,0,0,0.385511915,215.8410946,0.925,605.2775935,559.881774,45.39581951,1,0,0,0.385511915,215.8410946,0.925,605.2775935,559.881774,45.39581951,1,0,0,0.385509614,215.8381018,0.925,605.2728133,559.8773523,45.39546099,0,0,0,0.094183419,0,0.925,0,0,0,1,,,0.101,169.6437309,1679.6409,1679.6409,0,52.06886791,0,,,211.8466,0,91.09403801,3,1101.674945,0,0,0,111.9301744
