,Day,Time,LMP,peak_hour,bypass_pretreatment_flow,power_from_grid,intake.op_mode,intake.startup,intake.shutdown,intake.energy_intensity,intake.power_consumption,intake.recovery,intake.feed_flowrate,intake.product_flowrate,intake.reject_flowrate,intake.feed_cost,intake.chemical_cost,pretreatment.op_mode,pretreatment.startup,pretreatment.shutdown,pretreatment.power_consumption,pretreatment.feed_flowrate,pretreatment.product_flowrate,pretreatment.reject_flowrate,pretreatment.inlet_flowrate,pretreatment.leftover_flow,pretreatment.uf_pumps[1].op_mode,pretreatment.uf_pumps[1].startup,pretreatment.uf_pumps[1].shutdown,pretreatment.uf_pumps[1].energy_intensity,pretreatment.uf_pumps[1].power_consumption,pretreatment.uf_pumps[1].recovery,pretreatment.uf_pumps[1].feed_flowrate,pretreatment.uf_pumps[1].product_flowrate,pretreatment.uf_pumps[1].reject_flowrate,pretreatment.uf_pumps[2].op_mode,pretreatment.uf_pumps[2].startup,pretreatment.uf_pumps[2].shutdown,pretreatment.uf_pumps[2].energy_intensity,pretreatment.uf_pumps[2].power_consumption,pretreatment.uf_pumps[2].recovery,pretreatment.uf_pumps[2].feed_flowrate,pretreatment.uf_pumps[2].product_flowrate,pretreatment.uf_pumps[2].reject_flowrate,pretreatment.uf_pumps[3].op_mode,pretreatment.uf_pumps[3].startup,pretreatment.uf_pumps[3].shutdown,pretreatment.uf_pumps[3].energy_intensity,pretreatment.uf_pumps[3].power_consumption,pretreatment.uf_pumps[3].recovery,pretreatment.uf_pumps[3].feed_flowrate,pretreatment.uf_pumps[3].product_flowrate,pretreatment.uf_pumps[3].reject_flowrate,reverse_osmosis.op_mode,reverse_osmosis.startup,reverse_osmosis.shutdown,reverse_osmosis.power_consumption,reverse_osmosis.feed_flowrate,reverse_osmosis.product_flowrate,reverse_osmosis.reject_flowrate,reverse_osmosis.inlet_flowrate,reverse_osmosis.leftover_flow,reverse_osmosis.ro_skid[1].op_mode,reverse_osmosis.ro_skid[1].startup,reverse_osmosis.ro_skid[1].shutdown,reverse_osmosis.ro_skid[1].energy_intensity,reverse_osmosis.ro_skid[1].power_consumption,reverse_osmosis.ro_skid[1].recovery,reverse_osmosis.ro_skid[1].feed_flowrate,reverse_osmosis.ro_skid[1].product_flowrate,reverse_osmosis.ro_skid[1].reject_flowrate,reverse_osmosis.ro_skid[2].op_mode,reverse_osmosis.ro_skid[2].startup,reverse_osmosis.ro_skid[2].shutdown,reverse_osmosis.ro_skid[2].energy_intensity,reverse_osmosis.ro_skid[2].power_consumption,reverse_osmosis.ro_skid[2].recovery,reverse_osmosis.ro_skid[2].feed_flowrate,reverse_osmosis.ro_skid[2].product_flowrate,reverse_osmosis.ro_skid[2].reject_flowrate,reverse_osmosis.ro_skid[3].op_mode,reverse_osmosis.ro_skid[3].startup,reverse_osmosis.ro_skid[3].shutdown,reverse_osmosis.ro_skid[3].energy_intensity,reverse_osmosis.ro_skid[3].power_consumption,reverse_osmosis.ro_skid[3].recovery,reverse_osmosis.ro_skid[3].feed_flowrate,reverse_osmosis.ro_skid[3].product_flowrate,reverse_osmosis.ro_skid[3].reject_flowrate,reverse_osmosis.ro_skid[4].op_mode,reverse_osmosis.ro_skid[4].startup,reverse_osmosis.ro_skid[4].shutdown,reverse_osmosis.ro_skid[4].energy_intensity,reverse_osmosis.ro_skid[4].power_consumption,reverse_osmosis.ro_skid[4].recovery,reverse_osmosis.ro_skid[4].feed_flowrate,reverse_osmosis.ro_skid[4].product_flowrate,reverse_osmosis.ro_skid[4].reject_flowrate,posttreatment.op_mode,posttreatment.startup,posttreatment.shutdown,posttreatment.energy_intensity,posttreatment.power_consumption,posttreatment.feed_flowrate,posttreatment.product_flowrate,posttreatment.reject_flowrate,posttreatment.chemical_cost,brine_discharge.op_mode,brine_discharge.startup,brine_discharge.shutdown,brine_discharge.feed_flowrate,brine_discharge.power_consumption,brine_discharge.brine_cost,num_skids_online,net_power_consumption,water_revenue,demand_response_revenue,emissions_cost,energy_cost
0,1,1,0.1016,0,0,1380.151274,,,,0,0,1,2414.277137,2414.277137,0,386.284342,80.15400096,0,,,367.6003526,2414.277137,2317.706052,96.57108549,2414.277137,0,1,0,0,0.15860527,122.5334684,0.96,804.7590692,772.5687065,32.19036277,1,0,0,0.158605243,122.5334475,0.96,804.7590692,772.5687065,32.19036277,1,0,0,0.158605243,122.5334367,0.96,804.7589988,772.5686389,32.19035995,,,,796.6426098,2317.706052,2137.706051,180.0000008,2317.706052,4.55E-13,1,0,0,0.37362594,200.3954036,0.922594365,581.3530259,536.3530255,45.00000038,1,0,0,0.373625941,200.3954038,0.922594365,581.3530259,536.3530259,45,1,0,0,0.371691833,197.9259013,0.922077922,577.5,532.5,45,1,0,0,0.371691833,197.9259011,0.922077921,577.5,532.4999996,45.00000038,1,,,0.101,215.9083112,2137.706051,2137.706051,0,66.26888758,0,,,276.5710863,-8.53E-14,118.9255671,4,1380.151274,0,0,0,140.2233694
1,1,2,0.1016,0,0,1380.151273,,,,0,0,1,2414.277137,2414.277137,0,386.284342,80.15400096,0,,,367.6003526,2414.277137,2317.706052,96.57108549,2414.277137,0,1,0,0,0.15860527,122.5334684,0.96,804.7590692,772.5687065,32.19036277,1,0,0,0.158605243,122.5334475,0.96,804.7590692,772.5687065,32.19036277,1,0,0,0.158605243,122.5334367,0.96,804.7589988,772.5686389,32.19035995,,,,796.6426094,2317.706052,2137.70605,180.0000015,2317.706052,-4.55E-13,1,0,0,0.37362594,200.3954036,0.922594365,581.3530259,536.3530255,45.00000038,1,0,0,0.37362594,200.3954036,0.922594365,581.3530259,536.3530255,45.00000038,1,0,0,0.371691833,197.9259011,0.922077921,577.5,532.4999996,45.00000038,1,0,0,0.371691833,197.9259011,0.922077921,577.5,532.4999996,45.00000038,1,,,0.101,215.9083111,2137.70605,2137.70605,0,66.26888756,0,,,276.571087,-1.14E-13,118.9255674,4,1380.151273,0,0,0,140.2233693
2,1,3,0.1016,0,0,1380.151274,,,,0,0,1,2414.277137,2414.277137,0,386.284342,80.15400096,0,,,367.6003526,2414.277137,2317.706052,96.57108549,2414.277137,0,1,0,0,0.15860527,122.5334684,0.96,804.7590692,772.5687065,32.19036277,1,0,0,0.158605243,122.5334475,0.96,804.7590692,772.5687065,32.19036277,1,0,0,0.158605243,122.5334367,0.96,804.7589988,772.5686389,32.19035995,,,,796.6426098,2317.706052,2137.706051,180.0000008,2317.706052,9.09E-13,1,0,0,0.37362594,200.3954036,0.922594365,581.3530259,536.3530255,45.00000038,1,0,0,0.373625941,200.3954038,0.922594365,581.3530259,536.3530259,45,1,0,0,0.371691833,197.9259013,0.922077922,577.5,532.5,45,1,0,0,0.371691833,197.9259011,0.922077921,577.5,532.4999996,45.00000038,1,,,0.101,215.9083112,2137.706051,2137.706051,0,66.26888758,0,,,276.5710863,-2.84E-14,118.9255671,4,1380.151274,0,0,0,140.2233694
3,1,4,0.1016,0,0,1380.151273,,,,0,0,1,2414.277137,2414.277137,0,386.284342,80.15400096,0,,,367.6003526,2414.277137,2317.706052,96.57108549,2414.277137,0,1,0,0,0.15860527,122.5334684,0.96,804.7590692,772.5687065,32.19036277,1,0,0,0.158605243,122.5334475,0.96,804.7590692,772.5687065,32.19036277,1,0,0,0.158605243,122.5334367,0.96,804.7589988,772.5686389,32.19035995,,,,796.6426096,2317.706052,2137.706051,180.0000011,2317.706052,-4.55E-13,1,0,0,0.373625941,200.3954038,0.922594365,581.3530259,536.3530259,45,1,0,0,0.37362594,200.3954036,0.922594365,581.3530259,536.3530255,45.00000038,1,0,0,0.371691833,197.9259011,0.922077921,577.5,532.4999996,45.00000038,1,0,0,0.371691833,197.9259011,0.922077921,577.5,532.4999996,45.00000038,1,,,0.101,215.9083111,2137.706051,2137.706051,0,66.26888757,0,,,276.5710866,2.84E-14,118.9255673,4,1380.151273,0,0,0,140.2233694
4,1,5,0.1016,0,0,1380.151273,,,,0,0,1,2414.277137,2414.277137,0,386.284342,80.15400096,0,,,367.6003526,2414.277137,2317.706052,96.57108549,2414.277137,0,1,0,0,0.15860527,122.5334684,0.96,804.7590692,772.5687065,32.19036277,1,0,0,0.158605243,122.5334475,0.96,804.7590692,772.5687065,32.19036277,1,0,0,0.158605243,122.5334367,0.96,804.7589988,772.5686389,32.19035995,,,,796.6426096,2317.706052,2137.706051,180.0000011,2317.706052,4.55E-13,1,0,0,0.37362594,200.3954036,0.922594365,581.3530259,536.3530255,45.00000038,1,0,0,0.37362594,200.3954036,0.922594365,581.3530259,536.3530255,45.00000038,1,0,0,0.371691833,197.9259013,0.922077922,577.5,532.5,45,1,0,0,0.371691833,197.9259011,0.922077921,577.5,532.4999996,45.00000038,1,,,0.101,215.9083111,2137.706051,2137.706051,0,66.26888757,0,,,276.5710866,-8.53E-14,118.9255673,4,1380.151273,0,0,0,140.2233694
5,1,6,0.1016,0,0,1380.151273,,,,0,0,1,2414.277137,2414.277137,0,386.284342,80.15400096,0,,,367.6003526,2414.277137,2317.706052,96.57108549,2414.277137,0,1,0,0,0.15860527,122.5334684,0.96,804.7590692,772.5687065,32.19036277,1,0,0,0.158605243,122.5334475,0.96,804.7590692,772.5687065,32.19036277,1,0,0,0.158605243,122.5334367,0.96,804.7589988,772.5686389,32.19035995,,,,796.6426096,2317.706052,2137.706051,180.0000011,2317.706052,-4.55E-13,1,0,0,0.37362594,200.3954036,0.922594365,581.3530259,536.3530255,45.00000038,1,0,0,0.373625941,200.3954038,0.922594365,581.3530259,536.3530259,45,1,0,0,0.371691833,197.9259011,0.922077921,577.5,532.4999996,45.00000038,1,0,0,0.371691833,197.9259011,0.922077921,577.5,532.4999996,45.00000038,1,,,0.101,215.9083111,2137.706051,2137.706051,0,66.26888757,0,,,276.5710866,-1.42E-13,118.9255673,4,1380.151273,0,0,0,140.2233694
6,1,7,0.1016,0,0,1380.151274,,,,0,0,1,2414.277137,2414.277137,0,386.284342,80.15400096,0,,,367.6003526,2414.277137,2317.706052,96.57108549,2414.277137,0,1,0,0,0.15860527,122.5334684,0.96,804.7590692,772.5687065,32.19036277,1,0,0,0.158605243,122.5334475,0.96,804.7590692,772.5687065,32.19036277,1,0,0,0.158605243,122.5334367,0.96,804.7589988,772.5686389,32.19035995,,,,796.6426098,2317.706052,2137.706051,180.0000008,2317.706052,9.09E-13,1,0,0,0.37362594,200.3954036,0.922594365,581.3530259,536.3530255,45.00000038,1,0,0,0.37362594,200.3954036,0.922594365,581.3530259,536.3530255,45.00000038,1,0,0,0.371691833,197.9259013,0.922077922,577.5,532.5,45,1,0,0,0.371691833,197.9259013,0.922077922,577.5,532.5,45,1,,,0.101,215.9083112,2137.706051,2137.706051,0,66.26888758,0,,,276.5710863,2.84E-14,118.9255671,4,1380.151274,0,0,0,140.2233694
7,1,8,0.1016,0,0,1380.151273,,,,0,0,1,2414.277137,2414.277137,0,386.284342,80.15400096,0,,,367.6003526,2414.277137,2317.706052,96.57108549,2414.277137,0,1,0,0,0.15860527,122.5334684,0.96,804.7590692,772.5687065,32.19036277,1,0,0,0.158605243,122.5334475,0.96,804.7590692,772.5687065,32.19036277,1,0,0,0.158605243,122.5334367,0.96,804.7589988,772.5686389,32.19035995,,,,796.6426096,2317.706052,2137.706051,180.0000011,2317.706052,-4.55E-13,1,0,0,0.373625941,200.3954038,0.922594365,581.3530259,536.3530259,45,1,0,0,0.37362594,200.3954036,0.922594365,581.3530259,536.3530255,45.00000038,1,0,0,0.371691833,197.9259011,0.922077921,577.5,532.4999996,45.00000038,1,0,0,0.371691833,197.9259011,0.922077921,577.5,532.4999996,45.00000038,1,,,0.101,215.9083111,2137.706051,2137.706051,0,66.26888757,0,,,276.5710866,-5.68E-14,118.9255673,4,1380.151273,0,0,0,140.2233694
8,1,9,0.1016,0,0,1380.151273,,,,0,0,1,2414.277137,2414.277137,0,386.284342,80.15400096,0,,,367.6003526,2414.277137,2317.706052,96.57108549,2414.277137,0,1,0,0,0.15860527,122.5334684,0.96,804.7590692,772.5687065,32.19036277,1,0,0,0.158605243,122.5334475,0.96,804.7590692,772.5687065,32.19036277,1,0,0,0.158605243,122.5334367,0.96,804.7589988,772.5686389,32.19035995,,,,796.6426096,2317.706052,2137.706051,180.0000011,2317.706052,-4.55E-13,1,0,0,0.37362594,200.3954036,0.922594365,581.3530259,536.3530255,45.00000038,1,0,0,0.373625941,200.3954038,0.922594365,581.3530259,536.3530259,45,1,0,0,0.371691833,197.9259011,0.922077921,577.5,532.4999996,45.00000038,1,0,0,0.371691833,197.9259011,0.922077921,577.5,532.4999996,45.00000038,1,,,0.101,215.9083111,2137.706051,2137.706051,0,66.26888757,0,,,276.5710866,0,118.9255673,4,1380.151273,0,0,0,140.2233694
9,1,10,0.1016,0,0,1380.151273,,,,0,0,1,2414.277137,2414.277137,0,386.284342,80.15400096,0,,,367.6003526,2414.277137,2317.706052,96.57108549,2414.277137,0,1,0,0,0.15860527,122.5334684,0.96,804.7590692,772.5687065,32.19036277,1,0,0,0.158605243,122.5334475,0.96,804.7590692,772.5687065,32.19036277,1,0,0,0.158605243,122.5334367,0.96,804.7589988,772.5686389,32.19035995,,,,796.6426096,2317.706052,2137.706051,180.0000011,2317.706052,-4.55E-13,1,0,0,0.37362594,200.3954036,0.922594365,581.3530259,536.3530255,45.00000038,1,0,0,0.37362594,200.3954036,0.922594365,581.3530259,536.3530255,45.00000038,1,0,0,0.371691833,197.9259011,0.922077921,577.5,532.4999996,45.00000038,1,0,0,0.371691833,197.9259013,0.922077922,577.5,532.5,45,1,,,0.101,215.9083111,2137.706051,2137.706051,0,66.26888757,0,,,276.5710866,1.42E-13,118.9255673,4,1380.151273,0,0,0,140.2233694
10,1,11,0.1016,0,0,1380.151273,,,,0,0,1,2414.277137,2414.277137,0,386.284342,80.15400096,0,,,367.6003526,2414.277137,2317.706052,96.57108549,2414.277137,0,1,0,0,0.15860527,122.5334684,0.96,804.7590692,772.5687065,32.19036277,1,0,0,0.158605243,122.5334475,0.96,804.7590692,772.5687065,32.19036277,1,0,0,0.158605243,122.5334367,0.96,804.7589988,772.5686389,32.19035995,,,,796.6426096,2317.706052,2137.706051,180.0000011,2317.706052,-4.55E-13,1,0,0,0.37362594,200.3954036,0.922594365,581.3530259,536.3530255,45.00000038,1,0,0,0.373625941,200.3954038,0.922594365,581.3530259,536.3530259,45,1,0,0,0.371691833,197.9259011,0.922077921,577.5,532.4999996,45.00000038,1,0,0,0.371691833,197.9259011,0.922077921,577.5,532.4999996,45.00000038,1,,,0.101,215.9083111,2137.706051,2137.706051,0,66.26888757,0,,,276.5710866,0,118.9255673,4,1380.151273,0,0,0,140.2233694
11,1,12,0.1016,0,0,1380.151273,,,,0,0,1,2414.277137,2414.277137,0,386.284342,80.15400096,0,,,367.6003526,2414.277137,2317.706052,96.57108549,2414.277137,0,1,0,0,0.15860527,122.5334684,0.96,804.7590692,772.5687065,32.19036277,1,0,0,0.158605243,122.5334475,0.96,804.7590692,772.5687065,32.19036277,1,0,0,0.158605243,122.5334367,0.96,804.7589988,772.5686389,32.19035995,,,,796.6426096,2317.706052,2137.706051,180.0000011,2317.706052,0,1,0,0,0.37362594,200.3954036,0.922594365,581.3530259,536.3530255,45.00000038,1,0,0,0.37362594,200.3954036,0.922594365,581.3530259,536.3530255,45.00000038,1,0,0,0.371691833,197.9259011,0.922077921,577.5,532.4999996,45.00000038,1,0,0,0.371691833,197.9259013,0.922077922,577.5,532.5,45,1,,,0.101,215.9083111,2137.706051,2137.706051,0,66.26888757,0,,,276.5710866,2.84E-14,118.9255673,4,1380.151273,0,0,0,140.2233694
12,1,13,0.1016,0,0,1380.151273,,,,0,0,1,2414.277137,2414.277137,0,386.284342,80.15400096,0,,,367.6003526,2414.277137,2317.706052,96.57108549,2414.277137,0,1,0,0,0.15860527,122.5334684,0.96,804.7590692,772.5687065,32.19036277,1,0,0,0.158605243,122.5334475,0.96,804.7590692,772.5687065,32.19036277,1,0,0,0.158605243,122.5334367,0.96,804.7589988,772.5686389,32.19035995,,,,796.6426096,2317.706052,2137.706051,180.0000011,2317.706052,0,1,0,0,0.37362594,200.3954036,0.922594365,581.3530259,536.3530255,45.00000038,1,0,0,0.37362594,200.3954036,0.922594365,581.3530259,536.3530255,45.00000038,1,0,0,0.371691833,197.9259011,0.922077921,577.5,532.4999996,45.00000038,1,0,0,0.371691833,197.9259013,0.922077922,577.5,532.5,45,1,,,0.101,215.9083111,2137.706051,2137.706051,0,66.26888757,0,,,276.5710866,-8.53E-14,118.9255673,4,1380.151273,0,0,0,140.2233694
13,1,14,0.1016,0,0,1380.151273,,,,0,0,1,2414.277137,2414.277137,0,386.284342,80.15400096,0,,,367.6003526,2414.277137,2317.706052,96.57108549,2414.277137,0,1,0,0,0.15860527,122.5334684,0.96,804.7590692,772.5687065,32.19036277,1,0,0,0.158605243,122.5334475,0.96,804.7590692,772.5687065,32.19036277,1,0,0,0.158605243,122.5334367,0.96,804.7589988,772.5686389,32.19035995,,,,796.6426096,2317.706052,2137.706051,180.0000011,2317.706052,9.09E-13,1,0,0,0.37362594,200.3954036,0.922594365,581.3530259,536.3530255,45.00000038,1,0,0,0.37362594,200.3954036,0.922594365,581.3530259,536.3530255,45.00000038,1,0,0,0.371691833,197.9259013,0.922077922,577.5,532.5,45,1,0,0,0.371691833,197.9259011,0.922077921,577.5,532.4999996,45.00000038,1,,,0.101,215.9083111,2137.706051,2137.706051,0,66.26888757,0,,,276.5710866,-1.14E-13,118.9255673,4,1380.151273,0,0,0,140.2233694
14,1,15,0.1016,0,0,1380.151273,,,,0,0,1,2414.277137,2414.277137,0,386.284342,80.15400096,0,,,367.6003526,2414.277137,2317.706052,96.57108549,2414.277137,0,1,0,0,0.15860527,122.5334684,0.96,804.7590692,772.5687065,32.19036277,1,0,0,0.158605243,122.5334475,0.96,804.7590692,772.5687065,32.19036277,1,0,0,0.158605243,122.5334367,0.96,804.7589988,772.5686389,32.19035995,,,,796.6426096,2317.706052,2137.706051,180.0000011,2317.706052,-4.55E-13,1,0,0,0.37362594,200.3954036,0.922594365,581.3530259,536.3530255,45.00000038,1,0,0,0.373625941,200.3954038,0.922594365,581.3530259,536.3530259,45,1,0,0,0.371691833,197.9259011,0.922077921,577.5,532.4999996,45.00000038,1,0,0,0.371691833,197.9259011,0.922077921,577.5,532.4999996,45.00000038,1,,,0.101,215.9083111,2137.706051,2137.706051,0,66.26888757,0,,,276.5710866,-1.14E-13,118.9255673,4,1380.151273,0,0,0,140.2233694
15,1,16,0.1016,0,0,1380.151273,,,,0,0,1,2414.277137,2414.277137,0,386.284342,80.15400096,0,,,367.6003526,2414.277137,2317.706052,96.57108549,2414.277137,0,1,0,0,0.15860527,122.5334684,0.96,804.7590692,772.5687065,32.19036277,1,0,0,0.158605243,122.5334475,0.96,804.7590692,772.5687065,32.19036277,1,0,0,0.158605243,122.5334367,0.96,804.7589988,772.5686389,32.19035995,,,,796.6426094,2317.706052,2137.70605,180.0000015,2317.706052,-4.55E-13,1,0,0,0.37362594,200.3954036,0.922594365,581.3530259,536.3530255,45.00000038,1,0,0,0.37362594,200.3954036,0.922594365,581.3530259,536.3530255,45.00000038,1,0,0,0.371691833,197.9259011,0.922077921,577.5,532.4999996,45.00000038,1,0,0,0.371691833,197.9259011,0.922077921,577.5,532.4999996,45.00000038,1,,,0.101,215.9083111,2137.70605,2137.70605,0,66.26888756,0,,,276.571087,-1.42E-13,118.9255674,4,1380.151273,0,0,0,140.2233693
16,1,17,0.1016,0,0,1380.151273,,,,0,0,1,2414.277137,2414.277137,0,386.284342,80.15400096,0,,,367.6003526,2414.277137,2317.706052,96.57108549,2414.277137,0,1,0,0,0.15860527,122.5334684,0.96,804.7590692,772.5687065,32.19036277,1,0,0,0.158605243,122.5334475,0.96,804.7590692,772.5687065,32.19036277,1,0,0,0.158605243,122.5334367,0.96,804.7589988,772.5686389,32.19035995,,,,796.6426096,2317.706052,2137.706051,180.0000011,2317.706052,9.09E-13,1,0,0,0.37362594,200.3954036,0.922594365,581.3530259,536.3530255,45.00000038,1,0,0,0.37362594,200.3954036,0.922594365,581.3530259,536.3530255,45.00000038,1,0,0,0.371691833,197.9259013,0.922077922,577.5,532.5,45,1,0,0,0.371691833,197.9259011,0.922077921,577.5,532.4999996,45.00000038,1,,,0.101,215.9083111,2137.706051,2137.706051,0,66.26888757,0,,,276.5710866,-8.53E-14,118.9255673,4,1380.151273,0,0,0,140.2233694
17,1,18,0.15246,1,0,-4.77E-16,,,,0,0,1,0,0,0,0,0,0,,,-4.77E-16,0,0,0,0,0,0,0,1,0.271,0,0.96,0,0,0,0,0,1,0.271,0,0.96,0,0,0,0,0,1,0.271,0,0.96,0,0,0,,,,0,0,0,0,0,0,0,0,1,0.087248178,0,0.88,0,0,0,0,0,1,0.087248178,0,0.88,0,0,0,0,0,1,0.087248178,0,0.88,0,0,0,0,0,1,0.087248178,0,0.88,0,0,0,1,,,0.101,0,0,0,0,0,0,,,0,0,0,0,-4.77E-16,0,0,0,-7.28E-17
18,1,19,0.15246,1,0,-4.77E-16,,,,0,0,1,0,0,0,0,0,0,,,-4.77E-16,0,0,0,0,0,0,0,0,0.271,0,0.96,0,0,0,0,0,0,0.271,0,0.96,0,0,0,0,0,0,0.271,0,0.96,0,0,0,,,,0,0,0,0,0,0,0,0,0,0.087248178,0,0.88,0,0,0,0,0,0,0.087248178,0,0.88,0,0,0,0,0,0,0.087248178,0,0.88,0,0,0,0,0,0,0.087248178,0,0.88,0,0,0,1,,,0.101,0,0,0,0,0,0,,,0,0,0,0,-4.77E-16,0,0,0,-7.28E-17
19,1,20,0.15246,1,0,-4.77E-16,,,,0,0,1,0,0,0,0,0,0,,,-4.77E-16,0,0,0,0,0,0,0,0,0.271,0,0.96,0,0,0,0,0,0,0.271,0,0.96,0,0,0,0,0,0,0.271,0,0.96,0,0,0,,,,0,0,0,0,0,0,0,0,0,0.087248178,0,0.88,0,0,0,0,0,0,0.087248178,0,0.88,0,0,0,0,0,0,0.087248178,0,0.88,0,0,0,0,0,0,0.087248178,0,0.88,0,0,0,1,,,0.101,0,0,0,0,0,0,,,0,0,0,0,-4.77E-16,0,0,0,-7.28E-17
20,1,21,0.15246,1,0,-4.77E-16,,,,0,0,1,0,0,0,0,0,0,,,-4.77E-16,0,0,0,0,0,0,0,0,0.271,0,0.96,0,0,0,0,0,0,0.271,0,0.96,0,0,0,0,0,0,0.271,0,0.96,0,0,0,,,,0,0,0,0,0,0,0,0,0,0.087248178,0,0.88,0,0,0,0,0,0,0.087248178,0,0.88,0,0,0,0,0,0,0.087248178,0,0.88,0,0,0,0,0,0,0.087248178,0,0.88,0,0,0,1,,,0.101,0,0,0,0,0,0,,,0,0,0,0,-4.77E-16,0,0,0,-7.28E-17
21,1,22,0.15246,1,0,-4.77E-16,,,,0,0,1,0,0,0,0,0,0,,,-4.77E-16,0,0,0,0,0,0,0,0,0.271,0,0.96,0,0,0,0,0,0,0.271,0,0.96,0,0,0,0,0,0,0.271,0,0.96,0,0,0,,,,0,0,0,0,0,0,0,0,0,0.087248178,0,0.88,0,0,0,0,0,0,0.087248178,0,0.88,0,0,0,0,0,0,0.087248178,0,0.88,0,0,0,0,0,0,0.087248178,0,0.88,0,0,0,1,,,0.101,0,0,0,0,0,0,,,0,0,0,0,-4.77E-16,0,0,0,-7.28E-17
22,1,23,0.1016,0,0,569.0854513,,,,0,0,1,1083.333333,1083.333333,0,173.3333333,35.96666667,0,,,167.7415278,1083.333333,1040,43.33333333,1083.333333,0,1,1,0,0.161289931,83.87076389,0.96,541.6666667,520,21.66666667,1,1,0,0.161289931,83.87076389,0.96,541.6666667,520,21.66666667,0,0,0,0.271,0,0.96,0,0,0,,,,308.9087236,1040,915.2,124.8,1040,0,1,1,0,0.337531385,154.4543618,0.88,520,457.6,62.4,1,1,0,0.337531385,154.4543618,0.88,520,457.6,62.4,0,0,0,0.087248178,0,0.88,0,0,0,0,0,0,0.087248178,0,0.88,0,0,0,0,,,0.101,92.4352,915.2,0,915.2,28.3712,1,,,1083.333333,0,465.8333333,2,569.0854513,0,0,0,57.81908186
23,1,24,0.1016,0,0,569.0854513,,,,0,0,1,1083.333333,1083.333333,0,173.3333333,35.96666667,0,,,167.7415278,1083.333333,1040,43.33333333,1083.333333,0,1,0,0,0.161289931,83.87076389,0.96,541.6666667,520,21.66666667,1,0,0,0.161289931,83.87076389,0.96,541.6666667,520,21.66666667,0,0,0,0.271,0,0.96,0,0,0,,,,308.9087236,1040,915.2,124.8,1040,0,1,0,0,0.337531385,154.4543618,0.88,520,457.6,62.4,1,0,0,0.337531385,154.4543618,0.88,520,457.6,62.4,0,0,0,0.087248178,0,0.88,0,0,0,0,0,0,0.087248178,0,0.88,0,0,0,0,,,0.101,92.4352,915.2,0,915.2,28.3712,1,,,1083.333333,0,465.8333333,2,569.0854513,0,0,0,57.81908186
24,1,25,0.1016,0,0,1380.176917,,,,0,0,1,2414.28951,2414.28951,0,386.2863217,80.15441174,0,,,367.6027791,2414.28951,2317.71793,96.57158041,2414.28951,0,1,0,0,0.158605486,122.5342596,0.96,804.7631696,772.5726428,32.19052678,1,0,0,0.158605486,122.5342598,0.96,804.7631705,772.5726437,32.19052682,1,1,0,0.158605486,122.5342597,0.96,804.7631702,772.5726434,32.19052681,,,,796.6646275,2317.71793,2137.717929,180.0000008,2317.71793,0,1,0,0,0.375564957,202.886924,0.923105569,585.2179302,540.2179302,45,1,0,0,0.371691833,197.9259011,0.922077921,577.5,532.4999996,45.00000038,1,1,0,0.371691833,197.9259013,0.922077922,577.5,532.5,45,1,1,0,0.371691833,197.9259011,0.922077921,577.5,532.4999996,45.00000038,1,,,0.101,215.9095109,2137.717929,2137.717929,0,66.26925581,0,,,276.5715812,-5.68E-14,118.9257799,4,1380.176917,0,0,0,140.2259748
25,1,26,0.1016,0,0,1380.176917,,,,0,0,1,2414.28951,2414.28951,0,386.2863217,80.15441174,0,,,367.6027791,2414.28951,2317.71793,96.57158041,2414.28951,0,1,0,0,0.158605486,122.5342596,0.96,804.7631696,772.5726428,32.19052678,1,0,0,0.158605486,122.5342598,0.96,804.7631705,772.5726437,32.19052682,1,0,0,0.158605486,122.5342597,0.96,804.7631702,772.5726434,32.19052681,,,,796.6646275,2317.71793,2137.717929,180.0000008,2317.71793,0,1,0,0,0.375564957,202.886924,0.923105569,585.2179302,540.2179302,45,1,0,0,0.371691833,197.9259011,0.922077921,577.5,532.4999996,45.00000038,1,0,0,0.371691833,197.9259011,0.922077921,577.5,532.4999996,45.00000038,1,0,0,0.371691833,197.9259013,0.922077922,577.5,532.5,45,1,,,0.101,215.9095109,2137.717929,2137.717929,0,66.26925581,0,,,276.5715812,0,118.9257799,4,1380.176917,0,0,0,140.2259748
26,1,27,0.1016,0,0,1380.176917,,,,0,0,1,2414.28951,2414.28951,0,386.2863217,80.15441174,0,,,367.6027791,2414.28951,2317.71793,96.57158041,2414.28951,0,1,0,0,0.158605486,122.5342596,0.96,804.7631696,772.5726428,32.19052678,1,0,0,0.158605486,122.5342598,0.96,804.7631705,772.5726437,32.19052682,1,0,0,0.158605486,122.5342597,0.96,804.7631702,772.5726434,32.19052681,,,,796.6646273,2317.71793,2137.717929,180.0000011,2317.71793,0,1,0,0,0.375564957,202.8869238,0.923105568,585.2179302,540.2179298,45.00000038,1,0,0,0.371691833,197.9259011,0.922077921,577.5,532.4999996,45.00000038,1,0,0,0.371691833,197.9259011,0.922077921,577.5,532.4999996,45.00000038,1,0,0,0.371691833,197.9259013,0.922077922,577.5,532.5,45,1,,,0.101,215.9095108,2137.717929,2137.717929,0,66.2692558,0,,,276.5715816,0,118.9257801,4,1380.176917,0,0,0,140.2259748
27,1,28,0.1016,0,0,1380.176917,,,,0,0,1,2414.28951,2414.28951,0,386.2863217,80.15441174,0,,,367.6027791,2414.28951,2317.71793,96.57158041,2414.28951,0,1,0,0,0.158605486,122.5342596,0.96,804.7631696,772.5726428,32.19052678,1,0,0,0.158605486,122.5342598,0.96,804.7631705,772.5726437,32.19052682,1,0,0,0.158605486,122.5342597,0.96,804.7631702,772.5726434,32.19052681,,,,796.6646271,2317.71793,2137.717929,180.0000015,2317.71793,0,1,0,0,0.375564957,202.8869238,0.923105568,585.2179302,540.2179298,45.00000038,1,0,0,0.371691833,197.9259011,0.922077921,577.5,532.4999996,45.00000038,1,0,0,0.371691833,197.9259011,0.922077921,577.5,532.4999996,45.00000038,1,0,0,0.371691833,197.9259011,0.922077921,577.5,532.4999996,45.00000038,1,,,0.101,215.9095108,2137.717929,2137.717929,0,66.26925579,0,,,276.5715819,-1.14E-13,118.9257802,4,1380.176917,0,0,0,140.2259748
28,1,29,0.1016,0,0,1380.176917,,,,0,0,1,2414.28951,2414.28951,0,386.2863217,80.15441174,0,,,367.6027791,2414.28951,2317.71793,96.57158041,2414.28951,0,1,0,0,0.158605486,122.5342596,0.96,804.7631696,772.5726428,32.19052678,1,0,0,0.158605486,122.5342598,0.96,804.7631705,772.5726437,32.19052682,1,0,0,0.158605486,122.5342597,0.96,804.7631702,772.5726434,32.19052681,,,,796.6646271,2317.71793,2137.717929,180.0000015,2317.71793,0,1,0,0,0.375564957,202.8869238,0.923105568,585.2179302,540.2179298,45.00000038,1,0,0,0.371691833,197.9259011,0.922077921,577.5,532.4999996,45.00000038,1,0,0,0.371691833,197.9259011,0.922077921,577.5,532.4999996,45.00000038,1,0,0,0.371691833,197.9259011,0.922077921,577.5,532.4999996,45.00000038,1,,,0.101,215.9095108,2137.717929,2137.717929,0,66.26925579,0,,,276.5715819,-1.14E-13,118.9257802,4,1380.176917,0,0,0,140.2259748
29,1,30,0.1016,0,0,1380.176917,,,,0,0,1,2414.28951,2414.28951,0,386.2863217,80.15441174,0,,,367.6027791,2414.28951,2317.71793,96.57158041,2414.28951,0,1,0,0,0.158605486,122.5342596,0.96,804.7631696,772.5726428,32.19052678,1,0,0,0.158605486,122.5342598,0.96,804.7631705,772.5726437,32.19052682,1,0,0,0.158605486,122.5342597,0.96,804.7631702,772.5726434,32.19052681,,,,796.6646271,2317.71793,2137.717929,180.0000015,2317.71793,0,1,0,0,0.375564957,202.8869238,0.923105568,585.2179302,540.2179298,45.00000038,1,0,0,0.371691833,197.9259011,0.922077921,577.5,532.4999996,45.00000038,1,0,0,0.371691833,197.9259011,0.922077921,577.5,532.4999996,45.00000038,1,0,0,0.371691833,197.9259011,0.922077921,577.5,532.4999996,45.00000038,1,,,0.101,215.9095108,2137.717929,2137.717929,0,66.26925579,0,,,276.5715819,0,118.9257802,4,1380.176917,0,0,0,140.2259748
30,1,31,0.1016,0,0,1380.176917,,,,0,0,1,2414.28951,2414.28951,0,386.2863217,80.15441174,0,,,367.6027791,2414.28951,2317.71793,96.57158041,2414.28951,0,1,0,0,0.158605486,122.5342596,0.96,804.7631696,772.5726428,32.19052678,1,0,0,0.158605486,122.5342598,0.96,804.7631705,772.5726437,32.19052682,1,0,0,0.158605486,122.5342597,0.96,804.7631702,772.5726434,32.19052681,,,,796.6646275,2317.71793,2137.717929,180.0000008,2317.71793,0,1,0,0,0.375564957,202.886924,0.923105569,585.2179302,540.2179302,45,1,0,0,0.371691833,197.9259011,0.922077921,577.5,532.4999996,45.00000038,1,0,0,0.371691833,197.9259011,0.922077921,577.5,532.4999996,45.00000038,1,0,0,0.371691833,197.9259013,0.922077922,577.5,532.5,45,1,,,0.101,215.9095109,2137.717929,2137.717929,0,66.26925581,0,,,276.5715812,-8.53E-14,118.9257799,4,1380.176917,0,0,0,140.2259748
31,1,32,0.1016,0,0,1380.176917,,,,0,0,1,2414.28951,2414.28951,0,386.2863217,80.15441174,0,,,367.6027791,2414.28951,2317.71793,96.57158041,2414.28951,0,1,0,0,0.158605486,122.5342596,0.96,804.7631696,772.5726428,32.19052678,1,0,0,0.158605486,122.5342598,0.96,804.7631705,772.5726437,32.19052682,1,0,0,0.158605486,122.5342597,0.96,804.7631702,772.5726434,32.19052681,,,,796.6646274,2317.71793,2137.717929,180.0000011,2317.71793,0,1,0,0,0.375564958,202.886924,0.923105569,585.2179302,540.2179303,44.99999991,1,0,0,0.371691833,197.9259011,0.922077921,577.5,532.4999996,45.00000038,1,0,0,0.371691833,197.9259011,0.922077921,577.5,532.4999996,45.00000038,1,0,0,0.371691833,197.9259011,0.922077921,577.5,532.4999996,45.00000038,1,,,0.101,215.9095108,2137.717929,2137.717929,0,66.2692558,0,,,276.5715815,1.14E-13,118.92578,4,1380.176917,0,0,0,140.2259748
32,1,33,0.1016,0,0,1380.176917,,,,0,0,1,2414.28951,2414.28951,0,386.2863217,80.15441174,0,,,367.6027791,2414.28951,2317.71793,96.57158041,2414.28951,0,1,0,0,0.158605486,122.5342596,0.96,804.7631696,772.5726428,32.19052678,1,0,0,0.158605486,122.5342598,0.96,804.7631705,772.5726437,32.19052682,1,0,0,0.158605486,122.5342597,0.96,804.7631702,772.5726434,32.19052681,,,,796.6646273,2317.71793,2137.717929,180.0000011,2317.71793,0,1,0,0,0.375564957,202.8869238,0.923105568,585.2179302,540.2179298,45.00000038,1,0,0,0.371691833,197.9259011,0.922077921,577.5,532.4999996,45.00000038,1,0,0,0.371691833,197.9259011,0.922077921,577.5,532.4999996,45.00000038,1,0,0,0.371691833,197.9259013,0.922077922,577.5,532.5,45,1,,,0.101,215.9095108,2137.717929,2137.717929,0,66.2692558,0,,,276.5715816,-5.68E-14,118.9257801,4,1380.176917,0,0,0,140.2259748
33,1,34,0.1016,0,0,1380.176917,,,,0,0,1,2414.28951,2414.28951,0,386.2863217,80.15441174,0,,,367.6027791,2414.28951,2317.71793,96.57158041,2414.28951,0,1,0,0,0.158605486,122.5342596,0.96,804.7631696,772.5726428,32.19052678,1,0,0,0.158605486,122.5342598,0.96,804.7631705,772.5726437,32.19052682,1,0,0,0.158605486,122.5342597,0.96,804.7631702,772.5726434,32.19052681,,,,796.6646271,2317.71793,2137.717929,180.0000015,2317.71793,0,1,0,0,0.375564957,202.8869238,0.923105568,585.2179302,540.2179298,45.00000038,1,0,0,0.371691833,197.9259011,0.922077921,577.5,532.4999996,45.00000038,1,0,0,0.371691833,197.9259011,0.922077921,577.5,532.4999996,45.00000038,1,0,0,0.371691833,197.9259011,0.922077921,577.5,532.4999996,45.00000038,1,,,0.101,215.9095108,2137.717929,2137.717929,0,66.26925579,0,,,276.5715819,-1.14E-13,118.9257802,4,1380.176917,0,0,0,140.2259748
34,1,35,0.1016,0,0,1380.176917,,,,0,0,1,2414.28951,2414.28951,0,386.2863217,80.15441174,0,,,367.6027791,2414.28951,2317.71793,96.57158041,2414.28951,0,1,0,0,0.158605486,122.5342596,0.96,804.7631696,772.5726428,32.19052678,1,0,0,0.158605486,122.5342598,0.96,804.7631705,772.5726437,32.19052682,1,0,0,0.158605486,122.5342597,0.96,804.7631702,772.5726434,32.19052681,,,,796.6646275,2317.71793,2137.717929,180.0000008,2317.71793,0,1,0,0,0.375564957,202.8869238,0.923105568,585.2179302,540.2179298,45.00000038,1,0,0,0.371691833,197.9259013,0.922077922,577.5,532.5,45,1,0,0,0.371691833,197.9259013,0.922077922,577.5,532.5,45,1,0,0,0.371691833,197.9259011,0.922077921,577.5,532.4999996,45.00000038,1,,,0.101,215.9095109,2137.717929,2137.717929,0,66.26925581,0,,,276.5715812,-1.14E-13,118.9257799,4,1380.176917,0,0,0,140.2259748
35,1,36,0.1016,0,0,1380.176917,,,,0,0,1,2414.28951,2414.28951,0,386.2863217,80.15441174,0,,,367.6027791,2414.28951,2317.71793,96.57158041,2414.28951,0,1,0,0,0.158605486,122.5342596,0.96,804.7631696,772.5726428,32.19052678,1,0,0,0.158605486,122.5342598,0.96,804.7631705,772.5726437,32.19052682,1,0,0,0.158605486,122.5342597,0.96,804.7631702,772.5726434,32.19052681,,,,796.6646275,2317.71793,2137.717929,180.0000008,2317.71793,0,1,0,0,0.375564957,202.886924,0.923105569,585.2179302,540.2179302,45,1,0,0,0.371691833,197.9259011,0.922077921,577.5,532.4999996,45.00000038,1,0,0,0.371691833,197.9259013,0.922077922,577.5,532.5,45,1,0,0,0.371691833,197.9259011,0.922077921,577.5,532.4999996,45.00000038,1,,,0.101,215.9095109,2137.717929,2137.717929,0,66.26925581,0,,,276.5715812,-5.68E-14,118.9257799,4,1380.176917,0,0,0,140.2259748
36,1,37,0.1016,0,0,1380.176917,,,,0,0,1,2414.28951,2414.28951,0,386.2863217,80.15441174,0,,,367.6027791,2414.28951,2317.71793,96.57158041,2414.28951,0,1,0,0,0.158605486,122.5342596,0.96,804.7631696,772.5726428,32.19052678,1,0,0,0.158605486,122.5342598,0.96,804.7631705,772.5726437,32.19052682,1,0,0,0.158605486,122.5342597,0.96,804.7631702,772.5726434,32.19052681,,,,796.6646275,2317.71793,2137.717929,180.0000008,2317.71793,0,1,0,0,0.375564957,202.8869238,0.923105568,585.2179302,540.2179298,45.00000038,1,0,0,0.371691833,197.9259013,0.922077922,577.5,532.5,45,1,0,0,0.371691833,197.9259011,0.922077921,577.5,532.4999996,45.00000038,1,0,0,0.371691833,197.9259013,0.922077922,577.5,532.5,45,1,,,0.101,215.9095109,2137.717929,2137.717929,0,66.26925581,0,,,276.5715812,5.68E-14,118.9257799,4,1380.176917,0,0,0,140.2259748
37,1,38,0.1016,0,0,1380.176917,,,,0,0,1,2414.28951,2414.28951,0,386.2863217,80.15441174,0,,,367.6027791,2414.28951,2317.71793,96.57158041,2414.28951,0,1,0,0,0.158605486,122.5342596,0.96,804.7631696,772.5726428,32.19052678,1,0,0,0.158605486,122.5342598,0.96,804.7631705,772.5726437,32.19052682,1,0,0,0.158605486,122.5342597,0.96,804.7631702,772.5726434,32.19052681,,,,796.6646275,2317.71793,2137.717929,180.0000008,2317.71793,0,1,0,0,0.375564957,202.886924,0.923105569,585.2179302,540.2179302,45,1,0,0,0.371691833,197.9259011,0.922077921,577.5,532.4999996,45.00000038,1,0,0,0.371691833,197.9259011,0.922077921,577.5,532.4999996,45.00000038,1,0,0,0.371691833,197.9259013,0.922077922,577.5,532.5,45,1,,,0.101,215.9095109,2137.717929,2137.717929,0,66.26925581,0,,,276.5715812,-1.42E-13,118.9257799,4,1380.176917,0,0,0,140.2259748
38,1,39,0.1016,0,0,1380.176917,,,,0,0,1,2414.28951,2414.28951,0,386.2863217,80.15441174,0,,,367.6027791,2414.28951,2317.71793,96.57158041,2414.28951,0,1,0,0,0.158605486,122.5342596,0.96,804.7631696,772.5726428,32.19052678,1,0,0,0.158605486,122.5342598,0.96,804.7631705,772.5726437,32.19052682,1,0,0,0.158605486,122.5342597,0.96,804.7631702,772.5726434,32.19052681,,,,796.6646273,2317.71793,2137.717929,180.0000011,2317.71793,0,1,0,0,0.375564957,202.886924,0.923105569,585.2179302,540.2179302,45,1,0,0,0.371691833,197.9259011,0.922077921,577.5,532.4999996,45.00000038,1,0,0,0.371691833,197.9259011,0.922077921,577.5,532.4999996,45.00000038,1,0,0,0.371691833,197.9259011,0.922077921,577.5,532.4999996,45.00000038,1,,,0.101,215.9095108,2137.717929,2137.717929,0,66.2692558,0,,,276.5715816,1.42E-13,118.9257801,4,1380.176917,0,0,0,140.2259748
39,1,40,0.1016,0,0,1380.176917,,,,0,0,1,2414.28951,2414.28951,0,386.2863217,80.15441174,0,,,367.6027791,2414.28951,2317.71793,96.57158041,2414.28951,0,1,0,0,0.158605486,122.5342596,0.96,804.7631696,772.5726428,32.19052678,1,0,0,0.158605486,122.5342598,0.96,804.7631705,772.5726437,32.19052682,1,0,0,0.158605486,122.5342597,0.96,804.7631702,772.5726434,32.19052681,,,,796.6646271,2317.71793,2137.717929,180.0000015,2317.71793,0,1,0,0,0.375564957,202.8869238,0.923105568,585.2179302,540.2179299,45.00000038,1,0,0,0.371691833,197.9259011,0.922077921,577.5,532.4999996,45.00000038,1,0,0,0.371691833,197.9259011,0.922077921,577.5,532.4999996,45.00000038,1,0,0,0.371691833,197.9259011,0.922077921,577.5,532.4999996,45.00000038,1,,,0.101,215.9095108,2137.717929,2137.717929,0,66.26925579,0,,,276.5715819,-1.14E-13,118.9257802,4,1380.176917,0,0,0,140.2259748
40,1,41,0.1016,0,0,1380.176917,,,,0,0,1,2414.28951,2414.28951,0,386.2863217,80.15441174,0,,,367.6027791,2414.28951,2317.71793,96.57158041,2414.28951,0,1,0,0,0.158605486,122.5342596,0.96,804.7631696,772.5726428,32.19052678,1,0,0,0.158605486,122.5342598,0.96,804.7631705,772.5726437,32.19052682,1,0,0,0.158605486,122.5342597,0.96,804.7631702,772.5726434,32.19052681,,,,796.6646271,2317.71793,2137.717929,180.0000015,2317.71793,0,1,0,0,0.375564957,202.8869238,0.923105568,585.2179302,540.2179299,45.00000038,1,0,0,0.371691833,197.9259011,0.922077921,577.5,532.4999996,45.00000038,1,0,0,0.371691833,197.9259011,0.922077921,577.5,532.4999996,45.00000038,1,0,0,0.371691833,197.9259011,0.922077921,577.5,532.4999996,45.00000038,1,,,0.101,215.9095108,2137.717929,2137.717929,0,66.26925579,0,,,276.5715819,-8.53E-14,118.9257802,4,1380.176917,0,0,0,140.2259748
41,1,42,0.15246,1,0,-4.77E-16,,,,0,0,1,0,0,0,0,0,0,,,-4.77E-16,0,0,0,0,0,0,0,1,0.271,0,0.96,0,0,0,0,0,1,0.271,0,0.96,0,0,0,0,0,1,0.271,0,0.96,0,0,0,,,,0,0,0,0,0,0,0,0,1,0.087248178,0,0.88,0,0,0,0,0,1,0.087248178,0,0.88,0,0,0,0,0,1,0.087248178,0,0.88,0,0,0,0,0,1,0.087248178,0,0.88,0,0,0,1,,,0.101,0,0,0,0,0,0,,,0,0,0,0,-4.77E-16,0,2204,0,-7.28E-17
42,1,43,0.15246,1,0,-4.77E-16,,,,0,0,1,0,0,0,0,0,0,,,-4.77E-16,0,0,0,0,0,0,0,0,0.271,0,0.96,0,0,0,0,0,0,0.271,0,0.96,0,0,0,0,0,0,0.271,0,0.96,0,0,0,,,,0,0,0,0,0,0,0,0,0,0.087248178,0,0.88,0,0,0,0,0,0,0.087248178,0,0.88,0,0,0,0,0,0,0.087248178,0,0.88,0,0,0,0,0,0,0.087248178,0,0.88,0,0,0,1,,,0.101,0,0,0,0,0,0,,,0,0,0,0,-4.77E-16,0,2204,0,-7.28E-17
43,1,44,0.15246,1,0,-4.77E-16,,,,0,0,1,0,0,0,0,0,0,,,-4.77E-16,0,0,0,0,0,0,0,0,0.271,0,0.96,0,0,0,0,0,0,0.271,0,0.96,0,0,0,0,0,0,0.271,0,0.96,0,0,0,,,,0,0,0,0,0,0,0,0,0,0.087248178,0,0.88,0,0,0,0,0,0,0.087248178,0,0.88,0,0,0,0,0,0,0.087248178,0,0.88,0,0,0,0,0,0,0.087248178,0,0.88,0,0,0,1,,,0.101,0,0,0,0,0,0,,,0,0,0,0,-4.77E-16,0,2204,0,-7.28E-17
44,1,45,0.15246,1,0,-4.77E-16,,,,0,0,1,0,0,0,0,0,0,,,-4.77E-16,0,0,0,0,0,0,0,0,0.271,0,0.96,0,0,0,0,0,0,0.271,0,0.96,0,0,0,0,0,0,0.271,0,0.96,0,0,0,,,,0,0,0,0,0,0,0,0,0,0.087248178,0,0.88,0,0,0,0,0,0,0.087248178,0,0.88,0,0,0,0,0,0,0.087248178,0,0.88,0,0,0,0,0,0,0.087248178,0,0.88,0,0,0,1,,,0.101,0,0,0,0,0,0,,,0,0,0,0,-4.77E-16,0,2204,0,-7.28E-17
45,1,46,0.15246,1,0,-4.77E-16,,,,0,0,1,0,0,0,0,0,0,,,-4.77E-16,0,0,0,0,0,0,0,0,0.271,0,0.96,0,0,0,0,0,0,0.271,0,0.96,0,0,0,0,0,0,0.271,0,0.96,0,0,0,,,,0,0,0,0,0,0,0,0,0,0.087248178,0,0.88,0,0,0,0,0,0,0.087248178,0,0.88,0,0,0,0,0,0,0.087248178,0,0.88,0,0,0,0,0,0,0.087248178,0,0.88,0,0,0,1,,,0.101,0,0,0,0,0,0,,,0,0,0,0,-4.77E-16,0,2204,0,-7.28E-17
46,1,47,0.1016,0,0,569.0854538,,,,0,0,1,1083.333333,1083.333333,0,173.3333333,35.96666667,0,,,167.7415302,1083.333333,1040,43.33333333,1083.333333,0,1,1,0,0.161279029,83.88820065,0.96,541.8158989,520.143263,21.67263596,1,1,0,0.161300842,83.85332954,0.96,541.5174344,519.856737,21.66069738,0,0,0,0.271,0,0.96,0,0,0,,,,308.9087236,1040,915.2,124.8,1040,0,1,1,0,0.337531385,154.4543618,0.88,520,457.6,62.4,1,1,0,0.337531385,154.4543618,0.88,520,457.6,62.4,0,0,0,0.087248178,0,0.88,0,0,0,0,0,0,0.087248178,0,0.88,0,0,0,0,,,0.101,92.4352,915.2,0,915.2,28.3712,1,,,1083.333333,0,465.8333333,2,569.0854538,0,0,0,57.8190821
47,1,48,0.1016,0,0,569.0854538,,,,0,0,1,1083.333333,1083.333333,0,173.3333333,35.96666667,0,,,167.7415302,1083.333333,1040,43.33333333,1083.333333,0,1,0,0,0.161279029,83.88820065,0.96,541.8158989,520.143263,21.67263596,1,0,0,0.161300842,83.85332954,0.96,541.5174344,519.856737,21.66069738,0,0,0,0.271,0,0.96,0,0,0,,,,308.9087236,1040,915.2,124.8,1040,0,1,0,0,0.337531385,154.4543618,0.88,520,457.6,62.4,1,0,0,0.337531385,154.4543618,0.88,520,457.6,62.4,0,0,0,0.087248178,0,0.88,0,0,0,0,0,0,0.087248178,0,0.88,0,0,0,0,,,0.101,92.4352,915.2,0,915.2,28.3712,1,,,1083.333333,0,465.8333333,2,569.0854538,0,0,0,57.8190821
48,1,49,0.1016,0,0,1380.137672,,,,0,0,1,2414.24641,2414.24641,0,386.2794257,80.15298083,0,,,367.5944627,2414.24641,2317.676554,96.56985642,2414.24641,0,1,0,0,0.158604729,122.5314876,0.96,804.7488035,772.5588513,32.18995214,1,0,0,0.158604729,122.5314876,0.96,804.7488035,772.5588513,32.18995214,1,1,0,0.158604729,122.5314876,0.96,804.7488035,772.5588513,32.18995214,,,,796.6378778,2317.676554,2137.676553,180.0000008,2317.676554,1.82E-12,1,0,0,0.375544205,202.8601741,0.923100131,585.176554,540.1765536,45.00000038,1,0,0,0.371691833,197.9259013,0.922077922,577.5,532.5,45,1,1,0,0.371691833,197.9259011,0.922077921,577.5,532.4999996,45.00000038,1,1,0,0.371691833,197.9259013,0.922077922,577.5,532.5,45,1,,,0.101,215.9053319,2137.676553,2137.676553,0,66.26797315,0,,,276.5698572,-1.14E-13,118.9250386,4,1380.137672,0,0,0,140.2219875
49,1,50,0.1016,0,0,1380.137672,,,,0,0,1,2414.24641,2414.24641,0,386.2794257,80.15298083,0,,,367.5944627,2414.24641,2317.676554,96.56985642,2414.24641,0,1,0,0,0.158604729,122.5314876,0.96,804.7488035,772.5588513,32.18995214,1,0,0,0.158604729,122.5314876,0.96,804.7488035,772.5588513,32.18995214,1,0,0,0.158604729,122.5314876,0.96,804.7488035,772.5588513,32.18995214,,,,796.6378776,2317.676554,2137.676553,180.0000011,2317.676554,9.09E-13,1,0,0,0.375544205,202.8601741,0.923100131,585.176554,540.1765536,45.00000038,1,0,0,0.371691833,197.9259011,0.922077921,577.5,532.4999996,45.00000038,1,0,0,0.371691833,197.9259011,0.922077921,577.5,532.4999996,45.00000038,1,0,0,0.371691833,197.9259013,0.922077922,577.5,532.5,45,1,,,0.101,215.9053318,2137.676553,2137.676553,0,66.26797314,0,,,276.5698576,2.84E-14,118.9250387,4,1380.137672,0,0,0,140.2219875
50,1,51,0.1016,0,0,1380.137672,,,,0,0,1,2414.24641,2414.24641,0,386.2794257,80.15298083,0,,,367.5944627,2414.24641,2317.676554,96.56985642,2414.24641,0,1,0,0,0.158604729,122.5314876,0.96,804.7488035,772.5588513,32.18995214,1,0,0,0.158604729,122.5314876,0.96,804.7488035,772.5588513,32.18995214,1,0,0,0.158604729,122.5314876,0.96,804.7488035,772.5588513,32.18995214,,,,796.6378776,2317.676554,2137.676553,180.0000011,2317.676554,4.55E-13,1,0,0,0.375544205,202.8601741,0.923100131,585.176554,540.1765536,45.00000038,1,0,0,0.371691833,197.9259011,0.922077921,577.5,532.4999996,45.00000038,1,0,0,0.371691833,197.9259011,0.922077921,577.5,532.4999996,45.00000038,1,0,0,0.371691833,197.9259013,0.922077922,577.5,532.5,45,1,,,0.101,215.9053318,2137.676553,2137.676553,0,66.26797314,0,,,276.5698576,2.84E-14,118.9250387,4,1380.137672,0,0,0,140.2219875
51,1,52,0.1016,0,0,1380.137672,,,,0,0,1,2414.24641,2414.24641,0,386.2794257,80.15298083,0,,,367.5944627,2414.24641,2317.676554,96.56985642,2414.24641,0,1,0,0,0.158604729,122.5314876,0.96,804.7488035,772.5588513,32.18995214,1,0,0,0.158604729,122.5314876,0.96,804.7488035,772.5588513,32.18995214,1,0,0,0.158604729,122.5314876,0.96,804.7488035,772.5588513,32.18995214,,,,796.6378778,2317.676554,2137.676553,180.0000008,2317.676554,1.36E-12,1,0,0,0.375544205,202.8601743,0.923100132,585.176554,540.176554,45,1,0,0,0.371691833,197.9259011,0.922077921,577.5,532.4999996,45.00000038,1,0,0,0.371691833,197.9259013,0.922077922,577.5,532.5,45,1,0,0,0.371691833,197.9259011,0.922077921,577.5,532.4999996,45.00000038,1,,,0.101,215.9053319,2137.676553,2137.676553,0,66.26797315,0,,,276.5698572,2.84E-14,118.9250386,4,1380.137672,0,0,0,140.2219875
52,1,53,0.1016,0,0,1380.137672,,,,0,0,1,2414.24641,2414.24641,0,386.2794257,80.15298083,0,,,367.5944627,2414.24641,2317.676554,96.56985642,2414.24641,0,1,0,0,0.158604729,122.5314876,0.96,804.7488035,772.5588513,32.18995214,1,0,0,0.158604729,122.5314876,0.96,804.7488035,772.5588513,32.18995214,1,0,0,0.158604729,122.5314876,0.96,804.7488035,772.5588513,32.18995214,,,,796.6378778,2317.676554,2137.676553,180.0000008,2317.676554,1.82E-12,1,0,0,0.375544205,202.8601741,0.923100131,585.176554,540.1765536,45.00000038,1,0,0,0.371691833,197.9259013,0.922077922,577.5,532.5,45,1,0,0,0.371691833,197.9259013,0.922077922,577.5,532.5,45,1,0,0,0.371691833,197.9259011,0.922077921,577.5,532.4999996,45.00000038,1,,,0.101,215.9053319,2137.676553,2137.676553,0,66.26797315,0,,,276.5698572,-1.71E-13,118.9250386,4,1380.137672,0,0,0,140.2219875
53,1,54,0.1016,0,0,1380.137673,,,,0,0,1,2414.24641,2414.24641,0,386.2794257,80.15298083,0,,,367.5944627,2414.24641,2317.676554,96.56985642,2414.24641,0,1,0,0,0.158604729,122.5314876,0.96,804.7488035,772.5588513,32.18995214,1,0,0,0.158604729,122.5314876,0.96,804.7488035,772.5588513,32.18995214,1,0,0,0.158604729,122.5314876,0.96,804.7488035,772.5588513,32.18995214,,,,796.637878,2317.676554,2137.676554,180.0000004,2317.676554,1.82E-12,1,0,0,0.375544205,202.8601743,0.923100132,585.176554,540.176554,45,1,0,0,0.371691833,197.9259013,0.922077922,577.5,532.5,45,1,0,0,0.371691833,197.9259013,0.922077922,577.5,532.5,45,1,0,0,0.371691833,197.9259011,0.922077921,577.5,532.4999996,45.00000038,1,,,0.101,215.9053319,2137.676554,2137.676554,0,66.26797316,0,,,276.5698568,1.42E-13,118.9250384,4,1380.137673,0,0,0,140.2219875
54,1,55,0.1016,0,0,1380.137672,,,,0,0,1,2414.24641,2414.24641,0,386.2794257,80.15298083,0,,,367.5944627,2414.24641,2317.676554,96.56985642,2414.24641,0,1,0,0,0.158604729,122.5314876,0.96,804.7488035,772.5588513,32.18995214,1,0,0,0.158604729,122.5314876,0.96,804.7488035,772.5588513,32.18995214,1,0,0,0.158604729,122.5314876,0.96,804.7488035,772.5588513,32.18995214,,,,796.6378776,2317.676554,2137.676553,180.0000011,2317.676554,9.09E-13,1,0,0,0.375544205,202.8601741,0.923100131,585.176554,540.1765536,45.00000038,1,0,0,0.371691833,197.9259011,0.922077921,577.5,532.4999996,45.00000038,1,0,0,0.371691833,197.9259011,0.922077921,577.5,532.4999996,45.00000038,1,0,0,0.371691833,197.9259013,0.922077922,577.5,532.5,45,1,,,0.101,215.9053318,2137.676553,2137.676553,0,66.26797314,0,,,276.5698576,1.71E-13,118.9250387,4,1380.137672,0,0,0,140.2219875
55,1,56,0.1016,0,0,1380.137672,,,,0,0,1,2414.24641,2414.24641,0,386.2794257,80.15298083,0,,,367.5944627,2414.24641,2317.676554,96.56985642,2414.24641,0,1,0,0,0.158604729,122.5314876,0.96,804.7488035,772.5588513,32.18995214,1,0,0,0.158604729,122.5314876,0.96,804.7488035,772.5588513,32.18995214,1,0,0,0.158604729,122.5314876,0.96,804.7488035,772.5588513,32.18995214,,,,796.6378778,2317.676554,2137.676553,180.0000008,2317.676554,1.82E-12,1,0,0,0.375544205,202.8601741,0.923100131,585.176554,540.1765536,45.00000038,1,0,0,0.371691833,197.9259013,0.922077922,577.5,532.5,45,1,0,0,0.371691833,197.9259011,0.922077921,577.5,532.4999996,45.00000038,1,0,0,0.371691833,197.9259013,0.922077922,577.5,532.5,45,1,,,0.101,215.9053319,2137.676553,2137.676553,0,66.26797315,0,,,276.5698572,-2.84E-14,118.9250386,4,1380.137672,0,0,0,140.2219875
56,1,57,0.1016,0,0,1380.137672,,,,0,0,1,2414.24641,2414.24641,0,386.2794257,80.15298083,0,,,367.5944627,2414.24641,2317.676554,96.56985642,2414.24641,0,1,0,0,0.158604729,122.5314876,0.96,804.7488035,772.5588513,32.18995214,1,0,0,0.158604729,122.5314876,0.96,804.7488035,772.5588513,32.18995214,1,0,0,0.158604729,122.5314876,0.96,804.7488035,772.5588513,32.18995214,,,,796.6378776,2317.676554,2137.676553,180.0000011,2317.676554,9.09E-13,1,0,0,0.375544205,202.8601741,0.923100131,585.176554,540.1765536,45.00000038,1,0,0,0.371691833,197.9259011,0.922077921,577.5,532.4999996,45.00000038,1,0,0,0.371691833,197.9259011,0.922077921,577.5,532.4999996,45.00000038,1,0,0,0.371691833,197.9259013,0.922077922,577.5,532.5,45,1,,,0.101,215.9053318,2137.676553,2137.676553,0,66.26797314,0,,,276.5698576,-1.71E-13,118.9250387,4,1380.137672,0,0,0,140.2219875
57,1,58,0.1016,0,0,1380.137672,,,,0,0,1,2414.24641,2414.24641,0,386.2794257,80.15298083,0,,,367.5944627,2414.24641,2317.676554,96.56985642,2414.24641,0,1,0,0,0.158604729,122.5314876,0.96,804.7488035,772.5588513,32.18995214,1,0,0,0.158604729,122.5314876,0.96,804.7488035,772.5588513,32.18995214,1,0,0,0.158604729,122.5314876,0.96,804.7488035,772.5588513,32.18995214,,,,796.6378774,2317.676554,2137.676552,180.0000015,2317.676554,0,1,0,0,0.375544205,202.8601741,0.923100131,585.176554,540.1765536,45.00000038,1,0,0,0.371691833,197.9259011,0.922077921,577.5,532.4999996,45.00000038,1,0,0,0.371691833,197.9259011,0.922077921,577.5,532.4999996,45.00000038,1,0,0,0.371691833,197.9259011,0.922077921,577.5,532.4999996,45.00000038,1,,,0.101,215.9053318,2137.676552,2137.676552,0,66.26797313,0,,,276.5698579,-1.42E-13,118.9250389,4,1380.137672,0,0,0,140.2219875
58,1,59,0.1016,0,0,1380.137672,,,,0,0,1,2414.24641,2414.24641,0,386.2794257,80.15298083,0,,,367.5944627,2414.24641,2317.676554,96.56985642,2414.24641,0,1,0,0,0.158604729,122.5314876,0.96,804.7488035,772.5588513,32.18995214,1,0,0,0.158604729,122.5314876,0.96,804.7488035,772.5588513,32.18995214,1,0,0,0.158604729,122.5314876,0.96,804.7488035,772.5588513,32.18995214,,,,796.6378776,2317.676554,2137.676553,180.0000011,2317.676554,9.09E-13,1,0,0,0.375544205,202.8601741,0.923100131,585.176554,540.1765536,45.00000038,1,0,0,0.371691833,197.9259011,0.922077921,577.5,532.4999996,45.00000038,1,0,0,0.371691833,197.9259011,0.922077921,577.5,532.4999996,45.00000038,1,0,0,0.371691833,197.9259013,0.922077922,577.5,532.5,45,1,,,0.101,215.9053318,2137.676553,2137.676553,0,66.26797314,0,,,276.5698576,-1.71E-13,118.9250387,4,1380.137672,0,0,0,140.2219875
59,1,60,0.1016,0,0,1380.137672,,,,0,0,1,2414.24641,2414.24641,0,386.2794257,80.15298083,0,,,367.5944627,2414.24641,2317.676554,96.56985642,2414.24641,0,1,0,0,0.158604729,122.5314876,0.96,804.7488035,772.5588513,32.18995214,1,0,0,0.158604729,122.5314876,0.96,804.7488035,772.5588513,32.18995214,1,0,0,0.158604729,122.5314876,0.96,804.7488035,772.5588513,32.18995214,,,,796.6378778,2317.676554,2137.676553,180.0000008,2317.676554,1.82E-12,1,0,0,0.375544205,202.8601741,0.923100131,585.176554,540.1765536,45.00000038,1,0,0,0.371691833,197.9259013,0.922077922,577.5,532.5,45,1,0,0,0.371691833,197.9259011,0.922077921,577.5,532.4999996,45.00000038,1,0,0,0.371691833,197.9259013,0.922077922,577.5,532.5,45,1,,,0.101,215.9053319,2137.676553,2137.676553,0,66.26797315,0,,,276.5698572,2.84E-14,118.9250386,4,1380.137672,0,0,0,140.2219875
60,1,61,0.1016,0,0,1380.137672,,,,0,0,1,2414.24641,2414.24641,0,386.2794257,80.15298083,0,,,367.5944627,2414.24641,2317.676554,96.56985642,2414.24641,0,1,0,0,0.158604729,122.5314876,0.96,804.7488035,772.5588513,32.18995214,1,0,0,0.158604729,122.5314876,0.96,804.7488035,772.5588513,32.18995214,1,0,0,0.158604729,122.5314876,0.96,804.7488035,772.5588513,32.18995214,,,,796.6378778,2317.676554,2137.676553,180.0000008,2317.676554,9.09E-13,1,0,0,0.375544205,202.8601743,0.923100132,585.176554,540.176554,45,1,0,0,0.371691833,197.9259011,0.922077921,577.5,532.4999996,45.00000038,1,0,0,0.371691833,197.9259011,0.922077921,577.5,532.4999996,45.00000038,1,0,0,0.371691833,197.9259013,0.922077922,577.5,532.5,45,1,,,0.101,215.9053319,2137.676553,2137.676553,0,66.26797315,0,,,276.5698572,-5.68E-14,118.9250386,4,1380.137672,0,0,0,140.2219875
61,1,62,0.1016,0,0,1380.137672,,,,0,0,1,2414.24641,2414.24641,0,386.2794257,80.15298083,0,,,367.5944627,2414.24641,2317.676554,96.56985642,2414.24641,0,1,0,0,0.158604729,122.5314876,0.96,804.7488035,772.5588513,32.18995214,1,0,0,0.158604729,122.5314876,0.96,804.7488035,772.5588513,32.18995214,1,0,0,0.158604729,122.5314876,0.96,804.7488035,772.5588513,32.18995214,,,,796.6378776,2317.676554,2137.676553,180.0000011,2317.676554,1.36E-12,1,0,0,0.375544205,202.8601741,0.923100131,585.176554,540.1765536,45.00000038,1,0,0,0.371691833,197.9259011,0.922077921,577.5,532.4999996,45.00000038,1,0,0,0.371691833,197.9259013,0.922077922,577.5,532.5,45,1,0,0,0.371691833,197.9259011,0.922077921,577.5,532.4999996,45.00000038,1,,,0.101,215.9053318,2137.676553,2137.676553,0,66.26797314,0,,,276.5698576,8.53E-14,118.9250387,4,1380.137672,0,0,0,140.2219875
62,1,63,0.1016,0,0,1380.137672,,,,0,0,1,2414.24641,2414.24641,0,386.2794257,80.15298083,0,,,367.5944627,2414.24641,2317.676554,96.56985642,2414.24641,0,1,0,0,0.158604729,122.5314876,0.96,804.7488035,772.5588513,32.18995214,1,0,0,0.158604729,122.5314876,0.96,804.7488035,772.5588513,32.18995214,1,0,0,0.158604729,122.5314876,0.96,804.7488035,772.5588513,32.18995214,,,,796.6378778,2317.676554,2137.676553,180.0000008,2317.676554,9.09E-13,1,0,0,0.375544205,202.8601743,0.923100132,585.176554,540.176554,45,1,0,0,0.371691833,197.9259013,0.922077922,577.5,532.5,45,1,0,0,0.371691833,197.9259011,0.922077921,577.5,532.4999996,45.00000038,1,0,0,0.371691833,197.9259011,0.922077921,577.5,532.4999996,45.00000038,1,,,0.101,215.9053319,2137.676553,2137.676553,0,66.26797315,0,,,276.5698572,-1.42E-13,118.9250386,4,1380.137672,0,0,0,140.2219875
63,1,64,0.1016,0,0,1380.137672,,,,0,0,1,2414.24641,2414.24641,0,386.2794257,80.15298083,0,,,367.5944627,2414.24641,2317.676554,96.56985642,2414.24641,0,1,0,0,0.158604729,122.5314876,0.96,804.7488035,772.5588513,32.18995214,1,0,0,0.158604729,122.5314876,0.96,804.7488035,772.5588513,32.18995214,1,0,0,0.158604729,122.5314876,0.96,804.7488035,772.5588513,32.18995214,,,,796.6378774,2317.676554,2137.676552,180.0000015,2317.676554,0,1,0,0,0.375544205,202.8601741,0.923100131,585.176554,540.1765536,45.00000038,1,0,0,0.371691833,197.9259011,0.922077921,577.5,532.4999996,45.00000038,1,0,0,0.371691833,197.9259011,0.922077921,577.5,532.4999996,45.00000038,1,0,0,0.371691833,197.9259011,0.922077921,577.5,532.4999996,45.00000038,1,,,0.101,215.9053318,2137.676552,2137.676552,0,66.26797313,0,,,276.5698579,-1.42E-13,118.9250389,4,1380.137672,0,0,0,140.2219875
64,1,65,0.1016,0,0,1380.137672,,,,0,0,1,2414.24641,2414.24641,0,386.2794257,80.15298083,0,,,367.5944627,2414.24641,2317.676554,96.56985642,2414.24641,0,1,0,0,0.158604729,122.5314876,0.96,804.7488035,772.5588513,32.18995214,1,0,0,0.158604729,122.5314876,0.96,804.7488035,772.5588513,32.18995214,1,0,0,0.158604729,122.5314876,0.96,804.7488035,772.5588513,32.18995214,,,,796.6378778,2317.676554,2137.676553,180.0000008,2317.676554,1.82E-12,1,0,0,0.375544205,202.8601741,0.923100131,585.176554,540.1765536,45.00000038,1,0,0,0.371691833,197.9259013,0.922077922,577.5,532.5,45,1,0,0,0.371691833,197.9259013,0.922077922,577.5,532.5,45,1,0,0,0.371691833,197.9259011,0.922077921,577.5,532.4999996,45.00000038,1,,,0.101,215.9053319,2137.676553,2137.676553,0,66.26797315,0,,,276.5698572,0,118.9250386,4,1380.137672,0,0,0,140.2219875
65,1,66,0.15246,1,0,-4.77E-16,,,,0,0,1,0,0,0,0,0,0,,,-4.77E-16,0,0,0,0,0,0,0,1,0.271,0,0.96,0,0,0,0,0,1,0.271,0,0.96,0,0,0,0,0,1,0.271,0,0.96,0,0,0,,,,0,0,0,0,0,0,0,0,1,0.087248178,0,0.88,0,0,0,0,0,1,0.087248178,0,0.88,0,0,0,0,0,1,0.087248178,0,0.88,0,0,0,0,0,1,0.087248178,0,0.88,0,0,0,1,,,0.101,0,0,0,0,0,0,,,0,0,0,0,-4.77E-16,0,0,0,-7.28E-17
66,1,67,0.15246,1,0,-4.77E-16,,,,0,0,1,0,0,0,0,0,0,,,-4.77E-16,0,0,0,0,0,0,0,0,0.271,0,0.96,0,0,0,0,0,0,0.271,0,0.96,0,0,0,0,0,0,0.271,0,0.96,0,0,0,,,,0,0,0,0,0,0,0,0,0,0.087248178,0,0.88,0,0,0,0,0,0,0.087248178,0,0.88,0,0,0,0,0,0,0.087248178,0,0.88,0,0,0,0,0,0,0.087248178,0,0.88,0,0,0,1,,,0.101,0,0,0,0,0,0,,,0,0,0,0,-4.77E-16,0,0,0,-7.28E-17
67,1,68,0.15246,1,0,-4.77E-16,,,,0,0,1,0,0,0,0,0,0,,,-4.77E-16,0,0,0,0,0,0,0,0,0.271,0,0.96,0,0,0,0,0,0,0.271,0,0.96,0,0,0,0,0,0,0.271,0,0.96,0,0,0,,,,0,0,0,0,0,0,0,0,0,0.087248178,0,0.88,0,0,0,0,0,0,0.087248178,0,0.88,0,0,0,0,0,0,0.087248178,0,0.88,0,0,0,0,0,0,0.087248178,0,0.88,0,0,0,1,,,0.101,0,0,0,0,0,0,,,0,0,0,0,-4.77E-16,0,0,0,-7.28E-17
68,1,69,0.15246,1,0,-4.77E-16,,,,0,0,1,0,0,0,0,0,0,,,-4.77E-16,0,0,0,0,0,0,0,0,0.271,0,0.96,0,0,0,0,0,0,0.271,0,0.96,0,0,0,0,0,0,0.271,0,0.96,0,0,0,,,,0,0,0,0,0,0,0,0,0,0.087248178,0,0.88,0,0,0,0,0,0,0.087248178,0,0.88,0,0,0,0,0,0,0.087248178,0,0.88,0,0,0,0,0,0,0.087248178,0,0.88,0,0,0,1,,,0.101,0,0,0,0,0,0,,,0,0,0,0,-4.77E-16,0,0,0,-7.28E-17
69,1,70,0.15246,1,0,-4.77E-16,,,,0,0,1,0,0,0,0,0,0,,,-4.77E-16,0,0,0,0,0,0,0,0,0.271,0,0.96,0,0,0,0,0,0,0.271,0,0.96,0,0,0,0,0,0,0.271,0,0.96,0,0,0,,,,0,0,0,0,0,0,0,0,0,0.087248178,0,0.88,0,0,0,0,0,0,0.087248178,0,0.88,0,0,0,0,0,0,0.087248178,0,0.88,0,0,0,0,0,0,0.087248178,0,0.88,0,0,0,1,,,0.101,0,0,0,0,0,0,,,0,0,0,0,-4.77E-16,0,0,0,-7.28E-17
70,1,71,0.1016,0,0,0,,,,0,0,1,0,0,0,0,0,0,,,0,0,0,0,0,0,0,0,0,0.271,0,0.96,0,0,0,0,0,0,0.271,0,0.96,0,0,0,0,0,0,0.271,0,0.96,0,0,0,,,,0,0,0,0,0,0,0,0,0,0.087248178,0,0.88,0,0,0,0,0,0,0.087248178,0,0.88,0,0,0,0,0,0,0.087248178,0,0.88,0,0,0,0,0,0,0.087248178,0,0.88,0,0,0,1,,,0.101,0,0,0,0,0,0,,,0,0,0,0,0,0,0,0,0
71,1,72,0.1016,0,0,569.0854513,,,,0,0,1,1083.333333,1083.333333,0,173.3333333,35.96666667,0,,,167.7415278,1083.333333,1040,43.33333333,1083.333333,0,1,1,0,0.161289931,83.87076389,0.96,541.6666667,520,21.66666667,1,1,0,0.161289931,83.87076389,0.96,541.6666667,520,21.66666667,0,0,0,0.271,0,0.96,0,0,0,,,,308.9087236,1040,915.2,124.8,1040,0,1,1,0,0.337531385,154.4543618,0.88,520,457.6,62.4,1,1,0,0.337531385,154.4543618,0.88,520,457.6,62.4,0,0,0,0.087248178,0,0.88,0,0,0,0,0,0,0.087248178,0,0.88,0,0,0,0,,,0.101,92.4352,915.2,0,915.2,28.3712,1,,,1083.333333,0,465.8333333,2,569.0854513,0,0,0,57.81908186
72,1,73,0.1016,0,0,569.0854513,,,,0,0,1,1083.333333,1083.333333,0,173.3333333,35.96666667,0,,,167.7415278,1083.333333,1040,43.33333333,1083.333333,0,1,0,0,0.161289931,83.87076389,0.96,541.6666667,520,21.66666667,1,0,0,0.161289931,83.87076389,0.96,541.6666667,520,21.66666667,0,0,0,0.271,0,0.96,0,0,0,,,,308.9087236,1040,915.2,124.8,1040,0,1,0,0,0.337531385,154.4543618,0.88,520,457.6,62.4,1,0,0,0.337531385,154.4543618,0.88,520,457.6,62.4,0,0,0,0.087248178,0,0.88,0,0,0,0,0,0,0.087248178,0,0.88,0,0,0,0,,,0.101,92.4352,915.2,0,915.2,28.3712,1,,,1083.333333,0,465.8333333,2,569.0854513,0,0,0,57.81908186
73,1,74,0.1016,0,0,1380.271463,,,,0,0,1,2414.409594,2414.409594,0,386.3055351,80.15839852,0,,,367.6259605,2414.409594,2317.83321,96.57638376,2414.409594,0,1,0,0,0.158614974,122.5689949,0.96,804.9431451,772.7454192,32.1977258,1,0,0,0.158607595,122.541985,0.96,804.8032045,772.6110763,32.19212818,1,1,0,0.158600225,122.5149806,0.96,804.6632445,772.4767147,32.18652978,,,,796.7243489,2317.83321,2137.833208,180.0000019,2317.83321,0,1,0,0,0.373657849,200.4362763,0.922602829,581.4166098,536.4166091,45.00000072,1,0,0,0.373657844,200.4362704,0.922602828,581.4166005,536.4166001,45.00000038,1,1,0,0.371691833,197.9259011,0.922077921,577.5,532.4999996,45.00000038,1,1,0,0.371691833,197.9259011,0.922077921,577.5,532.4999996,45.00000038,1,,,0.101,215.9211541,2137.833208,2137.833208,0,66.27282946,0,,,276.5763856,1.42E-13,118.9278458,4,1380.271463,0,0,0,140.2355807
74,1,75,0.1016,0,0,1380.271464,,,,0,0,1,2414.409594,2414.409594,0,386.3055351,80.15839852,0,,,367.6259605,2414.409594,2317.83321,96.57638376,2414.409594,0,1,0,0,0.158614974,122.5689949,0.96,804.9431451,772.7454192,32.1977258,1,0,0,0.158607595,122.541985,0.96,804.8032045,772.6110763,32.19212818,1,0,0,0.158600225,122.5149806,0.96,804.6632445,772.4767147,32.18652978,,,,796.7243495,2317.83321,2137.83321,180.0000007,2317.83321,-9.55E-12,1,0,0,0.373657849,200.4362763,0.922602829,581.4166098,536.4166091,45.00000072,1,0,0,0.373657844,200.4362706,0.922602829,581.4166005,536.4166005,45,1,0,0,0.371691833,197.9259013,0.922077922,577.5,532.5,45,1,0,0,0.371691833,197.9259013,0.922077922,577.5,532.5,45,1,,,0.101,215.9211542,2137.83321,2137.83321,0,66.2728295,0,,,276.5763845,-2.84E-14,118.9278453,4,1380.271464,0,0,0,140.2355808
75,1,76,0.1016,0,0,1380.271463,,,,0,0,1,2414.409594,2414.409594,0,386.3055351,80.15839852,0,,,367.6259605,2414.409594,2317.83321,96.57638376,2414.409594,0,1,0,0,0.158614974,122.5689949,0.96,804.9431451,772.7454192,32.1977258,1,0,0,0.158607595,122.541985,0.96,804.8032045,772.6110763,32.19212818,1,0,0,0.158600225,122.5149806,0.96,804.6632445,772.4767147,32.18652978,,,,796.7243489,2317.83321,2137.833208,180.0000019,2317.83321,0,1,0,0,0.373657849,200.4362763,0.922602829,581.4166098,536.4166091,45.00000072,1,0,0,0.373657844,200.4362704,0.922602828,581.4166005,536.4166001,45.00000038,1,0,0,0.371691833,197.9259011,0.922077921,577.5,532.4999996,45.00000038,1,0,0,0.371691833,197.9259011,0.922077921,577.5,532.4999996,45.00000038,1,,,0.101,215.9211541,2137.833208,2137.833208,0,66.27282946,0,,,276.5763856,-8.53E-14,118.9278458,4,1380.271463,0,0,0,140.2355807
76,1,77,0.1016,0,0,1380.271463,,,,0,0,1,2414.409594,2414.409594,0,386.3055351,80.15839852,0,,,367.6259605,2414.409594,2317.83321,96.57638376,2414.409594,0,1,0,0,0.158614974,122.5689949,0.96,804.9431451,772.7454192,32.1977258,1,0,0,0.158607595,122.541985,0.96,804.8032045,772.6110763,32.19212818,1,0,0,0.158600225,122.5149806,0.96,804.6632445,772.4767147,32.18652978,,,,796.7243489,2317.83321,2137.833208,180.0000019,2317.83321,0,1,0,0,0.373657849,200.4362761,0.922602828,581.4166098,536.4166087,45.0000011,1,0,0,0.373657844,200.4362706,0.922602829,581.4166005,536.4166005,45,1,0,0,0.371691833,197.9259011,0.922077921,577.5,532.4999996,45.00000038,1,0,0,0.371691833,197.9259011,0.922077921,577.5,532.4999996,45.00000038,1,,,0.101,215.9211541,2137.833208,2137.833208,0,66.27282946,0,,,276.5763856,-8.53E-14,118.9278458,4,1380.271463,0,0,0,140.2355807
77,1,78,0.1016,0,0,1380.271464,,,,0,0,1,2414.409594,2414.409594,0,386.3055351,80.15839852,0,,,367.6259605,2414.409594,2317.83321,96.57638376,2414.409594,0,1,0,0,0.158614974,122.5689949,0.96,804.9431451,772.7454192,32.1977258,1,0,0,0.158607595,122.541985,0.96,804.8032045,772.6110763,32.19212818,1,0,0,0.158600225,122.5149806,0.96,804.6632445,772.4767147,32.18652978,,,,796.7243493,2317.83321,2137.833209,180.0000011,2317.83321,-9.55E-12,1,0,0,0.373657849,200.4362763,0.922602829,581.4166098,536.4166091,45.00000072,1,0,0,0.373657844,200.4362704,0.922602828,581.4166005,536.4166001,45.00000038,1,0,0,0.371691833,197.9259013,0.922077922,577.5,532.5,45,1,0,0,0.371691833,197.9259013,0.922077922,577.5,532.5,45,1,,,0.101,215.9211541,2137.833209,2137.833209,0,66.27282949,0,,,276.5763849,2.84E-14,118.9278455,4,1380.271464,0,0,0,140.2355807
78,1,79,0.1016,0,0,1380.271463,,,,0,0,1,2414.409594,2414.409594,0,386.3055351,80.15839852,0,,,367.6259605,2414.409594,2317.83321,96.57638376,2414.409594,0,1,0,0,0.158614974,122.5689949,0.96,804.9431451,772.7454192,32.1977258,1,0,0,0.158607595,122.541985,0.96,804.8032045,772.6110763,32.19212818,1,0,0,0.158600225,122.5149806,0.96,804.6632445,772.4767147,32.18652978,,,,796.7243489,2317.83321,2137.833208,180.0000019,2317.83321,0,1,0,0,0.373657849,200.4362763,0.922602829,581.4166098,536.4166091,45.00000072,1,0,0,0.373657844,200.4362704,0.922602828,581.4166005,536.4166001,45.00000038,1,0,0,0.371691833,197.9259011,0.922077921,577.5,532.4999996,45.00000038,1,0,0,0.371691833,197.9259011,0.922077921,577.5,532.4999996,45.00000038,1,,,0.101,215.9211541,2137.833208,2137.833208,0,66.27282946,0,,,276.5763856,-8.53E-14,118.9278458,4,1380.271463,0,0,0,140.2355807
79,1,80,0.1016,0,0,1380.271464,,,,0,0,1,2414.409594,2414.409594,0,386.3055351,80.15839852,0,,,367.6259605,2414.409594,2317.83321,96.57638376,2414.409594,0,1,0,0,0.158614974,122.5689949,0.96,804.9431451,772.7454192,32.1977258,1,0,0,0.158607595,122.541985,0.96,804.8032045,772.6110763,32.19212818,1,0,0,0.158600225,122.5149806,0.96,804.6632445,772.4767147,32.18652978,,,,796.7243491,2317.83321,2137.833209,180.0000015,2317.83321,-3.18E-12,1,0,0,0.373657849,200.4362761,0.922602828,581.4166098,536.4166087,45.0000011,1,0,0,0.373657844,200.4362706,0.922602829,581.4166005,536.4166005,45,1,0,0,0.371691833,197.9259011,0.922077921,577.5,532.4999996,45.00000038,1,0,0,0.371691833,197.9259013,0.922077922,577.5,532.5,45,1,,,0.101,215.9211541,2137.833209,2137.833209,0,66.27282947,0,,,276.5763852,0,118.9278457,4,1380.271464,0,0,0,140.2355807
80,1,81,0.1016,0,0,1380.271463,,,,0,0,1,2414.409594,2414.409594,0,386.3055351,80.15839852,0,,,367.6259605,2414.409594,2317.83321,96.57638376,2414.409594,0,1,0,0,0.158614974,122.5689949,0.96,804.9431451,772.7454192,32.1977258,1,0,0,0.158607595,122.541985,0.96,804.8032045,772.6110763,32.19212818,1,0,0,0.158600225,122.5149806,0.96,804.6632445,772.4767147,32.18652978,,,,796.7243489,2317.83321,2137.833208,180.0000019,2317.83321,-3.18E-12,1,0,0,0.373657849,200.4362761,0.922602828,581.4166098,536.4166087,45.0000011,1,0,0,0.373657844,200.4362704,0.922602828,581.4166005,536.4166001,45.00000038,1,0,0,0.371691833,197.9259011,0.922077921,577.5,532.4999996,45.00000038,1,0,0,0.371691833,197.9259013,0.922077922,577.5,532.5,45,1,,,0.101,215.9211541,2137.833208,2137.833208,0,66.27282946,0,,,276.5763856,5.68E-14,118.9278458,4,1380.271463,0,0,0,140.2355807
81,1,82,0.1016,0,0,1380.271464,,,,0,0,1,2414.409594,2414.409594,0,386.3055351,80.15839852,0,,,367.6259605,2414.409594,2317.83321,96.57638376,2414.409594,0,1,0,0,0.158614974,122.5689949,0.96,804.9431451,772.7454192,32.1977258,1,0,0,0.158607595,122.541985,0.96,804.8032045,772.6110763,32.19212818,1,0,0,0.158600225,122.5149806,0.96,804.6632445,772.4767147,32.18652978,,,,796.7243493,2317.83321,2137.833209,180.0000011,2317.83321,-9.55E-12,1,0,0,0.373657849,200.4362763,0.922602829,581.4166098,536.4166091,45.00000072,1,0,0,0.373657844,200.4362704,0.922602828,581.4166005,536.4166001,45.00000038,1,0,0,0.371691833,197.9259013,0.922077922,577.5,532.5,45,1,0,0,0.371691833,197.9259013,0.922077922,577.5,532.5,45,1,,,0.101,215.9211541,2137.833209,2137.833209,0,66.27282949,0,,,276.5763849,2.84E-14,118.9278455,4,1380.271464,0,0,0,140.2355807
82,1,83,0.1016,0,0,1380.271464,,,,0,0,1,2414.409594,2414.409594,0,386.3055351,80.15839852,0,,,367.6259605,2414.409594,2317.83321,96.57638376,2414.409594,0,1,0,0,0.158614974,122.5689949,0.96,804.9431451,772.7454192,32.1977258,1,0,0,0.158607595,122.541985,0.96,804.8032045,772.6110763,32.19212818,1,0,0,0.158600225,122.5149806,0.96,804.6632445,772.4767147,32.18652978,,,,796.7243491,2317.83321,2137.833209,180.0000015,2317.83321,-9.55E-12,1,0,0,0.373657849,200.4362761,0.922602828,581.4166098,536.4166087,45.0000011,1,0,0,0.373657844,200.4362704,0.922602828,581.4166005,536.4166001,45.00000038,1,0,0,0.371691833,197.9259013,0.922077922,577.5,532.5,45,1,0,0,0.371691833,197.9259013,0.922077922,577.5,532.5,45,1,,,0.101,215.9211541,2137.833209,2137.833209,0,66.27282947,0,,,276.5763852,2.84E-14,118.9278457,4,1380.271464,0,0,0,140.2355807
83,1,84,0.1016,0,0,1380.271464,,,,0,0,1,2414.409594,2414.409594,0,386.3055351,80.15839852,0,,,367.6259605,2414.409594,2317.83321,96.57638376,2414.409594,0,1,0,0,0.158614974,122.5689949,0.96,804.9431451,772.7454192,32.1977258,1,0,0,0.158607595,122.541985,0.96,804.8032045,772.6110763,32.19212818,1,0,0,0.158600225,122.5149806,0.96,804.6632445,772.4767147,32.18652978,,,,796.7243491,2317.83321,2137.833209,180.0000015,2317.83321,-6.37E-12,1,0,0,0.373657849,200.4362763,0.922602829,581.4166098,536.4166091,45.00000072,1,0,0,0.373657844,200.4362704,0.922602828,581.4166005,536.4166001,45.00000038,1,0,0,0.371691833,197.9259013,0.922077922,577.5,532.5,45,1,0,0,0.371691833,197.9259011,0.922077921,577.5,532.4999996,45.00000038,1,,,0.101,215.9211541,2137.833209,2137.833209,0,66.27282947,0,,,276.5763852,-2.84E-14,118.9278457,4,1380.271464,0,0,0,140.2355807
84,1,85,0.1016,0,0,1380.271463,,,,0,0,1,2414.409594,2414.409594,0,386.3055351,80.15839852,0,,,367.6259605,2414.409594,2317.83321,96.57638376,2414.409594,0,1,0,0,0.158614974,122.5689949,0.96,804.9431451,772.7454192,32.1977258,1,0,0,0.158607595,122.541985,0.96,804.8032045,772.6110763,32.19212818,1,0,0,0.158600225,122.5149806,0.96,804.6632445,772.4767147,32.18652978,,,,796.7243489,2317.83321,2137.833208,180.0000019,2317.83321,0,1,0,0,0.373657849,200.4362761,0.922602828,581.4166098,536.4166087,45.0000011,1,0,0,0.373657844,200.4362706,0.922602829,581.4166005,536.4166005,45,1,0,0,0.371691833,197.9259011,0.922077921,577.5,532.4999996,45.00000038,1,0,0,0.371691833,197.9259011,0.922077921,577.5,532.4999996,45.00000038,1,,,0.101,215.9211541,2137.833208,2137.833208,0,66.27282946,0,,,276.5763856,-8.53E-14,118.9278458,4,1380.271463,0,0,0,140.2355807
85,1,86,0.1016,0,0,1380.271463,,,,0,0,1,2414.409594,2414.409594,0,386.3055351,80.15839852,0,,,367.6259605,2414.409594,2317.83321,96.57638376,2414.409594,0,1,0,0,0.158614974,122.5689949,0.96,804.9431451,772.7454192,32.1977258,1,0,0,0.158607595,122.541985,0.96,804.8032045,772.6110763,32.19212818,1,0,0,0.158600225,122.5149806,0.96,804.6632445,772.4767147,32.18652978,,,,796.7243489,2317.83321,2137.833208,180.0000019,2317.83321,0,1,0,0,0.373657849,200.4362761,0.922602828,581.4166098,536.4166087,45.0000011,1,0,0,0.373657844,200.4362706,0.922602829,581.4166005,536.4166005,45,1,0,0,0.371691833,197.9259011,0.922077921,577.5,532.4999996,45.00000038,1,0,0,0.371691833,197.9259011,0.922077921,577.5,532.4999996,45.00000038,1,,,0.101,215.9211541,2137.833208,2137.833208,0,66.27282946,0,,,276.5763856,-8.53E-14,118.9278458,4,1380.271463,0,0,0,140.2355807
86,1,87,0.1016,0,0,1380.271463,,,,0,0,1,2414.409594,2414.409594,0,386.3055351,80.15839852,0,,,367.6259605,2414.409594,2317.83321,96.57638376,2414.409594,0,1,0,0,0.158614974,122.5689949,0.96,804.9431451,772.7454192,32.1977258,1,0,0,0.158607595,122.541985,0.96,804.8032045,772.6110763,32.19212818,1,0,0,0.158600225,122.5149806,0.96,804.6632445,772.4767147,32.18652978,,,,796.7243489,2317.83321,2137.833208,180.0000019,2317.83321,-3.18E-12,1,0,0,0.373657849,200.4362761,0.922602828,581.4166098,536.4166087,45.0000011,1,0,0,0.373657844,200.4362704,0.922602828,581.4166005,536.4166001,45.00000038,1,0,0,0.371691833,197.9259011,0.922077921,577.5,532.4999996,45.00000038,1,0,0,0.371691833,197.9259013,0.922077922,577.5,532.5,45,1,,,0.101,215.9211541,2137.833208,2137.833208,0,66.27282946,0,,,276.5763856,-8.53E-14,118.9278458,4,1380.271463,0,0,0,140.2355807
87,1,88,0.1016,0,0,1380.271463,,,,0,0,1,2414.409594,2414.409594,0,386.3055351,80.15839852,0,,,367.6259605,2414.409594,2317.83321,96.57638376,2414.409594,0,1,0,0,0.158614974,122.5689949,0.96,804.9431451,772.7454192,32.1977258,1,0,0,0.158607595,122.541985,0.96,804.8032045,772.6110763,32.19212818,1,0,0,0.158600225,122.5149806,0.96,804.6632445,772.4767147,32.18652978,,,,796.7243489,2317.83321,2137.833208,180.0000019,2317.83321,-6.37E-12,1,0,0,0.373657849,200.4362761,0.922602828,581.4166098,536.4166087,45.0000011,1,0,0,0.373657844,200.4362704,0.922602828,581.4166005,536.4166001,45.00000038,1,0,0,0.371691833,197.9259013,0.922077922,577.5,532.5,45,1,0,0,0.371691833,197.9259011,0.922077921,577.5,532.4999996,45.00000038,1,,,0.101,215.9211541,2137.833208,2137.833208,0,66.27282946,0,,,276.5763856,-8.53E-14,118.9278458,4,1380.271463,0,0,0,140.2355807
88,1,89,0.1016,0,0,1380.271463,,,,0,0,1,2414.409594,2414.409594,0,386.3055351,80.15839852,0,,,367.6259605,2414.409594,2317.83321,96.57638376,2414.409594,0,1,0,0,0.158614974,122.5689949,0.96,804.9431451,772.7454192,32.1977258,1,0,0,0.158607595,122.541985,0.96,804.8032045,772.6110763,32.19212818,1,0,0,0.158600225,122.5149806,0.96,804.6632445,772.4767147,32.18652978,,,,796.7243489,2317.83321,2137.833208,180.0000019,2317.83321,0,1,0,0,0.373657849,200.4362763,0.922602829,581.4166098,536.4166091,45.00000072,1,0,0,0.373657844,200.4362704,0.922602828,581.4166005,536.4166001,45.00000038,1,0,0,0.371691833,197.9259011,0.922077921,577.5,532.4999996,45.00000038,1,0,0,0.371691833,197.9259011,0.922077921,577.5,532.4999996,45.00000038,1,,,0.101,215.9211541,2137.833208,2137.833208,0,66.27282946,0,,,276.5763856,-8.53E-14,118.9278458,4,1380.271463,0,0,0,140.2355807
89,1,90,0.15246,1,0,-4.77E-16,,,,0,0,1,0,0,0,0,0,0,,,-4.77E-16,0,0,0,0,0,0,0,1,0.271,0,0.96,0,0,0,0,0,1,0.271,0,0.96,0,0,0,0,0,1,0.271,0,0.96,0,0,0,,,,0,0,0,0,0,0,0,0,1,0.087248178,0,0.88,0,0,0,0,0,1,0.087248178,0,0.88,0,0,0,0,0,1,0.087248178,0,0.88,0,0,0,0,0,1,0.087248178,0,0.88,0,0,0,1,,,0.101,0,0,0,0,0,0,,,0,0,0,0,-4.77E-16,0,0,0,-7.28E-17
90,1,91,0.15246,1,0,-4.77E-16,,,,0,0,1,0,0,0,0,0,0,,,-4.77E-16,0,0,0,0,0,0,0,0,0.271,0,0.96,0,0,0,0,0,0,0.271,0,0.96,0,0,0,0,0,0,0.271,0,0.96,0,0,0,,,,0,0,0,0,0,0,0,0,0,0.087248178,0,0.88,0,0,0,0,0,0,0.087248178,0,0.88,0,0,0,0,0,0,0.087248178,0,0.88,0,0,0,0,0,0,0.087248178,0,0.88,0,0,0,1,,,0.101,0,0,0,0,0,0,,,0,0,0,0,-4.77E-16,0,0,0,-7.28E-17
91,1,92,0.15246,1,0,-4.77E-16,,,,0,0,1,0,0,0,0,0,0,,,-4.77E-16,0,0,0,0,0,0,0,0,0.271,0,0.96,0,0,0,0,0,0,0.271,0,0.96,0,0,0,0,0,0,0.271,0,0.96,0,0,0,,,,0,0,0,0,0,0,0,0,0,0.087248178,0,0.88,0,0,0,0,0,0,0.087248178,0,0.88,0,0,0,0,0,0,0.087248178,0,0.88,0,0,0,0,0,0,0.087248178,0,0.88,0,0,0,1,,,0.101,0,0,0,0,0,0,,,0,0,0,0,-4.77E-16,0,0,0,-7.28E-17
92,1,93,0.15246,1,0,-4.77E-16,,,,0,0,1,0,0,0,0,0,0,,,-4.77E-16,0,0,0,0,0,0,0,0,0.271,0,0.96,0,0,0,0,0,0,0.271,0,0.96,0,0,0,0,0,0,0.271,0,0.96,0,0,0,,,,0,0,0,0,0,0,0,0,0,0.087248178,0,0.88,0,0,0,0,0,0,0.087248178,0,0.88,0,0,0,0,0,0,0.087248178,0,0.88,0,0,0,0,0,0,0.087248178,0,0.88,0,0,0,1,,,0.101,0,0,0,0,0,0,,,0,0,0,0,-4.77E-16,0,0,0,-7.28E-17
93,1,94,0.15246,1,0,-4.77E-16,,,,0,0,1,0,0,0,0,0,0,,,-4.77E-16,0,0,0,0,0,0,0,0,0.271,0,0.96,0,0,0,0,0,0,0.271,0,0.96,0,0,0,0,0,0,0.271,0,0.96,0,0,0,,,,0,0,0,0,0,0,0,0,0,0.087248178,0,0.88,0,0,0,0,0,0,0.087248178,0,0.88,0,0,0,0,0,0,0.087248178,0,0.88,0,0,0,0,0,0,0.087248178,0,0.88,0,0,0,1,,,0.101,0,0,0,0,0,0,,,0,0,0,0,-4.77E-16,0,0,0,-7.28E-17
94,1,95,0.1016,0,0,569.0854513,,,,0,0,1,1083.333333,1083.333333,0,173.3333333,35.96666667,0,,,167.7415278,1083.333333,1040,43.33333333,1083.333333,0,1,1,0,0.161289931,83.87076389,0.96,541.6666667,520,21.66666667,1,1,0,0.161289931,83.87076389,0.96,541.6666667,520,21.66666667,0,0,0,0.271,0,0.96,0,0,0,,,,308.9087236,1040,915.2,124.8,1040,0,1,1,0,0.337531385,154.4543618,0.88,520,457.6,62.4,1,1,0,0.337531385,154.4543618,0.88,520,457.6,62.4,0,0,0,0.087248178,0,0.88,0,0,0,0,0,0,0.087248178,0,0.88,0,0,0,0,,,0.101,92.4352,915.2,0,915.2,28.3712,1,,,1083.333333,0,465.8333333,2,569.0854513,0,0,0,57.81908186
95,1,96,0.1016,0,0,569.0854513,,,,0,0,1,1083.333333,1083.333333,0,173.3333333,35.96666667,0,,,167.7415278,1083.333333,1040,43.33333333,1083.333333,0,1,0,0,0.161289931,83.87076389,0.96,541.6666667,520,21.66666667,1,0,0,0.161289931,83.87076389,0.96,541.6666667,520,21.66666667,0,0,0,0.271,0,0.96,0,0,0,,,,308.9087236,1040,915.2,124.8,1040,0,1,0,0,0.337531385,154.4543618,0.88,520,457.6,62.4,1,0,0,0.337531385,154.4543618,0.88,520,457.6,62.4,0,0,0,0.087248178,0,0.88,0,0,0,0,0,0,0.087248178,0,0.88,0,0,0,0,,,0.101,92.4352,915.2,0,915.2,28.3712,1,,,1083.333333,0,465.8333333,2,569.0854513,0,0,0,57.81908186
96,1,97,0.1016,0,0,1380.174994,,,,0,0,1,2414.287393,2414.287393,0,386.2859829,80.15434145,0,,,367.602376,2414.287393,2317.715897,96.57149572,2414.287393,0,1,0,0,0.158612041,122.5582591,0.96,804.8875277,772.6920266,32.19550111,1,0,0,0.158602156,122.5220585,0.96,804.6999327,772.5119354,32.18799731,1,1,0,0.158602156,122.5220585,0.96,804.6999327,772.5119354,32.18799731,,,,796.6633128,2317.715897,2137.715896,180.0000015,2317.715897,4.55E-13,1,0,0,0.375563938,202.8856095,0.923105301,585.2158973,540.2158969,45.00000038,1,0,0,0.371691833,197.9259011,0.922077921,577.5,532.4999996,45.00000038,1,1,0,0.371691833,197.9259011,0.922077921,577.5,532.4999996,45.00000038,1,1,0,0.371691833,197.9259011,0.922077921,577.5,532.4999996,45.00000038,1,,,0.101,215.9093055,2137.715896,2137.715896,0,66.26919277,0,,,276.5714972,-1.42E-13,118.9257438,4,1380.174994,0,0,0,140.2257794
97,1,98,0.1016,0,0,1380.174995,,,,0,0,1,2414.287393,2414.287393,0,386.2859829,80.15434145,0,,,367.602376,2414.287393,2317.715897,96.57149572,2414.287393,0,1,0,0,0.158612041,122.5582591,0.96,804.8875277,772.6920266,32.19550111,1,0,0,0.158602156,122.5220585,0.96,804.6999327,772.5119354,32.18799731,1,0,0,0.158602156,122.5220585,0.96,804.6999327,772.5119354,32.18799731,,,,796.663313,2317.715897,2137.715896,180.0000011,2317.715897,3.64E-12,1,0,0,0.375563938,202.8856095,0.923105301,585.2158973,540.2158969,45.00000038,1,0,0,0.371691833,197.9259011,0.922077921,577.5,532.4999996,45.00000038,1,0,0,0.371691833,197.9259013,0.922077922,577.5,532.5,45,1,0,0,0.371691833,197.9259011,0.922077921,577.5,532.4999996,45.00000038,1,,,0.101,215.9093055,2137.715896,2137.715896,0,66.26919278,0,,,276.5714969,1.42E-13,118.9257437,4,1380.174995,0,0,0,140.2257794
98,1,99,0.1016,0,0,1380.174994,,,,0,0,1,2414.287393,2414.287393,0,386.2859829,80.15434145,0,,,367.602376,2414.287393,2317.715897,96.57149572,2414.287393,0,1,0,0,0.158612041,122.5582591,0.96,804.8875277,772.6920266,32.19550111,1,0,0,0.158602156,122.5220585,0.96,804.6999327,772.5119354,32.18799731,1,0,0,0.158602156,122.5220585,0.96,804.6999327,772.5119354,32.18799731,,,,796.6633128,2317.715897,2137.715896,180.0000015,2317.715897,4.55E-13,1,0,0,0.375563938,202.8856095,0.923105301,585.2158973,540.2158969,45.00000038,1,0,0,0.371691833,197.9259011,0.922077921,577.5,532.4999996,45.00000038,1,0,0,0.371691833,197.9259011,0.922077921,577.5,532.4999996,45.00000038,1,0,0,0.371691833,197.9259011,0.922077921,577.5,532.4999996,45.00000038,1,,,0.101,215.9093055,2137.715896,2137.715896,0,66.26919277,0,,,276.5714972,-5.68E-14,118.9257438,4,1380.174994,0,0,0,140.2257794
99,1,100,0.1016,0,0,1380.174995,,,,0,0,1,2414.287393,2414.287393,0,386.2859829,80.15434145,0,,,367.602376,2414.287393,2317.715897,96.57149572,2414.287393,0,1,0,0,0.158612041,122.5582591,0.96,804.8875277,772.6920266,32.19550111,1,0,0,0.158602156,122.5220585,0.96,804.6999327,772.5119354,32.18799731,1,0,0,0.158602156,122.5220585,0.96,804.6999327,772.5119354,32.18799731,,,,796.663313,2317.715897,2137.715896,180.0000011,2317.715897,4.55E-12,1,0,0,0.375563938,202.8856095,0.923105301,585.2158973,540.2158969,45.00000038,1,0,0,0.371691833,197.9259011,0.922077921,577.5,532.4999996,45.00000038,1,0,0,0.371691833,197.9259013,0.922077922,577.5,532.5,45,1,0,0,0.371691833,197.9259011,0.922077921,577.5,532.4999996,45.00000038,1,,,0.101,215.9093055,2137.715896,2137.715896,0,66.26919278,0,,,276.5714969,5.68E-14,118.9257437,4,1380.174995,0,0,0,140.2257794
100,1,101,0.1016,0,0,1380.174995,,,,0,0,1,2414.287393,2414.287393,0,386.2859829,80.15434145,0,,,367.602376,2414.287393,2317.715897,96.57149572,2414.287393,0,1,0,0,0.158612041,122.5582591,0.96,804.8875277,772.6920266,32.19550111,1,0,0,0.158602156,122.5220585,0.96,804.6999327,772.5119354,32.18799731,1,0,0,0.158602156,122.5220585,0.96,804.6999327,772.5119354,32.18799731,,,,796.663313,2317.715897,2137.715896,180.0000011,2317.715897,1.36E-12,1,0,0,0.375563938,202.8856095,0.923105301,585.2158973,540.2158969,45.00000038,1,0,0,0.371691833,197.9259013,0.922077922,577.5,532.5,45,1,0,0,0.371691833,197.9259011,0.922077921,577.5,532.4999996,45.00000038,1,0,0,0.371691833,197.9259011,0.922077921,577.5,532.4999996,45.00000038,1,,,0.101,215.9093055,2137.715896,2137.715896,0,66.26919278,0,,,276.5714969,-2.84E-14,118.9257437,4,1380.174995,0,0,0,140.2257794
101,1,102,0.1016,0,0,1380.174995,,,,0,0,1,2414.287393,2414.287393,0,386.2859829,80.15434145,0,,,367.602376,2414.287393,2317.715897,96.57149572,2414.287393,0,1,0,0,0.158612041,122.5582591,0.96,804.8875277,772.6920266,32.19550111,1,0,0,0.158602156,122.5220585,0.96,804.6999327,772.5119354,32.18799731,1,0,0,0.158602156,122.5220585,0.96,804.6999327,772.5119354,32.18799731,,,,796.6633134,2317.715897,2137.715897,180.0000004,2317.715897,5.46E-12,1,0,0,0.375563938,202.8856097,0.923105301,585.2158973,540.2158973,45,1,0,0,0.371691833,197.9259011,0.922077921,577.5,532.4999996,45.00000038,1,0,0,0.371691833,197.9259013,0.922077922,577.5,532.5,45,1,0,0,0.371691833,197.9259013,0.922077922,577.5,532.5,45,1,,,0.101,215.9093056,2137.715897,2137.715897,0,66.26919281,0,,,276.5714961,-1.14E-13,118.9257433,4,1380.174995,0,0,0,140.2257795
102,1,103,0.1016,0,0,1380.174995,,,,0,0,1,2414.287393,2414.287393,0,386.2859829,80.15434145,0,,,367.602376,2414.287393,2317.715897,96.57149572,2414.287393,0,1,0,0,0.158612041,122.5582591,0.96,804.8875277,772.6920266,32.19550111,1,0,0,0.158602156,122.5220585,0.96,804.6999327,772.5119354,32.18799731,1,0,0,0.158602156,122.5220585,0.96,804.6999327,772.5119354,32.18799731,,,,796.6633132,2317.715897,2137.715897,180.0000008,2317.715897,4.55E-12,1,0,0,0.375563938,202.8856095,0.923105301,585.2158973,540.2158969,45.00000038,1,0,0,0.371691833,197.9259013,0.922077922,577.5,532.5,45,1,0,0,0.371691833,197.9259013,0.922077922,577.5,532.5,45,1,0,0,0.371691833,197.9259011,0.922077921,577.5,532.4999996,45.00000038,1,,,0.101,215.9093056,2137.715897,2137.715897,0,66.26919279,0,,,276.5714965,-5.68E-14,118.9257435,4,1380.174995,0,0,0,140.2257795
103,1,104,0.1016,0,0,1380.174995,,,,0,0,1,2414.287393,2414.287393,0,386.2859829,80.15434145,0,,,367.602376,2414.287393,2317.715897,96.57149572,2414.287393,0,1,0,0,0.158612041,122.5582591,0.96,804.8875277,772.6920266,32.19550111,1,0,0,0.158602156,122.5220585,0.96,804.6999327,772.5119354,32.18799731,1,0,0,0.158602156,122.5220585,0.96,804.6999327,772.5119354,32.18799731,,,,796.6633132,2317.715897,2137.715897,180.0000008,2317.715897,2.27E-12,1,0,0,0.375563938,202.8856095,0.923105301,585.2158973,540.2158969,45.00000038,1,0,0,0.371691833,197.9259013,0.922077922,577.5,532.5,45,1,0,0,0.371691833,197.9259013,0.922077922,577.5,532.5,45,1,0,0,0.371691833,197.9259011,0.922077921,577.5,532.4999996,45.00000038,1,,,0.101,215.9093056,2137.715897,2137.715897,0,66.26919279,0,,,276.5714965,-1.42E-13,118.9257435,4,1380.174995,0,0,0,140.2257795
104,1,105,0.1016,0,0,1380.174995,,,,0,0,1,2414.287393,2414.287393,0,386.2859829,80.15434145,0,,,367.602376,2414.287393,2317.715897,96.57149572,2414.287393,0,1,0,0,0.158612041,122.5582591,0.96,804.8875277,772.6920266,32.19550111,1,0,0,0.158602156,122.5220585,0.96,804.6999327,772.5119354,32.18799731,1,0,0,0.158602156,122.5220585,0.96,804.6999327,772.5119354,32.18799731,,,,796.663313,2317.715897,2137.715896,180.0000011,2317.715897,4.09E-12,1,0,0,0.375563938,202.8856095,0.923105301,585.2158973,540.2158969,45.00000038,1,0,0,0.371691833,197.9259011,0.922077921,577.5,532.4999996,45.00000038,1,0,0,0.371691833,197.9259013,0.922077922,577.5,532.5,45,1,0,0,0.371691833,197.9259011,0.922077921,577.5,532.4999996,45.00000038,1,,,0.101,215.9093055,2137.715896,2137.715896,0,66.26919278,0,,,276.5714969,-1.71E-13,118.9257437,4,1380.174995,0,0,0,140.2257794
105,1,106,0.1016,0,0,1380.174995,,,,0,0,1,2414.287393,2414.287393,0,386.2859829,80.15434145,0,,,367.602376,2414.287393,2317.715897,96.57149572,2414.287393,0,1,0,0,0.158612041,122.5582591,0.96,804.8875277,772.6920266,32.19550111,1,0,0,0.158602156,122.5220585,0.96,804.6999327,772.5119354,32.18799731,1,0,0,0.158602156,122.5220585,0.96,804.6999327,772.5119354,32.18799731,,,,796.663313,2317.715897,2137.715896,180.0000011,2317.715897,4.09E-12,1,0,0,0.375563938,202.8856095,0.923105301,585.2158973,540.2158969,45.00000038,1,0,0,0.371691833,197.9259011,0.922077921,577.5,532.4999996,45.00000038,1,0,0,0.371691833,197.9259013,0.922077922,577.5,532.5,45,1,0,0,0.371691833,197.9259011,0.922077921,577.5,532.4999996,45.00000038,1,,,0.101,215.9093055,2137.715896,2137.715896,0,66.26919278,0,,,276.5714969,5.68E-14,118.9257437,4,1380.174995,0,0,0,140.2257794
106,1,107,0.1016,0,0,1380.174995,,,,0,0,1,2414.287393,2414.287393,0,386.2859829,80.15434145,0,,,367.602376,2414.287393,2317.715897,96.57149572,2414.287393,0,1,0,0,0.158612041,122.5582591,0.96,804.8875277,772.6920266,32.19550111,1,0,0,0.158602156,122.5220585,0.96,804.6999327,772.5119354,32.18799731,1,0,0,0.158602156,122.5220585,0.96,804.6999327,772.5119354,32.18799731,,,,796.6633132,2317.715897,2137.715897,180.0000008,2317.715897,1.36E-12,1,0,0,0.375563938,202.8856097,0.923105301,585.2158973,540.2158973,45,1,0,0,0.371691833,197.9259011,0.922077921,577.5,532.4999996,45.00000038,1,0,0,0.371691833,197.9259011,0.922077921,577.5,532.4999996,45.00000038,1,0,0,0.371691833,197.9259013,0.922077922,577.5,532.5,45,1,,,0.101,215.9093056,2137.715897,2137.715897,0,66.26919279,0,,,276.5714965,-1.71E-13,118.9257435,4,1380.174995,0,0,0,140.2257795
107,1,108,0.1016,0,0,1380.174995,,,,0,0,1,2414.287393,2414.287393,0,386.2859829,80.15434145,0,,,367.602376,2414.287393,2317.715897,96.57149572,2414.287393,0,1,0,0,0.158612041,122.5582591,0.96,804.8875277,772.6920266,32.19550111,1,0,0,0.158602156,122.5220585,0.96,804.6999327,772.5119354,32.18799731,1,0,0,0.158602156,122.5220585,0.96,804.6999327,772.5119354,32.18799731,,,,796.6633132,2317.715897,2137.715897,180.0000008,2317.715897,4.09E-12,1,0,0,0.375563938,202.8856097,0.923105301,585.2158973,540.2158973,45,1,0,0,0.371691833,197.9259011,0.922077921,577.5,532.4999996,45.00000038,1,0,0,0.371691833,197.9259013,0.922077922,577.5,532.5,45,1,0,0,0.371691833,197.9259011,0.922077921,577.5,532.4999996,45.00000038,1,,,0.101,215.9093056,2137.715897,2137.715897,0,66.26919279,0,,,276.5714965,-2.84E-14,118.9257435,4,1380.174995,0,0,0,140.2257795
108,1,109,0.1016,0,0,1380.174995,,,,0,0,1,2414.287393,2414.287393,0,386.2859829,80.15434145,0,,,367.602376,2414.287393,2317.715897,96.57149572,2414.287393,0,1,0,0,0.158612041,122.5582591,0.96,804.8875277,772.6920266,32.19550111,1,0,0,0.158602156,122.5220585,0.96,804.6999327,772.5119354,32.18799731,1,0,0,0.158602156,122.5220585,0.96,804.6999327,772.5119354,32.18799731,,,,796.6633134,2317.715897,2137.715897,180.0000004,2317.715897,5.00E-12,1,0,0,0.375563938,202.8856097,0.923105301,585.2158973,540.2158973,45,1,0,0,0.371691833,197.9259011,0.922077921,577.5,532.4999996,45.00000038,1,0,0,0.371691833,197.9259013,0.922077922,577.5,532.5,45,1,0,0,0.371691833,197.9259013,0.922077922,577.5,532.5,45,1,,,0.101,215.9093056,2137.715897,2137.715897,0,66.26919281,0,,,276.5714961,2.84E-14,118.9257433,4,1380.174995,0,0,0,140.2257795
109,1,110,0.1016,0,0,1380.174994,,,,0,0,1,2414.287393,2414.287393,0,386.2859829,80.15434145,0,,,367.602376,2414.287393,2317.715897,96.57149572,2414.287393,0,1,0,0,0.158612041,122.5582591,0.96,804.8875277,772.6920266,32.19550111,1,0,0,0.158602156,122.5220585,0.96,804.6999327,772.5119354,32.18799731,1,0,0,0.158602156,122.5220585,0.96,804.6999327,772.5119354,32.18799731,,,,796.6633128,2317.715897,2137.715896,180.0000015,2317.715897,4.55E-13,1,0,0,0.375563938,202.8856095,0.923105301,585.2158973,540.2158969,45.00000038,1,0,0,0.371691833,197.9259011,0.922077921,577.5,532.4999996,45.00000038,1,0,0,0.371691833,197.9259011,0.922077921,577.5,532.4999996,45.00000038,1,0,0,0.371691833,197.9259011,0.922077921,577.5,532.4999996,45.00000038,1,,,0.101,215.9093055,2137.715896,2137.715896,0,66.26919277,0,,,276.5714972,1.14E-13,118.9257438,4,1380.174994,0,0,0,140.2257794
110,1,111,0.1016,0,0,1380.174995,,,,0,0,1,2414.287393,2414.287393,0,386.2859829,80.15434145,0,,,367.602376,2414.287393,2317.715897,96.57149572,2414.287393,0,1,0,0,0.158612041,122.5582591,0.96,804.8875277,772.6920266,32.19550111,1,0,0,0.158602156,122.5220585,0.96,804.6999327,772.5119354,32.18799731,1,0,0,0.158602156,122.5220585,0.96,804.6999327,772.5119354,32.18799731,,,,796.6633134,2317.715897,2137.715897,180.0000004,2317.715897,5.00E-12,1,0,0,0.375563938,202.8856097,0.923105301,585.2158973,540.2158973,45,1,0,0,0.371691833,197.9259011,0.922077921,577.5,532.4999996,45.00000038,1,0,0,0.371691833,197.9259013,0.922077922,577.5,532.5,45,1,0,0,0.371691833,197.9259013,0.922077922,577.5,532.5,45,1,,,0.101,215.9093056,2137.715897,2137.715897,0,66.26919281,0,,,276.5714961,-8.53E-14,118.9257433,4,1380.174995,0,0,0,140.2257795
111,1,112,0.1016,0,0,1380.174995,,,,0,0,1,2414.287393,2414.287393,0,386.2859829,80.15434145,0,,,367.602376,2414.287393,2317.715897,96.57149572,2414.287393,0,1,0,0,0.158612041,122.5582591,0.96,804.8875277,772.6920266,32.19550111,1,0,0,0.158602156,122.5220585,0.96,804.6999327,772.5119354,32.18799731,1,0,0,0.158602156,122.5220585,0.96,804.6999327,772.5119354,32.18799731,,,,796.663313,2317.715897,2137.715896,180.0000011,2317.715897,9.09E-13,1,0,0,0.375563938,202.8856095,0.923105301,585.2158973,540.2158969,45.00000038,1,0,0,0.371691833,197.9259013,0.922077922,577.5,532.5,45,1,0,0,0.371691833,197.9259011,0.922077921,577.5,532.4999996,45.00000038,1,0,0,0.371691833,197.9259011,0.922077921,577.5,532.4999996,45.00000038,1,,,0.101,215.9093055,2137.715896,2137.715896,0,66.26919278,0,,,276.5714969,-1.14E-13,118.9257437,4,1380.174995,0,0,0,140.2257794
112,1,113,0.1016,0,0,1380.174994,,,,0,0,1,2414.287393,2414.287393,0,386.2859829,80.15434145,0,,,367.602376,2414.287393,2317.715897,96.57149572,2414.287393,0,1,0,0,0.158612041,122.5582591,0.96,804.8875277,772.6920266,32.19550111,1,0,0,0.158602156,122.5220585,0.96,804.6999327,772.5119354,32.18799731,1,0,0,0.158602156,122.5220585,0.96,804.6999327,772.5119354,32.18799731,,,,796.6633128,2317.715897,2137.715896,180.0000015,2317.715897,4.55E-13,1,0,0,0.375563938,202.8856095,0.923105301,585.2158973,540.2158969,45.00000038,1,0,0,0.371691833,197.9259011,0.922077921,577.5,532.4999996,45.00000038,1,0,0,0.371691833,197.9259011,0.922077921,577.5,532.4999996,45.00000038,1,0,0,0.371691833,197.9259011,0.922077921,577.5,532.4999996,45.00000038,1,,,0.101,215.9093055,2137.715896,2137.715896,0,66.26919277,0,,,276.5714972,1.14E-13,118.9257438,4,1380.174994,0,0,0,140.2257794
113,1,114,0.15246,1,0,-4.77E-16,,,,0,0,1,0,0,0,0,0,0,,,-4.77E-16,0,0,0,0,0,0,0,1,0.271,0,0.96,0,0,0,0,0,1,0.271,0,0.96,0,0,0,0,0,1,0.271,0,0.96,0,0,0,,,,0,0,0,0,0,0,0,0,1,0.087248178,0,0.88,0,0,0,0,0,1,0.087248178,0,0.88,0,0,0,0,0,1,0.087248178,0,0.88,0,0,0,0,0,1,0.087248178,0,0.88,0,0,0,1,,,0.101,0,0,0,0,0,0,,,0,0,0,0,-4.77E-16,0,0,0,-7.28E-17
114,1,115,0.15246,1,0,-4.77E-16,,,,0,0,1,0,0,0,0,0,0,,,-4.77E-16,0,0,0,0,0,0,0,0,0.271,0,0.96,0,0,0,0,0,0,0.271,0,0.96,0,0,0,0,0,0,0.271,0,0.96,0,0,0,,,,0,0,0,0,0,0,0,0,0,0.087248178,0,0.88,0,0,0,0,0,0,0.087248178,0,0.88,0,0,0,0,0,0,0.087248178,0,0.88,0,0,0,0,0,0,0.087248178,0,0.88,0,0,0,1,,,0.101,0,0,0,0,0,0,,,0,0,0,0,-4.77E-16,0,0,0,-7.28E-17
115,1,116,0.15246,1,0,-4.77E-16,,,,0,0,1,0,0,0,0,0,0,,,-4.77E-16,0,0,0,0,0,0,0,0,0.271,0,0.96,0,0,0,0,0,0,0.271,0,0.96,0,0,0,0,0,0,0.271,0,0.96,0,0,0,,,,0,0,0,0,0,0,0,0,0,0.087248178,0,0.88,0,0,0,0,0,0,0.087248178,0,0.88,0,0,0,0,0,0,0.087248178,0,0.88,0,0,0,0,0,0,0.087248178,0,0.88,0,0,0,1,,,0.101,0,0,0,0,0,0,,,0,0,0,0,-4.77E-16,0,0,0,-7.28E-17
116,1,117,0.15246,1,0,-4.77E-16,,,,0,0,1,0,0,0,0,0,0,,,-4.77E-16,0,0,0,0,0,0,0,0,0.271,0,0.96,0,0,0,0,0,0,0.271,0,0.96,0,0,0,0,0,0,0.271,0,0.96,0,0,0,,,,0,0,0,0,0,0,0,0,0,0.087248178,0,0.88,0,0,0,0,0,0,0.087248178,0,0.88,0,0,0,0,0,0,0.087248178,0,0.88,0,0,0,0,0,0,0.087248178,0,0.88,0,0,0,1,,,0.101,0,0,0,0,0,0,,,0,0,0,0,-4.77E-16,0,0,0,-7.28E-17
117,1,118,0.15246,1,0,-4.77E-16,,,,0,0,1,0,0,0,0,0,0,,,-4.77E-16,0,0,0,0,0,0,0,0,0.271,0,0.96,0,0,0,0,0,0,0.271,0,0.96,0,0,0,0,0,0,0.271,0,0.96,0,0,0,,,,0,0,0,0,0,0,0,0,0,0.087248178,0,0.88,0,0,0,0,0,0,0.087248178,0,0.88,0,0,0,0,0,0,0.087248178,0,0.88,0,0,0,0,0,0,0.087248178,0,0.88,0,0,0,1,,,0.101,0,0,0,0,0,0,,,0,0,0,0,-4.77E-16,0,0,0,-7.28E-17
118,1,119,0.1016,0,0,569.3410004,,,,0,0,1,1083.333333,1083.333333,0,173.3333333,35.96666667,0,,,167.9970769,1083.333333,1040,43.33333333,1083.333333,0,1,1,0,0.158303108,89.70182472,0.96,590.256263,566.6460124,23.61025052,1,1,0,0.165405287,78.29525216,0.96,493.0770704,473.3539876,19.72308281,0,0,0,0.271,0,0.96,0,0,0,,,,308.9087236,1040,915.2,124.8,1040,-2.27E-13,1,1,0,0.337531385,154.4543618,0.88,520,457.6,62.4,1,1,0,0.337531385,154.4543618,0.88,520,457.6,62.4,0,0,0,0.087248178,0,0.88,0,0,0,0,0,0,0.087248178,0,0.88,0,0,0,0,,,0.101,92.4352,915.2,0,915.2,28.3712,1,,,1083.333333,0,465.8333333,2,569.3410004,0,0,0,57.84504565
119,1,120,0.1016,0,0,569.3410004,,,,0,0,1,1083.333333,1083.333333,0,173.3333333,35.96666667,0,,,167.9970769,1083.333333,1040,43.33333333,1083.333333,0,1,0,0,0.158303108,89.70182472,0.96,590.256263,566.6460124,23.61025052,1,0,0,0.165405287,78.29525216,0.96,493.0770704,473.3539876,19.72308281,0,0,0,0.271,0,0.96,0,0,0,,,,308.9087236,1040,915.2,124.8,1040,-2.27E-13,1,0,0,0.337531385,154.4543618,0.88,520,457.6,62.4,1,0,0,0.337531385,154.4543618,0.88,520,457.6,62.4,0,0,0,0.087248178,0,0.88,0,0,0,0,0,0,0.087248178,0,0.88,0,0,0,0,,,0.101,92.4352,915.2,0,915.2,28.3712,1,,,1083.333333,0,465.8333333,2,569.3410004,0,0,0,57.84504565
120,1,121,0.1016,0,0,1380.176919,,,,0,0,1,2414.289511,2414.289511,0,386.2863217,80.15441175,0,,,367.6027807,2414.289511,2317.71793,96.57158043,2414.289511,0,1,0,0,0.158609003,122.5471378,0.96,804.8299053,772.6367091,32.19319621,1,0,0,0.158603729,122.5278214,0.96,804.7298027,772.5406106,32.18919211,1,1,0,0.158603729,122.5278214,0.96,804.7298027,772.5406106,32.18919211,,,,796.6646273,2317.71793,2137.717929,180.0000011,2317.71793,-1.64E-11,1,0,0,0.375564957,202.8869238,0.923105568,585.2179302,540.2179298,45.00000038,1,0,0,0.371691833,197.9259011,0.922077921,577.5,532.4999996,45.00000038,1,1,0,0.371691833,197.9259013,0.922077922,577.5,532.5,45,1,1,0,0.371691833,197.9259011,0.922077921,577.5,532.4999996,45.00000038,1,,,0.101,215.9095108,2137.717929,2137.717929,0,66.2692558,0,,,276.5715816,-1.71E-13,118.9257801,4,1380.176919,0,0,0,140.225975
121,1,122,0.1016,0,0,1380.176919,,,,0,0,1,2414.289511,2414.289511,0,386.2863217,80.15441175,0,,,367.6027807,2414.289511,2317.71793,96.57158043,2414.289511,0,1,0,0,0.158609003,122.5471378,0.96,804.8299053,772.6367091,32.19319621,1,0,0,0.158603729,122.5278214,0.96,804.7298027,772.5406106,32.18919211,1,0,0,0.158603729,122.5278214,0.96,804.7298027,772.5406106,32.18919211,,,,796.6646273,2317.71793,2137.717929,180.0000011,2317.71793,-1.59E-11,1,0,0,0.375564957,202.8869238,0.923105568,585.2179302,540.2179298,45.00000038,1,0,0,0.371691833,197.9259011,0.922077921,577.5,532.4999996,45.00000038,1,0,0,0.371691833,197.9259013,0.922077922,577.5,532.5,45,1,0,0,0.371691833,197.9259011,0.922077921,577.5,532.4999996,45.00000038,1,,,0.101,215.9095108,2137.717929,2137.717929,0,66.2692558,0,,,276.5715816,1.42E-13,118.9257801,4,1380.176919,0,0,0,140.225975
122,1,123,0.1016,0,0,1380.176919,,,,0,0,1,2414.289511,2414.289511,0,386.2863217,80.15441175,0,,,367.6027807,2414.289511,2317.71793,96.57158043,2414.289511,0,1,0,0,0.158609003,122.5471378,0.96,804.8299053,772.6367091,32.19319621,1,0,0,0.158603729,122.5278214,0.96,804.7298027,772.5406106,32.18919211,1,0,0,0.158603729,122.5278214,0.96,804.7298027,772.5406106,32.18919211,,,,796.6646275,2317.71793,2137.717929,180.0000008,2317.71793,-3.00E-11,1,0,0,0.375564957,202.886924,0.923105569,585.2179302,540.2179302,45,1,0,0,0.371691833,197.9259013,0.922077922,577.5,532.5,45,1,0,0,0.371691833,197.9259011,0.922077921,577.5,532.4999996,45.00000038,1,0,0,0.371691833,197.9259011,0.922077921,577.5,532.4999996,45.00000038,1,,,0.101,215.9095109,2137.717929,2137.717929,0,66.26925581,0,,,276.5715812,-1.14E-13,118.9257799,4,1380.176919,0,0,0,140.225975
123,1,124,0.1016,0,0,1380.176919,,,,0,0,1,2414.289511,2414.289511,0,386.2863217,80.15441175,0,,,367.6027807,2414.289511,2317.71793,96.57158043,2414.289511,0,1,0,0,0.158609003,122.5471378,0.96,804.8299053,772.6367091,32.19319621,1,0,0,0.158603729,122.5278214,0.96,804.7298027,772.5406106,32.18919211,1,0,0,0.158603729,122.5278214,0.96,804.7298027,772.5406106,32.18919211,,,,796.6646275,2317.71793,2137.717929,180.0000008,2317.71793,-1.50E-11,1,0,0,0.375564957,202.8869238,0.923105568,585.2179302,540.2179298,45.00000038,1,0,0,0.371691833,197.9259013,0.922077922,577.5,532.5,45,1,0,0,0.371691833,197.9259011,0.922077921,577.5,532.4999996,45.00000038,1,0,0,0.371691833,197.9259013,0.922077922,577.5,532.5,45,1,,,0.101,215.9095109,2137.717929,2137.717929,0,66.26925581,0,,,276.5715812,0,118.9257799,4,1380.176919,0,0,0,140.225975
124,1,125,0.1016,0,0,1380.176919,,,,0,0,1,2414.289511,2414.289511,0,386.2863217,80.15441175,0,,,367.6027807,2414.289511,2317.71793,96.57158043,2414.289511,0,1,0,0,0.158609003,122.5471378,0.96,804.8299053,772.6367091,32.19319621,1,0,0,0.158603729,122.5278214,0.96,804.7298027,772.5406106,32.18919211,1,0,0,0.158603729,122.5278214,0.96,804.7298027,772.5406106,32.18919211,,,,796.6646275,2317.71793,2137.717929,180.0000008,2317.71793,-4.55E-13,1,0,0,0.375564957,202.8869238,0.923105568,585.2179302,540.2179298,45.00000038,1,0,0,0.371691833,197.9259011,0.922077921,577.5,532.4999996,45.00000038,1,0,0,0.371691833,197.9259013,0.922077922,577.5,532.5,45,1,0,0,0.371691833,197.9259013,0.922077922,577.5,532.5,45,1,,,0.101,215.9095109,2137.717929,2137.717929,0,66.26925581,0,,,276.5715812,5.68E-14,118.9257799,4,1380.176919,0,0,0,140.225975
125,1,126,0.1016,0,0,1380.176919,,,,0,0,1,2414.289511,2414.289511,0,386.2863217,80.15441175,0,,,367.6027807,2414.289511,2317.71793,96.57158043,2414.289511,0,1,0,0,0.158609003,122.5471378,0.96,804.8299053,772.6367091,32.19319621,1,0,0,0.158603729,122.5278214,0.96,804.7298027,772.5406106,32.18919211,1,0,0,0.158603729,122.5278214,0.96,804.7298027,772.5406106,32.18919211,,,,796.6646271,2317.71793,2137.717929,180.0000015,2317.71793,-1.50E-11,1,0,0,0.375564957,202.8869238,0.923105568,585.2179302,540.2179298,45.00000038,1,0,0,0.371691833,197.9259011,0.922077921,577.5,532.4999996,45.00000038,1,0,0,0.371691833,197.9259011,0.922077921,577.5,532.4999996,45.00000038,1,0,0,0.371691833,197.9259011,0.922077921,577.5,532.4999996,45.00000038,1,,,0.101,215.9095108,2137.717929,2137.717929,0,66.26925579,0,,,276.5715819,-1.14E-13,118.9257802,4,1380.176919,0,0,0,140.2259749
126,1,127,0.1016,0,0,1380.176919,,,,0,0,1,2414.289511,2414.289511,0,386.2863217,80.15441175,0,,,367.6027807,2414.289511,2317.71793,96.57158043,2414.289511,0,1,0,0,0.158609003,122.5471378,0.96,804.8299053,772.6367091,32.19319621,1,0,0,0.158603729,122.5278214,0.96,804.7298027,772.5406106,32.18919211,1,0,0,0.158603729,122.5278214,0.96,804.7298027,772.5406106,32.18919211,,,,796.6646273,2317.71793,2137.717929,180.0000011,2317.71793,-1.50E-11,1,0,0,0.375564957,202.886924,0.923105569,585.2179302,540.2179302,45,1,0,0,0.371691833,197.9259011,0.922077921,577.5,532.4999996,45.00000038,1,0,0,0.371691833,197.9259011,0.922077921,577.5,532.4999996,45.00000038,1,0,0,0.371691833,197.9259011,0.922077921,577.5,532.4999996,45.00000038,1,,,0.101,215.9095108,2137.717929,2137.717929,0,66.2692558,0,,,276.5715816,2.84E-14,118.9257801,4,1380.176919,0,0,0,140.225975
127,1,128,0.1016,0,0,1380.176919,,,,0,0,1,2414.289511,2414.289511,0,386.2863217,80.15441175,0,,,367.6027807,2414.289511,2317.71793,96.57158043,2414.289511,0,1,0,0,0.158609003,122.5471378,0.96,804.8299053,772.6367091,32.19319621,1,0,0,0.158603729,122.5278214,0.96,804.7298027,772.5406106,32.18919211,1,0,0,0.158603729,122.5278214,0.96,804.7298027,772.5406106,32.18919211,,,,796.6646275,2317.71793,2137.717929,180.0000008,2317.71793,-1.50E-11,1,0,0,0.375564957,202.8869238,0.923105568,585.2179302,540.2179298,45.00000038,1,0,0,0.371691833,197.9259013,0.922077922,577.5,532.5,45,1,0,0,0.371691833,197.9259011,0.922077921,577.5,532.4999996,45.00000038,1,0,0,0.371691833,197.9259013,0.922077922,577.5,532.5,45,1,,,0.101,215.9095109,2137.717929,2137.717929,0,66.26925581,0,,,276.5715812,2.84E-14,118.9257799,4,1380.176919,0,0,0,140.225975
128,1,129,0.1016,0,0,1380.176919,,,,0,0,1,2414.289511,2414.289511,0,386.2863217,80.15441175,0,,,367.6027807,2414.289511,2317.71793,96.57158043,2414.289511,0,1,0,0,0.158609003,122.5471378,0.96,804.8299053,772.6367091,32.19319621,1,0,0,0.158603729,122.5278214,0.96,804.7298027,772.5406106,32.18919211,1,0,0,0.158603729,122.5278214,0.96,804.7298027,772.5406106,32.18919211,,,,796.6646273,2317.71793,2137.717929,180.0000011,2317.71793,7.28E-12,1,0,0,0.375564957,202.8869238,0.923105568,585.2179302,540.2179298,45.00000038,1,0,0,0.371691833,197.9259011,0.922077921,577.5,532.4999996,45.00000038,1,0,0,0.371691833,197.9259013,0.922077922,577.5,532.5,45,1,0,0,0.371691833,197.9259011,0.922077921,577.5,532.4999996,45.00000038,1,,,0.101,215.9095108,2137.717929,2137.717929,0,66.2692558,0,,,276.5715816,-1.14E-13,118.9257801,4,1380.176919,0,0,0,140.225975
129,1,130,0.1016,0,0,1380.176919,,,,0,0,1,2414.289511,2414.289511,0,386.2863217,80.15441175,0,,,367.6027807,2414.289511,2317.71793,96.57158043,2414.289511,0,1,0,0,0.158609003,122.5471378,0.96,804.8299053,772.6367091,32.19319621,1,0,0,0.158603729,122.5278214,0.96,804.7298027,772.5406106,32.18919211,1,0,0,0.158603729,122.5278214,0.96,804.7298027,772.5406106,32.18919211,,,,796.6646271,2317.71793,2137.717929,180.0000015,2317.71793,-1.50E-11,1,0,0,0.375564957,202.8869238,0.923105568,585.2179302,540.2179298,45.00000038,1,0,0,0.371691833,197.9259011,0.922077921,577.5,532.4999996,45.00000038,1,0,0,0.371691833,197.9259011,0.922077921,577.5,532.4999996,45.00000038,1,0,0,0.371691833,197.9259011,0.922077921,577.5,532.4999996,45.00000038,1,,,0.101,215.9095108,2137.717929,2137.717929,0,66.26925579,0,,,276.5715819,-1.14E-13,118.9257802,4,1380.176919,0,0,0,140.2259749
130,1,131,0.1016,0,0,1380.176919,,,,0,0,1,2414.289511,2414.289511,0,386.2863217,80.15441175,0,,,367.6027807,2414.289511,2317.71793,96.57158043,2414.289511,0,1,0,0,0.158609003,122.5471378,0.96,804.8299053,772.6367091,32.19319621,1,0,0,0.158603729,122.5278214,0.96,804.7298027,772.5406106,32.18919211,1,0,0,0.158603729,122.5278214,0.96,804.7298027,772.5406106,32.18919211,,,,796.6646277,2317.71793,2137.71793,180.0000004,2317.71793,-3.18E-11,1,0,0,0.375564957,202.886924,0.923105569,585.2179302,540.2179302,45,1,0,0,0.371691833,197.9259013,0.922077922,577.5,532.5,45,1,0,0,0.371691833,197.9259013,0.922077922,577.5,532.5,45,1,0,0,0.371691833,197.9259011,0.922077921,577.5,532.4999996,45.00000038,1,,,0.101,215.9095109,2137.71793,2137.71793,0,66.26925583,0,,,276.5715808,-8.53E-14,118.9257797,4,1380.176919,0,0,0,140.225975
131,1,132,0.1016,0,0,1380.176919,,,,0,0,1,2414.289511,2414.289511,0,386.2863217,80.15441175,0,,,367.6027807,2414.289511,2317.71793,96.57158043,2414.289511,0,1,0,0,0.158609003,122.5471378,0.96,804.8299053,772.6367091,32.19319621,1,0,0,0.158603729,122.5278214,0.96,804.7298027,772.5406106,32.18919211,1,0,0,0.158603729,122.5278214,0.96,804.7298027,772.5406106,32.18919211,,,,796.6646271,2317.71793,2137.717929,180.0000015,2317.71793,-1.50E-11,1,0,0,0.375564957,202.8869238,0.923105568,585.2179302,540.2179298,45.00000038,1,0,0,0.371691833,197.9259011,0.922077921,577.5,532.4999996,45.00000038,1,0,0,0.371691833,197.9259011,0.922077921,577.5,532.4999996,45.00000038,1,0,0,0.371691833,197.9259011,0.922077921,577.5,532.4999996,45.00000038,1,,,0.101,215.9095108,2137.717929,2137.717929,0,66.26925579,0,,,276.5715819,-1.14E-13,118.9257802,4,1380.176919,0,0,0,140.2259749
132,1,133,0.1016,0,0,1380.176919,,,,0,0,1,2414.289511,2414.289511,0,386.2863217,80.15441175,0,,,367.6027807,2414.289511,2317.71793,96.57158043,2414.289511,0,1,0,0,0.158609003,122.5471378,0.96,804.8299053,772.6367091,32.19319621,1,0,0,0.158603729,122.5278214,0.96,804.7298027,772.5406106,32.18919211,1,0,0,0.158603729,122.5278214,0.96,804.7298027,772.5406106,32.18919211,,,,796.6646273,2317.71793,2137.717929,180.0000011,2317.71793,-1.64E-11,1,0,0,0.375564957,202.8869238,0.923105568,585.2179302,540.2179298,45.00000038,1,0,0,0.371691833,197.9259011,0.922077921,577.5,532.4999996,45.00000038,1,0,0,0.371691833,197.9259013,0.922077922,577.5,532.5,45,1,0,0,0.371691833,197.9259011,0.922077921,577.5,532.4999996,45.00000038,1,,,0.101,215.9095108,2137.717929,2137.717929,0,66.2692558,0,,,276.5715816,0,118.9257801,4,1380.176919,0,0,0,140.225975
133,1,134,0.1016,0,0,1380.176919,,,,0,0,1,2414.289511,2414.289511,0,386.2863217,80.15441175,0,,,367.6027807,2414.289511,2317.71793,96.57158043,2414.289511,0,1,0,0,0.158609003,122.5471378,0.96,804.8299053,772.6367091,32.19319621,1,0,0,0.158603729,122.5278214,0.96,804.7298027,772.5406106,32.18919211,1,0,0,0.158603729,122.5278214,0.96,804.7298027,772.5406106,32.18919211,,,,796.6646273,2317.71793,2137.717929,180.0000011,2317.71793,-3.00E-11,1,0,0,0.375564957,202.8869238,0.923105568,585.2179302,540.2179298,45.00000038,1,0,0,0.371691833,197.9259013,0.922077922,577.5,532.5,45,1,0,0,0.371691833,197.9259011,0.922077921,577.5,532.4999996,45.00000038,1,0,0,0.371691833,197.9259011,0.922077921,577.5,532.4999996,45.00000038,1,,,0.101,215.9095108,2137.717929,2137.717929,0,66.2692558,0,,,276.5715816,0,118.9257801,4,1380.176919,0,0,0,140.225975
134,1,135,0.1016,0,0,1380.176919,,,,0,0,1,2414.289511,2414.289511,0,386.2863217,80.15441175,0,,,367.6027807,2414.289511,2317.71793,96.57158043,2414.289511,0,1,0,0,0.158609003,122.5471378,0.96,804.8299053,772.6367091,32.19319621,1,0,0,0.158603729,122.5278214,0.96,804.7298027,772.5406106,32.18919211,1,0,0,0.158603729,122.5278214,0.96,804.7298027,772.5406106,32.18919211,,,,796.6646277,2317.71793,2137.71793,180.0000004,2317.71793,-1.50E-11,1,0,0,0.375564957,202.886924,0.923105569,585.2179302,540.2179302,45,1,0,0,0.371691833,197.9259013,0.922077922,577.5,532.5,45,1,0,0,0.371691833,197.9259011,0.922077921,577.5,532.4999996,45.00000038,1,0,0,0.371691833,197.9259013,0.922077922,577.5,532.5,45,1,,,0.101,215.9095109,2137.71793,2137.71793,0,66.26925583,0,,,276.5715808,1.71E-13,118.9257797,4,1380.176919,0,0,0,140.225975
135,1,136,0.1016,0,0,1380.176919,,,,0,0,1,2414.289511,2414.289511,0,386.2863217,80.15441175,0,,,367.6027807,2414.289511,2317.71793,96.57158043,2414.289511,0,1,0,0,0.158609003,122.5471378,0.96,804.8299053,772.6367091,32.19319621,1,0,0,0.158603729,122.5278214,0.96,804.7298027,772.5406106,32.18919211,1,0,0,0.158603729,122.5278214,0.96,804.7298027,772.5406106,32.18919211,,,,796.6646273,2317.71793,2137.717929,180.0000011,2317.71793,-1.50E-11,1,0,0,0.375564957,202.886924,0.923105569,585.2179302,540.2179302,45,1,0,0,0.371691833,197.9259011,0.922077921,577.5,532.4999996,45.00000038,1,0,0,0.371691833,197.9259011,0.922077921,577.5,532.4999996,45.00000038,1,0,0,0.371691833,197.9259011,0.922077921,577.5,532.4999996,45.00000038,1,,,0.101,215.9095108,2137.717929,2137.717929,0,66.2692558,0,,,276.5715816,-8.53E-14,118.9257801,4,1380.176919,0,0,0,140.225975
136,1,137,0.1016,0,0,1380.176919,,,,0,0,1,2414.289511,2414.289511,0,386.2863217,80.15441175,0,,,367.6027807,2414.289511,2317.71793,96.57158043,2414.289511,0,1,0,0,0.158609003,122.5471378,0.96,804.8299053,772.6367091,32.19319621,1,0,0,0.158603729,122.5278214,0.96,804.7298027,772.5406106,32.18919211,1,0,0,0.158603729,122.5278214,0.96,804.7298027,772.5406106,32.18919211,,,,796.6646273,2317.71793,2137.717929,180.0000011,2317.71793,-1.64E-11,1,0,0,0.375564957,202.8869238,0.923105568,585.2179302,540.2179298,45.00000038,1,0,0,0.371691833,197.9259011,0.922077921,577.5,532.4999996,45.00000038,1,0,0,0.371691833,197.9259013,0.922077922,577.5,532.5,45,1,0,0,0.371691833,197.9259011,0.922077921,577.5,532.4999996,45.00000038,1,,,0.101,215.9095108,2137.717929,2137.717929,0,66.2692558,0,,,276.5715816,0,118.9257801,4,1380.176919,0,0,0,140.225975
137,1,138,0.13994,0,0,1380.176919,,,,0,0,1,2414.289511,2414.289511,0,386.2863217,80.15441175,0,,,367.6027807,2414.289511,2317.71793,96.57158043,2414.289511,0,1,0,0,0.158609003,122.5471378,0.96,804.8299053,772.6367091,32.19319621,1,0,0,0.158603729,122.5278214,0.96,804.7298027,772.5406106,32.18919211,1,0,0,0.158603729,122.5278214,0.96,804.7298027,772.5406106,32.18919211,,,,796.6646271,2317.71793,2137.717929,180.0000015,2317.71793,-1.50E-11,1,0,0,0.375564957,202.8869238,0.923105568,585.2179302,540.2179298,45.00000038,1,0,0,0.371691833,197.9259011,0.922077921,577.5,532.4999996,45.00000038,1,0,0,0.371691833,197.9259011,0.922077921,577.5,532.4999996,45.00000038,1,0,0,0.371691833,197.9259011,0.922077921,577.5,532.4999996,45.00000038,1,,,0.101,215.9095108,2137.717929,2137.717929,0,66.26925579,0,,,276.5715819,-1.14E-13,118.9257802,4,1380.176919,0,0,0,193.141958
138,1,139,0.13994,0,0,1380.176919,,,,0,0,1,2414.289511,2414.289511,0,386.2863217,80.15441175,0,,,367.6027807,2414.289511,2317.71793,96.57158043,2414.289511,0,1,0,0,0.158609003,122.5471378,0.96,804.8299053,772.6367091,32.19319621,1,0,0,0.158603729,122.5278214,0.96,804.7298027,772.5406106,32.18919211,1,0,0,0.158603729,122.5278214,0.96,804.7298027,772.5406106,32.18919211,,,,796.6646275,2317.71793,2137.717929,180.0000008,2317.71793,-1.64E-11,1,0,0,0.375564957,202.886924,0.923105569,585.2179302,540.2179302,45,1,0,0,0.371691833,197.9259011,0.922077921,577.5,532.4999996,45.00000038,1,0,0,0.371691833,197.9259013,0.922077922,577.5,532.5,45,1,0,0,0.371691833,197.9259011,0.922077921,577.5,532.4999996,45.00000038,1,,,0.101,215.9095109,2137.717929,2137.717929,0,66.26925581,0,,,276.5715812,-5.68E-14,118.9257799,4,1380.176919,0,0,0,193.1419581
139,1,140,0.13994,0,0,1380.176919,,,,0,0,1,2414.289511,2414.289511,0,386.2863217,80.15441175,0,,,367.6027807,2414.289511,2317.71793,96.57158043,2414.289511,0,1,0,0,0.158609003,122.5471378,0.96,804.8299053,772.6367091,32.19319621,1,0,0,0.158603729,122.5278214,0.96,804.7298027,772.5406106,32.18919211,1,0,0,0.158603729,122.5278214,0.96,804.7298027,772.5406106,32.18919211,,,,796.6646273,2317.71793,2137.717929,180.0000011,2317.71793,-1.59E-11,1,0,0,0.375564957,202.8869238,0.923105568,585.2179302,540.2179298,45.00000038,1,0,0,0.371691833,197.9259011,0.922077921,577.5,532.4999996,45.00000038,1,0,0,0.371691833,197.9259013,0.922077922,577.5,532.5,45,1,0,0,0.371691833,197.9259011,0.922077921,577.5,532.4999996,45.00000038,1,,,0.101,215.9095108,2137.717929,2137.717929,0,66.2692558,0,,,276.5715816,1.42E-13,118.9257801,4,1380.176919,0,0,0,193.141958
140,1,141,0.13994,0,0,1380.176919,,,,0,0,1,2414.289511,2414.289511,0,386.2863217,80.15441175,0,,,367.6027807,2414.289511,2317.71793,96.57158043,2414.289511,0,1,0,0,0.158609003,122.5471378,0.96,804.8299053,772.6367091,32.19319621,1,0,0,0.158603729,122.5278214,0.96,804.7298027,772.5406106,32.18919211,1,0,0,0.158603729,122.5278214,0.96,804.7298027,772.5406106,32.18919211,,,,796.6646273,2317.71793,2137.717929,180.0000011,2317.71793,-1.50E-11,1,0,0,0.375564957,202.886924,0.923105569,585.2179302,540.2179302,45,1,0,0,0.371691833,197.9259011,0.922077921,577.5,532.4999996,45.00000038,1,0,0,0.371691833,197.9259011,0.922077921,577.5,532.4999996,45.00000038,1,0,0,0.371691833,197.9259011,0.922077921,577.5,532.4999996,45.00000038,1,,,0.101,215.9095108,2137.717929,2137.717929,0,66.2692558,0,,,276.5715816,2.84E-14,118.9257801,4,1380.176919,0,0,0,193.141958
141,1,142,0.13994,0,0,1380.176919,,,,0,0,1,2414.289511,2414.289511,0,386.2863217,80.15441175,0,,,367.6027807,2414.289511,2317.71793,96.57158043,2414.289511,0,1,0,0,0.158609003,122.5471378,0.96,804.8299053,772.6367091,32.19319621,1,0,0,0.158603729,122.5278214,0.96,804.7298027,772.5406106,32.18919211,1,0,0,0.158603729,122.5278214,0.96,804.7298027,772.5406106,32.18919211,,,,796.6646271,2317.71793,2137.717929,180.0000015,2317.71793,-1.50E-11,1,0,0,0.375564957,202.8869238,0.923105568,585.2179302,540.2179298,45.00000038,1,0,0,0.371691833,197.9259011,0.922077921,577.5,532.4999996,45.00000038,1,0,0,0.371691833,197.9259011,0.922077921,577.5,532.4999996,45.00000038,1,0,0,0.371691833,197.9259011,0.922077921,577.5,532.4999996,45.00000038,1,,,0.101,215.9095108,2137.717929,2137.717929,0,66.26925579,0,,,276.5715819,-1.14E-13,118.9257802,4,1380.176919,0,0,0,193.141958
142,1,143,0.1016,0,0,1380.176919,,,,0,0,1,2414.289511,2414.289511,0,386.2863217,80.15441175,0,,,367.6027807,2414.289511,2317.71793,96.57158043,2414.289511,0,1,0,0,0.158609003,122.5471378,0.96,804.8299053,772.6367091,32.19319621,1,0,0,0.158603729,122.5278214,0.96,804.7298027,772.5406106,32.18919211,1,0,0,0.158603729,122.5278214,0.96,804.7298027,772.5406106,32.18919211,,,,796.6646275,2317.71793,2137.717929,180.0000008,2317.71793,-1.36E-12,1,0,0,0.375564957,202.8869238,0.923105568,585.2179302,540.2179298,45.00000038,1,0,0,0.371691833,197.9259011,0.922077921,577.5,532.4999996,45.00000038,1,0,0,0.371691833,197.9259013,0.922077922,577.5,532.5,45,1,0,0,0.371691833,197.9259013,0.922077922,577.5,532.5,45,1,,,0.101,215.9095109,2137.717929,2137.717929,0,66.26925581,0,,,276.5715812,8.53E-14,118.9257799,4,1380.176919,0,0,0,140.225975
143,1,144,0.1016,0,0,1380.176919,,,,0,0,1,2414.289511,2414.289511,0,386.2863217,80.15441175,0,,,367.6027807,2414.289511,2317.71793,96.57158043,2414.289511,0,1,0,0,0.158609003,122.5471378,0.96,804.8299053,772.6367091,32.19319621,1,0,0,0.158603729,122.5278214,0.96,804.7298027,772.5406106,32.18919211,1,0,0,0.158603729,122.5278214,0.96,804.7298027,772.5406106,32.18919211,,,,796.6646273,2317.71793,2137.717929,180.0000011,2317.71793,4.55E-13,1,0,0,0.375564957,202.8869238,0.923105568,585.2179302,540.2179298,45.00000038,1,0,0,0.371691833,197.9259011,0.922077921,577.5,532.4999996,45.00000038,1,0,0,0.371691833,197.9259011,0.922077921,577.5,532.4999996,45.00000038,1,0,0,0.371691833,197.9259013,0.922077922,577.5,532.5,45,1,,,0.101,215.9095108,2137.717929,2137.717929,0,66.2692558,0,,,276.5715816,0,118.9257801,4,1380.176919,0,0,0,140.225975
144,1,145,0.1016,0,0,1380.176919,,,,0,0,1,2414.289511,2414.289511,0,386.2863217,80.15441175,0,,,367.6027807,2414.289511,2317.71793,96.57158043,2414.289511,0,1,0,0,0.158609003,122.5471378,0.96,804.8299053,772.6367091,32.19319621,1,0,0,0.158603729,122.5278214,0.96,804.7298027,772.5406106,32.18919211,1,0,0,0.158603729,122.5278214,0.96,804.7298027,772.5406106,32.18919211,,,,796.6646273,2317.71793,2137.717929,180.0000011,2317.71793,-3.00E-11,1,0,0,0.375564957,202.8869238,0.923105568,585.2179302,540.2179298,45.00000038,1,0,0,0.371691833,197.9259013,0.922077922,577.5,532.5,45,1,0,0,0.371691833,197.9259011,0.922077921,577.5,532.4999996,45.00000038,1,0,0,0.371691833,197.9259011,0.922077921,577.5,532.4999996,45.00000038,1,,,0.101,215.9095108,2137.717929,2137.717929,0,66.2692558,0,,,276.5715816,0,118.9257801,4,1380.176919,0,0,0,140.225975
145,1,146,0.1016,0,0,1380.176919,,,,0,0,1,2414.289511,2414.289511,0,386.2863217,80.15441175,0,,,367.6027807,2414.289511,2317.71793,96.57158043,2414.289511,0,1,0,0,0.158609003,122.5471378,0.96,804.8299053,772.6367091,32.19319621,1,0,0,0.158603729,122.5278214,0.96,804.7298027,772.5406106,32.18919211,1,0,0,0.158603729,122.5278214,0.96,804.7298027,772.5406106,32.18919211,,,,796.6646273,2317.71793,2137.717929,180.0000011,2317.71793,4.55E-13,1,0,0,0.375564957,202.8869238,0.923105568,585.2179302,540.2179298,45.00000038,1,0,0,0.371691833,197.9259011,0.922077921,577.5,532.4999996,45.00000038,1,0,0,0.371691833,197.9259011,0.922077921,577.5,532.4999996,45.00000038,1,0,0,0.371691833,197.9259013,0.922077922,577.5,532.5,45,1,,,0.101,215.9095108,2137.717929,2137.717929,0,66.2692558,0,,,276.5715816,0,118.9257801,4,1380.176919,0,0,0,140.225975
146,1,147,0.1016,0,0,1380.176919,,,,0,0,1,2414.289511,2414.289511,0,386.2863217,80.15441175,0,,,367.6027807,2414.289511,2317.71793,96.57158043,2414.289511,0,1,0,0,0.158609003,122.5471378,0.96,804.8299053,772.6367091,32.19319621,1,0,0,0.158603729,122.5278214,0.96,804.7298027,772.5406106,32.18919211,1,0,0,0.158603729,122.5278214,0.96,804.7298027,772.5406106,32.18919211,,,,796.6646271,2317.71793,2137.717929,180.0000015,2317.71793,-1.50E-11,1,0,0,0.375564957,202.8869238,0.923105568,585.2179302,540.2179298,45.00000038,1,0,0,0.371691833,197.9259011,0.922077921,577.5,532.4999996,45.00000038,1,0,0,0.371691833,197.9259011,0.922077921,577.5,532.4999996,45.00000038,1,0,0,0.371691833,197.9259011,0.922077921,577.5,532.4999996,45.00000038,1,,,0.101,215.9095108,2137.717929,2137.717929,0,66.26925579,0,,,276.5715819,-1.14E-13,118.9257802,4,1380.176919,0,0,0,140.2259749
147,1,148,0.1016,0,0,1380.176919,,,,0,0,1,2414.289511,2414.289511,0,386.2863217,80.15441175,0,,,367.6027807,2414.289511,2317.71793,96.57158043,2414.289511,0,1,0,0,0.158609003,122.5471378,0.96,804.8299053,772.6367091,32.19319621,1,0,0,0.158603729,122.5278214,0.96,804.7298027,772.5406106,32.18919211,1,0,0,0.158603729,122.5278214,0.96,804.7298027,772.5406106,32.18919211,,,,796.6646273,2317.71793,2137.717929,180.0000011,2317.71793,-1.50E-11,1,0,0,0.375564957,202.886924,0.923105569,585.2179302,540.2179302,45,1,0,0,0.371691833,197.9259011,0.922077921,577.5,532.4999996,45.00000038,1,0,0,0.371691833,197.9259011,0.922077921,577.5,532.4999996,45.00000038,1,0,0,0.371691833,197.9259011,0.922077921,577.5,532.4999996,45.00000038,1,,,0.101,215.9095108,2137.717929,2137.717929,0,66.2692558,0,,,276.5715816,-8.53E-14,118.9257801,4,1380.176919,0,0,0,140.225975
148,1,149,0.1016,0,0,1380.176919,,,,0,0,1,2414.289511,2414.289511,0,386.2863217,80.15441175,0,,,367.6027807,2414.289511,2317.71793,96.57158043,2414.289511,0,1,0,0,0.158609003,122.5471378,0.96,804.8299053,772.6367091,32.19319621,1,0,0,0.158603729,122.5278214,0.96,804.7298027,772.5406106,32.18919211,1,0,0,0.158603729,122.5278214,0.96,804.7298027,772.5406106,32.18919211,,,,796.6646273,2317.71793,2137.717929,180.0000011,2317.71793,-1.50E-11,1,0,0,0.375564957,202.886924,0.923105569,585.2179302,540.2179302,45,1,0,0,0.371691833,197.9259011,0.922077921,577.5,532.4999996,45.00000038,1,0,0,0.371691833,197.9259011,0.922077921,577.5,532.4999996,45.00000038,1,0,0,0.371691833,197.9259011,0.922077921,577.5,532.4999996,45.00000038,1,,,0.101,215.9095108,2137.717929,2137.717929,0,66.2692558,0,,,276.5715816,-8.53E-14,118.9257801,4,1380.176919,0,0,0,140.225975
149,1,150,0.1016,0,0,1380.176919,,,,0,0,1,2414.289511,2414.289511,0,386.2863217,80.15441175,0,,,367.6027807,2414.289511,2317.71793,96.57158043,2414.289511,0,1,0,0,0.158609003,122.5471378,0.96,804.8299053,772.6367091,32.19319621,1,0,0,0.158603729,122.5278214,0.96,804.7298027,772.5406106,32.18919211,1,0,0,0.158603729,122.5278214,0.96,804.7298027,772.5406106,32.18919211,,,,796.6646273,2317.71793,2137.717929,180.0000011,2317.71793,-3.00E-11,1,0,0,0.375564957,202.8869238,0.923105568,585.2179302,540.2179298,45.00000038,1,0,0,0.371691833,197.9259013,0.922077922,577.5,532.5,45,1,0,0,0.371691833,197.9259011,0.922077921,577.5,532.4999996,45.00000038,1,0,0,0.371691833,197.9259011,0.922077921,577.5,532.4999996,45.00000038,1,,,0.101,215.9095108,2137.717929,2137.717929,0,66.2692558,0,,,276.5715816,-1.14E-13,118.9257801,4,1380.176919,0,0,0,140.225975
150,1,151,0.1016,0,0,1380.176919,,,,0,0,1,2414.289511,2414.289511,0,386.2863217,80.15441175,0,,,367.6027807,2414.289511,2317.71793,96.57158043,2414.289511,0,1,0,0,0.158609003,122.5471378,0.96,804.8299053,772.6367091,32.19319621,1,0,0,0.158603729,122.5278214,0.96,804.7298027,772.5406106,32.18919211,1,0,0,0.158603729,122.5278214,0.96,804.7298027,772.5406106,32.18919211,,,,796.6646271,2317.71793,2137.717929,180.0000015,2317.71793,-1.50E-11,1,0,0,0.375564957,202.8869238,0.923105568,585.2179302,540.2179298,45.00000038,1,0,0,0.371691833,197.9259011,0.922077921,577.5,532.4999996,45.00000038,1,0,0,0.371691833,197.9259011,0.922077921,577.5,532.4999996,45.00000038,1,0,0,0.371691833,197.9259011,0.922077921,577.5,532.4999996,45.00000038,1,,,0.101,215.9095108,2137.717929,2137.717929,0,66.26925579,0,,,276.5715819,-1.14E-13,118.9257802,4,1380.176919,0,0,0,140.2259749
151,1,152,0.1016,0,0,1380.176919,,,,0,0,1,2414.289511,2414.289511,0,386.2863217,80.15441175,0,,,367.6027807,2414.289511,2317.71793,96.57158043,2414.289511,0,1,0,0,0.158609003,122.5471378,0.96,804.8299053,772.6367091,32.19319621,1,0,0,0.158603729,122.5278214,0.96,804.7298027,772.5406106,32.18919211,1,0,0,0.158603729,122.5278214,0.96,804.7298027,772.5406106,32.18919211,,,,796.6646273,2317.71793,2137.717929,180.0000011,2317.71793,4.55E-13,1,0,0,0.375564957,202.8869238,0.923105568,585.2179302,540.2179298,45.00000038,1,0,0,0.371691833,197.9259011,0.922077921,577.5,532.4999996,45.00000038,1,0,0,0.371691833,197.9259011,0.922077921,577.5,532.4999996,45.00000038,1,0,0,0.371691833,197.9259013,0.922077922,577.5,532.5,45,1,,,0.101,215.9095108,2137.717929,2137.717929,0,66.2692558,0,,,276.5715816,-2.84E-14,118.9257801,4,1380.176919,0,0,0,140.225975
152,1,153,0.1016,0,0,1380.176919,,,,0,0,1,2414.289511,2414.289511,0,386.2863217,80.15441175,0,,,367.6027807,2414.289511,2317.71793,96.57158043,2414.289511,0,1,0,0,0.158609003,122.5471378,0.96,804.8299053,772.6367091,32.19319621,1,0,0,0.158603729,122.5278214,0.96,804.7298027,772.5406106,32.18919211,1,0,0,0.158603729,122.5278214,0.96,804.7298027,772.5406106,32.18919211,,,,796.6646275,2317.71793,2137.717929,180.0000008,2317.71793,-4.55E-13,1,0,0,0.375564957,202.8869238,0.923105568,585.2179302,540.2179298,45.00000038,1,0,0,0.371691833,197.9259011,0.922077921,577.5,532.4999996,45.00000038,1,0,0,0.371691833,197.9259013,0.922077922,577.5,532.5,45,1,0,0,0.371691833,197.9259013,0.922077922,577.5,532.5,45,1,,,0.101,215.9095109,2137.717929,2137.717929,0,66.26925581,0,,,276.5715812,-5.68E-14,118.9257799,4,1380.176919,0,0,0,140.225975
153,1,154,0.1016,0,0,1380.176919,,,,0,0,1,2414.289511,2414.289511,0,386.2863217,80.15441175,0,,,367.6027807,2414.289511,2317.71793,96.57158043,2414.289511,0,1,0,0,0.158609003,122.5471378,0.96,804.8299053,772.6367091,32.19319621,1,0,0,0.158603729,122.5278214,0.96,804.7298027,772.5406106,32.18919211,1,0,0,0.158603729,122.5278214,0.96,804.7298027,772.5406106,32.18919211,,,,796.6646273,2317.71793,2137.717929,180.0000011,2317.71793,-3.00E-11,1,0,0,0.375564957,202.8869238,0.923105568,585.2179302,540.2179298,45.00000038,1,0,0,0.371691833,197.9259013,0.922077922,577.5,532.5,45,1,0,0,0.371691833,197.9259011,0.922077921,577.5,532.4999996,45.00000038,1,0,0,0.371691833,197.9259011,0.922077921,577.5,532.4999996,45.00000038,1,,,0.101,215.9095108,2137.717929,2137.717929,0,66.2692558,0,,,276.5715816,0,118.9257801,4,1380.176919,0,0,0,140.225975
154,1,155,0.1016,0,0,1380.176919,,,,0,0,1,2414.289511,2414.289511,0,386.2863217,80.15441175,0,,,367.6027807,2414.289511,2317.71793,96.57158043,2414.289511,0,1,0,0,0.158609003,122.5471378,0.96,804.8299053,772.6367091,32.19319621,1,0,0,0.158603729,122.5278214,0.96,804.7298027,772.5406106,32.18919211,1,0,0,0.158603729,122.5278214,0.96,804.7298027,772.5406106,32.18919211,,,,796.6646275,2317.71793,2137.717929,180.0000008,2317.71793,-1.36E-12,1,0,0,0.375564957,202.8869238,0.923105568,585.2179302,540.2179298,45.00000038,1,0,0,0.371691833,197.9259011,0.922077921,577.5,532.4999996,45.00000038,1,0,0,0.371691833,197.9259013,0.922077922,577.5,532.5,45,1,0,0,0.371691833,197.9259013,0.922077922,577.5,532.5,45,1,,,0.101,215.9095109,2137.717929,2137.717929,0,66.26925581,0,,,276.5715812,-2.84E-14,118.9257799,4,1380.176919,0,0,0,140.225975
155,1,156,0.1016,0,0,1380.176919,,,,0,0,1,2414.289511,2414.289511,0,386.2863217,80.15441175,0,,,367.6027807,2414.289511,2317.71793,96.57158043,2414.289511,0,1,0,0,0.158609003,122.5471378,0.96,804.8299053,772.6367091,32.19319621,1,0,0,0.158603729,122.5278214,0.96,804.7298027,772.5406106,32.18919211,1,0,0,0.158603729,122.5278214,0.96,804.7298027,772.5406106,32.18919211,,,,796.6646273,2317.71793,2137.717929,180.0000011,2317.71793,4.55E-13,1,0,0,0.375564957,202.8869238,0.923105568,585.2179302,540.2179298,45.00000038,1,0,0,0.371691833,197.9259011,0.922077921,577.5,532.4999996,45.00000038,1,0,0,0.371691833,197.9259011,0.922077921,577.5,532.4999996,45.00000038,1,0,0,0.371691833,197.9259013,0.922077922,577.5,532.5,45,1,,,0.101,215.9095108,2137.717929,2137.717929,0,66.2692558,0,,,276.5715816,0,118.9257801,4,1380.176919,0,0,0,140.225975
156,1,157,0.1016,0,0,1380.176919,,,,0,0,1,2414.289511,2414.289511,0,386.2863217,80.15441175,0,,,367.6027807,2414.289511,2317.71793,96.57158043,2414.289511,0,1,0,0,0.158609003,122.5471378,0.96,804.8299053,772.6367091,32.19319621,1,0,0,0.158603729,122.5278214,0.96,804.7298027,772.5406106,32.18919211,1,0,0,0.158603729,122.5278214,0.96,804.7298027,772.5406106,32.18919211,,,,796.6646273,2317.71793,2137.717929,180.0000011,2317.71793,-1.59E-11,1,0,0,0.375564957,202.8869238,0.923105568,585.2179302,540.2179298,45.00000038,1,0,0,0.371691833,197.9259011,0.922077921,577.5,532.4999996,45.00000038,1,0,0,0.371691833,197.9259013,0.922077922,577.5,532.5,45,1,0,0,0.371691833,197.9259011,0.922077921,577.5,532.4999996,45.00000038,1,,,0.101,215.9095108,2137.717929,2137.717929,0,66.2692558,0,,,276.5715816,1.42E-13,118.9257801,4,1380.176919,0,0,0,140.225975
157,1,158,0.1016,0,0,1380.176919,,,,0,0,1,2414.289511,2414.289511,0,386.2863217,80.15441175,0,,,367.6027807,2414.289511,2317.71793,96.57158043,2414.289511,0,1,0,0,0.158609003,122.5471378,0.96,804.8299053,772.6367091,32.19319621,1,0,0,0.158603729,122.5278214,0.96,804.7298027,772.5406106,32.18919211,1,0,0,0.158603729,122.5278214,0.96,804.7298027,772.5406106,32.18919211,,,,796.6646273,2317.71793,2137.717929,180.0000011,2317.71793,-1.50E-11,1,0,0,0.375564957,202.886924,0.923105569,585.2179302,540.2179302,45,1,0,0,0.371691833,197.9259011,0.922077921,577.5,532.4999996,45.00000038,1,0,0,0.371691833,197.9259011,0.922077921,577.5,532.4999996,45.00000038,1,0,0,0.371691833,197.9259011,0.922077921,577.5,532.4999996,45.00000038,1,,,0.101,215.9095108,2137.717929,2137.717929,0,66.2692558,0,,,276.5715816,-8.53E-14,118.9257801,4,1380.176919,0,0,0,140.225975
158,1,159,0.1016,0,0,1380.176919,,,,0,0,1,2414.289511,2414.289511,0,386.2863217,80.15441175,0,,,367.6027807,2414.289511,2317.71793,96.57158043,2414.289511,0,1,0,0,0.158609003,122.5471378,0.96,804.8299053,772.6367091,32.19319621,1,0,0,0.158603729,122.5278214,0.96,804.7298027,772.5406106,32.18919211,1,0,0,0.158603729,122.5278214,0.96,804.7298027,772.5406106,32.18919211,,,,796.6646271,2317.71793,2137.717929,180.0000015,2317.71793,-1.50E-11,1,0,0,0.375564957,202.8869238,0.923105568,585.2179302,540.2179298,45.00000038,1,0,0,0.371691833,197.9259011,0.922077921,577.5,532.4999996,45.00000038,1,0,0,0.371691833,197.9259011,0.922077921,577.5,532.4999996,45.00000038,1,0,0,0.371691833,197.9259011,0.922077921,577.5,532.4999996,45.00000038,1,,,0.101,215.9095108,2137.717929,2137.717929,0,66.26925579,0,,,276.5715819,0,118.9257802,4,1380.176919,0,0,0,140.2259749
159,1,160,0.1016,0,0,1380.176919,,,,0,0,1,2414.289511,2414.289511,0,386.2863217,80.15441175,0,,,367.6027807,2414.289511,2317.71793,96.57158043,2414.289511,0,1,0,0,0.158609003,122.5471378,0.96,804.8299053,772.6367091,32.19319621,1,0,0,0.158603729,122.5278214,0.96,804.7298027,772.5406106,32.18919211,1,0,0,0.158603729,122.5278214,0.96,804.7298027,772.5406106,32.18919211,,,,796.6646273,2317.71793,2137.717929,180.0000011,2317.71793,-1.59E-11,1,0,0,0.375564957,202.8869238,0.923105568,585.2179302,540.2179298,45.00000038,1,0,0,0.371691833,197.9259011,0.922077921,577.5,532.4999996,45.00000038,1,0,0,0.371691833,197.9259013,0.922077922,577.5,532.5,45,1,0,0,0.371691833,197.9259011,0.922077921,577.5,532.4999996,45.00000038,1,,,0.101,215.9095108,2137.717929,2137.717929,0,66.2692558,0,,,276.5715816,1.42E-13,118.9257801,4,1380.176919,0,0,0,140.225975
160,1,161,0.1016,0,0,1380.176919,,,,0,0,1,2414.289511,2414.289511,0,386.2863217,80.15441175,0,,,367.6027807,2414.289511,2317.71793,96.57158043,2414.289511,0,1,0,0,0.158609003,122.5471378,0.96,804.8299053,772.6367091,32.19319621,1,0,0,0.158603729,122.5278214,0.96,804.7298027,772.5406106,32.18919211,1,0,0,0.158603729,122.5278214,0.96,804.7298027,772.5406106,32.18919211,,,,796.6646275,2317.71793,2137.717929,180.0000008,2317.71793,-1.59E-11,1,0,0,0.375564957,202.886924,0.923105569,585.2179302,540.2179302,45,1,0,0,0.371691833,197.9259011,0.922077921,577.5,532.4999996,45.00000038,1,0,0,0.371691833,197.9259013,0.922077922,577.5,532.5,45,1,0,0,0.371691833,197.9259011,0.922077921,577.5,532.4999996,45.00000038,1,,,0.101,215.9095109,2137.717929,2137.717929,0,66.26925581,0,,,276.5715812,0,118.9257799,4,1380.176919,0,0,0,140.225975
161,1,162,0.13994,0,0,1380.176919,,,,0,0,1,2414.289511,2414.289511,0,386.2863217,80.15441175,0,,,367.6027807,2414.289511,2317.71793,96.57158043,2414.289511,0,1,0,0,0.158609003,122.5471378,0.96,804.8299053,772.6367091,32.19319621,1,0,0,0.158603729,122.5278214,0.96,804.7298027,772.5406106,32.18919211,1,0,0,0.158603729,122.5278214,0.96,804.7298027,772.5406106,32.18919211,,,,796.6646275,2317.71793,2137.717929,180.0000008,2317.71793,4.55E-13,1,0,0,0.375564957,202.886924,0.923105569,585.2179302,540.2179302,45,1,0,0,0.371691833,197.9259011,0.922077921,577.5,532.4999996,45.00000038,1,0,0,0.371691833,197.9259011,0.922077921,577.5,532.4999996,45.00000038,1,0,0,0.371691833,197.9259013,0.922077922,577.5,532.5,45,1,,,0.101,215.9095109,2137.717929,2137.717929,0,66.26925581,0,,,276.5715812,-2.84E-14,118.9257799,4,1380.176919,0,0,0,193.1419581
162,1,163,0.13994,0,0,1380.176919,,,,0,0,1,2414.289511,2414.289511,0,386.2863217,80.15441175,0,,,367.6027807,2414.289511,2317.71793,96.57158043,2414.289511,0,1,0,0,0.158609003,122.5471378,0.96,804.8299053,772.6367091,32.19319621,1,0,0,0.158603729,122.5278214,0.96,804.7298027,772.5406106,32.18919211,1,0,0,0.158603729,122.5278214,0.96,804.7298027,772.5406106,32.18919211,,,,796.6646273,2317.71793,2137.717929,180.0000011,2317.71793,-3.00E-11,1,0,0,0.375564957,202.8869238,0.923105568,585.2179302,540.2179298,45.00000038,1,0,0,0.371691833,197.9259013,0.922077922,577.5,532.5,45,1,0,0,0.371691833,197.9259011,0.922077921,577.5,532.4999996,45.00000038,1,0,0,0.371691833,197.9259011,0.922077921,577.5,532.4999996,45.00000038,1,,,0.101,215.9095108,2137.717929,2137.717929,0,66.2692558,0,,,276.5715816,0,118.9257801,4,1380.176919,0,0,0,193.141958
163,1,164,0.13994,0,0,1380.176919,,,,0,0,1,2414.289511,2414.289511,0,386.2863217,80.15441175,0,,,367.6027807,2414.289511,2317.71793,96.57158043,2414.289511,0,1,0,0,0.158609003,122.5471378,0.96,804.8299053,772.6367091,32.19319621,1,0,0,0.158603729,122.5278214,0.96,804.7298027,772.5406106,32.18919211,1,0,0,0.158603729,122.5278214,0.96,804.7298027,772.5406106,32.18919211,,,,796.6646273,2317.71793,2137.717929,180.0000011,2317.71793,-1.59E-11,1,0,0,0.375564957,202.8869238,0.923105568,585.2179302,540.2179298,45.00000038,1,0,0,0.371691833,197.9259011,0.922077921,577.5,532.4999996,45.00000038,1,0,0,0.371691833,197.9259013,0.922077922,577.5,532.5,45,1,0,0,0.371691833,197.9259011,0.922077921,577.5,532.4999996,45.00000038,1,,,0.101,215.9095108,2137.717929,2137.717929,0,66.2692558,0,,,276.5715816,1.42E-13,118.9257801,4,1380.176919,0,0,0,193.141958
164,1,165,0.13994,0,0,1380.176919,,,,0,0,1,2414.289511,2414.289511,0,386.2863217,80.15441175,0,,,367.6027807,2414.289511,2317.71793,96.57158043,2414.289511,0,1,0,0,0.158609003,122.5471378,0.96,804.8299053,772.6367091,32.19319621,1,0,0,0.158603729,122.5278214,0.96,804.7298027,772.5406106,32.18919211,1,0,0,0.158603729,122.5278214,0.96,804.7298027,772.5406106,32.18919211,,,,796.6646271,2317.71793,2137.717929,180.0000015,2317.71793,-1.50E-11,1,0,0,0.375564957,202.8869238,0.923105568,585.2179302,540.2179298,45.00000038,1,0,0,0.371691833,197.9259011,0.922077921,577.5,532.4999996,45.00000038,1,0,0,0.371691833,197.9259011,0.922077921,577.5,532.4999996,45.00000038,1,0,0,0.371691833,197.9259011,0.922077921,577.5,532.4999996,45.00000038,1,,,0.101,215.9095108,2137.717929,2137.717929,0,66.26925579,0,,,276.5715819,-5.68E-14,118.9257802,4,1380.176919,0,0,0,193.141958
165,1,166,0.13994,0,0,1380.176919,,,,0,0,1,2414.289511,2414.289511,0,386.2863217,80.15441175,0,,,367.6027807,2414.289511,2317.71793,96.57158043,2414.289511,0,1,0,0,0.158609003,122.5471378,0.96,804.8299053,772.6367091,32.19319621,1,0,0,0.158603729,122.5278214,0.96,804.7298027,772.5406106,32.18919211,1,0,0,0.158603729,122.5278214,0.96,804.7298027,772.5406106,32.18919211,,,,796.6646273,2317.71793,2137.717929,180.0000011,2317.71793,-1.59E-11,1,0,0,0.375564957,202.8869238,0.923105568,585.2179302,540.2179298,45.00000038,1,0,0,0.371691833,197.9259011,0.922077921,577.5,532.4999996,45.00000038,1,0,0,0.371691833,197.9259013,0.922077922,577.5,532.5,45,1,0,0,0.371691833,197.9259011,0.922077921,577.5,532.4999996,45.00000038,1,,,0.101,215.9095108,2137.717929,2137.717929,0,66.2692558,0,,,276.5715816,1.14E-13,118.9257801,4,1380.176919,0,0,0,193.141958
166,1,167,0.1016,0,0,1380.176919,,,,0,0,1,2414.289511,2414.289511,0,386.2863217,80.15441175,0,,,367.6027807,2414.289511,2317.71793,96.57158043,2414.289511,0,1,0,0,0.158609003,122.5471378,0.96,804.8299053,772.6367091,32.19319621,1,0,0,0.158603729,122.5278214,0.96,804.7298027,772.5406106,32.18919211,1,0,0,0.158603729,122.5278214,0.96,804.7298027,772.5406106,32.18919211,,,,796.6646275,2317.71793,2137.717929,180.0000008,2317.71793,-4.55E-13,1,0,0,0.375564957,202.8869238,0.923105568,585.2179302,540.2179298,45.00000038,1,0,0,0.371691833,197.9259011,0.922077921,577.5,532.4999996,45.00000038,1,0,0,0.371691833,197.9259013,0.922077922,577.5,532.5,45,1,0,0,0.371691833,197.9259013,0.922077922,577.5,532.5,45,1,,,0.101,215.9095109,2137.717929,2137.717929,0,66.26925581,0,,,276.5715812,-1.14E-13,118.9257799,4,1380.176919,0,0,0,140.225975
167,1,168,0.1016,0,0,1380.176919,,,,0,0,1,2414.289511,2414.289511,0,386.2863217,80.15441175,0,,,367.6027807,2414.289511,2317.71793,96.57158043,2414.289511,0,1,0,0,0.158609003,122.5471378,0.96,804.8299053,772.6367091,32.19319621,1,0,0,0.158603729,122.5278214,0.96,804.7298027,772.5406106,32.18919211,1,0,0,0.158603729,122.5278214,0.96,804.7298027,772.5406106,32.18919211,,,,796.6646273,2317.71793,2137.717929,180.0000011,2317.71793,-1.59E-11,1,0,0,0.375564957,202.8869238,0.923105568,585.2179302,540.2179298,45.00000038,1,0,0,0.371691833,197.9259011,0.922077921,577.5,532.4999996,45.00000038,1,0,0,0.371691833,197.9259013,0.922077922,577.5,532.5,45,1,0,0,0.371691833,197.9259011,0.922077921,577.5,532.4999996,45.00000038,1,,,0.101,215.9095108,2137.717929,2137.717929,0,66.2692558,0,,,276.5715816,-2.84E-14,118.9257801,4,1380.176919,0,0,0,140.225975
