,Day,Time,LMP,peak_hour,bypass_pretreatment_flow,power_from_grid,intake.op_mode,intake.startup,intake.shutdown,intake.energy_intensity,intake.power_consumption,intake.recovery,intake.feed_flowrate,intake.product_flowrate,intake.reject_flowrate,intake.feed_cost,intake.chemical_cost,pretreatment.op_mode,pretreatment.startup,pretreatment.shutdown,pretreatment.power_consumption,pretreatment.feed_flowrate,pretreatment.product_flowrate,pretreatment.reject_flowrate,pretreatment.inlet_flowrate,pretreatment.leftover_flow,pretreatment.uf_pumps[1].op_mode,pretreatment.uf_pumps[1].startup,pretreatment.uf_pumps[1].shutdown,pretreatment.uf_pumps[1].energy_intensity,pretreatment.uf_pumps[1].power_consumption,pretreatment.uf_pumps[1].recovery,pretreatment.uf_pumps[1].feed_flowrate,pretreatment.uf_pumps[1].product_flowrate,pretreatment.uf_pumps[1].reject_flowrate,pretreatment.uf_pumps[2].op_mode,pretreatment.uf_pumps[2].startup,pretreatment.uf_pumps[2].shutdown,pretreatment.uf_pumps[2].energy_intensity,pretreatment.uf_pumps[2].power_consumption,pretreatment.uf_pumps[2].recovery,pretreatment.uf_pumps[2].feed_flowrate,pretreatment.uf_pumps[2].product_flowrate,pretreatment.uf_pumps[2].reject_flowrate,pretreatment.uf_pumps[3].op_mode,pretreatment.uf_pumps[3].startup,pretreatment.uf_pumps[3].shutdown,pretreatment.uf_pumps[3].energy_intensity,pretreatment.uf_pumps[3].power_consumption,pretreatment.uf_pumps[3].recovery,pretreatment.uf_pumps[3].feed_flowrate,pretreatment.uf_pumps[3].product_flowrate,pretreatment.uf_pumps[3].reject_flowrate,reverse_osmosis.op_mode,reverse_osmosis.startup,reverse_osmosis.shutdown,reverse_osmosis.power_consumption,reverse_osmosis.feed_flowrate,reverse_osmosis.product_flowrate,reverse_osmosis.reject_flowrate,reverse_osmosis.inlet_flowrate,reverse_osmosis.leftover_flow,reverse_osmosis.ro_skid[1].op_mode,reverse_osmosis.ro_skid[1].startup,reverse_osmosis.ro_skid[1].shutdown,reverse_osmosis.ro_skid[1].energy_intensity,reverse_osmosis.ro_skid[1].power_consumption,reverse_osmosis.ro_skid[1].recovery,reverse_osmosis.ro_skid[1].feed_flowrate,reverse_osmosis.ro_skid[1].product_flowrate,reverse_osmosis.ro_skid[1].reject_flowrate,reverse_osmosis.ro_skid[2].op_mode,reverse_osmosis.ro_skid[2].startup,reverse_osmosis.ro_skid[2].shutdown,reverse_osmosis.ro_skid[2].energy_intensity,reverse_osmosis.ro_skid[2].power_consumption,reverse_osmosis.ro_skid[2].recovery,reverse_osmosis.ro_skid[2].feed_flowrate,reverse_osmosis.ro_skid[2].product_flowrate,reverse_osmosis.ro_skid[2].reject_flowrate,reverse_osmosis.ro_skid[3].op_mode,reverse_osmosis.ro_skid[3].startup,reverse_osmosis.ro_skid[3].shutdown,reverse_osmosis.ro_skid[3].energy_intensity,reverse_osmosis.ro_skid[3].power_consumption,reverse_osmosis.ro_skid[3].recovery,reverse_osmosis.ro_skid[3].feed_flowrate,reverse_osmosis.ro_skid[3].product_flowrate,reverse_osmosis.ro_skid[3].reject_flowrate,reverse_osmosis.ro_skid[4].op_mode,reverse_osmosis.ro_skid[4].startup,reverse_osmosis.ro_skid[4].shutdown,reverse_osmosis.ro_skid[4].energy_intensity,reverse_osmosis.ro_skid[4].power_consumption,reverse_osmosis.ro_skid[4].recovery,reverse_osmosis.ro_skid[4].feed_flowrate,reverse_osmosis.ro_skid[4].product_flowrate,reverse_osmosis.ro_skid[4].reject_flowrate,posttreatment.op_mode,posttreatment.startup,posttreatment.shutdown,posttreatment.energy_intensity,posttreatment.power_consumption,posttreatment.feed_flowrate,posttreatment.product_flowrate,posttreatment.reject_flowrate,posttreatment.chemical_cost,brine_discharge.op_mode,brine_discharge.startup,brine_discharge.shutdown,brine_discharge.feed_flowrate,brine_discharge.power_consumption,brine_discharge.brine_cost,num_skids_online,net_power_consumption,water_revenue,demand_response_revenue,emissions_cost,energy_cost
0,1,1,0.11706,0,0,1171.08082,,,,0,0,1,1974.380493,1974.380493,0,315.9008789,65.54943238,0,,,295.7204813,1974.380493,1895.405274,78.97521974,1974.380493,0,1,0,0,0.156020063,98.57374996,0.96,658.1268311,631.8017579,26.32507325,1,0,0,0.156019705,98.57352385,0.96,658.1268311,631.8017579,26.32507325,1,0,0,0.156019204,98.57320744,0.96,658.1268311,631.8017579,26.32507325,,,,698.2821013,1895.405274,1753.249878,142.1553955,1895.405274,2.27E-13,1,0,0,0.398738627,233.3821864,0.925,632.7580253,585.3011734,47.45685189,1,0,0,0.39804823,232.4499574,0.925,631.3236242,583.9743524,47.34927182,1,0,0,0.39804823,232.4499574,0.925,631.3236242,583.9743524,47.34927182,0,0,0,0.087248178,0,0.88,0,0,0,1,,,0.101,177.0782377,1753.249878,1753.249878,0,54.35074622,0,,,221.1306153,-1.42E-13,95.08616456,3,1171.08082,0,0,0,137.0867208
1,1,2,0.11706,0,0,1171.08082,,,,0,0,1,1974.380493,1974.380493,0,315.9008789,65.54943238,0,,,295.7204813,1974.380493,1895.405274,78.97521974,1974.380493,0,1,0,0,0.156020063,98.57374996,0.96,658.1268311,631.8017579,26.32507325,1,0,0,0.156019705,98.57352385,0.96,658.1268311,631.8017579,26.32507325,1,0,0,0.156019204,98.57320744,0.96,658.1268311,631.8017579,26.32507325,,,,698.2821013,1895.405274,1753.249878,142.1553955,1895.405274,2.27E-13,1,0,0,0.398738627,233.3821864,0.925,632.7580253,585.3011734,47.45685189,1,0,0,0.39804823,232.4499574,0.925,631.3236242,583.9743524,47.34927182,1,0,0,0.39804823,232.4499574,0.925,631.3236242,583.9743524,47.34927182,0,0,0,0.087248178,0,0.88,0,0,0,1,,,0.101,177.0782377,1753.249878,1753.249878,0,54.35074622,0,,,221.1306153,-1.42E-13,95.08616456,3,1171.08082,0,0,0,137.0867208
2,1,3,0.11706,0,0,1171.08082,,,,0,0,1,1974.380493,1974.380493,0,315.9008789,65.54943238,0,,,295.7204813,1974.380493,1895.405274,78.97521974,1974.380493,0,1,0,0,0.156020063,98.57374996,0.96,658.1268311,631.8017579,26.32507325,1,0,0,0.156019705,98.57352385,0.96,658.1268311,631.8017579,26.32507325,1,0,0,0.156019204,98.57320744,0.96,658.1268311,631.8017579,26.32507325,,,,698.2821013,1895.405274,1753.249878,142.1553955,1895.405274,2.27E-13,1,0,0,0.398738627,233.3821864,0.925,632.7580253,585.3011734,47.45685189,1,0,0,0.39804823,232.4499574,0.925,631.3236242,583.9743524,47.34927182,1,0,0,0.39804823,232.4499574,0.925,631.3236242,583.9743524,47.34927182,0,0,0,0.087248178,0,0.88,0,0,0,1,,,0.101,177.0782377,1753.249878,1753.249878,0,54.35074622,0,,,221.1306153,-1.42E-13,95.08616456,3,1171.08082,0,0,0,137.0867208
3,1,4,0.11706,0,0,1171.08082,,,,0,0,1,1974.380493,1974.380493,0,315.9008789,65.54943238,0,,,295.7204813,1974.380493,1895.405274,78.97521974,1974.380493,0,1,0,0,0.156020063,98.57374996,0.96,658.1268311,631.8017579,26.32507325,1,0,0,0.156019705,98.57352385,0.96,658.1268311,631.8017579,26.32507325,1,0,0,0.156019204,98.57320744,0.96,658.1268311,631.8017579,26.32507325,,,,698.2821013,1895.405274,1753.249878,142.1553955,1895.405274,2.27E-13,1,0,0,0.398738627,233.3821864,0.925,632.7580253,585.3011734,47.45685189,1,0,0,0.39804823,232.4499574,0.925,631.3236242,583.9743524,47.34927182,1,0,0,0.39804823,232.4499574,0.925,631.3236242,583.9743524,47.34927182,0,0,0,0.087248178,0,0.88,0,0,0,1,,,0.101,177.0782377,1753.249878,1753.249878,0,54.35074622,0,,,221.1306153,-1.42E-13,95.08616456,3,1171.08082,0,0,0,137.0867208
4,1,5,0.11706,0,0,1171.08082,,,,0,0,1,1974.380493,1974.380493,0,315.9008789,65.54943238,0,,,295.7204813,1974.380493,1895.405274,78.97521974,1974.380493,0,1,0,0,0.156020063,98.57374996,0.96,658.1268311,631.8017579,26.32507325,1,0,0,0.156019705,98.57352385,0.96,658.1268311,631.8017579,26.32507325,1,0,0,0.156019204,98.57320744,0.96,658.1268311,631.8017579,26.32507325,,,,698.2821013,1895.405274,1753.249878,142.1553955,1895.405274,2.27E-13,1,0,0,0.398738627,233.3821864,0.925,632.7580253,585.3011734,47.45685189,1,0,0,0.39804823,232.4499574,0.925,631.3236242,583.9743524,47.34927182,1,0,0,0.39804823,232.4499574,0.925,631.3236242,583.9743524,47.34927182,0,0,0,0.087248178,0,0.88,0,0,0,1,,,0.101,177.0782377,1753.249878,1753.249878,0,54.35074622,0,,,221.1306153,-2.84E-14,95.08616456,3,1171.08082,0,0,0,137.0867208
5,1,6,0.11706,0,0,1171.08082,,,,0,0,1,1974.380493,1974.380493,0,315.9008789,65.54943238,0,,,295.7204813,1974.380493,1895.405274,78.97521974,1974.380493,0,1,0,0,0.156020063,98.57374996,0.96,658.1268311,631.8017579,26.32507325,1,0,0,0.156019705,98.57352385,0.96,658.1268311,631.8017579,26.32507325,1,0,0,0.156019204,98.57320744,0.96,658.1268311,631.8017579,26.32507325,,,,698.2821013,1895.405274,1753.249878,142.1553955,1895.405274,2.27E-13,1,0,0,0.398738627,233.3821864,0.925,632.7580253,585.3011734,47.45685189,1,0,0,0.39804823,232.4499574,0.925,631.3236242,583.9743524,47.34927182,1,0,0,0.39804823,232.4499574,0.925,631.3236242,583.9743524,47.34927182,0,0,0,0.087248178,0,0.88,0,0,0,1,,,0.101,177.0782377,1753.249878,1753.249878,0,54.35074622,0,,,221.1306153,-1.42E-13,95.08616456,3,1171.08082,0,0,0,137.0867208
6,1,7,0.11706,0,0,1171.08082,,,,0,0,1,1974.380493,1974.380493,0,315.9008789,65.54943238,0,,,295.7204813,1974.380493,1895.405274,78.97521974,1974.380493,0,1,0,0,0.156020063,98.57374996,0.96,658.1268311,631.8017579,26.32507325,1,0,0,0.156019705,98.57352385,0.96,658.1268311,631.8017579,26.32507325,1,0,0,0.156019204,98.57320744,0.96,658.1268311,631.8017579,26.32507325,,,,698.2821013,1895.405274,1753.249878,142.1553955,1895.405274,2.27E-13,1,0,0,0.398738627,233.3821864,0.925,632.7580253,585.3011734,47.45685189,1,0,0,0.39804823,232.4499574,0.925,631.3236242,583.9743524,47.34927182,1,0,0,0.39804823,232.4499574,0.925,631.3236242,583.9743524,47.34927182,0,0,0,0.087248178,0,0.88,0,0,0,1,,,0.101,177.0782377,1753.249878,1753.249878,0,54.35074622,0,,,221.1306153,-1.42E-13,95.08616456,3,1171.08082,0,0,0,137.0867208
7,1,8,0.11706,0,0,1171.08082,,,,0,0,1,1974.380493,1974.380493,0,315.9008789,65.54943238,0,,,295.7204813,1974.380493,1895.405274,78.97521974,1974.380493,0,1,0,0,0.156020063,98.57374996,0.96,658.1268311,631.8017579,26.32507325,1,0,0,0.156019705,98.57352385,0.96,658.1268311,631.8017579,26.32507325,1,0,0,0.156019204,98.57320744,0.96,658.1268311,631.8017579,26.32507325,,,,698.2821013,1895.405274,1753.249878,142.1553955,1895.405274,2.27E-13,1,0,0,0.398738627,233.3821864,0.925,632.7580253,585.3011734,47.45685189,1,0,0,0.39804823,232.4499574,0.925,631.3236242,583.9743524,47.34927182,1,0,0,0.39804823,232.4499574,0.925,631.3236242,583.9743524,47.34927182,0,0,0,0.087248178,0,0.88,0,0,0,1,,,0.101,177.0782377,1753.249878,1753.249878,0,54.35074622,0,,,221.1306153,-1.42E-13,95.08616456,3,1171.08082,0,0,0,137.0867208
8,1,9,0.11706,0,0,1171.08082,,,,0,0,1,1974.380493,1974.380493,0,315.9008789,65.54943238,0,,,295.7204813,1974.380493,1895.405274,78.97521974,1974.380493,0,1,0,0,0.156020063,98.57374996,0.96,658.1268311,631.8017579,26.32507325,1,0,0,0.156019705,98.57352385,0.96,658.1268311,631.8017579,26.32507325,1,0,0,0.156019204,98.57320744,0.96,658.1268311,631.8017579,26.32507325,,,,698.2821013,1895.405274,1753.249878,142.1553955,1895.405274,2.27E-13,1,0,0,0.398738627,233.3821864,0.925,632.7580253,585.3011734,47.45685189,1,0,0,0.39804823,232.4499574,0.925,631.3236242,583.9743524,47.34927182,1,0,0,0.39804823,232.4499574,0.925,631.3236242,583.9743524,47.34927182,0,0,0,0.087248178,0,0.88,0,0,0,1,,,0.101,177.0782377,1753.249878,1753.249878,0,54.35074622,0,,,221.1306153,-1.42E-13,95.08616456,3,1171.08082,0,0,0,137.0867208
9,1,10,0.11706,0,0,1171.08082,,,,0,0,1,1974.380493,1974.380493,0,315.9008789,65.54943238,0,,,295.7204813,1974.380493,1895.405274,78.97521974,1974.380493,0,1,0,0,0.156020063,98.57374996,0.96,658.1268311,631.8017579,26.32507325,1,0,0,0.156019705,98.57352385,0.96,658.1268311,631.8017579,26.32507325,1,0,0,0.156019204,98.57320744,0.96,658.1268311,631.8017579,26.32507325,,,,698.2821013,1895.405274,1753.249878,142.1553955,1895.405274,2.27E-13,1,0,0,0.398738627,233.3821864,0.925,632.7580253,585.3011734,47.45685189,1,0,0,0.39804823,232.4499574,0.925,631.3236242,583.9743524,47.34927182,1,0,0,0.39804823,232.4499574,0.925,631.3236242,583.9743524,47.34927182,0,0,0,0.087248178,0,0.88,0,0,0,1,,,0.101,177.0782377,1753.249878,1753.249878,0,54.35074622,0,,,221.1306153,-1.42E-13,95.08616456,3,1171.08082,0,0,0,137.0867208
10,1,11,0.11706,0,0,1171.08082,,,,0,0,1,1974.380493,1974.380493,0,315.9008789,65.54943238,0,,,295.7204813,1974.380493,1895.405274,78.97521974,1974.380493,0,1,0,0,0.156020063,98.57374996,0.96,658.1268311,631.8017579,26.32507325,1,0,0,0.156019705,98.57352385,0.96,658.1268311,631.8017579,26.32507325,1,0,0,0.156019204,98.57320744,0.96,658.1268311,631.8017579,26.32507325,,,,698.2821013,1895.405274,1753.249878,142.1553955,1895.405274,2.27E-13,1,0,0,0.398738627,233.3821864,0.925,632.7580253,585.3011734,47.45685189,1,0,0,0.39804823,232.4499574,0.925,631.3236242,583.9743524,47.34927182,1,0,0,0.39804823,232.4499574,0.925,631.3236242,583.9743524,47.34927182,0,0,0,0.087248178,0,0.88,0,0,0,1,,,0.101,177.0782377,1753.249878,1753.249878,0,54.35074622,0,,,221.1306153,-1.42E-13,95.08616456,3,1171.08082,0,0,0,137.0867208
11,1,12,0.11706,0,0,1171.08082,,,,0,0,1,1974.380493,1974.380493,0,315.9008789,65.54943238,0,,,295.7204813,1974.380493,1895.405274,78.97521974,1974.380493,0,1,0,0,0.156020063,98.57374996,0.96,658.1268311,631.8017579,26.32507325,1,0,0,0.156019705,98.57352385,0.96,658.1268311,631.8017579,26.32507325,1,0,0,0.156019204,98.57320744,0.96,658.1268311,631.8017579,26.32507325,,,,698.2821013,1895.405274,1753.249878,142.1553955,1895.405274,2.27E-13,1,0,0,0.398738627,233.3821864,0.925,632.7580253,585.3011734,47.45685189,1,0,0,0.39804823,232.4499574,0.925,631.3236242,583.9743524,47.34927182,1,0,0,0.39804823,232.4499574,0.925,631.3236242,583.9743524,47.34927182,0,0,0,0.087248178,0,0.88,0,0,0,1,,,0.101,177.0782377,1753.249878,1753.249878,0,54.35074622,0,,,221.1306153,-1.42E-13,95.08616456,3,1171.08082,0,0,0,137.0867208
12,1,13,0.11706,0,0,1171.08082,,,,0,0,1,1974.380493,1974.380493,0,315.9008789,65.54943238,0,,,295.7204813,1974.380493,1895.405274,78.97521974,1974.380493,0,1,0,0,0.156020063,98.57374996,0.96,658.1268311,631.8017579,26.32507325,1,0,0,0.156019705,98.57352385,0.96,658.1268311,631.8017579,26.32507325,1,0,0,0.156019204,98.57320744,0.96,658.1268311,631.8017579,26.32507325,,,,698.2821013,1895.405274,1753.249878,142.1553955,1895.405274,2.27E-13,1,0,0,0.398738627,233.3821864,0.925,632.7580253,585.3011734,47.45685189,1,0,0,0.39804823,232.4499574,0.925,631.3236242,583.9743524,47.34927182,1,0,0,0.39804823,232.4499574,0.925,631.3236242,583.9743524,47.34927182,0,0,0,0.087248178,0,0.88,0,0,0,1,,,0.101,177.0782377,1753.249878,1753.249878,0,54.35074622,0,,,221.1306153,-1.42E-13,95.08616456,3,1171.08082,0,0,0,137.0867208
13,1,14,0.11706,0,0,1171.08082,,,,0,0,1,1974.380493,1974.380493,0,315.9008789,65.54943238,0,,,295.7204813,1974.380493,1895.405274,78.97521974,1974.380493,0,1,0,0,0.156020063,98.57374996,0.96,658.1268311,631.8017579,26.32507325,1,0,0,0.156019705,98.57352385,0.96,658.1268311,631.8017579,26.32507325,1,0,0,0.156019204,98.57320744,0.96,658.1268311,631.8017579,26.32507325,,,,698.2821013,1895.405274,1753.249878,142.1553955,1895.405274,2.27E-13,1,0,0,0.398738627,233.3821864,0.925,632.7580253,585.3011734,47.45685189,1,0,0,0.39804823,232.4499574,0.925,631.3236242,583.9743524,47.34927182,1,0,0,0.39804823,232.4499574,0.925,631.3236242,583.9743524,47.34927182,0,0,0,0.087248178,0,0.88,0,0,0,1,,,0.101,177.0782377,1753.249878,1753.249878,0,54.35074622,0,,,221.1306153,-1.42E-13,95.08616456,3,1171.08082,0,0,0,137.0867208
14,1,15,0.11706,0,0,1171.08082,,,,0,0,1,1974.380493,1974.380493,0,315.9008789,65.54943238,0,,,295.7204813,1974.380493,1895.405274,78.97521974,1974.380493,0,1,0,0,0.156020063,98.57374996,0.96,658.1268311,631.8017579,26.32507325,1,0,0,0.156019705,98.57352385,0.96,658.1268311,631.8017579,26.32507325,1,0,0,0.156019204,98.57320744,0.96,658.1268311,631.8017579,26.32507325,,,,698.2821013,1895.405274,1753.249878,142.1553955,1895.405274,2.27E-13,1,0,0,0.398738627,233.3821864,0.925,632.7580253,585.3011734,47.45685189,1,0,0,0.39804823,232.4499574,0.925,631.3236242,583.9743524,47.34927182,1,0,0,0.39804823,232.4499574,0.925,631.3236242,583.9743524,47.34927182,0,0,0,0.087248178,0,0.88,0,0,0,1,,,0.101,177.0782377,1753.249878,1753.249878,0,54.35074622,0,,,221.1306153,-1.42E-13,95.08616456,3,1171.08082,0,0,0,137.0867208
15,1,16,0.11706,0,0,1171.08082,,,,0,0,1,1974.380493,1974.380493,0,315.9008789,65.54943238,0,,,295.7204813,1974.380493,1895.405274,78.97521974,1974.380493,0,1,0,0,0.156020063,98.57374996,0.96,658.1268311,631.8017579,26.32507325,1,0,0,0.156019705,98.57352385,0.96,658.1268311,631.8017579,26.32507325,1,0,0,0.156019204,98.57320744,0.96,658.1268311,631.8017579,26.32507325,,,,698.2821013,1895.405274,1753.249878,142.1553955,1895.405274,2.27E-13,1,0,0,0.398738627,233.3821864,0.925,632.7580253,585.3011734,47.45685189,1,0,0,0.39804823,232.4499574,0.925,631.3236242,583.9743524,47.34927182,1,0,0,0.39804823,232.4499574,0.925,631.3236242,583.9743524,47.34927182,0,0,0,0.087248178,0,0.88,0,0,0,1,,,0.101,177.0782377,1753.249878,1753.249878,0,54.35074622,0,,,221.1306153,-1.42E-13,95.08616456,3,1171.08082,0,0,0,137.0867208
16,1,17,0.11706,0,0,1171.08082,,,,0,0,1,1974.380493,1974.380493,0,315.9008789,65.54943238,0,,,295.7204813,1974.380493,1895.405274,78.97521974,1974.380493,0,1,0,0,0.156020063,98.57374996,0.96,658.1268311,631.8017579,26.32507325,1,0,0,0.156019705,98.57352385,0.96,658.1268311,631.8017579,26.32507325,1,0,0,0.156019204,98.57320744,0.96,658.1268311,631.8017579,26.32507325,,,,698.2821013,1895.405274,1753.249878,142.1553955,1895.405274,2.27E-13,1,0,0,0.398738627,233.3821864,0.925,632.7580253,585.3011734,47.45685189,1,0,0,0.39804823,232.4499574,0.925,631.3236242,583.9743524,47.34927182,1,0,0,0.39804823,232.4499574,0.925,631.3236242,583.9743524,47.34927182,0,0,0,0.087248178,0,0.88,0,0,0,1,,,0.101,177.0782377,1753.249878,1753.249878,0,54.35074622,0,,,221.1306153,-1.42E-13,95.08616456,3,1171.08082,0,0,0,137.0867208
17,1,18,0.15809,1,0,592.5366164,,,,0,0,1,1085.697621,1085.697621,0,173.7116194,36.04516102,0,,,169.4778197,1085.697621,1042.269716,43.42790484,1085.697621,0,1,0,0,0.156020063,98.57374996,0.96,658.1268311,631.8017579,26.32507325,1,0,0,0.172739597,70.90406977,0.96,427.57079,410.4679584,17.1028316,0,0,1,0.271,0,0.96,0,0,0,,,,326.8795554,1042.269716,952.2697153,90.00000099,1042.269716,0,1,0,0,0.343263626,163.4397777,0.913649989,521.1348581,476.1348576,45.0000005,1,0,0,0.343263626,163.4397777,0.913649989,521.1348581,476.1348576,45.0000005,0,0,1,0.087248178,0,0.88,0,0,0,0,0,0,0.087248178,0,0.88,0,0,0,1,,,0.101,96.17924124,952.2697153,952.2697153,0,29.52036117,0,,,133.4279058,0,57.37399951,2,592.5366164,0,0,0,93.67411369
18,1,19,0.15809,1,0,592.5366164,,,,0,0,1,1085.697621,1085.697621,0,173.7116194,36.04516102,0,,,169.4778197,1085.697621,1042.269716,43.42790484,1085.697621,0,1,0,0,0.156020063,98.57374996,0.96,658.1268311,631.8017579,26.32507325,1,0,0,0.172739597,70.90406977,0.96,427.57079,410.4679584,17.1028316,0,0,0,0.271,0,0.96,0,0,0,,,,326.8795554,1042.269716,952.2697153,90.00000099,1042.269716,0,1,0,0,0.343263626,163.4397777,0.913649989,521.1348581,476.1348576,45.0000005,1,0,0,0.343263626,163.4397777,0.913649989,521.1348581,476.1348576,45.0000005,0,0,0,0.087248178,0,0.88,0,0,0,0,0,0,0.087248178,0,0.88,0,0,0,1,,,0.101,96.17924124,952.2697153,952.2697153,0,29.52036117,0,,,133.4279058,0,57.37399951,2,592.5366164,0,0,0,93.67411369
19,1,20,0.15809,1,0,592.5366164,,,,0,0,1,1085.697621,1085.697621,0,173.7116194,36.04516102,0,,,169.4778197,1085.697621,1042.269716,43.42790484,1085.697621,0,1,0,0,0.156020063,98.57374996,0.96,658.1268311,631.8017579,26.32507325,1,0,0,0.172739597,70.90406977,0.96,427.57079,410.4679584,17.1028316,0,0,0,0.271,0,0.96,0,0,0,,,,326.8795554,1042.269716,952.2697153,90.00000099,1042.269716,0,1,0,0,0.343263626,163.4397777,0.913649989,521.1348581,476.1348576,45.0000005,1,0,0,0.343263626,163.4397777,0.913649989,521.1348581,476.1348576,45.0000005,0,0,0,0.087248178,0,0.88,0,0,0,0,0,0,0.087248178,0,0.88,0,0,0,1,,,0.101,96.17924124,952.2697153,952.2697153,0,29.52036117,0,,,133.4279058,0,57.37399951,2,592.5366164,0,0,0,93.67411369
20,1,21,0.15809,1,0,592.5366164,,,,0,0,1,1085.697621,1085.697621,0,173.7116194,36.04516102,0,,,169.4778197,1085.697621,1042.269716,43.42790484,1085.697621,0,1,0,0,0.156020063,98.57374996,0.96,658.1268311,631.8017579,26.32507325,1,0,0,0.172739597,70.90406977,0.96,427.57079,410.4679584,17.1028316,0,0,0,0.271,0,0.96,0,0,0,,,,326.8795554,1042.269716,952.2697153,90.00000099,1042.269716,0,1,0,0,0.343263626,163.4397777,0.913649989,521.1348581,476.1348576,45.0000005,1,0,0,0.343263626,163.4397777,0.913649989,521.1348581,476.1348576,45.0000005,0,0,0,0.087248178,0,0.88,0,0,0,0,0,0,0.087248178,0,0.88,0,0,0,1,,,0.101,96.17924124,952.2697153,952.2697153,0,29.52036117,0,,,133.4279058,0,57.37399951,2,592.5366164,0,0,0,93.67411369
21,1,22,0.15809,1,0,592.5366164,,,,0,0,1,1085.697621,1085.697621,0,173.7116194,36.04516102,0,,,169.4778197,1085.697621,1042.269716,43.42790484,1085.697621,0,1,0,0,0.156020063,98.57374996,0.96,658.1268311,631.8017579,26.32507325,1,0,0,0.172739597,70.90406977,0.96,427.57079,410.4679584,17.1028316,0,0,0,0.271,0,0.96,0,0,0,,,,326.8795554,1042.269716,952.2697153,90.00000099,1042.269716,0,1,0,0,0.343263626,163.4397777,0.913649989,521.1348581,476.1348576,45.0000005,1,0,0,0.343263626,163.4397777,0.913649989,521.1348581,476.1348576,45.0000005,0,0,0,0.087248178,0,0.88,0,0,0,0,0,0,0.087248178,0,0.88,0,0,0,1,,,0.101,96.17924124,952.2697153,952.2697153,0,29.52036117,0,,,133.4279058,0,57.37399951,2,592.5366164,0,0,0,93.67411369
22,1,23,0.11706,0,0,1171.080818,,,,0,0,1,2171.347916,2171.347916,0,347.4156666,72.08875083,0,,,324.9943728,2171.347916,2084.494,86.85391666,2171.347916,0,1,0,0,0.155945965,108.7555192,0.96,726.4503399,697.3923263,29.0580136,1,0,0,0.155943291,108.7271706,0.96,726.2734333,697.222496,29.05093733,1,1,0,0.155841322,107.5116831,0.96,718.6241433,689.8791775,28.74496573,,,,653.7325514,2084.494,1904.493996,180.0000037,2084.494,0,1,0,0,0.343263626,163.4397777,0.913649989,521.1348581,476.1348576,45.0000005,1,0,0,0.343263626,163.4397777,0.913649989,521.1348581,476.1348576,45.0000005,1,1,0,0.343263626,163.439778,0.91364999,521.1348581,476.1348581,45,1,1,0,0.343240598,163.413218,0.913642456,521.0894255,476.0894227,45.00000275,1,,,0.101,192.3538936,1904.493996,1904.493996,0,59.03931388,0,,,266.8539204,-1.42E-13,114.7471858,4,1171.080818,0,0,0,137.0867205
23,1,24,0.11706,0,0,1171.080819,,,,0,0,1,2171.347916,2171.347916,0,347.4156666,72.08875083,0,,,324.9943728,2171.347916,2084.494,86.85391666,2171.347916,0,1,0,0,0.155945965,108.7555192,0.96,726.4503399,697.3923263,29.0580136,1,0,0,0.155943291,108.7271706,0.96,726.2734333,697.222496,29.05093733,1,0,0,0.155841322,107.5116831,0.96,718.6241433,689.8791775,28.74496573,,,,653.7325525,2084.494,1904.493998,180.0000015,2084.494,0,1,0,0,0.343263626,163.4397777,0.913649989,521.1348581,476.1348576,45.0000005,1,0,0,0.343263626,163.4397777,0.913649989,521.1348581,476.1348576,45.0000005,1,0,0,0.343263626,163.4397777,0.913649989,521.1348581,476.1348576,45.0000005,1,0,0,0.343240599,163.4132193,0.913642462,521.0894255,476.0894255,45,1,,,0.101,192.3538938,1904.493998,1904.493998,0,59.03931395,0,,,266.8539181,-1.42E-13,114.7471848,4,1171.080819,0,0,0,137.0867207
24,1,25,0.11706,0,0,1171.080819,,,,0,0,1,2171.347916,2171.347916,0,347.4156666,72.08875083,0,,,324.9943728,2171.347916,2084.494,86.85391666,2171.347916,0,1,0,0,0.155945965,108.7555192,0.96,726.4503399,697.3923263,29.0580136,1,0,0,0.155943291,108.7271706,0.96,726.2734333,697.222496,29.05093733,1,0,0,0.155841322,107.5116831,0.96,718.6241433,689.8791775,28.74496573,,,,653.7325525,2084.494,1904.493998,180.0000015,2084.494,0,1,0,0,0.343263626,163.4397777,0.913649989,521.1348581,476.1348576,45.0000005,1,0,0,0.343263626,163.4397777,0.913649989,521.1348581,476.1348576,45.0000005,1,0,0,0.343263626,163.4397777,0.913649989,521.1348581,476.1348576,45.0000005,1,0,0,0.343240599,163.4132193,0.913642462,521.0894255,476.0894255,45,1,,,0.101,192.3538938,1904.493998,1904.493998,0,59.03931395,0,,,266.8539181,-8.53E-14,114.7471848,4,1171.080819,0,0,0,137.0867207
25,1,26,0.11706,0,0,1171.080819,,,,0,0,1,2171.347916,2171.347916,0,347.4156666,72.08875083,0,,,324.9943728,2171.347916,2084.494,86.85391666,2171.347916,0,1,0,0,0.155945965,108.7555192,0.96,726.4503399,697.3923263,29.0580136,1,0,0,0.155943291,108.7271706,0.96,726.2734333,697.222496,29.05093733,1,0,0,0.155841322,107.5116831,0.96,718.6241433,689.8791775,28.74496573,,,,653.7325525,2084.494,1904.493998,180.0000015,2084.494,0,1,0,0,0.343263626,163.4397777,0.913649989,521.1348581,476.1348576,45.0000005,1,0,0,0.343263626,163.4397777,0.913649989,521.1348581,476.1348576,45.0000005,1,0,0,0.343263626,163.4397777,0.913649989,521.1348581,476.1348576,45.0000005,1,0,0,0.343240599,163.4132193,0.913642462,521.0894255,476.0894255,45,1,,,0.101,192.3538938,1904.493998,1904.493998,0,59.03931395,0,,,266.8539181,-8.53E-14,114.7471848,4,1171.080819,0,0,0,137.0867207
26,1,27,0.11706,0,0,1171.080819,,,,0,0,1,2171.347916,2171.347916,0,347.4156666,72.08875083,0,,,324.9943728,2171.347916,2084.494,86.85391666,2171.347916,0,1,0,0,0.155945965,108.7555192,0.96,726.4503399,697.3923263,29.0580136,1,0,0,0.155943291,108.7271706,0.96,726.2734333,697.222496,29.05093733,1,0,0,0.155841322,107.5116831,0.96,718.6241433,689.8791775,28.74496573,,,,653.7325525,2084.494,1904.493998,180.0000015,2084.494,0,1,0,0,0.343263626,163.4397777,0.913649989,521.1348581,476.1348576,45.0000005,1,0,0,0.343263626,163.4397777,0.913649989,521.1348581,476.1348576,45.0000005,1,0,0,0.343263626,163.4397777,0.913649989,521.1348581,476.1348576,45.0000005,1,0,0,0.343240599,163.4132193,0.913642462,521.0894255,476.0894255,45,1,,,0.101,192.3538938,1904.493998,1904.493998,0,59.03931395,0,,,266.8539181,-1.14E-13,114.7471848,4,1171.080819,0,0,0,137.0867207
27,1,28,0.11706,0,0,1171.080819,,,,0,0,1,2171.347916,2171.347916,0,347.4156666,72.08875083,0,,,324.9943728,2171.347916,2084.494,86.85391666,2171.347916,0,1,0,0,0.155945965,108.7555192,0.96,726.4503399,697.3923263,29.0580136,1,0,0,0.155943291,108.7271706,0.96,726.2734333,697.222496,29.05093733,1,0,0,0.155841322,107.5116831,0.96,718.6241433,689.8791775,28.74496573,,,,653.7325525,2084.494,1904.493998,180.0000015,2084.494,0,1,0,0,0.343263626,163.4397777,0.913649989,521.1348581,476.1348576,45.0000005,1,0,0,0.343263626,163.4397777,0.913649989,521.1348581,476.1348576,45.0000005,1,0,0,0.343263626,163.4397777,0.913649989,521.1348581,476.1348576,45.0000005,1,0,0,0.343240599,163.4132193,0.913642462,521.0894255,476.0894255,45,1,,,0.101,192.3538938,1904.493998,1904.493998,0,59.03931395,0,,,266.8539181,-8.53E-14,114.7471848,4,1171.080819,0,0,0,137.0867207
28,1,29,0.11706,0,0,1171.080819,,,,0,0,1,2171.347916,2171.347916,0,347.4156666,72.08875083,0,,,324.9943728,2171.347916,2084.494,86.85391666,2171.347916,0,1,0,0,0.155945965,108.7555192,0.96,726.4503399,697.3923263,29.0580136,1,0,0,0.155943291,108.7271706,0.96,726.2734333,697.222496,29.05093733,1,0,0,0.155841322,107.5116831,0.96,718.6241433,689.8791775,28.74496573,,,,653.7325525,2084.494,1904.493998,180.0000015,2084.494,0,1,0,0,0.343263626,163.4397777,0.913649989,521.1348581,476.1348576,45.0000005,1,0,0,0.343263626,163.4397777,0.913649989,521.1348581,476.1348576,45.0000005,1,0,0,0.343263626,163.4397777,0.913649989,521.1348581,476.1348576,45.0000005,1,0,0,0.343240599,163.4132193,0.913642462,521.0894255,476.0894255,45,1,,,0.101,192.3538938,1904.493998,1904.493998,0,59.03931395,0,,,266.8539181,-8.53E-14,114.7471848,4,1171.080819,0,0,0,137.0867207
29,1,30,0.11706,0,0,1171.080819,,,,0,0,1,2171.347916,2171.347916,0,347.4156666,72.08875083,0,,,324.9943728,2171.347916,2084.494,86.85391666,2171.347916,0,1,0,0,0.155945965,108.7555192,0.96,726.4503399,697.3923263,29.0580136,1,0,0,0.155943291,108.7271706,0.96,726.2734333,697.222496,29.05093733,1,0,0,0.155841322,107.5116831,0.96,718.6241433,689.8791775,28.74496573,,,,653.7325525,2084.494,1904.493998,180.0000015,2084.494,0,1,0,0,0.343263626,163.4397777,0.913649989,521.1348581,476.1348576,45.0000005,1,0,0,0.343263626,163.4397777,0.913649989,521.1348581,476.1348576,45.0000005,1,0,0,0.343263626,163.4397777,0.913649989,521.1348581,476.1348576,45.0000005,1,0,0,0.343240599,163.4132193,0.913642462,521.0894255,476.0894255,45,1,,,0.101,192.3538938,1904.493998,1904.493998,0,59.03931395,0,,,266.8539181,-8.53E-14,114.7471848,4,1171.080819,0,0,0,137.0867207
30,1,31,0.11706,0,0,1171.080819,,,,0,0,1,2171.347916,2171.347916,0,347.4156666,72.08875083,0,,,324.9943728,2171.347916,2084.494,86.85391666,2171.347916,0,1,0,0,0.155945965,108.7555192,0.96,726.4503399,697.3923263,29.0580136,1,0,0,0.155943291,108.7271706,0.96,726.2734333,697.222496,29.05093733,1,0,0,0.155841322,107.5116831,0.96,718.6241433,689.8791775,28.74496573,,,,653.7325525,2084.494,1904.493998,180.0000015,2084.494,0,1,0,0,0.343263626,163.4397777,0.913649989,521.1348581,476.1348576,45.0000005,1,0,0,0.343263626,163.4397777,0.913649989,521.1348581,476.1348576,45.0000005,1,0,0,0.343263626,163.4397777,0.913649989,521.1348581,476.1348576,45.0000005,1,0,0,0.343240599,163.4132193,0.913642462,521.0894255,476.0894255,45,1,,,0.101,192.3538938,1904.493998,1904.493998,0,59.03931395,0,,,266.8539181,2.84E-14,114.7471848,4,1171.080819,0,0,0,137.0867207
31,1,32,0.11706,0,0,1171.080819,,,,0,0,1,2171.347916,2171.347916,0,347.4156666,72.08875083,0,,,324.9943728,2171.347916,2084.494,86.85391666,2171.347916,0,1,0,0,0.155945965,108.7555192,0.96,726.4503399,697.3923263,29.0580136,1,0,0,0.155943291,108.7271706,0.96,726.2734333,697.222496,29.05093733,1,0,0,0.155841322,107.5116831,0.96,718.6241433,689.8791775,28.74496573,,,,653.7325525,2084.494,1904.493998,180.0000015,2084.494,0,1,0,0,0.343263626,163.4397777,0.913649989,521.1348581,476.1348576,45.0000005,1,0,0,0.343263626,163.4397777,0.913649989,521.1348581,476.1348576,45.0000005,1,0,0,0.343263626,163.4397777,0.913649989,521.1348581,476.1348576,45.0000005,1,0,0,0.343240599,163.4132193,0.913642462,521.0894255,476.0894255,45,1,,,0.101,192.3538938,1904.493998,1904.493998,0,59.03931395,0,,,266.8539181,-8.53E-14,114.7471848,4,1171.080819,0,0,0,137.0867207
32,1,33,0.11706,0,0,1171.080819,,,,0,0,1,2171.347916,2171.347916,0,347.4156666,72.08875083,0,,,324.9943728,2171.347916,2084.494,86.85391666,2171.347916,0,1,0,0,0.155945965,108.7555192,0.96,726.4503399,697.3923263,29.0580136,1,0,0,0.155943291,108.7271706,0.96,726.2734333,697.222496,29.05093733,1,0,0,0.155841322,107.5116831,0.96,718.6241433,689.8791775,28.74496573,,,,653.7325525,2084.494,1904.493998,180.0000015,2084.494,0,1,0,0,0.343263626,163.4397777,0.913649989,521.1348581,476.1348576,45.0000005,1,0,0,0.343263626,163.4397777,0.913649989,521.1348581,476.1348576,45.0000005,1,0,0,0.343263626,163.4397777,0.913649989,521.1348581,476.1348576,45.0000005,1,0,0,0.343240599,163.4132193,0.913642462,521.0894255,476.0894255,45,1,,,0.101,192.3538938,1904.493998,1904.493998,0,59.03931395,0,,,266.8539181,-8.53E-14,114.7471848,4,1171.080819,0,0,0,137.0867207
33,1,34,0.11706,0,0,1171.080819,,,,0,0,1,2171.347916,2171.347916,0,347.4156666,72.08875083,0,,,324.9943728,2171.347916,2084.494,86.85391666,2171.347916,0,1,0,0,0.155945965,108.7555192,0.96,726.4503399,697.3923263,29.0580136,1,0,0,0.155943291,108.7271706,0.96,726.2734333,697.222496,29.05093733,1,0,0,0.155841322,107.5116831,0.96,718.6241433,689.8791775,28.74496573,,,,653.7325525,2084.494,1904.493998,180.0000015,2084.494,0,1,0,0,0.343263626,163.4397777,0.913649989,521.1348581,476.1348576,45.0000005,1,0,0,0.343263626,163.4397777,0.913649989,521.1348581,476.1348576,45.0000005,1,0,0,0.343263626,163.4397777,0.913649989,521.1348581,476.1348576,45.0000005,1,0,0,0.343240599,163.4132193,0.913642462,521.0894255,476.0894255,45,1,,,0.101,192.3538938,1904.493998,1904.493998,0,59.03931395,0,,,266.8539181,-1.14E-13,114.7471848,4,1171.080819,0,0,0,137.0867207
34,1,35,0.11706,0,0,1171.080819,,,,0,0,1,2171.347916,2171.347916,0,347.4156666,72.08875083,0,,,324.9943728,2171.347916,2084.494,86.85391666,2171.347916,0,1,0,0,0.155945965,108.7555192,0.96,726.4503399,697.3923263,29.0580136,1,0,0,0.155943291,108.7271706,0.96,726.2734333,697.222496,29.05093733,1,0,0,0.155841322,107.5116831,0.96,718.6241433,689.8791775,28.74496573,,,,653.7325525,2084.494,1904.493998,180.0000015,2084.494,0,1,0,0,0.343263626,163.4397777,0.913649989,521.1348581,476.1348576,45.0000005,1,0,0,0.343263626,163.4397777,0.913649989,521.1348581,476.1348576,45.0000005,1,0,0,0.343263626,163.4397777,0.913649989,521.1348581,476.1348576,45.0000005,1,0,0,0.343240599,163.4132193,0.913642462,521.0894255,476.0894255,45,1,,,0.101,192.3538938,1904.493998,1904.493998,0,59.03931395,0,,,266.8539181,-8.53E-14,114.7471848,4,1171.080819,0,0,0,137.0867207
35,1,36,0.11706,0,0,1171.080819,,,,0,0,1,2171.347916,2171.347916,0,347.4156666,72.08875083,0,,,324.9943728,2171.347916,2084.494,86.85391666,2171.347916,0,1,0,0,0.155945965,108.7555192,0.96,726.4503399,697.3923263,29.0580136,1,0,0,0.155943291,108.7271706,0.96,726.2734333,697.222496,29.05093733,1,0,0,0.155841322,107.5116831,0.96,718.6241433,689.8791775,28.74496573,,,,653.7325525,2084.494,1904.493998,180.0000015,2084.494,0,1,0,0,0.343263626,163.4397777,0.913649989,521.1348581,476.1348576,45.0000005,1,0,0,0.343263626,163.4397777,0.913649989,521.1348581,476.1348576,45.0000005,1,0,0,0.343263626,163.4397777,0.913649989,521.1348581,476.1348576,45.0000005,1,0,0,0.343240599,163.4132193,0.913642462,521.0894255,476.0894255,45,1,,,0.101,192.3538938,1904.493998,1904.493998,0,59.03931395,0,,,266.8539181,-8.53E-14,114.7471848,4,1171.080819,0,0,0,137.0867207
36,1,37,0.11706,0,0,1171.080819,,,,0,0,1,2171.347916,2171.347916,0,347.4156666,72.08875083,0,,,324.9943728,2171.347916,2084.494,86.85391666,2171.347916,0,1,0,0,0.155945965,108.7555192,0.96,726.4503399,697.3923263,29.0580136,1,0,0,0.155943291,108.7271706,0.96,726.2734333,697.222496,29.05093733,1,0,0,0.155841322,107.5116831,0.96,718.6241433,689.8791775,28.74496573,,,,653.7325525,2084.494,1904.493998,180.0000015,2084.494,0,1,0,0,0.343263626,163.4397777,0.913649989,521.1348581,476.1348576,45.0000005,1,0,0,0.343263626,163.4397777,0.913649989,521.1348581,476.1348576,45.0000005,1,0,0,0.343263626,163.4397777,0.913649989,521.1348581,476.1348576,45.0000005,1,0,0,0.343240599,163.4132193,0.913642462,521.0894255,476.0894255,45,1,,,0.101,192.3538938,1904.493998,1904.493998,0,59.03931395,0,,,266.8539181,-8.53E-14,114.7471848,4,1171.080819,0,0,0,137.0867207
37,1,38,0.11706,0,0,1171.080819,,,,0,0,1,2171.347916,2171.347916,0,347.4156666,72.08875083,0,,,324.9943728,2171.347916,2084.494,86.85391666,2171.347916,0,1,0,0,0.155945965,108.7555192,0.96,726.4503399,697.3923263,29.0580136,1,0,0,0.155943291,108.7271706,0.96,726.2734333,697.222496,29.05093733,1,0,0,0.155841322,107.5116831,0.96,718.6241433,689.8791775,28.74496573,,,,653.7325525,2084.494,1904.493998,180.0000015,2084.494,0,1,0,0,0.343263626,163.4397777,0.913649989,521.1348581,476.1348576,45.0000005,1,0,0,0.343263626,163.4397777,0.913649989,521.1348581,476.1348576,45.0000005,1,0,0,0.343263626,163.4397777,0.913649989,521.1348581,476.1348576,45.0000005,1,0,0,0.343240599,163.4132193,0.913642462,521.0894255,476.0894255,45,1,,,0.101,192.3538938,1904.493998,1904.493998,0,59.03931395,0,,,266.8539181,-8.53E-14,114.7471848,4,1171.080819,0,0,0,137.0867207
38,1,39,0.11706,0,0,1171.080819,,,,0,0,1,2171.347916,2171.347916,0,347.4156666,72.08875083,0,,,324.9943728,2171.347916,2084.494,86.85391666,2171.347916,0,1,0,0,0.155945965,108.7555192,0.96,726.4503399,697.3923263,29.0580136,1,0,0,0.155943291,108.7271706,0.96,726.2734333,697.222496,29.05093733,1,0,0,0.155841322,107.5116831,0.96,718.6241433,689.8791775,28.74496573,,,,653.7325525,2084.494,1904.493998,180.0000015,2084.494,0,1,0,0,0.343263626,163.4397777,0.913649989,521.1348581,476.1348576,45.0000005,1,0,0,0.343263626,163.4397777,0.913649989,521.1348581,476.1348576,45.0000005,1,0,0,0.343263626,163.4397777,0.913649989,521.1348581,476.1348576,45.0000005,1,0,0,0.343240599,163.4132193,0.913642462,521.0894255,476.0894255,45,1,,,0.101,192.3538938,1904.493998,1904.493998,0,59.03931395,0,,,266.8539181,-8.53E-14,114.7471848,4,1171.080819,0,0,0,137.0867207
39,1,40,0.11706,0,0,1171.080819,,,,0,0,1,2171.347916,2171.347916,0,347.4156666,72.08875083,0,,,324.9943728,2171.347916,2084.494,86.85391666,2171.347916,0,1,0,0,0.155945965,108.7555192,0.96,726.4503399,697.3923263,29.0580136,1,0,0,0.155943291,108.7271706,0.96,726.2734333,697.222496,29.05093733,1,0,0,0.155841322,107.5116831,0.96,718.6241433,689.8791775,28.74496573,,,,653.7325525,2084.494,1904.493998,180.0000015,2084.494,0,1,0,0,0.343263626,163.4397777,0.913649989,521.1348581,476.1348576,45.0000005,1,0,0,0.343263626,163.4397777,0.913649989,521.1348581,476.1348576,45.0000005,1,0,0,0.343263626,163.4397777,0.913649989,521.1348581,476.1348576,45.0000005,1,0,0,0.343240599,163.4132193,0.913642462,521.0894255,476.0894255,45,1,,,0.101,192.3538938,1904.493998,1904.493998,0,59.03931395,0,,,266.8539181,-8.53E-14,114.7471848,4,1171.080819,0,0,0,137.0867207
40,1,41,0.11706,0,0,890.3986091,,,,0,0,1,1628.546432,1628.546432,0,260.5674291,54.06774153,0,,,255.8104141,1628.546432,1563.404574,65.14185727,1628.546432,0,1,0,0,0.155945965,108.7555192,0.96,726.4503399,697.3923263,29.0580136,1,0,0,0.163764395,80.3210787,0.96,510.9034255,490.4672885,20.43613702,1,0,0,0.177698607,66.7338162,0.96,391.1926662,375.5449596,15.64770665,,,,490.3193331,1563.404574,1428.404573,135.0000015,1563.404574,0,1,0,0,0.343263626,163.4397777,0.913649989,521.1348581,476.1348576,45.0000005,1,0,0,0.343263626,163.4397777,0.913649989,521.1348581,476.1348576,45.0000005,1,0,0,0.343263626,163.4397777,0.913649989,521.1348581,476.1348576,45.0000005,0,0,1,0.087248178,0,0.88,0,0,0,1,,,0.101,144.2688619,1428.404573,1428.404573,0,44.28054176,0,,,200.1418588,-2.84E-14,86.06099926,3,890.3986091,0,0,0,104.2300612
41,1,42,0.15809,1,0,591.0807725,,,,0,0,1,1085.698015,1085.698015,0,173.7116824,36.0451741,0,,,168.0219758,1085.698015,1042.270095,43.42792061,1085.698015,0,1,0,0,0.16077484,84.71709309,0.96,548.8854602,526.9300418,21.95541841,1,0,0,0.161650317,83.3048827,0.96,536.8125549,515.3400527,21.4725022,0,0,1,0.271,0,0.96,0,0,0,,,,326.8795554,1042.270095,952.2697153,90.00000099,1042.269716,0.000378312,1,0,0,0.343263626,163.4397777,0.913649989,521.1348581,476.1348576,45.0000005,1,0,0,0.343263626,163.4397777,0.913649989,521.1348581,476.1348576,45.0000005,0,0,1,0.087248178,0,0.88,0,0,0,0,0,0,0.087248178,0,0.88,0,0,0,1,,,0.101,96.17924124,952.2697153,952.2697153,0,29.52036117,0,,,133.4282999,0,57.37416896,2,591.0807725,0,0,0,93.44395932
42,1,43,0.15809,1,0,591.0807725,,,,0,0,1,1085.698015,1085.698015,0,173.7116824,36.0451741,0,,,168.0219758,1085.698015,1042.270095,43.42792061,1085.698015,0,1,0,0,0.16077484,84.71709309,0.96,548.8854602,526.9300418,21.95541841,1,0,0,0.161650317,83.3048827,0.96,536.8125549,515.3400527,21.4725022,0,0,0,0.271,0,0.96,0,0,0,,,,326.8795554,1042.270095,952.2697153,90.00000099,1042.269716,0.000378312,1,0,0,0.343263626,163.4397777,0.913649989,521.1348581,476.1348576,45.0000005,1,0,0,0.343263626,163.4397777,0.913649989,521.1348581,476.1348576,45.0000005,0,0,0,0.087248178,0,0.88,0,0,0,0,0,0,0.087248178,0,0.88,0,0,0,1,,,0.101,96.17924124,952.2697153,952.2697153,0,29.52036117,0,,,133.4282999,0,57.37416896,2,591.0807725,0,0,0,93.44395932
43,1,44,0.15809,1,0,591.0807725,,,,0,0,1,1085.698015,1085.698015,0,173.7116824,36.0451741,0,,,168.0219758,1085.698015,1042.270095,43.42792061,1085.698015,0,1,0,0,0.16077484,84.71709309,0.96,548.8854602,526.9300418,21.95541841,1,0,0,0.161650317,83.3048827,0.96,536.8125549,515.3400527,21.4725022,0,0,0,0.271,0,0.96,0,0,0,,,,326.8795554,1042.270095,952.2697153,90.00000099,1042.269716,0.000378312,1,0,0,0.343263626,163.4397777,0.913649989,521.1348581,476.1348576,45.0000005,1,0,0,0.343263626,163.4397777,0.913649989,521.1348581,476.1348576,45.0000005,0,0,0,0.087248178,0,0.88,0,0,0,0,0,0,0.087248178,0,0.88,0,0,0,1,,,0.101,96.17924124,952.2697153,952.2697153,0,29.52036117,0,,,133.4282999,0,57.37416896,2,591.0807725,0,0,0,93.44395932
44,1,45,0.15809,1,0,591.0807725,,,,0,0,1,1085.698015,1085.698015,0,173.7116824,36.0451741,0,,,168.0219758,1085.698015,1042.270095,43.42792061,1085.698015,0,1,0,0,0.16077484,84.71709309,0.96,548.8854602,526.9300418,21.95541841,1,0,0,0.161650317,83.3048827,0.96,536.8125549,515.3400527,21.4725022,0,0,0,0.271,0,0.96,0,0,0,,,,326.8795554,1042.270095,952.2697153,90.00000099,1042.269716,0.000378312,1,0,0,0.343263626,163.4397777,0.913649989,521.1348581,476.1348576,45.0000005,1,0,0,0.343263626,163.4397777,0.913649989,521.1348581,476.1348576,45.0000005,0,0,0,0.087248178,0,0.88,0,0,0,0,0,0,0.087248178,0,0.88,0,0,0,1,,,0.101,96.17924124,952.2697153,952.2697153,0,29.52036117,0,,,133.4282999,0,57.37416896,2,591.0807725,0,0,0,93.44395932
45,1,46,0.15809,1,0,591.0807725,,,,0,0,1,1085.698015,1085.698015,0,173.7116824,36.0451741,0,,,168.0219758,1085.698015,1042.270095,43.42792061,1085.698015,0,1,0,0,0.16077484,84.71709309,0.96,548.8854602,526.9300418,21.95541841,1,0,0,0.161650317,83.3048827,0.96,536.8125549,515.3400527,21.4725022,0,0,0,0.271,0,0.96,0,0,0,,,,326.8795554,1042.270095,952.2697153,90.00000099,1042.269716,0.000378312,1,0,0,0.343263626,163.4397777,0.913649989,521.1348581,476.1348576,45.0000005,1,0,0,0.343263626,163.4397777,0.913649989,521.1348581,476.1348576,45.0000005,0,0,0,0.087248178,0,0.88,0,0,0,0,0,0,0.087248178,0,0.88,0,0,0,1,,,0.101,96.17924124,952.2697153,952.2697153,0,29.52036117,0,,,133.4282999,0,57.37416896,2,591.0807725,0,0,0,93.44395932
46,1,47,0.11706,0,0,1171.078859,,,,0,0,1,2171.348512,2171.348512,0,347.415762,72.08877061,0,,,324.99202,2171.348512,2084.494572,86.8539405,2171.348512,0,1,0,0,0.155937365,108.6641542,0.96,725.8800806,696.8448773,29.03520322,1,0,0,0.155937181,108.6621864,0.96,725.8677916,696.83308,29.03471167,1,1,0,0.155852765,107.6656794,0.96,719.6006402,690.8166146,28.78402561,,,,653.7328869,2084.494572,1904.494571,180.000001,2084.494572,0,1,0,0,0.343263626,163.4397777,0.913649989,521.1348581,476.1348576,45.0000005,1,0,0,0.343263626,163.4397777,0.913649989,521.1348581,476.1348576,45.0000005,1,1,0,0.343260589,163.436275,0.913648998,521.128866,476.128866,45,1,1,0,0.343243926,163.4170565,0.91364355,521.0959897,476.0959897,45,1,,,0.101,192.3539517,1904.494571,1904.494571,0,59.0393317,0,,,266.8539415,-5.68E-14,114.7471948,4,1171.078859,0,0,0,137.0864912
47,1,48,0.11706,0,0,1171.078859,,,,0,0,1,2171.348512,2171.348512,0,347.415762,72.08877061,0,,,324.99202,2171.348512,2084.494572,86.8539405,2171.348512,0,1,0,0,0.155937365,108.6641542,0.96,725.8800806,696.8448773,29.03520322,1,0,0,0.155937181,108.6621864,0.96,725.8677916,696.83308,29.03471167,1,0,0,0.155852765,107.6656794,0.96,719.6006402,690.8166146,28.78402561,,,,653.7328869,2084.494572,1904.494571,180.000001,2084.494572,0,1,0,0,0.343263626,163.4397777,0.913649989,521.1348581,476.1348576,45.0000005,1,0,0,0.343263626,163.4397777,0.913649989,521.1348581,476.1348576,45.0000005,1,0,0,0.343260589,163.436275,0.913648998,521.128866,476.128866,45,1,0,0,0.343243926,163.4170565,0.91364355,521.0959897,476.0959897,45,1,,,0.101,192.3539517,1904.494571,1904.494571,0,59.0393317,0,,,266.8539415,-5.68E-14,114.7471948,4,1171.078859,0,0,0,137.0864912
48,1,49,0.11706,0,0,1171.078859,,,,0,0,1,2171.348512,2171.348512,0,347.415762,72.08877061,0,,,324.99202,2171.348512,2084.494572,86.8539405,2171.348512,0,1,0,0,0.155937365,108.6641542,0.96,725.8800806,696.8448773,29.03520322,1,0,0,0.155937181,108.6621864,0.96,725.8677916,696.83308,29.03471167,1,0,0,0.155852765,107.6656794,0.96,719.6006402,690.8166146,28.78402561,,,,653.7328869,2084.494572,1904.494571,180.000001,2084.494572,-9.09E-13,1,0,0,0.343263626,163.4397777,0.913649989,521.1348581,476.1348576,45.0000005,1,0,0,0.343263626,163.4397777,0.913649989,521.1348581,476.1348576,45.0000005,1,0,0,0.343260589,163.436275,0.913648998,521.128866,476.128866,45,1,0,0,0.343243926,163.4170565,0.91364355,521.0959897,476.0959897,45,1,,,0.101,192.3539517,1904.494571,1904.494571,0,59.0393317,0,,,266.8539415,1.71E-13,114.7471948,4,1171.078859,0,0,0,137.0864912
49,1,50,0.11706,0,0,1171.078859,,,,0,0,1,2171.348512,2171.348512,0,347.415762,72.08877061,0,,,324.99202,2171.348512,2084.494572,86.8539405,2171.348512,0,1,0,0,0.155937365,108.6641542,0.96,725.8800806,696.8448773,29.03520322,1,0,0,0.155937181,108.6621864,0.96,725.8677916,696.83308,29.03471167,1,0,0,0.155852765,107.6656794,0.96,719.6006402,690.8166146,28.78402561,,,,653.7328869,2084.494572,1904.494571,180.000001,2084.494572,-1.36E-12,1,0,0,0.343263626,163.4397777,0.913649989,521.1348581,476.1348576,45.0000005,1,0,0,0.343263626,163.4397777,0.913649989,521.1348581,476.1348576,45.0000005,1,0,0,0.343260589,163.436275,0.913648998,521.128866,476.128866,45,1,0,0,0.343243926,163.4170565,0.91364355,521.0959897,476.0959897,45,1,,,0.101,192.3539517,1904.494571,1904.494571,0,59.0393317,0,,,266.8539415,1.71E-13,114.7471948,4,1171.078859,0,0,0,137.0864912
50,1,51,0.11706,0,0,1171.078859,,,,0,0,1,2171.348512,2171.348512,0,347.415762,72.08877061,0,,,324.99202,2171.348512,2084.494572,86.8539405,2171.348512,0,1,0,0,0.155937365,108.6641542,0.96,725.8800806,696.8448773,29.03520322,1,0,0,0.155937181,108.6621864,0.96,725.8677916,696.83308,29.03471167,1,0,0,0.155852765,107.6656794,0.96,719.6006402,690.8166146,28.78402561,,,,653.7328869,2084.494572,1904.494571,180.000001,2084.494572,-1.82E-12,1,0,0,0.343263626,163.4397777,0.913649989,521.1348581,476.1348576,45.0000005,1,0,0,0.343263626,163.4397777,0.913649989,521.1348581,476.1348576,45.0000005,1,0,0,0.343260589,163.436275,0.913648998,521.128866,476.128866,45,1,0,0,0.343243926,163.4170565,0.91364355,521.0959897,476.0959897,45,1,,,0.101,192.3539517,1904.494571,1904.494571,0,59.0393317,0,,,266.8539415,-5.68E-14,114.7471948,4,1171.078859,0,0,0,137.0864912
51,1,52,0.11706,0,0,1171.078859,,,,0,0,1,2171.348512,2171.348512,0,347.415762,72.08877061,0,,,324.99202,2171.348512,2084.494572,86.8539405,2171.348512,0,1,0,0,0.155937365,108.6641542,0.96,725.8800806,696.8448773,29.03520322,1,0,0,0.155937181,108.6621864,0.96,725.8677916,696.83308,29.03471167,1,0,0,0.155852765,107.6656794,0.96,719.6006402,690.8166146,28.78402561,,,,653.7328869,2084.494572,1904.494571,180.000001,2084.494572,0,1,0,0,0.343263626,163.4397777,0.913649989,521.1348581,476.1348576,45.0000005,1,0,0,0.343263626,163.4397777,0.913649989,521.1348581,476.1348576,45.0000005,1,0,0,0.343260589,163.436275,0.913648998,521.128866,476.128866,45,1,0,0,0.343243926,163.4170565,0.91364355,521.0959897,476.0959897,45,1,,,0.101,192.3539517,1904.494571,1904.494571,0,59.0393317,0,,,266.8539415,-5.68E-14,114.7471948,4,1171.078859,0,0,0,137.0864912
52,1,53,0.11706,0,0,1171.078859,,,,0,0,1,2171.348512,2171.348512,0,347.415762,72.08877061,0,,,324.99202,2171.348512,2084.494572,86.8539405,2171.348512,0,1,0,0,0.155937365,108.6641542,0.96,725.8800806,696.8448773,29.03520322,1,0,0,0.155937181,108.6621864,0.96,725.8677916,696.83308,29.03471167,1,0,0,0.155852765,107.6656794,0.96,719.6006402,690.8166146,28.78402561,,,,653.7328869,2084.494572,1904.494571,180.000001,2084.494572,1.82E-12,1,0,0,0.343263626,163.4397777,0.913649989,521.1348581,476.1348576,45.0000005,1,0,0,0.343263626,163.4397777,0.913649989,521.1348581,476.1348576,45.0000005,1,0,0,0.343260589,163.436275,0.913648998,521.128866,476.128866,45,1,0,0,0.343243926,163.4170565,0.91364355,521.0959897,476.0959897,45,1,,,0.101,192.3539517,1904.494571,1904.494571,0,59.0393317,0,,,266.8539415,-5.68E-14,114.7471948,4,1171.078859,0,0,0,137.0864912
53,1,54,0.11706,0,0,1171.078859,,,,0,0,1,2171.348512,2171.348512,0,347.415762,72.08877061,0,,,324.99202,2171.348512,2084.494572,86.8539405,2171.348512,0,1,0,0,0.155937365,108.6641542,0.96,725.8800806,696.8448773,29.03520322,1,0,0,0.155937181,108.6621864,0.96,725.8677916,696.83308,29.03471167,1,0,0,0.155852765,107.6656794,0.96,719.6006402,690.8166146,28.78402561,,,,653.7328869,2084.494572,1904.494571,180.000001,2084.494572,0,1,0,0,0.343263626,163.4397777,0.913649989,521.1348581,476.1348576,45.0000005,1,0,0,0.343263626,163.4397777,0.913649989,521.1348581,476.1348576,45.0000005,1,0,0,0.343260589,163.436275,0.913648998,521.128866,476.128866,45,1,0,0,0.343243926,163.4170565,0.91364355,521.0959897,476.0959897,45,1,,,0.101,192.3539517,1904.494571,1904.494571,0,59.0393317,0,,,266.8539415,-5.68E-14,114.7471948,4,1171.078859,0,0,0,137.0864912
54,1,55,0.11706,0,0,1171.078859,,,,0,0,1,2171.348512,2171.348512,0,347.415762,72.08877061,0,,,324.99202,2171.348512,2084.494572,86.8539405,2171.348512,0,1,0,0,0.155937365,108.6641542,0.96,725.8800806,696.8448773,29.03520322,1,0,0,0.155937181,108.6621864,0.96,725.8677916,696.83308,29.03471167,1,0,0,0.155852765,107.6656794,0.96,719.6006402,690.8166146,28.78402561,,,,653.7328869,2084.494572,1904.494571,180.000001,2084.494572,0,1,0,0,0.343263626,163.4397777,0.913649989,521.1348581,476.1348576,45.0000005,1,0,0,0.343263626,163.4397777,0.913649989,521.1348581,476.1348576,45.0000005,1,0,0,0.343260589,163.436275,0.913648998,521.128866,476.128866,45,1,0,0,0.343243926,163.4170565,0.91364355,521.0959897,476.0959897,45,1,,,0.101,192.3539517,1904.494571,1904.494571,0,59.0393317,0,,,266.8539415,-5.68E-14,114.7471948,4,1171.078859,0,0,0,137.0864912
55,1,56,0.11706,0,0,1171.078859,,,,0,0,1,2171.348512,2171.348512,0,347.415762,72.08877061,0,,,324.99202,2171.348512,2084.494572,86.8539405,2171.348512,0,1,0,0,0.155937365,108.6641542,0.96,725.8800806,696.8448773,29.03520322,1,0,0,0.155937181,108.6621864,0.96,725.8677916,696.83308,29.03471167,1,0,0,0.155852765,107.6656794,0.96,719.6006402,690.8166146,28.78402561,,,,653.7328869,2084.494572,1904.494571,180.000001,2084.494572,-9.09E-13,1,0,0,0.343263626,163.4397777,0.913649989,521.1348581,476.1348576,45.0000005,1,0,0,0.343263626,163.4397777,0.913649989,521.1348581,476.1348576,45.0000005,1,0,0,0.343260589,163.436275,0.913648998,521.128866,476.128866,45,1,0,0,0.343243926,163.4170565,0.91364355,521.0959897,476.0959897,45,1,,,0.101,192.3539517,1904.494571,1904.494571,0,59.0393317,0,,,266.8539415,1.71E-13,114.7471948,4,1171.078859,0,0,0,137.0864912
56,1,57,0.11706,0,0,1171.078859,,,,0,0,1,2171.348512,2171.348512,0,347.415762,72.08877061,0,,,324.99202,2171.348512,2084.494572,86.8539405,2171.348512,0,1,0,0,0.155937365,108.6641542,0.96,725.8800806,696.8448773,29.03520322,1,0,0,0.155937181,108.6621864,0.96,725.8677916,696.83308,29.03471167,1,0,0,0.155852765,107.6656794,0.96,719.6006402,690.8166146,28.78402561,,,,653.7328869,2084.494572,1904.494571,180.000001,2084.494572,0,1,0,0,0.343263626,163.4397777,0.913649989,521.1348581,476.1348576,45.0000005,1,0,0,0.343263626,163.4397777,0.913649989,521.1348581,476.1348576,45.0000005,1,0,0,0.343260589,163.436275,0.913648998,521.128866,476.128866,45,1,0,0,0.343243926,163.4170565,0.91364355,521.0959897,476.0959897,45,1,,,0.101,192.3539517,1904.494571,1904.494571,0,59.0393317,0,,,266.8539415,-5.68E-14,114.7471948,4,1171.078859,0,0,0,137.0864912
57,1,58,0.11706,0,0,1171.078859,,,,0,0,1,2171.348512,2171.348512,0,347.415762,72.08877061,0,,,324.99202,2171.348512,2084.494572,86.8539405,2171.348512,0,1,0,0,0.155937365,108.6641542,0.96,725.8800806,696.8448773,29.03520322,1,0,0,0.155937181,108.6621864,0.96,725.8677916,696.83308,29.03471167,1,0,0,0.155852765,107.6656794,0.96,719.6006402,690.8166146,28.78402561,,,,653.7328869,2084.494572,1904.494571,180.000001,2084.494572,0,1,0,0,0.343263626,163.4397777,0.913649989,521.1348581,476.1348576,45.0000005,1,0,0,0.343263626,163.4397777,0.913649989,521.1348581,476.1348576,45.0000005,1,0,0,0.343260589,163.436275,0.913648998,521.128866,476.128866,45,1,0,0,0.343243926,163.4170565,0.91364355,521.0959897,476.0959897,45,1,,,0.101,192.3539517,1904.494571,1904.494571,0,59.0393317,0,,,266.8539415,-5.68E-14,114.7471948,4,1171.078859,0,0,0,137.0864912
58,1,59,0.11706,0,0,1171.078859,,,,0,0,1,2171.348512,2171.348512,0,347.415762,72.08877061,0,,,324.99202,2171.348512,2084.494572,86.8539405,2171.348512,0,1,0,0,0.155937365,108.6641542,0.96,725.8800806,696.8448773,29.03520322,1,0,0,0.155937181,108.6621864,0.96,725.8677916,696.83308,29.03471167,1,0,0,0.155852765,107.6656794,0.96,719.6006402,690.8166146,28.78402561,,,,653.7328869,2084.494572,1904.494571,180.000001,2084.494572,0,1,0,0,0.343263626,163.4397777,0.913649989,521.1348581,476.1348576,45.0000005,1,0,0,0.343263626,163.4397777,0.913649989,521.1348581,476.1348576,45.0000005,1,0,0,0.343260589,163.436275,0.913648998,521.128866,476.128866,45,1,0,0,0.343243926,163.4170565,0.91364355,521.0959897,476.0959897,45,1,,,0.101,192.3539517,1904.494571,1904.494571,0,59.0393317,0,,,266.8539415,-5.68E-14,114.7471948,4,1171.078859,0,0,0,137.0864912
59,1,60,0.11706,0,0,1171.078859,,,,0,0,1,2171.348512,2171.348512,0,347.415762,72.08877061,0,,,324.99202,2171.348512,2084.494572,86.8539405,2171.348512,0,1,0,0,0.155937365,108.6641542,0.96,725.8800806,696.8448773,29.03520322,1,0,0,0.155937181,108.6621864,0.96,725.8677916,696.83308,29.03471167,1,0,0,0.155852765,107.6656794,0.96,719.6006402,690.8166146,28.78402561,,,,653.7328869,2084.494572,1904.494571,180.000001,2084.494572,0,1,0,0,0.343263626,163.4397777,0.913649989,521.1348581,476.1348576,45.0000005,1,0,0,0.343263626,163.4397777,0.913649989,521.1348581,476.1348576,45.0000005,1,0,0,0.343260589,163.436275,0.913648998,521.128866,476.128866,45,1,0,0,0.343243926,163.4170565,0.91364355,521.0959897,476.0959897,45,1,,,0.101,192.3539517,1904.494571,1904.494571,0,59.0393317,0,,,266.8539415,-5.68E-14,114.7471948,4,1171.078859,0,0,0,137.0864912
60,1,61,0.11706,0,0,1171.078859,,,,0,0,1,2171.348512,2171.348512,0,347.415762,72.08877061,0,,,324.99202,2171.348512,2084.494572,86.8539405,2171.348512,0,1,0,0,0.155937365,108.6641542,0.96,725.8800806,696.8448773,29.03520322,1,0,0,0.155937181,108.6621864,0.96,725.8677916,696.83308,29.03471167,1,0,0,0.155852765,107.6656794,0.96,719.6006402,690.8166146,28.78402561,,,,653.7328869,2084.494572,1904.494571,180.000001,2084.494572,0,1,0,0,0.343263626,163.4397777,0.913649989,521.1348581,476.1348576,45.0000005,1,0,0,0.343263626,163.4397777,0.913649989,521.1348581,476.1348576,45.0000005,1,0,0,0.343260589,163.436275,0.913648998,521.128866,476.128866,45,1,0,0,0.343243926,163.4170565,0.91364355,521.0959897,476.0959897,45,1,,,0.101,192.3539517,1904.494571,1904.494571,0,59.0393317,0,,,266.8539415,-5.68E-14,114.7471948,4,1171.078859,0,0,0,137.0864912
61,1,62,0.11706,0,0,1171.078859,,,,0,0,1,2171.348512,2171.348512,0,347.415762,72.08877061,0,,,324.99202,2171.348512,2084.494572,86.8539405,2171.348512,0,1,0,0,0.155937365,108.6641542,0.96,725.8800806,696.8448773,29.03520322,1,0,0,0.155937181,108.6621864,0.96,725.8677916,696.83308,29.03471167,1,0,0,0.155852765,107.6656794,0.96,719.6006402,690.8166146,28.78402561,,,,653.7328869,2084.494572,1904.494571,180.000001,2084.494572,0,1,0,0,0.343263626,163.4397777,0.913649989,521.1348581,476.1348576,45.0000005,1,0,0,0.343263626,163.4397777,0.913649989,521.1348581,476.1348576,45.0000005,1,0,0,0.343260589,163.436275,0.913648998,521.128866,476.128866,45,1,0,0,0.343243926,163.4170565,0.91364355,521.0959897,476.0959897,45,1,,,0.101,192.3539517,1904.494571,1904.494571,0,59.0393317,0,,,266.8539415,-5.68E-14,114.7471948,4,1171.078859,0,0,0,137.0864912
62,1,63,0.11706,0,0,1171.078859,,,,0,0,1,2171.348512,2171.348512,0,347.415762,72.08877061,0,,,324.99202,2171.348512,2084.494572,86.8539405,2171.348512,0,1,0,0,0.155937365,108.6641542,0.96,725.8800806,696.8448773,29.03520322,1,0,0,0.155937181,108.6621864,0.96,725.8677916,696.83308,29.03471167,1,0,0,0.155852765,107.6656794,0.96,719.6006402,690.8166146,28.78402561,,,,653.7328869,2084.494572,1904.494571,180.000001,2084.494572,9.09E-13,1,0,0,0.343263626,163.4397777,0.913649989,521.1348581,476.1348576,45.0000005,1,0,0,0.343263626,163.4397777,0.913649989,521.1348581,476.1348576,45.0000005,1,0,0,0.343260589,163.436275,0.913648998,521.128866,476.128866,45,1,0,0,0.343243926,163.4170565,0.91364355,521.0959897,476.0959897,45,1,,,0.101,192.3539517,1904.494571,1904.494571,0,59.0393317,0,,,266.8539415,1.71E-13,114.7471948,4,1171.078859,0,0,0,137.0864912
63,1,64,0.11706,0,0,1171.078859,,,,0,0,1,2171.348512,2171.348512,0,347.415762,72.08877061,0,,,324.99202,2171.348512,2084.494572,86.8539405,2171.348512,0,1,0,0,0.155937365,108.6641542,0.96,725.8800806,696.8448773,29.03520322,1,0,0,0.155937181,108.6621864,0.96,725.8677916,696.83308,29.03471167,1,0,0,0.155852765,107.6656794,0.96,719.6006402,690.8166146,28.78402561,,,,653.7328869,2084.494572,1904.494571,180.000001,2084.494572,2.27E-12,1,0,0,0.343263626,163.4397777,0.913649989,521.1348581,476.1348576,45.0000005,1,0,0,0.343263626,163.4397777,0.913649989,521.1348581,476.1348576,45.0000005,1,0,0,0.343260589,163.436275,0.913648998,521.128866,476.128866,45,1,0,0,0.343243926,163.4170565,0.91364355,521.0959897,476.0959897,45,1,,,0.101,192.3539517,1904.494571,1904.494571,0,59.0393317,0,,,266.8539415,-5.68E-14,114.7471948,4,1171.078859,0,0,0,137.0864912
64,1,65,0.11706,0,0,888.3669876,,,,0,0,1,1628.54019,1628.54019,0,260.5664304,54.0675343,0,,,253.7829005,1628.54019,1563.398582,65.14160759,1628.54019,0,1,0,0,0.156019988,98.57369314,0.96,658.1267694,631.8016986,26.32507077,1,0,0,0.157865166,90.84620441,0.96,599.4448646,575.46707,23.97779458,1,0,0,0.18072905,64.36300292,0.96,370.9685559,356.1298136,14.83874224,,,,490.3158305,1563.398582,1428.398581,135.000001,1563.398582,0,1,0,0,0.343263626,163.4397777,0.913649989,521.1348581,476.1348576,45.0000005,1,0,0,0.343263626,163.4397777,0.913649989,521.1348581,476.1348576,45.0000005,1,0,0,0.343260589,163.436275,0.913648998,521.128866,476.128866,45,0,0,1,0.087248178,0,0.88,0,0,0,1,,,0.101,144.2682567,1428.398581,1428.398581,0,44.28035602,0,,,200.1416086,2.84E-14,86.06089169,3,888.3669876,0,0,0,103.9922396
65,1,66,0.15809,1,0,592.5365858,,,,0,0,1,1085.697621,1085.697621,0,173.7116194,36.04516102,0,,,169.4777892,1085.697621,1042.269716,43.42790484,1085.697621,0,1,0,0,0.156019988,98.57369314,0.96,658.1267694,631.8016986,26.32507077,1,0,0,0.172739636,70.90409604,0.96,427.5708517,410.4680177,17.10283407,0,0,1,0.271,0,0.96,0,0,0,,,,326.8795554,1042.269716,952.2697153,90.00000099,1042.269716,0,1,0,0,0.343263626,163.4397777,0.913649989,521.1348581,476.1348576,45.0000005,1,0,0,0.343263626,163.4397777,0.913649989,521.1348581,476.1348576,45.0000005,0,0,1,0.087248178,0,0.88,0,0,0,0,0,0,0.087248178,0,0.88,0,0,0,1,,,0.101,96.17924124,952.2697153,952.2697153,0,29.52036117,0,,,133.4279058,0,57.37399951,2,592.5365858,0,0,0,93.67410886
66,1,67,0.15809,1,0,592.5365858,,,,0,0,1,1085.697621,1085.697621,0,173.7116194,36.04516102,0,,,169.4777892,1085.697621,1042.269716,43.42790484,1085.697621,0,1,0,0,0.156019988,98.57369314,0.96,658.1267694,631.8016986,26.32507077,1,0,0,0.172739636,70.90409604,0.96,427.5708517,410.4680177,17.10283407,0,0,0,0.271,0,0.96,0,0,0,,,,326.8795554,1042.269716,952.2697153,90.00000099,1042.269716,0,1,0,0,0.343263626,163.4397777,0.913649989,521.1348581,476.1348576,45.0000005,1,0,0,0.343263626,163.4397777,0.913649989,521.1348581,476.1348576,45.0000005,0,0,0,0.087248178,0,0.88,0,0,0,0,0,0,0.087248178,0,0.88,0,0,0,1,,,0.101,96.17924124,952.2697153,952.2697153,0,29.52036117,0,,,133.4279058,0,57.37399951,2,592.5365858,0,0,0,93.67410886
67,1,68,0.15809,1,0,592.5365858,,,,0,0,1,1085.697621,1085.697621,0,173.7116194,36.04516102,0,,,169.4777892,1085.697621,1042.269716,43.42790484,1085.697621,0,1,0,0,0.156019988,98.57369314,0.96,658.1267694,631.8016986,26.32507077,1,0,0,0.172739636,70.90409604,0.96,427.5708517,410.4680177,17.10283407,0,0,0,0.271,0,0.96,0,0,0,,,,326.8795554,1042.269716,952.2697153,90.00000099,1042.269716,0,1,0,0,0.343263626,163.4397777,0.913649989,521.1348581,476.1348576,45.0000005,1,0,0,0.343263626,163.4397777,0.913649989,521.1348581,476.1348576,45.0000005,0,0,0,0.087248178,0,0.88,0,0,0,0,0,0,0.087248178,0,0.88,0,0,0,1,,,0.101,96.17924124,952.2697153,952.2697153,0,29.52036117,0,,,133.4279058,0,57.37399951,2,592.5365858,0,0,0,93.67410886
68,1,69,0.15809,1,0,592.5365858,,,,0,0,1,1085.697621,1085.697621,0,173.7116194,36.04516102,0,,,169.4777892,1085.697621,1042.269716,43.42790484,1085.697621,0,1,0,0,0.156019988,98.57369314,0.96,658.1267694,631.8016986,26.32507077,1,0,0,0.172739636,70.90409604,0.96,427.5708517,410.4680177,17.10283407,0,0,0,0.271,0,0.96,0,0,0,,,,326.8795554,1042.269716,952.2697153,90.00000099,1042.269716,0,1,0,0,0.343263626,163.4397777,0.913649989,521.1348581,476.1348576,45.0000005,1,0,0,0.343263626,163.4397777,0.913649989,521.1348581,476.1348576,45.0000005,0,0,0,0.087248178,0,0.88,0,0,0,0,0,0,0.087248178,0,0.88,0,0,0,1,,,0.101,96.17924124,952.2697153,952.2697153,0,29.52036117,0,,,133.4279058,0,57.37399951,2,592.5365858,0,0,0,93.67410886
69,1,70,0.15809,1,0,592.5365858,,,,0,0,1,1085.697621,1085.697621,0,173.7116194,36.04516102,0,,,169.4777892,1085.697621,1042.269716,43.42790484,1085.697621,0,1,0,0,0.156019988,98.57369314,0.96,658.1267694,631.8016986,26.32507077,1,0,0,0.172739636,70.90409604,0.96,427.5708517,410.4680177,17.10283407,0,0,0,0.271,0,0.96,0,0,0,,,,326.8795554,1042.269716,952.2697153,90.00000099,1042.269716,0,1,0,0,0.343263626,163.4397777,0.913649989,521.1348581,476.1348576,45.0000005,1,0,0,0.343263626,163.4397777,0.913649989,521.1348581,476.1348576,45.0000005,0,0,0,0.087248178,0,0.88,0,0,0,0,0,0,0.087248178,0,0.88,0,0,0,1,,,0.101,96.17924124,952.2697153,952.2697153,0,29.52036117,0,,,133.4279058,0,57.37399951,2,592.5365858,0,0,0,93.67410886
70,1,71,0.11706,0,0,1171.080812,,,,0,0,1,1974.380308,1974.380308,0,315.9008493,65.54942623,0,,,295.7206071,1974.380308,1895.405096,78.97521232,1974.380308,0,1,0,0,0.156019988,98.57369314,0.96,658.1267694,631.8016986,26.32507077,1,0,0,0.156019614,98.573457,0.96,658.1267694,631.8016986,26.32507077,1,1,0,0.156019614,98.57345699,0.96,658.1267694,631.8016986,26.32507077,,,,698.2819835,1895.405096,1753.249714,142.1553822,1895.405096,2.27E-13,1,0,0,0.398737762,233.3810175,0.925,632.7562285,585.2995114,47.45671714,1,0,0,0.39804862,232.450483,0.925,631.3244336,583.9751011,47.34933252,1,1,0,0.39804862,232.450483,0.925,631.3244336,583.9751011,47.34933252,0,0,0,0.087248178,0,0.88,0,0,0,1,,,0.101,177.0782211,1753.249714,1753.249714,0,54.35074112,0,,,221.1305945,-2.84E-14,95.08615564,3,1171.080812,0,0,0,137.0867198
71,1,72,0.11706,0,0,1171.080812,,,,0,0,1,1974.380308,1974.380308,0,315.9008493,65.54942623,0,,,295.7206071,1974.380308,1895.405096,78.97521232,1974.380308,0,1,0,0,0.156019988,98.57369314,0.96,658.1267694,631.8016986,26.32507077,1,0,0,0.156019614,98.573457,0.96,658.1267694,631.8016986,26.32507077,1,0,0,0.156019614,98.57345699,0.96,658.1267694,631.8016986,26.32507077,,,,698.2819835,1895.405096,1753.249714,142.1553822,1895.405096,2.27E-13,1,0,0,0.398737762,233.3810175,0.925,632.7562285,585.2995114,47.45671714,1,0,0,0.39804862,232.450483,0.925,631.3244336,583.9751011,47.34933252,1,0,0,0.39804862,232.450483,0.925,631.3244336,583.9751011,47.34933252,0,0,0,0.087248178,0,0.88,0,0,0,1,,,0.101,177.0782211,1753.249714,1753.249714,0,54.35074112,0,,,221.1305945,-2.84E-14,95.08615564,3,1171.080812,0,0,0,137.0867198
72,1,73,0.11706,0,0,1171.080812,,,,0,0,1,1974.380308,1974.380308,0,315.9008493,65.54942623,0,,,295.7206071,1974.380308,1895.405096,78.97521232,1974.380308,0,1,0,0,0.156019988,98.57369314,0.96,658.1267694,631.8016986,26.32507077,1,0,0,0.156019614,98.573457,0.96,658.1267694,631.8016986,26.32507077,1,0,0,0.156019614,98.57345699,0.96,658.1267694,631.8016986,26.32507077,,,,698.2819835,1895.405096,1753.249714,142.1553822,1895.405096,2.27E-13,1,0,0,0.398737762,233.3810175,0.925,632.7562285,585.2995114,47.45671714,1,0,0,0.39804862,232.450483,0.925,631.3244336,583.9751011,47.34933252,1,0,0,0.39804862,232.450483,0.925,631.3244336,583.9751011,47.34933252,0,0,0,0.087248178,0,0.88,0,0,0,1,,,0.101,177.0782211,1753.249714,1753.249714,0,54.35074112,0,,,221.1305945,-2.84E-14,95.08615564,3,1171.080812,0,0,0,137.0867198
73,1,74,0.11706,0,0,1171.080812,,,,0,0,1,1974.380308,1974.380308,0,315.9008493,65.54942623,0,,,295.7206071,1974.380308,1895.405096,78.97521232,1974.380308,0,1,0,0,0.156019988,98.57369314,0.96,658.1267694,631.8016986,26.32507077,1,0,0,0.156019614,98.573457,0.96,658.1267694,631.8016986,26.32507077,1,0,0,0.156019614,98.57345699,0.96,658.1267694,631.8016986,26.32507077,,,,698.2819835,1895.405096,1753.249714,142.1553822,1895.405096,2.27E-13,1,0,0,0.398737762,233.3810175,0.925,632.7562285,585.2995114,47.45671714,1,0,0,0.39804862,232.450483,0.925,631.3244336,583.9751011,47.34933252,1,0,0,0.39804862,232.450483,0.925,631.3244336,583.9751011,47.34933252,0,0,0,0.087248178,0,0.88,0,0,0,1,,,0.101,177.0782211,1753.249714,1753.249714,0,54.35074112,0,,,221.1305945,-2.84E-14,95.08615564,3,1171.080812,0,0,0,137.0867198
74,1,75,0.11706,0,0,1171.080812,,,,0,0,1,1974.380308,1974.380308,0,315.9008493,65.54942623,0,,,295.7206071,1974.380308,1895.405096,78.97521232,1974.380308,0,1,0,0,0.156019988,98.57369314,0.96,658.1267694,631.8016986,26.32507077,1,0,0,0.156019614,98.573457,0.96,658.1267694,631.8016986,26.32507077,1,0,0,0.156019614,98.57345699,0.96,658.1267694,631.8016986,26.32507077,,,,698.2819835,1895.405096,1753.249714,142.1553822,1895.405096,2.27E-13,1,0,0,0.398737762,233.3810175,0.925,632.7562285,585.2995114,47.45671714,1,0,0,0.39804862,232.450483,0.925,631.3244336,583.9751011,47.34933252,1,0,0,0.39804862,232.450483,0.925,631.3244336,583.9751011,47.34933252,0,0,0,0.087248178,0,0.88,0,0,0,1,,,0.101,177.0782211,1753.249714,1753.249714,0,54.35074112,0,,,221.1305945,-1.42E-13,95.08615564,3,1171.080812,0,0,0,137.0867198
75,1,76,0.11706,0,0,1171.080812,,,,0,0,1,1974.380308,1974.380308,0,315.9008493,65.54942623,0,,,295.7206071,1974.380308,1895.405096,78.97521232,1974.380308,0,1,0,0,0.156019988,98.57369314,0.96,658.1267694,631.8016986,26.32507077,1,0,0,0.156019614,98.573457,0.96,658.1267694,631.8016986,26.32507077,1,0,0,0.156019614,98.57345699,0.96,658.1267694,631.8016986,26.32507077,,,,698.2819835,1895.405096,1753.249714,142.1553822,1895.405096,2.27E-13,1,0,0,0.398737762,233.3810175,0.925,632.7562285,585.2995114,47.45671714,1,0,0,0.39804862,232.450483,0.925,631.3244336,583.9751011,47.34933252,1,0,0,0.39804862,232.450483,0.925,631.3244336,583.9751011,47.34933252,0,0,0,0.087248178,0,0.88,0,0,0,1,,,0.101,177.0782211,1753.249714,1753.249714,0,54.35074112,0,,,221.1305945,-2.84E-14,95.08615564,3,1171.080812,0,0,0,137.0867198
76,1,77,0.11706,0,0,1171.080812,,,,0,0,1,1974.380308,1974.380308,0,315.9008493,65.54942623,0,,,295.7206071,1974.380308,1895.405096,78.97521232,1974.380308,0,1,0,0,0.156019988,98.57369314,0.96,658.1267694,631.8016986,26.32507077,1,0,0,0.156019614,98.573457,0.96,658.1267694,631.8016986,26.32507077,1,0,0,0.156019614,98.57345699,0.96,658.1267694,631.8016986,26.32507077,,,,698.2819835,1895.405096,1753.249714,142.1553822,1895.405096,2.27E-13,1,0,0,0.398737762,233.3810175,0.925,632.7562285,585.2995114,47.45671714,1,0,0,0.39804862,232.450483,0.925,631.3244336,583.9751011,47.34933252,1,0,0,0.39804862,232.450483,0.925,631.3244336,583.9751011,47.34933252,0,0,0,0.087248178,0,0.88,0,0,0,1,,,0.101,177.0782211,1753.249714,1753.249714,0,54.35074112,0,,,221.1305945,-2.84E-14,95.08615564,3,1171.080812,0,0,0,137.0867198
77,1,78,0.11706,0,0,1171.080812,,,,0,0,1,1974.380308,1974.380308,0,315.9008493,65.54942623,0,,,295.7206071,1974.380308,1895.405096,78.97521232,1974.380308,0,1,0,0,0.156019988,98.57369314,0.96,658.1267694,631.8016986,26.32507077,1,0,0,0.156019614,98.573457,0.96,658.1267694,631.8016986,26.32507077,1,0,0,0.156019614,98.57345699,0.96,658.1267694,631.8016986,26.32507077,,,,698.2819835,1895.405096,1753.249714,142.1553822,1895.405096,2.27E-13,1,0,0,0.398737762,233.3810175,0.925,632.7562285,585.2995114,47.45671714,1,0,0,0.39804862,232.450483,0.925,631.3244336,583.9751011,47.34933252,1,0,0,0.39804862,232.450483,0.925,631.3244336,583.9751011,47.34933252,0,0,0,0.087248178,0,0.88,0,0,0,1,,,0.101,177.0782211,1753.249714,1753.249714,0,54.35074112,0,,,221.1305945,-2.84E-14,95.08615564,3,1171.080812,0,0,0,137.0867198
78,1,79,0.11706,0,0,1171.080812,,,,0,0,1,1974.380308,1974.380308,0,315.9008493,65.54942623,0,,,295.7206071,1974.380308,1895.405096,78.97521232,1974.380308,0,1,0,0,0.156019988,98.57369314,0.96,658.1267694,631.8016986,26.32507077,1,0,0,0.156019614,98.573457,0.96,658.1267694,631.8016986,26.32507077,1,0,0,0.156019614,98.57345699,0.96,658.1267694,631.8016986,26.32507077,,,,698.2819835,1895.405096,1753.249714,142.1553822,1895.405096,2.27E-13,1,0,0,0.398737762,233.3810175,0.925,632.7562285,585.2995114,47.45671714,1,0,0,0.39804862,232.450483,0.925,631.3244336,583.9751011,47.34933252,1,0,0,0.39804862,232.450483,0.925,631.3244336,583.9751011,47.34933252,0,0,0,0.087248178,0,0.88,0,0,0,1,,,0.101,177.0782211,1753.249714,1753.249714,0,54.35074112,0,,,221.1305945,-2.84E-14,95.08615564,3,1171.080812,0,0,0,137.0867198
79,1,80,0.11706,0,0,1171.080812,,,,0,0,1,1974.380308,1974.380308,0,315.9008493,65.54942623,0,,,295.7206071,1974.380308,1895.405096,78.97521232,1974.380308,0,1,0,0,0.156019988,98.57369314,0.96,658.1267694,631.8016986,26.32507077,1,0,0,0.156019614,98.573457,0.96,658.1267694,631.8016986,26.32507077,1,0,0,0.156019614,98.57345699,0.96,658.1267694,631.8016986,26.32507077,,,,698.2819835,1895.405096,1753.249714,142.1553822,1895.405096,2.27E-13,1,0,0,0.398737762,233.3810175,0.925,632.7562285,585.2995114,47.45671714,1,0,0,0.39804862,232.450483,0.925,631.3244336,583.9751011,47.34933252,1,0,0,0.39804862,232.450483,0.925,631.3244336,583.9751011,47.34933252,0,0,0,0.087248178,0,0.88,0,0,0,1,,,0.101,177.0782211,1753.249714,1753.249714,0,54.35074112,0,,,221.1305945,-2.84E-14,95.08615564,3,1171.080812,0,0,0,137.0867198
80,1,81,0.11706,0,0,1171.080812,,,,0,0,1,1974.380308,1974.380308,0,315.9008493,65.54942623,0,,,295.7206071,1974.380308,1895.405096,78.97521232,1974.380308,0,1,0,0,0.156019988,98.57369314,0.96,658.1267694,631.8016986,26.32507077,1,0,0,0.156019614,98.573457,0.96,658.1267694,631.8016986,26.32507077,1,0,0,0.156019614,98.57345699,0.96,658.1267694,631.8016986,26.32507077,,,,698.2819835,1895.405096,1753.249714,142.1553822,1895.405096,2.27E-13,1,0,0,0.398737762,233.3810175,0.925,632.7562285,585.2995114,47.45671714,1,0,0,0.39804862,232.450483,0.925,631.3244336,583.9751011,47.34933252,1,0,0,0.39804862,232.450483,0.925,631.3244336,583.9751011,47.34933252,0,0,0,0.087248178,0,0.88,0,0,0,1,,,0.101,177.0782211,1753.249714,1753.249714,0,54.35074112,0,,,221.1305945,-2.84E-14,95.08615564,3,1171.080812,0,0,0,137.0867198
81,1,82,0.11706,0,0,1171.080812,,,,0,0,1,1974.380308,1974.380308,0,315.9008493,65.54942623,0,,,295.7206071,1974.380308,1895.405096,78.97521232,1974.380308,0,1,0,0,0.156019988,98.57369314,0.96,658.1267694,631.8016986,26.32507077,1,0,0,0.156019614,98.573457,0.96,658.1267694,631.8016986,26.32507077,1,0,0,0.156019614,98.57345699,0.96,658.1267694,631.8016986,26.32507077,,,,698.2819835,1895.405096,1753.249714,142.1553822,1895.405096,2.27E-13,1,0,0,0.398737762,233.3810175,0.925,632.7562285,585.2995114,47.45671714,1,0,0,0.39804862,232.450483,0.925,631.3244336,583.9751011,47.34933252,1,0,0,0.39804862,232.450483,0.925,631.3244336,583.9751011,47.34933252,0,0,0,0.087248178,0,0.88,0,0,0,1,,,0.101,177.0782211,1753.249714,1753.249714,0,54.35074112,0,,,221.1305945,-2.84E-14,95.08615564,3,1171.080812,0,0,0,137.0867198
82,1,83,0.11706,0,0,1171.080812,,,,0,0,1,1974.380308,1974.380308,0,315.9008493,65.54942623,0,,,295.7206071,1974.380308,1895.405096,78.97521232,1974.380308,0,1,0,0,0.156019988,98.57369314,0.96,658.1267694,631.8016986,26.32507077,1,0,0,0.156019614,98.573457,0.96,658.1267694,631.8016986,26.32507077,1,0,0,0.156019614,98.57345699,0.96,658.1267694,631.8016986,26.32507077,,,,698.2819835,1895.405096,1753.249714,142.1553822,1895.405096,2.27E-13,1,0,0,0.398737762,233.3810175,0.925,632.7562285,585.2995114,47.45671714,1,0,0,0.39804862,232.450483,0.925,631.3244336,583.9751011,47.34933252,1,0,0,0.39804862,232.450483,0.925,631.3244336,583.9751011,47.34933252,0,0,0,0.087248178,0,0.88,0,0,0,1,,,0.101,177.0782211,1753.249714,1753.249714,0,54.35074112,0,,,221.1305945,-2.84E-14,95.08615564,3,1171.080812,0,0,0,137.0867198
83,1,84,0.11706,0,0,1171.080812,,,,0,0,1,1974.380308,1974.380308,0,315.9008493,65.54942623,0,,,295.7206071,1974.380308,1895.405096,78.97521232,1974.380308,0,1,0,0,0.156019988,98.57369314,0.96,658.1267694,631.8016986,26.32507077,1,0,0,0.156019614,98.573457,0.96,658.1267694,631.8016986,26.32507077,1,0,0,0.156019614,98.57345699,0.96,658.1267694,631.8016986,26.32507077,,,,698.2819835,1895.405096,1753.249714,142.1553822,1895.405096,2.27E-13,1,0,0,0.398737762,233.3810175,0.925,632.7562285,585.2995114,47.45671714,1,0,0,0.39804862,232.450483,0.925,631.3244336,583.9751011,47.34933252,1,0,0,0.39804862,232.450483,0.925,631.3244336,583.9751011,47.34933252,0,0,0,0.087248178,0,0.88,0,0,0,1,,,0.101,177.0782211,1753.249714,1753.249714,0,54.35074112,0,,,221.1305945,-2.84E-14,95.08615564,3,1171.080812,0,0,0,137.0867198
84,1,85,0.11706,0,0,1171.080812,,,,0,0,1,1974.380308,1974.380308,0,315.9008493,65.54942623,0,,,295.7206071,1974.380308,1895.405096,78.97521232,1974.380308,0,1,0,0,0.156019988,98.57369314,0.96,658.1267694,631.8016986,26.32507077,1,0,0,0.156019614,98.573457,0.96,658.1267694,631.8016986,26.32507077,1,0,0,0.156019614,98.57345699,0.96,658.1267694,631.8016986,26.32507077,,,,698.2819835,1895.405096,1753.249714,142.1553822,1895.405096,2.27E-13,1,0,0,0.398737762,233.3810175,0.925,632.7562285,585.2995114,47.45671714,1,0,0,0.39804862,232.450483,0.925,631.3244336,583.9751011,47.34933252,1,0,0,0.39804862,232.450483,0.925,631.3244336,583.9751011,47.34933252,0,0,0,0.087248178,0,0.88,0,0,0,1,,,0.101,177.0782211,1753.249714,1753.249714,0,54.35074112,0,,,221.1305945,-2.84E-14,95.08615564,3,1171.080812,0,0,0,137.0867198
85,1,86,0.11706,0,0,1171.080812,,,,0,0,1,1974.380308,1974.380308,0,315.9008493,65.54942623,0,,,295.7206071,1974.380308,1895.405096,78.97521232,1974.380308,0,1,0,0,0.156019988,98.57369314,0.96,658.1267694,631.8016986,26.32507077,1,0,0,0.156019614,98.573457,0.96,658.1267694,631.8016986,26.32507077,1,0,0,0.156019614,98.57345699,0.96,658.1267694,631.8016986,26.32507077,,,,698.2819835,1895.405096,1753.249714,142.1553822,1895.405096,2.27E-13,1,0,0,0.398737762,233.3810175,0.925,632.7562285,585.2995114,47.45671714,1,0,0,0.39804862,232.450483,0.925,631.3244336,583.9751011,47.34933252,1,0,0,0.39804862,232.450483,0.925,631.3244336,583.9751011,47.34933252,0,0,0,0.087248178,0,0.88,0,0,0,1,,,0.101,177.0782211,1753.249714,1753.249714,0,54.35074112,0,,,221.1305945,-2.84E-14,95.08615564,3,1171.080812,0,0,0,137.0867198
86,1,87,0.11706,0,0,1171.080812,,,,0,0,1,1974.380308,1974.380308,0,315.9008493,65.54942623,0,,,295.7206071,1974.380308,1895.405096,78.97521232,1974.380308,0,1,0,0,0.156019988,98.57369314,0.96,658.1267694,631.8016986,26.32507077,1,0,0,0.156019614,98.573457,0.96,658.1267694,631.8016986,26.32507077,1,0,0,0.156019614,98.57345699,0.96,658.1267694,631.8016986,26.32507077,,,,698.2819835,1895.405096,1753.249714,142.1553822,1895.405096,2.27E-13,1,0,0,0.398737762,233.3810175,0.925,632.7562285,585.2995114,47.45671714,1,0,0,0.39804862,232.450483,0.925,631.3244336,583.9751011,47.34933252,1,0,0,0.39804862,232.450483,0.925,631.3244336,583.9751011,47.34933252,0,0,0,0.087248178,0,0.88,0,0,0,1,,,0.101,177.0782211,1753.249714,1753.249714,0,54.35074112,0,,,221.1305945,-2.84E-14,95.08615564,3,1171.080812,0,0,0,137.0867198
87,1,88,0.11706,0,0,1171.080812,,,,0,0,1,1974.380308,1974.380308,0,315.9008493,65.54942623,0,,,295.7206071,1974.380308,1895.405096,78.97521232,1974.380308,0,1,0,0,0.156019988,98.57369314,0.96,658.1267694,631.8016986,26.32507077,1,0,0,0.156019614,98.573457,0.96,658.1267694,631.8016986,26.32507077,1,0,0,0.156019614,98.57345699,0.96,658.1267694,631.8016986,26.32507077,,,,698.2819835,1895.405096,1753.249714,142.1553822,1895.405096,2.27E-13,1,0,0,0.398737762,233.3810175,0.925,632.7562285,585.2995114,47.45671714,1,0,0,0.39804862,232.450483,0.925,631.3244336,583.9751011,47.34933252,1,0,0,0.39804862,232.450483,0.925,631.3244336,583.9751011,47.34933252,0,0,0,0.087248178,0,0.88,0,0,0,1,,,0.101,177.0782211,1753.249714,1753.249714,0,54.35074112,0,,,221.1305945,-2.84E-14,95.08615564,3,1171.080812,0,0,0,137.0867198
88,1,89,0.11706,0,0,1171.080812,,,,0,0,1,1974.380308,1974.380308,0,315.9008493,65.54942623,0,,,295.7206071,1974.380308,1895.405096,78.97521232,1974.380308,0,1,0,0,0.156019988,98.57369314,0.96,658.1267694,631.8016986,26.32507077,1,0,0,0.156019614,98.573457,0.96,658.1267694,631.8016986,26.32507077,1,0,0,0.156019614,98.57345699,0.96,658.1267694,631.8016986,26.32507077,,,,698.2819835,1895.405096,1753.249714,142.1553822,1895.405096,9.09E-13,1,0,0,0.398737762,233.3810175,0.925,632.7562285,585.2995114,47.45671714,1,0,0,0.39804862,232.450483,0.925,631.3244336,583.9751011,47.34933252,1,0,0,0.39804862,232.450483,0.925,631.3244336,583.9751011,47.34933252,0,0,0,0.087248178,0,0.88,0,0,0,1,,,0.101,177.0782211,1753.249714,1753.249714,0,54.35074112,0,,,221.1305945,-1.42E-13,95.08615564,3,1171.080812,0,0,0,137.0867198
89,1,90,0.15809,1,0,592.3554914,,,,0,0,1,1085.462888,1085.462888,0,173.6740621,36.03736789,0,,,169.4511758,1085.462888,1042.044373,43.41851553,1085.462888,0,1,0,0,0.156019988,98.57369314,0.96,658.1267694,631.8016986,26.32507077,1,0,0,0.172769649,70.87748264,0.96,427.3361189,410.2426742,17.09344476,0,0,1,0.271,0,0.96,0,0,0,,,,326.747834,1042.044373,952.0443728,90,1042.044373,0,1,0,0,0.343206877,163.3743312,0.913631435,521.0228951,476.0228951,45,1,0,0,0.343206159,163.3735028,0.9136312,521.0214777,476.0214777,45,0,0,1,0.087248178,0,0.88,0,0,0,0,0,0,0.087248178,0,0.88,0,0,0,1,,,0.101,96.15648165,952.0443728,952.0443728,0,29.51337556,0,,,133.4185155,-1.42E-14,57.36996168,2,592.3554914,0,0,0,93.64547964
90,1,91,0.15809,1,0,592.3554914,,,,0,0,1,1085.462888,1085.462888,0,173.6740621,36.03736789,0,,,169.4511758,1085.462888,1042.044373,43.41851553,1085.462888,0,1,0,0,0.156019988,98.57369314,0.96,658.1267694,631.8016986,26.32507077,1,0,0,0.172769649,70.87748264,0.96,427.3361189,410.2426742,17.09344476,0,0,0,0.271,0,0.96,0,0,0,,,,326.747834,1042.044373,952.0443728,90,1042.044373,0,1,0,0,0.343206877,163.3743312,0.913631435,521.0228951,476.0228951,45,1,0,0,0.343206159,163.3735028,0.9136312,521.0214777,476.0214777,45,0,0,0,0.087248178,0,0.88,0,0,0,0,0,0,0.087248178,0,0.88,0,0,0,1,,,0.101,96.15648165,952.0443728,952.0443728,0,29.51337556,0,,,133.4185155,-1.42E-14,57.36996168,2,592.3554914,0,0,0,93.64547964
91,1,92,0.15809,1,0,592.3554914,,,,0,0,1,1085.462888,1085.462888,0,173.6740621,36.03736789,0,,,169.4511758,1085.462888,1042.044373,43.41851553,1085.462888,0,1,0,0,0.156019988,98.57369314,0.96,658.1267694,631.8016986,26.32507077,1,0,0,0.172769649,70.87748264,0.96,427.3361189,410.2426742,17.09344476,0,0,0,0.271,0,0.96,0,0,0,,,,326.747834,1042.044373,952.0443728,90,1042.044373,0,1,0,0,0.343206877,163.3743312,0.913631435,521.0228951,476.0228951,45,1,0,0,0.343206159,163.3735028,0.9136312,521.0214777,476.0214777,45,0,0,0,0.087248178,0,0.88,0,0,0,0,0,0,0.087248178,0,0.88,0,0,0,1,,,0.101,96.15648165,952.0443728,952.0443728,0,29.51337556,0,,,133.4185155,-1.42E-14,57.36996168,2,592.3554914,0,0,0,93.64547964
92,1,93,0.15809,1,0,592.3554914,,,,0,0,1,1085.462888,1085.462888,0,173.6740621,36.03736789,0,,,169.4511758,1085.462888,1042.044373,43.41851553,1085.462888,0,1,0,0,0.156019988,98.57369314,0.96,658.1267694,631.8016986,26.32507077,1,0,0,0.172769649,70.87748264,0.96,427.3361189,410.2426742,17.09344476,0,0,0,0.271,0,0.96,0,0,0,,,,326.747834,1042.044373,952.0443728,90,1042.044373,0,1,0,0,0.343206877,163.3743312,0.913631435,521.0228951,476.0228951,45,1,0,0,0.343206159,163.3735028,0.9136312,521.0214777,476.0214777,45,0,0,0,0.087248178,0,0.88,0,0,0,0,0,0,0.087248178,0,0.88,0,0,0,1,,,0.101,96.15648165,952.0443728,952.0443728,0,29.51337556,0,,,133.4185155,-1.42E-14,57.36996168,2,592.3554914,0,0,0,93.64547964
93,1,94,0.15809,1,0,592.3554914,,,,0,0,1,1085.462888,1085.462888,0,173.6740621,36.03736789,0,,,169.4511758,1085.462888,1042.044373,43.41851553,1085.462888,0,1,0,0,0.156019988,98.57369314,0.96,658.1267694,631.8016986,26.32507077,1,0,0,0.172769649,70.87748264,0.96,427.3361189,410.2426742,17.09344476,0,0,0,0.271,0,0.96,0,0,0,,,,326.747834,1042.044373,952.0443728,90,1042.044373,0,1,0,0,0.343206877,163.3743312,0.913631435,521.0228951,476.0228951,45,1,0,0,0.343206159,163.3735028,0.9136312,521.0214777,476.0214777,45,0,0,0,0.087248178,0,0.88,0,0,0,0,0,0,0.087248178,0,0.88,0,0,0,1,,,0.101,96.15648165,952.0443728,952.0443728,0,29.51337556,0,,,133.4185155,-1.42E-14,57.36996168,2,592.3554914,0,0,0,93.64547964
94,1,95,0.11706,0,0,1170.741375,,,,0,0,1,2170.9243,2170.9243,0,347.347888,72.07468677,0,,,324.9337149,2170.9243,2084.087328,86.83697201,2170.9243,0,1,0,0,0.155972018,109.0229501,0.96,728.1150455,698.9904437,29.12460182,1,0,0,0.155944052,108.7358139,0.96,726.3276225,697.2745176,29.0531049,1,1,0,0.155817775,107.1749509,0.96,716.4816321,687.8223668,28.65926528,,,,653.4948396,2084.087328,1904.087328,180,2084.087328,0,1,0,0,0.343206877,163.3743312,0.913631435,521.0228951,476.0228951,45,1,0,0,0.343206159,163.3735028,0.9136312,521.0214777,476.0214777,45,1,1,0,0.343206159,163.3735028,0.9136312,521.0214777,476.0214777,45,1,1,0,0.343206159,163.3735028,0.9136312,521.0214777,476.0214777,45,1,,,0.101,192.3128201,1904.087328,1904.087328,0,59.02670717,0,,,266.836972,2.84E-14,114.739898,4,1170.741375,0,0,0,137.0469853
95,1,96,0.11706,0,0,1170.741375,,,,0,0,1,2170.9243,2170.9243,0,347.347888,72.07468677,0,,,324.9337149,2170.9243,2084.087328,86.83697201,2170.9243,0,1,0,0,0.155972018,109.0229501,0.96,728.1150455,698.9904437,29.12460182,1,0,0,0.155944052,108.7358139,0.96,726.3276225,697.2745176,29.0531049,1,0,0,0.155817775,107.1749509,0.96,716.4816321,687.8223668,28.65926528,,,,653.4948396,2084.087328,1904.087328,180,2084.087328,0,1,0,0,0.343206877,163.3743312,0.913631435,521.0228951,476.0228951,45,1,0,0,0.343206159,163.3735028,0.9136312,521.0214777,476.0214777,45,1,0,0,0.343206159,163.3735028,0.9136312,521.0214777,476.0214777,45,1,0,0,0.343206159,163.3735028,0.9136312,521.0214777,476.0214777,45,1,,,0.101,192.3128201,1904.087328,1904.087328,0,59.02670717,0,,,266.836972,-8.53E-14,114.739898,4,1170.741375,0,0,0,137.0469853
96,1,97,0.11706,0,0,1170.741375,,,,0,0,1,2170.9243,2170.9243,0,347.347888,72.07468677,0,,,324.9337149,2170.9243,2084.087328,86.83697201,2170.9243,0,1,0,0,0.155972018,109.0229501,0.96,728.1150455,698.9904437,29.12460182,1,0,0,0.155944052,108.7358139,0.96,726.3276225,697.2745176,29.0531049,1,0,0,0.155817775,107.1749509,0.96,716.4816321,687.8223668,28.65926528,,,,653.4948396,2084.087328,1904.087328,180,2084.087328,0,1,0,0,0.343206877,163.3743312,0.913631435,521.0228951,476.0228951,45,1,0,0,0.343206159,163.3735028,0.9136312,521.0214777,476.0214777,45,1,0,0,0.343206159,163.3735028,0.9136312,521.0214777,476.0214777,45,1,0,0,0.343206159,163.3735028,0.9136312,521.0214777,476.0214777,45,1,,,0.101,192.3128201,1904.087328,1904.087328,0,59.02670717,0,,,266.836972,-8.53E-14,114.739898,4,1170.741375,0,0,0,137.0469853
97,1,98,0.11706,0,0,1170.741375,,,,0,0,1,2170.9243,2170.9243,0,347.347888,72.07468677,0,,,324.9337149,2170.9243,2084.087328,86.83697201,2170.9243,0,1,0,0,0.155972018,109.0229501,0.96,728.1150455,698.9904437,29.12460182,1,0,0,0.155944052,108.7358139,0.96,726.3276225,697.2745176,29.0531049,1,0,0,0.155817775,107.1749509,0.96,716.4816321,687.8223668,28.65926528,,,,653.4948396,2084.087328,1904.087328,180,2084.087328,0,1,0,0,0.343206877,163.3743312,0.913631435,521.0228951,476.0228951,45,1,0,0,0.343206159,163.3735028,0.9136312,521.0214777,476.0214777,45,1,0,0,0.343206159,163.3735028,0.9136312,521.0214777,476.0214777,45,1,0,0,0.343206159,163.3735028,0.9136312,521.0214777,476.0214777,45,1,,,0.101,192.3128201,1904.087328,1904.087328,0,59.02670717,0,,,266.836972,2.84E-14,114.739898,4,1170.741375,0,0,0,137.0469853
98,1,99,0.11706,0,0,1170.741375,,,,0,0,1,2170.9243,2170.9243,0,347.347888,72.07468677,0,,,324.9337149,2170.9243,2084.087328,86.83697201,2170.9243,0,1,0,0,0.155972018,109.0229501,0.96,728.1150455,698.9904437,29.12460182,1,0,0,0.155944052,108.7358139,0.96,726.3276225,697.2745176,29.0531049,1,0,0,0.155817775,107.1749509,0.96,716.4816321,687.8223668,28.65926528,,,,653.4948396,2084.087328,1904.087328,180,2084.087328,0,1,0,0,0.343206877,163.3743312,0.913631435,521.0228951,476.0228951,45,1,0,0,0.343206159,163.3735028,0.9136312,521.0214777,476.0214777,45,1,0,0,0.343206159,163.3735028,0.9136312,521.0214777,476.0214777,45,1,0,0,0.343206159,163.3735028,0.9136312,521.0214777,476.0214777,45,1,,,0.101,192.3128201,1904.087328,1904.087328,0,59.02670717,0,,,266.836972,2.84E-14,114.739898,4,1170.741375,0,0,0,137.0469853
99,1,100,0.11706,0,0,1170.741375,,,,0,0,1,2170.9243,2170.9243,0,347.347888,72.07468677,0,,,324.9337149,2170.9243,2084.087328,86.83697201,2170.9243,0,1,0,0,0.155972018,109.0229501,0.96,728.1150455,698.9904437,29.12460182,1,0,0,0.155944052,108.7358139,0.96,726.3276225,697.2745176,29.0531049,1,0,0,0.155817775,107.1749509,0.96,716.4816321,687.8223668,28.65926528,,,,653.4948396,2084.087328,1904.087328,180,2084.087328,0,1,0,0,0.343206877,163.3743312,0.913631435,521.0228951,476.0228951,45,1,0,0,0.343206159,163.3735028,0.9136312,521.0214777,476.0214777,45,1,0,0,0.343206159,163.3735028,0.9136312,521.0214777,476.0214777,45,1,0,0,0.343206159,163.3735028,0.9136312,521.0214777,476.0214777,45,1,,,0.101,192.3128201,1904.087328,1904.087328,0,59.02670717,0,,,266.836972,-8.53E-14,114.739898,4,1170.741375,0,0,0,137.0469853
100,1,101,0.11706,0,0,1170.741375,,,,0,0,1,2170.9243,2170.9243,0,347.347888,72.07468677,0,,,324.9337149,2170.9243,2084.087328,86.83697201,2170.9243,0,1,0,0,0.155972018,109.0229501,0.96,728.1150455,698.9904437,29.12460182,1,0,0,0.155944052,108.7358139,0.96,726.3276225,697.2745176,29.0531049,1,0,0,0.155817775,107.1749509,0.96,716.4816321,687.8223668,28.65926528,,,,653.4948396,2084.087328,1904.087328,180,2084.087328,0,1,0,0,0.343206877,163.3743312,0.913631435,521.0228951,476.0228951,45,1,0,0,0.343206159,163.3735028,0.9136312,521.0214777,476.0214777,45,1,0,0,0.343206159,163.3735028,0.9136312,521.0214777,476.0214777,45,1,0,0,0.343206159,163.3735028,0.9136312,521.0214777,476.0214777,45,1,,,0.101,192.3128201,1904.087328,1904.087328,0,59.02670717,0,,,266.836972,2.84E-14,114.739898,4,1170.741375,0,0,0,137.0469853
101,1,102,0.11706,0,0,1170.741375,,,,0,0,1,2170.9243,2170.9243,0,347.347888,72.07468677,0,,,324.9337149,2170.9243,2084.087328,86.83697201,2170.9243,0,1,0,0,0.155972018,109.0229501,0.96,728.1150455,698.9904437,29.12460182,1,0,0,0.155944052,108.7358139,0.96,726.3276225,697.2745176,29.0531049,1,0,0,0.155817775,107.1749509,0.96,716.4816321,687.8223668,28.65926528,,,,653.4948396,2084.087328,1904.087328,180,2084.087328,0,1,0,0,0.343206877,163.3743312,0.913631435,521.0228951,476.0228951,45,1,0,0,0.343206159,163.3735028,0.9136312,521.0214777,476.0214777,45,1,0,0,0.343206159,163.3735028,0.9136312,521.0214777,476.0214777,45,1,0,0,0.343206159,163.3735028,0.9136312,521.0214777,476.0214777,45,1,,,0.101,192.3128201,1904.087328,1904.087328,0,59.02670717,0,,,266.836972,2.84E-14,114.739898,4,1170.741375,0,0,0,137.0469853
102,1,103,0.11706,0,0,1170.741375,,,,0,0,1,2170.9243,2170.9243,0,347.347888,72.07468677,0,,,324.9337149,2170.9243,2084.087328,86.83697201,2170.9243,0,1,0,0,0.155972018,109.0229501,0.96,728.1150455,698.9904437,29.12460182,1,0,0,0.155944052,108.7358139,0.96,726.3276225,697.2745176,29.0531049,1,0,0,0.155817775,107.1749509,0.96,716.4816321,687.8223668,28.65926528,,,,653.4948396,2084.087328,1904.087328,180,2084.087328,0,1,0,0,0.343206877,163.3743312,0.913631435,521.0228951,476.0228951,45,1,0,0,0.343206159,163.3735028,0.9136312,521.0214777,476.0214777,45,1,0,0,0.343206159,163.3735028,0.9136312,521.0214777,476.0214777,45,1,0,0,0.343206159,163.3735028,0.9136312,521.0214777,476.0214777,45,1,,,0.101,192.3128201,1904.087328,1904.087328,0,59.02670717,0,,,266.836972,2.84E-14,114.739898,4,1170.741375,0,0,0,137.0469853
103,1,104,0.11706,0,0,1170.741375,,,,0,0,1,2170.9243,2170.9243,0,347.347888,72.07468677,0,,,324.9337149,2170.9243,2084.087328,86.83697201,2170.9243,0,1,0,0,0.155972018,109.0229501,0.96,728.1150455,698.9904437,29.12460182,1,0,0,0.155944052,108.7358139,0.96,726.3276225,697.2745176,29.0531049,1,0,0,0.155817775,107.1749509,0.96,716.4816321,687.8223668,28.65926528,,,,653.4948396,2084.087328,1904.087328,180,2084.087328,0,1,0,0,0.343206877,163.3743312,0.913631435,521.0228951,476.0228951,45,1,0,0,0.343206159,163.3735028,0.9136312,521.0214777,476.0214777,45,1,0,0,0.343206159,163.3735028,0.9136312,521.0214777,476.0214777,45,1,0,0,0.343206159,163.3735028,0.9136312,521.0214777,476.0214777,45,1,,,0.101,192.3128201,1904.087328,1904.087328,0,59.02670717,0,,,266.836972,-8.53E-14,114.739898,4,1170.741375,0,0,0,137.0469853
104,1,105,0.11706,0,0,1170.741375,,,,0,0,1,2170.9243,2170.9243,0,347.347888,72.07468677,0,,,324.9337149,2170.9243,2084.087328,86.83697201,2170.9243,0,1,0,0,0.155972018,109.0229501,0.96,728.1150455,698.9904437,29.12460182,1,0,0,0.155944052,108.7358139,0.96,726.3276225,697.2745176,29.0531049,1,0,0,0.155817775,107.1749509,0.96,716.4816321,687.8223668,28.65926528,,,,653.4948396,2084.087328,1904.087328,180,2084.087328,0,1,0,0,0.343206877,163.3743312,0.913631435,521.0228951,476.0228951,45,1,0,0,0.343206159,163.3735028,0.9136312,521.0214777,476.0214777,45,1,0,0,0.343206159,163.3735028,0.9136312,521.0214777,476.0214777,45,1,0,0,0.343206159,163.3735028,0.9136312,521.0214777,476.0214777,45,1,,,0.101,192.3128201,1904.087328,1904.087328,0,59.02670717,0,,,266.836972,2.84E-14,114.739898,4,1170.741375,0,0,0,137.0469853
105,1,106,0.11706,0,0,1170.741375,,,,0,0,1,2170.9243,2170.9243,0,347.347888,72.07468677,0,,,324.9337149,2170.9243,2084.087328,86.83697201,2170.9243,0,1,0,0,0.155972018,109.0229501,0.96,728.1150455,698.9904437,29.12460182,1,0,0,0.155944052,108.7358139,0.96,726.3276225,697.2745176,29.0531049,1,0,0,0.155817775,107.1749509,0.96,716.4816321,687.8223668,28.65926528,,,,653.4948396,2084.087328,1904.087328,180,2084.087328,0,1,0,0,0.343206877,163.3743312,0.913631435,521.0228951,476.0228951,45,1,0,0,0.343206159,163.3735028,0.9136312,521.0214777,476.0214777,45,1,0,0,0.343206159,163.3735028,0.9136312,521.0214777,476.0214777,45,1,0,0,0.343206159,163.3735028,0.9136312,521.0214777,476.0214777,45,1,,,0.101,192.3128201,1904.087328,1904.087328,0,59.02670717,0,,,266.836972,-8.53E-14,114.739898,4,1170.741375,0,0,0,137.0469853
106,1,107,0.11706,0,0,1170.741375,,,,0,0,1,2170.9243,2170.9243,0,347.347888,72.07468677,0,,,324.9337149,2170.9243,2084.087328,86.83697201,2170.9243,0,1,0,0,0.155972018,109.0229501,0.96,728.1150455,698.9904437,29.12460182,1,0,0,0.155944052,108.7358139,0.96,726.3276225,697.2745176,29.0531049,1,0,0,0.155817775,107.1749509,0.96,716.4816321,687.8223668,28.65926528,,,,653.4948396,2084.087328,1904.087328,180,2084.087328,0,1,0,0,0.343206877,163.3743312,0.913631435,521.0228951,476.0228951,45,1,0,0,0.343206159,163.3735028,0.9136312,521.0214777,476.0214777,45,1,0,0,0.343206159,163.3735028,0.9136312,521.0214777,476.0214777,45,1,0,0,0.343206159,163.3735028,0.9136312,521.0214777,476.0214777,45,1,,,0.101,192.3128201,1904.087328,1904.087328,0,59.02670717,0,,,266.836972,2.84E-14,114.739898,4,1170.741375,0,0,0,137.0469853
107,1,108,0.11706,0,0,1170.741375,,,,0,0,1,2170.9243,2170.9243,0,347.347888,72.07468677,0,,,324.9337149,2170.9243,2084.087328,86.83697201,2170.9243,0,1,0,0,0.155972018,109.0229501,0.96,728.1150455,698.9904437,29.12460182,1,0,0,0.155944052,108.7358139,0.96,726.3276225,697.2745176,29.0531049,1,0,0,0.155817775,107.1749509,0.96,716.4816321,687.8223668,28.65926528,,,,653.4948396,2084.087328,1904.087328,180,2084.087328,0,1,0,0,0.343206877,163.3743312,0.913631435,521.0228951,476.0228951,45,1,0,0,0.343206159,163.3735028,0.9136312,521.0214777,476.0214777,45,1,0,0,0.343206159,163.3735028,0.9136312,521.0214777,476.0214777,45,1,0,0,0.343206159,163.3735028,0.9136312,521.0214777,476.0214777,45,1,,,0.101,192.3128201,1904.087328,1904.087328,0,59.02670717,0,,,266.836972,2.84E-14,114.739898,4,1170.741375,0,0,0,137.0469853
108,1,109,0.11706,0,0,1170.741375,,,,0,0,1,2170.9243,2170.9243,0,347.347888,72.07468677,0,,,324.9337149,2170.9243,2084.087328,86.83697201,2170.9243,0,1,0,0,0.155972018,109.0229501,0.96,728.1150455,698.9904437,29.12460182,1,0,0,0.155944052,108.7358139,0.96,726.3276225,697.2745176,29.0531049,1,0,0,0.155817775,107.1749509,0.96,716.4816321,687.8223668,28.65926528,,,,653.4948396,2084.087328,1904.087328,180,2084.087328,0,1,0,0,0.343206877,163.3743312,0.913631435,521.0228951,476.0228951,45,1,0,0,0.343206159,163.3735028,0.9136312,521.0214777,476.0214777,45,1,0,0,0.343206159,163.3735028,0.9136312,521.0214777,476.0214777,45,1,0,0,0.343206159,163.3735028,0.9136312,521.0214777,476.0214777,45,1,,,0.101,192.3128201,1904.087328,1904.087328,0,59.02670717,0,,,266.836972,2.84E-14,114.739898,4,1170.741375,0,0,0,137.0469853
109,1,110,0.11706,0,0,1170.741375,,,,0,0,1,2170.9243,2170.9243,0,347.347888,72.07468677,0,,,324.9337149,2170.9243,2084.087328,86.83697201,2170.9243,0,1,0,0,0.155972018,109.0229501,0.96,728.1150455,698.9904437,29.12460182,1,0,0,0.155944052,108.7358139,0.96,726.3276225,697.2745176,29.0531049,1,0,0,0.155817775,107.1749509,0.96,716.4816321,687.8223668,28.65926528,,,,653.4948396,2084.087328,1904.087328,180,2084.087328,0,1,0,0,0.343206877,163.3743312,0.913631435,521.0228951,476.0228951,45,1,0,0,0.343206159,163.3735028,0.9136312,521.0214777,476.0214777,45,1,0,0,0.343206159,163.3735028,0.9136312,521.0214777,476.0214777,45,1,0,0,0.343206159,163.3735028,0.9136312,521.0214777,476.0214777,45,1,,,0.101,192.3128201,1904.087328,1904.087328,0,59.02670717,0,,,266.836972,-8.53E-14,114.739898,4,1170.741375,0,0,0,137.0469853
110,1,111,0.11706,0,0,1170.741375,,,,0,0,1,2170.9243,2170.9243,0,347.347888,72.07468677,0,,,324.9337149,2170.9243,2084.087328,86.83697201,2170.9243,0,1,0,0,0.155972018,109.0229501,0.96,728.1150455,698.9904437,29.12460182,1,0,0,0.155944052,108.7358139,0.96,726.3276225,697.2745176,29.0531049,1,0,0,0.155817775,107.1749509,0.96,716.4816321,687.8223668,28.65926528,,,,653.4948396,2084.087328,1904.087328,180,2084.087328,0,1,0,0,0.343206877,163.3743312,0.913631435,521.0228951,476.0228951,45,1,0,0,0.343206159,163.3735028,0.9136312,521.0214777,476.0214777,45,1,0,0,0.343206159,163.3735028,0.9136312,521.0214777,476.0214777,45,1,0,0,0.343206159,163.3735028,0.9136312,521.0214777,476.0214777,45,1,,,0.101,192.3128201,1904.087328,1904.087328,0,59.02670717,0,,,266.836972,2.84E-14,114.739898,4,1170.741375,0,0,0,137.0469853
111,1,112,0.11706,0,0,1170.741375,,,,0,0,1,2170.9243,2170.9243,0,347.347888,72.07468677,0,,,324.9337149,2170.9243,2084.087328,86.83697201,2170.9243,0,1,0,0,0.155972018,109.0229501,0.96,728.1150455,698.9904437,29.12460182,1,0,0,0.155944052,108.7358139,0.96,726.3276225,697.2745176,29.0531049,1,0,0,0.155817775,107.1749509,0.96,716.4816321,687.8223668,28.65926528,,,,653.4948396,2084.087328,1904.087328,180,2084.087328,0,1,0,0,0.343206877,163.3743312,0.913631435,521.0228951,476.0228951,45,1,0,0,0.343206159,163.3735028,0.9136312,521.0214777,476.0214777,45,1,0,0,0.343206159,163.3735028,0.9136312,521.0214777,476.0214777,45,1,0,0,0.343206159,163.3735028,0.9136312,521.0214777,476.0214777,45,1,,,0.101,192.3128201,1904.087328,1904.087328,0,59.02670717,0,,,266.836972,2.84E-14,114.739898,4,1170.741375,0,0,0,137.0469853
112,1,113,0.11706,0,0,1170.741375,,,,0,0,1,2170.9243,2170.9243,0,347.347888,72.07468677,0,,,324.9337149,2170.9243,2084.087328,86.83697201,2170.9243,0,1,0,0,0.155972018,109.0229501,0.96,728.1150455,698.9904437,29.12460182,1,0,0,0.155944052,108.7358139,0.96,726.3276225,697.2745176,29.0531049,1,0,0,0.155817775,107.1749509,0.96,716.4816321,687.8223668,28.65926528,,,,653.4948396,2084.087328,1904.087328,180,2084.087328,0,1,0,0,0.343206877,163.3743312,0.913631435,521.0228951,476.0228951,45,1,0,0,0.343206159,163.3735028,0.9136312,521.0214777,476.0214777,45,1,0,0,0.343206159,163.3735028,0.9136312,521.0214777,476.0214777,45,1,0,0,0.343206159,163.3735028,0.9136312,521.0214777,476.0214777,45,1,,,0.101,192.3128201,1904.087328,1904.087328,0,59.02670717,0,,,266.836972,2.84E-14,114.739898,4,1170.741375,0,0,0,137.0469853
113,1,114,0.15809,1,0,592.5007628,,,,0,0,1,1085.462888,1085.462888,0,173.6740621,36.03736789,0,,,169.5964472,1085.462888,1042.044373,43.41851553,1085.462888,0,1,0,0,0.155930199,99.35478478,0.96,663.7236947,637.1747469,26.54894779,1,0,0,0.173492053,70.24166239,0.96,421.7391936,404.8696258,16.86956774,0,0,1,0.271,0,0.96,0,0,0,,,,326.747834,1042.044373,952.0443728,90,1042.044373,4.55E-13,1,0,0,0.343206877,163.3743312,0.913631435,521.0228951,476.0228951,45,1,0,0,0.343206159,163.3735028,0.9136312,521.0214777,476.0214777,45,0,0,1,0.087248178,0,0.88,0,0,0,0,0,1,0.087248178,0,0.88,0,0,0,1,,,0.101,96.15648165,952.0443728,952.0443728,0,29.51337556,0,,,133.4185155,-1.42E-14,57.36996168,2,592.5007628,0,0,0,93.6684456
114,1,115,0.15809,1,0,592.5007628,,,,0,0,1,1085.462888,1085.462888,0,173.6740621,36.03736789,0,,,169.5964472,1085.462888,1042.044373,43.41851553,1085.462888,0,1,0,0,0.155930199,99.35478478,0.96,663.7236947,637.1747469,26.54894779,1,0,0,0.173492053,70.24166239,0.96,421.7391936,404.8696258,16.86956774,0,0,0,0.271,0,0.96,0,0,0,,,,326.747834,1042.044373,952.0443728,90,1042.044373,2.27E-13,1,0,0,0.343206877,163.3743312,0.913631435,521.0228951,476.0228951,45,1,0,0,0.343206159,163.3735028,0.9136312,521.0214777,476.0214777,45,0,0,0,0.087248178,0,0.88,0,0,0,0,0,0,0.087248178,0,0.88,0,0,0,1,,,0.101,96.15648165,952.0443728,952.0443728,0,29.51337556,0,,,133.4185155,-1.42E-14,57.36996168,2,592.5007628,0,0,0,93.6684456
115,1,116,0.15809,1,0,592.5007628,,,,0,0,1,1085.462888,1085.462888,0,173.6740621,36.03736789,0,,,169.5964472,1085.462888,1042.044373,43.41851553,1085.462888,0,1,0,0,0.155930199,99.35478478,0.96,663.7236947,637.1747469,26.54894779,1,0,0,0.173492053,70.24166239,0.96,421.7391936,404.8696258,16.86956774,0,0,0,0.271,0,0.96,0,0,0,,,,326.747834,1042.044373,952.0443728,90,1042.044373,4.55E-13,1,0,0,0.343206877,163.3743312,0.913631435,521.0228951,476.0228951,45,1,0,0,0.343206159,163.3735028,0.9136312,521.0214777,476.0214777,45,0,0,0,0.087248178,0,0.88,0,0,0,0,0,0,0.087248178,0,0.88,0,0,0,1,,,0.101,96.15648165,952.0443728,952.0443728,0,29.51337556,0,,,133.4185155,-1.42E-14,57.36996168,2,592.5007628,0,0,0,93.6684456
116,1,117,0.15809,1,0,592.5007628,,,,0,0,1,1085.462888,1085.462888,0,173.6740621,36.03736789,0,,,169.5964472,1085.462888,1042.044373,43.41851553,1085.462888,0,1,0,0,0.155930199,99.35478478,0.96,663.7236947,637.1747469,26.54894779,1,0,0,0.173492053,70.24166239,0.96,421.7391936,404.8696258,16.86956774,0,0,0,0.271,0,0.96,0,0,0,,,,326.747834,1042.044373,952.0443728,90,1042.044373,4.55E-13,1,0,0,0.343206877,163.3743312,0.913631435,521.0228951,476.0228951,45,1,0,0,0.343206159,163.3735028,0.9136312,521.0214777,476.0214777,45,0,0,0,0.087248178,0,0.88,0,0,0,0,0,0,0.087248178,0,0.88,0,0,0,1,,,0.101,96.15648165,952.0443728,952.0443728,0,29.51337556,0,,,133.4185155,-1.42E-14,57.36996168,2,592.5007628,0,0,0,93.6684456
117,1,118,0.15809,1,0,592.5007628,,,,0,0,1,1085.462888,1085.462888,0,173.6740621,36.03736789,0,,,169.5964472,1085.462888,1042.044373,43.41851553,1085.462888,0,1,0,0,0.155930199,99.35478478,0.96,663.7236947,637.1747469,26.54894779,1,0,0,0.173492053,70.24166239,0.96,421.7391936,404.8696258,16.86956774,0,0,0,0.271,0,0.96,0,0,0,,,,326.747834,1042.044373,952.0443728,90,1042.044373,4.55E-13,1,0,0,0.343206877,163.3743312,0.913631435,521.0228951,476.0228951,45,1,0,0,0.343206159,163.3735028,0.9136312,521.0214777,476.0214777,45,0,0,0,0.087248178,0,0.88,0,0,0,0,0,0,0.087248178,0,0.88,0,0,0,1,,,0.101,96.15648165,952.0443728,952.0443728,0,29.51337556,0,,,133.4185155,-1.42E-14,57.36996168,2,592.5007628,0,0,0,93.6684456
118,1,119,0.11706,0,0,1171.080812,,,,0,0,1,1974.367853,1974.367853,0,315.8988564,65.54901271,0,,,295.7275648,1974.367853,1895.393139,78.97471411,1974.367853,0,1,0,0,0.155930199,99.35478478,0.96,663.7236947,637.1747469,26.54894779,1,0,0,0.156027272,98.5176725,0.96,657.7220388,631.4131573,26.30888155,1,1,0,0.156117247,97.85510753,0.96,652.9221191,626.8052343,26.11688476,,,,698.2761431,1895.393139,1753.238653,142.1544854,1895.393139,2.27E-13,1,0,0,0.3992023,234.0093021,0.925,633.7213726,586.1922697,47.52910295,1,0,0,0.397943915,232.309262,0.925,631.1068939,583.7738769,47.33301704,1,1,0,0.397683032,231.957579,0.925,630.564872,583.2725066,47.2923654,0,0,0,0.087248178,0,0.88,0,0,0,1,,,0.101,177.077104,1753.238653,1753.238653,0,54.35039825,0,,,221.1291995,0,95.08555578,3,1171.080812,0,0,0,137.0867198
119,1,120,0.11706,0,0,1171.080812,,,,0,0,1,1974.367853,1974.367853,0,315.8988564,65.54901271,0,,,295.7275648,1974.367853,1895.393139,78.97471411,1974.367853,0,1,0,0,0.155930199,99.35478478,0.96,663.7236947,637.1747469,26.54894779,1,0,0,0.156027272,98.5176725,0.96,657.7220388,631.4131573,26.30888155,1,0,0,0.156117247,97.85510753,0.96,652.9221191,626.8052343,26.11688476,,,,698.2761431,1895.393139,1753.238653,142.1544854,1895.393139,2.27E-13,1,0,0,0.3992023,234.0093021,0.925,633.7213726,586.1922697,47.52910295,1,0,0,0.397943915,232.309262,0.925,631.1068939,583.7738769,47.33301704,1,0,0,0.397683032,231.957579,0.925,630.564872,583.2725066,47.2923654,0,0,0,0.087248178,0,0.88,0,0,0,1,,,0.101,177.077104,1753.238653,1753.238653,0,54.35039825,0,,,221.1291995,-1.14E-13,95.08555578,3,1171.080812,0,0,0,137.0867198
120,1,121,0.11706,0,0,1171.080812,,,,0,0,1,1974.367853,1974.367853,0,315.8988564,65.54901271,0,,,295.7275648,1974.367853,1895.393139,78.97471411,1974.367853,0,1,0,0,0.155930199,99.35478478,0.96,663.7236947,637.1747469,26.54894779,1,0,0,0.156027272,98.5176725,0.96,657.7220388,631.4131573,26.30888155,1,0,0,0.156117247,97.85510753,0.96,652.9221191,626.8052343,26.11688476,,,,698.2761431,1895.393139,1753.238653,142.1544854,1895.393139,2.27E-13,1,0,0,0.3992023,234.0093021,0.925,633.7213726,586.1922697,47.52910295,1,0,0,0.397943915,232.309262,0.925,631.1068939,583.7738769,47.33301704,1,0,0,0.397683032,231.957579,0.925,630.564872,583.2725066,47.2923654,0,0,0,0.087248178,0,0.88,0,0,0,1,,,0.101,177.077104,1753.238653,1753.238653,0,54.35039825,0,,,221.1291995,-1.14E-13,95.08555578,3,1171.080812,0,0,0,137.0867198
121,1,122,0.11706,0,0,1171.080812,,,,0,0,1,1974.367853,1974.367853,0,315.8988564,65.54901271,0,,,295.7275648,1974.367853,1895.393139,78.97471411,1974.367853,0,1,0,0,0.155930199,99.35478478,0.96,663.7236947,637.1747469,26.54894779,1,0,0,0.156027272,98.5176725,0.96,657.7220388,631.4131573,26.30888155,1,0,0,0.156117247,97.85510753,0.96,652.9221191,626.8052343,26.11688476,,,,698.2761431,1895.393139,1753.238653,142.1544854,1895.393139,2.27E-13,1,0,0,0.3992023,234.0093021,0.925,633.7213726,586.1922697,47.52910295,1,0,0,0.397943915,232.309262,0.925,631.1068939,583.7738769,47.33301704,1,0,0,0.397683032,231.957579,0.925,630.564872,583.2725066,47.2923654,0,0,0,0.087248178,0,0.88,0,0,0,1,,,0.101,177.077104,1753.238653,1753.238653,0,54.35039825,0,,,221.1291995,-1.14E-13,95.08555578,3,1171.080812,0,0,0,137.0867198
122,1,123,0.11706,0,0,1171.080812,,,,0,0,1,1974.367853,1974.367853,0,315.8988564,65.54901271,0,,,295.7275648,1974.367853,1895.393139,78.97471411,1974.367853,0,1,0,0,0.155930199,99.35478478,0.96,663.7236947,637.1747469,26.54894779,1,0,0,0.156027272,98.5176725,0.96,657.7220388,631.4131573,26.30888155,1,0,0,0.156117247,97.85510753,0.96,652.9221191,626.8052343,26.11688476,,,,698.2761431,1895.393139,1753.238653,142.1544854,1895.393139,2.27E-13,1,0,0,0.3992023,234.0093021,0.925,633.7213726,586.1922697,47.52910295,1,0,0,0.397943915,232.309262,0.925,631.1068939,583.7738769,47.33301704,1,0,0,0.397683032,231.957579,0.925,630.564872,583.2725066,47.2923654,0,0,0,0.087248178,0,0.88,0,0,0,1,,,0.101,177.077104,1753.238653,1753.238653,0,54.35039825,0,,,221.1291995,-1.14E-13,95.08555578,3,1171.080812,0,0,0,137.0867198
123,1,124,0.11706,0,0,1171.080812,,,,0,0,1,1974.367853,1974.367853,0,315.8988564,65.54901271,0,,,295.7275648,1974.367853,1895.393139,78.97471411,1974.367853,0,1,0,0,0.155930199,99.35478478,0.96,663.7236947,637.1747469,26.54894779,1,0,0,0.156027272,98.5176725,0.96,657.7220388,631.4131573,26.30888155,1,0,0,0.156117247,97.85510753,0.96,652.9221191,626.8052343,26.11688476,,,,698.2761431,1895.393139,1753.238653,142.1544854,1895.393139,2.27E-13,1,0,0,0.3992023,234.0093021,0.925,633.7213726,586.1922697,47.52910295,1,0,0,0.397943915,232.309262,0.925,631.1068939,583.7738769,47.33301704,1,0,0,0.397683032,231.957579,0.925,630.564872,583.2725066,47.2923654,0,0,0,0.087248178,0,0.88,0,0,0,1,,,0.101,177.077104,1753.238653,1753.238653,0,54.35039825,0,,,221.1291995,-1.14E-13,95.08555578,3,1171.080812,0,0,0,137.0867198
124,1,125,0.11706,0,0,1171.080812,,,,0,0,1,1974.367853,1974.367853,0,315.8988564,65.54901271,0,,,295.7275648,1974.367853,1895.393139,78.97471411,1974.367853,0,1,0,0,0.155930199,99.35478478,0.96,663.7236947,637.1747469,26.54894779,1,0,0,0.156027272,98.5176725,0.96,657.7220388,631.4131573,26.30888155,1,0,0,0.156117247,97.85510753,0.96,652.9221191,626.8052343,26.11688476,,,,698.2761431,1895.393139,1753.238653,142.1544854,1895.393139,2.27E-13,1,0,0,0.3992023,234.0093021,0.925,633.7213726,586.1922697,47.52910295,1,0,0,0.397943915,232.309262,0.925,631.1068939,583.7738769,47.33301704,1,0,0,0.397683032,231.957579,0.925,630.564872,583.2725066,47.2923654,0,0,0,0.087248178,0,0.88,0,0,0,1,,,0.101,177.077104,1753.238653,1753.238653,0,54.35039825,0,,,221.1291995,-1.14E-13,95.08555578,3,1171.080812,0,0,0,137.0867198
125,1,126,0.11706,0,0,1171.080812,,,,0,0,1,1974.367853,1974.367853,0,315.8988564,65.54901271,0,,,295.7275648,1974.367853,1895.393139,78.97471411,1974.367853,0,1,0,0,0.155930199,99.35478478,0.96,663.7236947,637.1747469,26.54894779,1,0,0,0.156027272,98.5176725,0.96,657.7220388,631.4131573,26.30888155,1,0,0,0.156117247,97.85510753,0.96,652.9221191,626.8052343,26.11688476,,,,698.2761431,1895.393139,1753.238653,142.1544854,1895.393139,2.27E-13,1,0,0,0.3992023,234.0093021,0.925,633.7213726,586.1922697,47.52910295,1,0,0,0.397943915,232.309262,0.925,631.1068939,583.7738769,47.33301704,1,0,0,0.397683032,231.957579,0.925,630.564872,583.2725066,47.2923654,0,0,0,0.087248178,0,0.88,0,0,0,1,,,0.101,177.077104,1753.238653,1753.238653,0,54.35039825,0,,,221.1291995,-1.14E-13,95.08555578,3,1171.080812,0,0,0,137.0867198
126,1,127,0.11706,0,0,1171.080812,,,,0,0,1,1974.367853,1974.367853,0,315.8988564,65.54901271,0,,,295.7275648,1974.367853,1895.393139,78.97471411,1974.367853,0,1,0,0,0.155930199,99.35478478,0.96,663.7236947,637.1747469,26.54894779,1,0,0,0.156027272,98.5176725,0.96,657.7220388,631.4131573,26.30888155,1,0,0,0.156117247,97.85510753,0.96,652.9221191,626.8052343,26.11688476,,,,698.2761431,1895.393139,1753.238653,142.1544854,1895.393139,2.27E-13,1,0,0,0.3992023,234.0093021,0.925,633.7213726,586.1922697,47.52910295,1,0,0,0.397943915,232.309262,0.925,631.1068939,583.7738769,47.33301704,1,0,0,0.397683032,231.957579,0.925,630.564872,583.2725066,47.2923654,0,0,0,0.087248178,0,0.88,0,0,0,1,,,0.101,177.077104,1753.238653,1753.238653,0,54.35039825,0,,,221.1291995,-1.14E-13,95.08555578,3,1171.080812,0,0,0,137.0867198
127,1,128,0.11706,0,0,1171.080812,,,,0,0,1,1974.367853,1974.367853,0,315.8988564,65.54901271,0,,,295.7275648,1974.367853,1895.393139,78.97471411,1974.367853,0,1,0,0,0.155930199,99.35478478,0.96,663.7236947,637.1747469,26.54894779,1,0,0,0.156027272,98.5176725,0.96,657.7220388,631.4131573,26.30888155,1,0,0,0.156117247,97.85510753,0.96,652.9221191,626.8052343,26.11688476,,,,698.2761431,1895.393139,1753.238653,142.1544854,1895.393139,2.27E-13,1,0,0,0.3992023,234.0093021,0.925,633.7213726,586.1922697,47.52910295,1,0,0,0.397943915,232.309262,0.925,631.1068939,583.7738769,47.33301704,1,0,0,0.397683032,231.957579,0.925,630.564872,583.2725066,47.2923654,0,0,0,0.087248178,0,0.88,0,0,0,1,,,0.101,177.077104,1753.238653,1753.238653,0,54.35039825,0,,,221.1291995,-1.14E-13,95.08555578,3,1171.080812,0,0,0,137.0867198
128,1,129,0.11706,0,0,1171.080812,,,,0,0,1,1974.367853,1974.367853,0,315.8988564,65.54901271,0,,,295.7275648,1974.367853,1895.393139,78.97471411,1974.367853,0,1,0,0,0.155930199,99.35478478,0.96,663.7236947,637.1747469,26.54894779,1,0,0,0.156027272,98.5176725,0.96,657.7220388,631.4131573,26.30888155,1,0,0,0.156117247,97.85510753,0.96,652.9221191,626.8052343,26.11688476,,,,698.2761431,1895.393139,1753.238653,142.1544854,1895.393139,2.27E-13,1,0,0,0.3992023,234.0093021,0.925,633.7213726,586.1922697,47.52910295,1,0,0,0.397943915,232.309262,0.925,631.1068939,583.7738769,47.33301704,1,0,0,0.397683032,231.957579,0.925,630.564872,583.2725066,47.2923654,0,0,0,0.087248178,0,0.88,0,0,0,1,,,0.101,177.077104,1753.238653,1753.238653,0,54.35039825,0,,,221.1291995,-1.14E-13,95.08555578,3,1171.080812,0,0,0,137.0867198
129,1,130,0.11706,0,0,1171.080812,,,,0,0,1,1974.367853,1974.367853,0,315.8988564,65.54901271,0,,,295.7275648,1974.367853,1895.393139,78.97471411,1974.367853,0,1,0,0,0.155930199,99.35478478,0.96,663.7236947,637.1747469,26.54894779,1,0,0,0.156027272,98.5176725,0.96,657.7220388,631.4131573,26.30888155,1,0,0,0.156117247,97.85510753,0.96,652.9221191,626.8052343,26.11688476,,,,698.2761431,1895.393139,1753.238653,142.1544854,1895.393139,2.27E-13,1,0,0,0.3992023,234.0093021,0.925,633.7213726,586.1922697,47.52910295,1,0,0,0.397943915,232.309262,0.925,631.1068939,583.7738769,47.33301704,1,0,0,0.397683032,231.957579,0.925,630.564872,583.2725066,47.2923654,0,0,0,0.087248178,0,0.88,0,0,0,1,,,0.101,177.077104,1753.238653,1753.238653,0,54.35039825,0,,,221.1291995,-1.14E-13,95.08555578,3,1171.080812,0,0,0,137.0867198
130,1,131,0.11706,0,0,1171.080812,,,,0,0,1,1974.367853,1974.367853,0,315.8988564,65.54901271,0,,,295.7275648,1974.367853,1895.393139,78.97471411,1974.367853,0,1,0,0,0.155930199,99.35478478,0.96,663.7236947,637.1747469,26.54894779,1,0,0,0.156027272,98.5176725,0.96,657.7220388,631.4131573,26.30888155,1,0,0,0.156117247,97.85510753,0.96,652.9221191,626.8052343,26.11688476,,,,698.2761431,1895.393139,1753.238653,142.1544854,1895.393139,2.27E-13,1,0,0,0.3992023,234.0093021,0.925,633.7213726,586.1922697,47.52910295,1,0,0,0.397943915,232.309262,0.925,631.1068939,583.7738769,47.33301704,1,0,0,0.397683032,231.957579,0.925,630.564872,583.2725066,47.2923654,0,0,0,0.087248178,0,0.88,0,0,0,1,,,0.101,177.077104,1753.238653,1753.238653,0,54.35039825,0,,,221.1291995,-1.14E-13,95.08555578,3,1171.080812,0,0,0,137.0867198
131,1,132,0.11706,0,0,1171.080812,,,,0,0,1,1974.367853,1974.367853,0,315.8988564,65.54901271,0,,,295.7275648,1974.367853,1895.393139,78.97471411,1974.367853,0,1,0,0,0.155930199,99.35478478,0.96,663.7236947,637.1747469,26.54894779,1,0,0,0.156027272,98.5176725,0.96,657.7220388,631.4131573,26.30888155,1,0,0,0.156117247,97.85510753,0.96,652.9221191,626.8052343,26.11688476,,,,698.2761431,1895.393139,1753.238653,142.1544854,1895.393139,2.27E-13,1,0,0,0.3992023,234.0093021,0.925,633.7213726,586.1922697,47.52910295,1,0,0,0.397943915,232.309262,0.925,631.1068939,583.7738769,47.33301704,1,0,0,0.397683032,231.957579,0.925,630.564872,583.2725066,47.2923654,0,0,0,0.087248178,0,0.88,0,0,0,1,,,0.101,177.077104,1753.238653,1753.238653,0,54.35039825,0,,,221.1291995,0,95.08555578,3,1171.080812,0,0,0,137.0867198
132,1,133,0.11706,0,0,1171.080812,,,,0,0,1,1974.367853,1974.367853,0,315.8988564,65.54901271,0,,,295.7275648,1974.367853,1895.393139,78.97471411,1974.367853,0,1,0,0,0.155930199,99.35478478,0.96,663.7236947,637.1747469,26.54894779,1,0,0,0.156027272,98.5176725,0.96,657.7220388,631.4131573,26.30888155,1,0,0,0.156117247,97.85510753,0.96,652.9221191,626.8052343,26.11688476,,,,698.2761431,1895.393139,1753.238653,142.1544854,1895.393139,2.27E-13,1,0,0,0.3992023,234.0093021,0.925,633.7213726,586.1922697,47.52910295,1,0,0,0.397943915,232.309262,0.925,631.1068939,583.7738769,47.33301704,1,0,0,0.397683032,231.957579,0.925,630.564872,583.2725066,47.2923654,0,0,0,0.087248178,0,0.88,0,0,0,1,,,0.101,177.077104,1753.238653,1753.238653,0,54.35039825,0,,,221.1291995,-1.14E-13,95.08555578,3,1171.080812,0,0,0,137.0867198
133,1,134,0.11706,0,0,1171.080812,,,,0,0,1,1974.367853,1974.367853,0,315.8988564,65.54901271,0,,,295.7275648,1974.367853,1895.393139,78.97471411,1974.367853,0,1,0,0,0.155930199,99.35478478,0.96,663.7236947,637.1747469,26.54894779,1,0,0,0.156027272,98.5176725,0.96,657.7220388,631.4131573,26.30888155,1,0,0,0.156117247,97.85510753,0.96,652.9221191,626.8052343,26.11688476,,,,698.2761431,1895.393139,1753.238653,142.1544854,1895.393139,2.27E-13,1,0,0,0.3992023,234.0093021,0.925,633.7213726,586.1922697,47.52910295,1,0,0,0.397943915,232.309262,0.925,631.1068939,583.7738769,47.33301704,1,0,0,0.397683032,231.957579,0.925,630.564872,583.2725066,47.2923654,0,0,0,0.087248178,0,0.88,0,0,0,1,,,0.101,177.077104,1753.238653,1753.238653,0,54.35039825,0,,,221.1291995,-1.14E-13,95.08555578,3,1171.080812,0,0,0,137.0867198
134,1,135,0.11706,0,0,1171.080812,,,,0,0,1,1974.367853,1974.367853,0,315.8988564,65.54901271,0,,,295.7275648,1974.367853,1895.393139,78.97471411,1974.367853,0,1,0,0,0.155930199,99.35478478,0.96,663.7236947,637.1747469,26.54894779,1,0,0,0.156027272,98.5176725,0.96,657.7220388,631.4131573,26.30888155,1,0,0,0.156117247,97.85510753,0.96,652.9221191,626.8052343,26.11688476,,,,698.2761431,1895.393139,1753.238653,142.1544854,1895.393139,2.27E-13,1,0,0,0.3992023,234.0093021,0.925,633.7213726,586.1922697,47.52910295,1,0,0,0.397943915,232.309262,0.925,631.1068939,583.7738769,47.33301704,1,0,0,0.397683032,231.957579,0.925,630.564872,583.2725066,47.2923654,0,0,0,0.087248178,0,0.88,0,0,0,1,,,0.101,177.077104,1753.238653,1753.238653,0,54.35039825,0,,,221.1291995,-1.14E-13,95.08555578,3,1171.080812,0,0,0,137.0867198
135,1,136,0.11706,0,0,1171.080812,,,,0,0,1,1974.367853,1974.367853,0,315.8988564,65.54901271,0,,,295.7275648,1974.367853,1895.393139,78.97471411,1974.367853,0,1,0,0,0.155930199,99.35478478,0.96,663.7236947,637.1747469,26.54894779,1,0,0,0.156027272,98.5176725,0.96,657.7220388,631.4131573,26.30888155,1,0,0,0.156117247,97.85510753,0.96,652.9221191,626.8052343,26.11688476,,,,698.2761431,1895.393139,1753.238653,142.1544854,1895.393139,2.27E-13,1,0,0,0.3992023,234.0093021,0.925,633.7213726,586.1922697,47.52910295,1,0,0,0.397943915,232.309262,0.925,631.1068939,583.7738769,47.33301704,1,0,0,0.397683032,231.957579,0.925,630.564872,583.2725066,47.2923654,0,0,0,0.087248178,0,0.88,0,0,0,1,,,0.101,177.077104,1753.238653,1753.238653,0,54.35039825,0,,,221.1291995,-1.14E-13,95.08555578,3,1171.080812,0,0,0,137.0867198
136,1,137,0.11706,0,0,1171.080812,,,,0,0,1,1974.367853,1974.367853,0,315.8988564,65.54901271,0,,,295.7275648,1974.367853,1895.393139,78.97471411,1974.367853,0,1,0,0,0.155930199,99.35478478,0.96,663.7236947,637.1747469,26.54894779,1,0,0,0.156027272,98.5176725,0.96,657.7220388,631.4131573,26.30888155,1,0,0,0.156117247,97.85510753,0.96,652.9221191,626.8052343,26.11688476,,,,698.2761431,1895.393139,1753.238653,142.1544854,1895.393139,2.27E-13,1,0,0,0.3992023,234.0093021,0.925,633.7213726,586.1922697,47.52910295,1,0,0,0.397943915,232.309262,0.925,631.1068939,583.7738769,47.33301704,1,0,0,0.397683032,231.957579,0.925,630.564872,583.2725066,47.2923654,0,0,0,0.087248178,0,0.88,0,0,0,1,,,0.101,177.077104,1753.238653,1753.238653,0,54.35039825,0,,,221.1291995,-1.14E-13,95.08555578,3,1171.080812,0,0,0,137.0867198
137,1,138,0.14744,0,0,1171.080812,,,,0,0,1,1974.367853,1974.367853,0,315.8988564,65.54901271,0,,,295.7275648,1974.367853,1895.393139,78.97471411,1974.367853,0,1,0,0,0.155930199,99.35478478,0.96,663.7236947,637.1747469,26.54894779,1,0,0,0.156027272,98.5176725,0.96,657.7220388,631.4131573,26.30888155,1,0,0,0.156117247,97.85510753,0.96,652.9221191,626.8052343,26.11688476,,,,698.2761431,1895.393139,1753.238653,142.1544854,1895.393139,2.27E-13,1,0,0,0.3992023,234.0093021,0.925,633.7213726,586.1922697,47.52910295,1,0,0,0.397943915,232.309262,0.925,631.1068939,583.7738769,47.33301704,1,0,0,0.397683032,231.957579,0.925,630.564872,583.2725066,47.2923654,0,0,0,0.087248178,0,0.88,0,0,0,1,,,0.101,177.077104,1753.238653,1753.238653,0,54.35039825,0,,,221.1291995,-1.14E-13,95.08555578,3,1171.080812,0,0,0,172.6641549
138,1,139,0.14744,0,0,1171.080812,,,,0,0,1,1974.367853,1974.367853,0,315.8988564,65.54901271,0,,,295.7275648,1974.367853,1895.393139,78.97471411,1974.367853,0,1,0,0,0.155930199,99.35478478,0.96,663.7236947,637.1747469,26.54894779,1,0,0,0.156027272,98.5176725,0.96,657.7220388,631.4131573,26.30888155,1,0,0,0.156117247,97.85510753,0.96,652.9221191,626.8052343,26.11688476,,,,698.2761431,1895.393139,1753.238653,142.1544854,1895.393139,2.27E-13,1,0,0,0.3992023,234.0093021,0.925,633.7213726,586.1922697,47.52910295,1,0,0,0.397943915,232.309262,0.925,631.1068939,583.7738769,47.33301704,1,0,0,0.397683032,231.957579,0.925,630.564872,583.2725066,47.2923654,0,0,0,0.087248178,0,0.88,0,0,0,1,,,0.101,177.077104,1753.238653,1753.238653,0,54.35039825,0,,,221.1291995,-1.14E-13,95.08555578,3,1171.080812,0,0,0,172.6641549
139,1,140,0.14744,0,0,1171.080812,,,,0,0,1,1974.367853,1974.367853,0,315.8988564,65.54901271,0,,,295.7275648,1974.367853,1895.393139,78.97471411,1974.367853,0,1,0,0,0.155930199,99.35478478,0.96,663.7236947,637.1747469,26.54894779,1,0,0,0.156027272,98.5176725,0.96,657.7220388,631.4131573,26.30888155,1,0,0,0.156117247,97.85510753,0.96,652.9221191,626.8052343,26.11688476,,,,698.2761431,1895.393139,1753.238653,142.1544854,1895.393139,2.27E-13,1,0,0,0.3992023,234.0093021,0.925,633.7213726,586.1922697,47.52910295,1,0,0,0.397943915,232.309262,0.925,631.1068939,583.7738769,47.33301704,1,0,0,0.397683032,231.957579,0.925,630.564872,583.2725066,47.2923654,0,0,0,0.087248178,0,0.88,0,0,0,1,,,0.101,177.077104,1753.238653,1753.238653,0,54.35039825,0,,,221.1291995,-1.14E-13,95.08555578,3,1171.080812,0,0,0,172.6641549
140,1,141,0.14744,0,0,1171.080812,,,,0,0,1,1974.367853,1974.367853,0,315.8988564,65.54901271,0,,,295.7275648,1974.367853,1895.393139,78.97471411,1974.367853,0,1,0,0,0.155930199,99.35478478,0.96,663.7236947,637.1747469,26.54894779,1,0,0,0.156027272,98.5176725,0.96,657.7220388,631.4131573,26.30888155,1,0,0,0.156117247,97.85510753,0.96,652.9221191,626.8052343,26.11688476,,,,698.2761431,1895.393139,1753.238653,142.1544854,1895.393139,2.27E-13,1,0,0,0.3992023,234.0093021,0.925,633.7213726,586.1922697,47.52910295,1,0,0,0.397943915,232.309262,0.925,631.1068939,583.7738769,47.33301704,1,0,0,0.397683032,231.957579,0.925,630.564872,583.2725066,47.2923654,0,0,0,0.087248178,0,0.88,0,0,0,1,,,0.101,177.077104,1753.238653,1753.238653,0,54.35039825,0,,,221.1291995,-1.14E-13,95.08555578,3,1171.080812,0,0,0,172.6641549
141,1,142,0.14744,0,0,1171.080812,,,,0,0,1,1974.367853,1974.367853,0,315.8988564,65.54901271,0,,,295.7275648,1974.367853,1895.393139,78.97471411,1974.367853,0,1,0,0,0.155930199,99.35478478,0.96,663.7236947,637.1747469,26.54894779,1,0,0,0.156027272,98.5176725,0.96,657.7220388,631.4131573,26.30888155,1,0,0,0.156117247,97.85510753,0.96,652.9221191,626.8052343,26.11688476,,,,698.2761431,1895.393139,1753.238653,142.1544854,1895.393139,2.27E-13,1,0,0,0.3992023,234.0093021,0.925,633.7213726,586.1922697,47.52910295,1,0,0,0.397943915,232.309262,0.925,631.1068939,583.7738769,47.33301704,1,0,0,0.397683032,231.957579,0.925,630.564872,583.2725066,47.2923654,0,0,0,0.087248178,0,0.88,0,0,0,1,,,0.101,177.077104,1753.238653,1753.238653,0,54.35039825,0,,,221.1291995,-1.14E-13,95.08555578,3,1171.080812,0,0,0,172.6641549
142,1,143,0.11706,0,0,1171.080812,,,,0,0,1,1974.367853,1974.367853,0,315.8988564,65.54901271,0,,,295.7275648,1974.367853,1895.393139,78.97471411,1974.367853,0,1,0,0,0.155930199,99.35478478,0.96,663.7236947,637.1747469,26.54894779,1,0,0,0.156027272,98.5176725,0.96,657.7220388,631.4131573,26.30888155,1,0,0,0.156117247,97.85510753,0.96,652.9221191,626.8052343,26.11688476,,,,698.2761431,1895.393139,1753.238653,142.1544854,1895.393139,2.27E-13,1,0,0,0.3992023,234.0093021,0.925,633.7213726,586.1922697,47.52910295,1,0,0,0.397943915,232.309262,0.925,631.1068939,583.7738769,47.33301704,1,0,0,0.397683032,231.957579,0.925,630.564872,583.2725066,47.2923654,0,0,0,0.087248178,0,0.88,0,0,0,1,,,0.101,177.077104,1753.238653,1753.238653,0,54.35039825,0,,,221.1291995,0,95.08555578,3,1171.080812,0,0,0,137.0867198
143,1,144,0.11706,0,0,1171.080812,,,,0,0,1,1974.367853,1974.367853,0,315.8988564,65.54901271,0,,,295.7275648,1974.367853,1895.393139,78.97471411,1974.367853,0,1,0,0,0.155930199,99.35478478,0.96,663.7236947,637.1747469,26.54894779,1,0,0,0.156027272,98.5176725,0.96,657.7220388,631.4131573,26.30888155,1,0,0,0.156117247,97.85510753,0.96,652.9221191,626.8052343,26.11688476,,,,698.2761431,1895.393139,1753.238653,142.1544854,1895.393139,2.27E-13,1,0,0,0.3992023,234.0093021,0.925,633.7213726,586.1922697,47.52910295,1,0,0,0.397943915,232.309262,0.925,631.1068939,583.7738769,47.33301704,1,0,0,0.397683032,231.957579,0.925,630.564872,583.2725066,47.2923654,0,0,0,0.087248178,0,0.88,0,0,0,1,,,0.101,177.077104,1753.238653,1753.238653,0,54.35039825,0,,,221.1291995,-1.14E-13,95.08555578,3,1171.080812,0,0,0,137.0867198
144,1,145,0.11706,0,0,1171.080812,,,,0,0,1,1974.367853,1974.367853,0,315.8988564,65.54901271,0,,,295.7275648,1974.367853,1895.393139,78.97471411,1974.367853,0,1,0,0,0.155930199,99.35478478,0.96,663.7236947,637.1747469,26.54894779,1,0,0,0.156027272,98.5176725,0.96,657.7220388,631.4131573,26.30888155,1,0,0,0.156117247,97.85510753,0.96,652.9221191,626.8052343,26.11688476,,,,698.2761431,1895.393139,1753.238653,142.1544854,1895.393139,2.27E-13,1,0,0,0.3992023,234.0093021,0.925,633.7213726,586.1922697,47.52910295,1,0,0,0.397943915,232.309262,0.925,631.1068939,583.7738769,47.33301704,1,0,0,0.397683032,231.957579,0.925,630.564872,583.2725066,47.2923654,0,0,0,0.087248178,0,0.88,0,0,0,1,,,0.101,177.077104,1753.238653,1753.238653,0,54.35039825,0,,,221.1291995,0,95.08555578,3,1171.080812,0,0,0,137.0867198
145,1,146,0.11706,0,0,1171.080812,,,,0,0,1,1974.367853,1974.367853,0,315.8988564,65.54901271,0,,,295.7275648,1974.367853,1895.393139,78.97471411,1974.367853,0,1,0,0,0.155930199,99.35478478,0.96,663.7236947,637.1747469,26.54894779,1,0,0,0.156027272,98.5176725,0.96,657.7220388,631.4131573,26.30888155,1,0,0,0.156117247,97.85510753,0.96,652.9221191,626.8052343,26.11688476,,,,698.2761431,1895.393139,1753.238653,142.1544854,1895.393139,2.27E-13,1,0,0,0.3992023,234.0093021,0.925,633.7213726,586.1922697,47.52910295,1,0,0,0.397943915,232.309262,0.925,631.1068939,583.7738769,47.33301704,1,0,0,0.397683032,231.957579,0.925,630.564872,583.2725066,47.2923654,0,0,0,0.087248178,0,0.88,0,0,0,1,,,0.101,177.077104,1753.238653,1753.238653,0,54.35039825,0,,,221.1291995,0,95.08555578,3,1171.080812,0,0,0,137.0867198
146,1,147,0.11706,0,0,1171.080812,,,,0,0,1,1974.367853,1974.367853,0,315.8988564,65.54901271,0,,,295.7275648,1974.367853,1895.393139,78.97471411,1974.367853,0,1,0,0,0.155930199,99.35478478,0.96,663.7236947,637.1747469,26.54894779,1,0,0,0.156027272,98.5176725,0.96,657.7220388,631.4131573,26.30888155,1,0,0,0.156117247,97.85510753,0.96,652.9221191,626.8052343,26.11688476,,,,698.2761431,1895.393139,1753.238653,142.1544854,1895.393139,2.27E-13,1,0,0,0.3992023,234.0093021,0.925,633.7213726,586.1922697,47.52910295,1,0,0,0.397943915,232.309262,0.925,631.1068939,583.7738769,47.33301704,1,0,0,0.397683032,231.957579,0.925,630.564872,583.2725066,47.2923654,0,0,0,0.087248178,0,0.88,0,0,0,1,,,0.101,177.077104,1753.238653,1753.238653,0,54.35039825,0,,,221.1291995,-1.14E-13,95.08555578,3,1171.080812,0,0,0,137.0867198
147,1,148,0.11706,0,0,1171.080812,,,,0,0,1,1974.367853,1974.367853,0,315.8988564,65.54901271,0,,,295.7275648,1974.367853,1895.393139,78.97471411,1974.367853,0,1,0,0,0.155930199,99.35478478,0.96,663.7236947,637.1747469,26.54894779,1,0,0,0.156027272,98.5176725,0.96,657.7220388,631.4131573,26.30888155,1,0,0,0.156117247,97.85510753,0.96,652.9221191,626.8052343,26.11688476,,,,698.2761431,1895.393139,1753.238653,142.1544854,1895.393139,2.27E-13,1,0,0,0.3992023,234.0093021,0.925,633.7213726,586.1922697,47.52910295,1,0,0,0.397943915,232.309262,0.925,631.1068939,583.7738769,47.33301704,1,0,0,0.397683032,231.957579,0.925,630.564872,583.2725066,47.2923654,0,0,0,0.087248178,0,0.88,0,0,0,1,,,0.101,177.077104,1753.238653,1753.238653,0,54.35039825,0,,,221.1291995,-1.14E-13,95.08555578,3,1171.080812,0,0,0,137.0867198
148,1,149,0.11706,0,0,1171.080812,,,,0,0,1,1974.367853,1974.367853,0,315.8988564,65.54901271,0,,,295.7275648,1974.367853,1895.393139,78.97471411,1974.367853,0,1,0,0,0.155930199,99.35478478,0.96,663.7236947,637.1747469,26.54894779,1,0,0,0.156027272,98.5176725,0.96,657.7220388,631.4131573,26.30888155,1,0,0,0.156117247,97.85510753,0.96,652.9221191,626.8052343,26.11688476,,,,698.2761431,1895.393139,1753.238653,142.1544854,1895.393139,2.27E-13,1,0,0,0.3992023,234.0093021,0.925,633.7213726,586.1922697,47.52910295,1,0,0,0.397943915,232.309262,0.925,631.1068939,583.7738769,47.33301704,1,0,0,0.397683032,231.957579,0.925,630.564872,583.2725066,47.2923654,0,0,0,0.087248178,0,0.88,0,0,0,1,,,0.101,177.077104,1753.238653,1753.238653,0,54.35039825,0,,,221.1291995,0,95.08555578,3,1171.080812,0,0,0,137.0867198
149,1,150,0.11706,0,0,1171.080812,,,,0,0,1,1974.367853,1974.367853,0,315.8988564,65.54901271,0,,,295.7275648,1974.367853,1895.393139,78.97471411,1974.367853,0,1,0,0,0.155930199,99.35478478,0.96,663.7236947,637.1747469,26.54894779,1,0,0,0.156027272,98.5176725,0.96,657.7220388,631.4131573,26.30888155,1,0,0,0.156117247,97.85510753,0.96,652.9221191,626.8052343,26.11688476,,,,698.2761431,1895.393139,1753.238653,142.1544854,1895.393139,2.27E-13,1,0,0,0.3992023,234.0093021,0.925,633.7213726,586.1922697,47.52910295,1,0,0,0.397943915,232.309262,0.925,631.1068939,583.7738769,47.33301704,1,0,0,0.397683032,231.957579,0.925,630.564872,583.2725066,47.2923654,0,0,0,0.087248178,0,0.88,0,0,0,1,,,0.101,177.077104,1753.238653,1753.238653,0,54.35039825,0,,,221.1291995,-1.14E-13,95.08555578,3,1171.080812,0,0,0,137.0867198
150,1,151,0.11706,0,0,1171.080812,,,,0,0,1,1974.367853,1974.367853,0,315.8988564,65.54901271,0,,,295.7275648,1974.367853,1895.393139,78.97471411,1974.367853,0,1,0,0,0.155930199,99.35478478,0.96,663.7236947,637.1747469,26.54894779,1,0,0,0.156027272,98.5176725,0.96,657.7220388,631.4131573,26.30888155,1,0,0,0.156117247,97.85510753,0.96,652.9221191,626.8052343,26.11688476,,,,698.2761431,1895.393139,1753.238653,142.1544854,1895.393139,2.27E-13,1,0,0,0.3992023,234.0093021,0.925,633.7213726,586.1922697,47.52910295,1,0,0,0.397943915,232.309262,0.925,631.1068939,583.7738769,47.33301704,1,0,0,0.397683032,231.957579,0.925,630.564872,583.2725066,47.2923654,0,0,0,0.087248178,0,0.88,0,0,0,1,,,0.101,177.077104,1753.238653,1753.238653,0,54.35039825,0,,,221.1291995,-1.14E-13,95.08555578,3,1171.080812,0,0,0,137.0867198
151,1,152,0.11706,0,0,1171.080812,,,,0,0,1,1974.367853,1974.367853,0,315.8988564,65.54901271,0,,,295.7275648,1974.367853,1895.393139,78.97471411,1974.367853,0,1,0,0,0.155930199,99.35478478,0.96,663.7236947,637.1747469,26.54894779,1,0,0,0.156027272,98.5176725,0.96,657.7220388,631.4131573,26.30888155,1,0,0,0.156117247,97.85510753,0.96,652.9221191,626.8052343,26.11688476,,,,698.2761431,1895.393139,1753.238653,142.1544854,1895.393139,2.27E-13,1,0,0,0.3992023,234.0093021,0.925,633.7213726,586.1922697,47.52910295,1,0,0,0.397943915,232.309262,0.925,631.1068939,583.7738769,47.33301704,1,0,0,0.397683032,231.957579,0.925,630.564872,583.2725066,47.2923654,0,0,0,0.087248178,0,0.88,0,0,0,1,,,0.101,177.077104,1753.238653,1753.238653,0,54.35039825,0,,,221.1291995,-1.14E-13,95.08555578,3,1171.080812,0,0,0,137.0867198
152,1,153,0.11706,0,0,1171.080812,,,,0,0,1,1974.367853,1974.367853,0,315.8988564,65.54901271,0,,,295.7275648,1974.367853,1895.393139,78.97471411,1974.367853,0,1,0,0,0.155930199,99.35478478,0.96,663.7236947,637.1747469,26.54894779,1,0,0,0.156027272,98.5176725,0.96,657.7220388,631.4131573,26.30888155,1,0,0,0.156117247,97.85510753,0.96,652.9221191,626.8052343,26.11688476,,,,698.2761431,1895.393139,1753.238653,142.1544854,1895.393139,2.27E-13,1,0,0,0.3992023,234.0093021,0.925,633.7213726,586.1922697,47.52910295,1,0,0,0.397943915,232.309262,0.925,631.1068939,583.7738769,47.33301704,1,0,0,0.397683032,231.957579,0.925,630.564872,583.2725066,47.2923654,0,0,0,0.087248178,0,0.88,0,0,0,1,,,0.101,177.077104,1753.238653,1753.238653,0,54.35039825,0,,,221.1291995,-1.14E-13,95.08555578,3,1171.080812,0,0,0,137.0867198
153,1,154,0.11706,0,0,1171.080812,,,,0,0,1,1974.367853,1974.367853,0,315.8988564,65.54901271,0,,,295.7275648,1974.367853,1895.393139,78.97471411,1974.367853,0,1,0,0,0.155930199,99.35478478,0.96,663.7236947,637.1747469,26.54894779,1,0,0,0.156027272,98.5176725,0.96,657.7220388,631.4131573,26.30888155,1,0,0,0.156117247,97.85510753,0.96,652.9221191,626.8052343,26.11688476,,,,698.2761431,1895.393139,1753.238653,142.1544854,1895.393139,2.27E-13,1,0,0,0.3992023,234.0093021,0.925,633.7213726,586.1922697,47.52910295,1,0,0,0.397943915,232.309262,0.925,631.1068939,583.7738769,47.33301704,1,0,0,0.397683032,231.957579,0.925,630.564872,583.2725066,47.2923654,0,0,0,0.087248178,0,0.88,0,0,0,1,,,0.101,177.077104,1753.238653,1753.238653,0,54.35039825,0,,,221.1291995,0,95.08555578,3,1171.080812,0,0,0,137.0867198
154,1,155,0.11706,0,0,1171.080812,,,,0,0,1,1974.367853,1974.367853,0,315.8988564,65.54901271,0,,,295.7275648,1974.367853,1895.393139,78.97471411,1974.367853,0,1,0,0,0.155930199,99.35478478,0.96,663.7236947,637.1747469,26.54894779,1,0,0,0.156027272,98.5176725,0.96,657.7220388,631.4131573,26.30888155,1,0,0,0.156117247,97.85510753,0.96,652.9221191,626.8052343,26.11688476,,,,698.2761431,1895.393139,1753.238653,142.1544854,1895.393139,2.27E-13,1,0,0,0.3992023,234.0093021,0.925,633.7213726,586.1922697,47.52910295,1,0,0,0.397943915,232.309262,0.925,631.1068939,583.7738769,47.33301704,1,0,0,0.397683032,231.957579,0.925,630.564872,583.2725066,47.2923654,0,0,0,0.087248178,0,0.88,0,0,0,1,,,0.101,177.077104,1753.238653,1753.238653,0,54.35039825,0,,,221.1291995,-1.14E-13,95.08555578,3,1171.080812,0,0,0,137.0867198
155,1,156,0.11706,0,0,1171.080812,,,,0,0,1,1974.367853,1974.367853,0,315.8988564,65.54901271,0,,,295.7275648,1974.367853,1895.393139,78.97471411,1974.367853,0,1,0,0,0.155930199,99.35478478,0.96,663.7236947,637.1747469,26.54894779,1,0,0,0.156027272,98.5176725,0.96,657.7220388,631.4131573,26.30888155,1,0,0,0.156117247,97.85510753,0.96,652.9221191,626.8052343,26.11688476,,,,698.2761431,1895.393139,1753.238653,142.1544854,1895.393139,2.27E-13,1,0,0,0.3992023,234.0093021,0.925,633.7213726,586.1922697,47.52910295,1,0,0,0.397943915,232.309262,0.925,631.1068939,583.7738769,47.33301704,1,0,0,0.397683032,231.957579,0.925,630.564872,583.2725066,47.2923654,0,0,0,0.087248178,0,0.88,0,0,0,1,,,0.101,177.077104,1753.238653,1753.238653,0,54.35039825,0,,,221.1291995,0,95.08555578,3,1171.080812,0,0,0,137.0867198
156,1,157,0.11706,0,0,1171.080812,,,,0,0,1,1974.367853,1974.367853,0,315.8988564,65.54901271,0,,,295.7275648,1974.367853,1895.393139,78.97471411,1974.367853,0,1,0,0,0.155930199,99.35478478,0.96,663.7236947,637.1747469,26.54894779,1,0,0,0.156027272,98.5176725,0.96,657.7220388,631.4131573,26.30888155,1,0,0,0.156117247,97.85510753,0.96,652.9221191,626.8052343,26.11688476,,,,698.2761431,1895.393139,1753.238653,142.1544854,1895.393139,2.27E-13,1,0,0,0.3992023,234.0093021,0.925,633.7213726,586.1922697,47.52910295,1,0,0,0.397943915,232.309262,0.925,631.1068939,583.7738769,47.33301704,1,0,0,0.397683032,231.957579,0.925,630.564872,583.2725066,47.2923654,0,0,0,0.087248178,0,0.88,0,0,0,1,,,0.101,177.077104,1753.238653,1753.238653,0,54.35039825,0,,,221.1291995,-1.14E-13,95.08555578,3,1171.080812,0,0,0,137.0867198
157,1,158,0.11706,0,0,1171.080812,,,,0,0,1,1974.367853,1974.367853,0,315.8988564,65.54901271,0,,,295.7275648,1974.367853,1895.393139,78.97471411,1974.367853,0,1,0,0,0.155930199,99.35478478,0.96,663.7236947,637.1747469,26.54894779,1,0,0,0.156027272,98.5176725,0.96,657.7220388,631.4131573,26.30888155,1,0,0,0.156117247,97.85510753,0.96,652.9221191,626.8052343,26.11688476,,,,698.2761431,1895.393139,1753.238653,142.1544854,1895.393139,2.27E-13,1,0,0,0.3992023,234.0093021,0.925,633.7213726,586.1922697,47.52910295,1,0,0,0.397943915,232.309262,0.925,631.1068939,583.7738769,47.33301704,1,0,0,0.397683032,231.957579,0.925,630.564872,583.2725066,47.2923654,0,0,0,0.087248178,0,0.88,0,0,0,1,,,0.101,177.077104,1753.238653,1753.238653,0,54.35039825,0,,,221.1291995,-1.14E-13,95.08555578,3,1171.080812,0,0,0,137.0867198
158,1,159,0.11706,0,0,1171.080812,,,,0,0,1,1974.367853,1974.367853,0,315.8988564,65.54901271,0,,,295.7275648,1974.367853,1895.393139,78.97471411,1974.367853,0,1,0,0,0.155930199,99.35478478,0.96,663.7236947,637.1747469,26.54894779,1,0,0,0.156027272,98.5176725,0.96,657.7220388,631.4131573,26.30888155,1,0,0,0.156117247,97.85510753,0.96,652.9221191,626.8052343,26.11688476,,,,698.2761431,1895.393139,1753.238653,142.1544854,1895.393139,2.27E-13,1,0,0,0.3992023,234.0093021,0.925,633.7213726,586.1922697,47.52910295,1,0,0,0.397943915,232.309262,0.925,631.1068939,583.7738769,47.33301704,1,0,0,0.397683032,231.957579,0.925,630.564872,583.2725066,47.2923654,0,0,0,0.087248178,0,0.88,0,0,0,1,,,0.101,177.077104,1753.238653,1753.238653,0,54.35039825,0,,,221.1291995,-1.14E-13,95.08555578,3,1171.080812,0,0,0,137.0867198
159,1,160,0.11706,0,0,1171.080812,,,,0,0,1,1974.367853,1974.367853,0,315.8988564,65.54901271,0,,,295.7275648,1974.367853,1895.393139,78.97471411,1974.367853,0,1,0,0,0.155930199,99.35478478,0.96,663.7236947,637.1747469,26.54894779,1,0,0,0.156027272,98.5176725,0.96,657.7220388,631.4131573,26.30888155,1,0,0,0.156117247,97.85510753,0.96,652.9221191,626.8052343,26.11688476,,,,698.2761431,1895.393139,1753.238653,142.1544854,1895.393139,2.27E-13,1,0,0,0.3992023,234.0093021,0.925,633.7213726,586.1922697,47.52910295,1,0,0,0.397943915,232.309262,0.925,631.1068939,583.7738769,47.33301704,1,0,0,0.397683032,231.957579,0.925,630.564872,583.2725066,47.2923654,0,0,0,0.087248178,0,0.88,0,0,0,1,,,0.101,177.077104,1753.238653,1753.238653,0,54.35039825,0,,,221.1291995,-1.14E-13,95.08555578,3,1171.080812,0,0,0,137.0867198
160,1,161,0.11706,0,0,1171.080812,,,,0,0,1,1974.367853,1974.367853,0,315.8988564,65.54901271,0,,,295.7275648,1974.367853,1895.393139,78.97471411,1974.367853,0,1,0,0,0.155930199,99.35478478,0.96,663.7236947,637.1747469,26.54894779,1,0,0,0.156027272,98.5176725,0.96,657.7220388,631.4131573,26.30888155,1,0,0,0.156117247,97.85510753,0.96,652.9221191,626.8052343,26.11688476,,,,698.2761431,1895.393139,1753.238653,142.1544854,1895.393139,2.27E-13,1,0,0,0.3992023,234.0093021,0.925,633.7213726,586.1922697,47.52910295,1,0,0,0.397943915,232.309262,0.925,631.1068939,583.7738769,47.33301704,1,0,0,0.397683032,231.957579,0.925,630.564872,583.2725066,47.2923654,0,0,0,0.087248178,0,0.88,0,0,0,1,,,0.101,177.077104,1753.238653,1753.238653,0,54.35039825,0,,,221.1291995,-1.14E-13,95.08555578,3,1171.080812,0,0,0,137.0867198
161,1,162,0.14744,0,0,1171.080812,,,,0,0,1,1974.367853,1974.367853,0,315.8988564,65.54901271,0,,,295.7275648,1974.367853,1895.393139,78.97471411,1974.367853,0,1,0,0,0.155930199,99.35478478,0.96,663.7236947,637.1747469,26.54894779,1,0,0,0.156027272,98.5176725,0.96,657.7220388,631.4131573,26.30888155,1,0,0,0.156117247,97.85510753,0.96,652.9221191,626.8052343,26.11688476,,,,698.2761431,1895.393139,1753.238653,142.1544854,1895.393139,2.27E-13,1,0,0,0.3992023,234.0093021,0.925,633.7213726,586.1922697,47.52910295,1,0,0,0.397943915,232.309262,0.925,631.1068939,583.7738769,47.33301704,1,0,0,0.397683032,231.957579,0.925,630.564872,583.2725066,47.2923654,0,0,0,0.087248178,0,0.88,0,0,0,1,,,0.101,177.077104,1753.238653,1753.238653,0,54.35039825,0,,,221.1291995,-1.14E-13,95.08555578,3,1171.080812,0,0,0,172.6641549
162,1,163,0.14744,0,0,1171.080812,,,,0,0,1,1974.367853,1974.367853,0,315.8988564,65.54901271,0,,,295.7275648,1974.367853,1895.393139,78.97471411,1974.367853,0,1,0,0,0.155930199,99.35478478,0.96,663.7236947,637.1747469,26.54894779,1,0,0,0.156027272,98.5176725,0.96,657.7220388,631.4131573,26.30888155,1,0,0,0.156117247,97.85510753,0.96,652.9221191,626.8052343,26.11688476,,,,698.2761431,1895.393139,1753.238653,142.1544854,1895.393139,2.27E-13,1,0,0,0.3992023,234.0093021,0.925,633.7213726,586.1922697,47.52910295,1,0,0,0.397943915,232.309262,0.925,631.1068939,583.7738769,47.33301704,1,0,0,0.397683032,231.957579,0.925,630.564872,583.2725066,47.2923654,0,0,0,0.087248178,0,0.88,0,0,0,1,,,0.101,177.077104,1753.238653,1753.238653,0,54.35039825,0,,,221.1291995,0,95.08555578,3,1171.080812,0,0,0,172.6641549
163,1,164,0.14744,0,0,1171.080812,,,,0,0,1,1974.367853,1974.367853,0,315.8988564,65.54901271,0,,,295.7275648,1974.367853,1895.393139,78.97471411,1974.367853,0,1,0,0,0.155930199,99.35478478,0.96,663.7236947,637.1747469,26.54894779,1,0,0,0.156027272,98.5176725,0.96,657.7220388,631.4131573,26.30888155,1,0,0,0.156117247,97.85510753,0.96,652.9221191,626.8052343,26.11688476,,,,698.2761431,1895.393139,1753.238653,142.1544854,1895.393139,2.27E-13,1,0,0,0.3992023,234.0093021,0.925,633.7213726,586.1922697,47.52910295,1,0,0,0.397943915,232.309262,0.925,631.1068939,583.7738769,47.33301704,1,0,0,0.397683032,231.957579,0.925,630.564872,583.2725066,47.2923654,0,0,0,0.087248178,0,0.88,0,0,0,1,,,0.101,177.077104,1753.238653,1753.238653,0,54.35039825,0,,,221.1291995,0,95.08555578,3,1171.080812,0,0,0,172.6641549
164,1,165,0.14744,0,0,1171.080812,,,,0,0,1,1974.367853,1974.367853,0,315.8988564,65.54901271,0,,,295.7275648,1974.367853,1895.393139,78.97471411,1974.367853,0,1,0,0,0.155930199,99.35478478,0.96,663.7236947,637.1747469,26.54894779,1,0,0,0.156027272,98.5176725,0.96,657.7220388,631.4131573,26.30888155,1,0,0,0.156117247,97.85510753,0.96,652.9221191,626.8052343,26.11688476,,,,698.2761431,1895.393139,1753.238653,142.1544854,1895.393139,2.27E-13,1,0,0,0.3992023,234.0093021,0.925,633.7213726,586.1922697,47.52910295,1,0,0,0.397943915,232.309262,0.925,631.1068939,583.7738769,47.33301704,1,0,0,0.397683032,231.957579,0.925,630.564872,583.2725066,47.2923654,0,0,0,0.087248178,0,0.88,0,0,0,1,,,0.101,177.077104,1753.238653,1753.238653,0,54.35039825,0,,,221.1291995,0,95.08555578,3,1171.080812,0,0,0,172.6641549
165,1,166,0.14744,0,0,1171.080812,,,,0,0,1,1974.367853,1974.367853,0,315.8988564,65.54901271,0,,,295.7275648,1974.367853,1895.393139,78.97471411,1974.367853,0,1,0,0,0.155930199,99.35478478,0.96,663.7236947,637.1747469,26.54894779,1,0,0,0.156027272,98.5176725,0.96,657.7220388,631.4131573,26.30888155,1,0,0,0.156117247,97.85510753,0.96,652.9221191,626.8052343,26.11688476,,,,698.2761431,1895.393139,1753.238653,142.1544854,1895.393139,2.27E-13,1,0,0,0.3992023,234.0093021,0.925,633.7213726,586.1922697,47.52910295,1,0,0,0.397943915,232.309262,0.925,631.1068939,583.7738769,47.33301704,1,0,0,0.397683032,231.957579,0.925,630.564872,583.2725066,47.2923654,0,0,0,0.087248178,0,0.88,0,0,0,1,,,0.101,177.077104,1753.238653,1753.238653,0,54.35039825,0,,,221.1291995,0,95.08555578,3,1171.080812,0,0,0,172.6641549
166,1,167,0.11706,0,0,1171.080812,,,,0,0,1,1974.367853,1974.367853,0,315.8988564,65.54901271,0,,,295.7275648,1974.367853,1895.393139,78.97471411,1974.367853,0,1,0,0,0.155930199,99.35478478,0.96,663.7236947,637.1747469,26.54894779,1,0,0,0.156027272,98.5176725,0.96,657.7220388,631.4131573,26.30888155,1,0,0,0.156117247,97.85510753,0.96,652.9221191,626.8052343,26.11688476,,,,698.2761431,1895.393139,1753.238653,142.1544854,1895.393139,2.27E-13,1,0,0,0.3992023,234.0093021,0.925,633.7213726,586.1922697,47.52910295,1,0,0,0.397943915,232.309262,0.925,631.1068939,583.7738769,47.33301704,1,0,0,0.397683032,231.957579,0.925,630.564872,583.2725066,47.2923654,0,0,0,0.087248178,0,0.88,0,0,0,1,,,0.101,177.077104,1753.238653,1753.238653,0,54.35039825,0,,,221.1291995,-1.14E-13,95.08555578,3,1171.080812,0,0,0,137.0867198
167,1,168,0.11706,0,0,1171.080812,,,,0,0,1,1974.367853,1974.367853,0,315.8988564,65.54901271,0,,,295.7275648,1974.367853,1895.393139,78.97471411,1974.367853,0,1,0,0,0.155930199,99.35478478,0.96,663.7236947,637.1747469,26.54894779,1,0,0,0.156027272,98.5176725,0.96,657.7220388,631.4131573,26.30888155,1,0,0,0.156117247,97.85510753,0.96,652.9221191,626.8052343,26.11688476,,,,698.2761431,1895.393139,1753.238653,142.1544854,1895.393139,2.27E-13,1,0,0,0.3992023,234.0093021,0.925,633.7213726,586.1922697,47.52910295,1,0,0,0.397943915,232.309262,0.925,631.1068939,583.7738769,47.33301704,1,0,0,0.397683032,231.957579,0.925,630.564872,583.2725066,47.2923654,0,0,0,0.087248178,0,0.88,0,0,0,1,,,0.101,177.077104,1753.238653,1753.238653,0,54.35039825,0,,,221.1291995,0,95.08555578,3,1171.080812,0,0,0,137.0867198
