,Day,Time,LMP,peak_hour,bypass_pretreatment_flow,power_from_grid,intake.op_mode,intake.startup,intake.shutdown,intake.energy_intensity,intake.power_consumption,intake.recovery,intake.feed_flowrate,intake.product_flowrate,intake.reject_flowrate,intake.feed_cost,intake.chemical_cost,pretreatment.op_mode,pretreatment.startup,pretreatment.shutdown,pretreatment.power_consumption,pretreatment.feed_flowrate,pretreatment.product_flowrate,pretreatment.reject_flowrate,pretreatment.inlet_flowrate,pretreatment.leftover_flow,pretreatment.uf_pumps[1].op_mode,pretreatment.uf_pumps[1].startup,pretreatment.uf_pumps[1].shutdown,pretreatment.uf_pumps[1].energy_intensity,pretreatment.uf_pumps[1].power_consumption,pretreatment.uf_pumps[1].recovery,pretreatment.uf_pumps[1].feed_flowrate,pretreatment.uf_pumps[1].product_flowrate,pretreatment.uf_pumps[1].reject_flowrate,pretreatment.uf_pumps[2].op_mode,pretreatment.uf_pumps[2].startup,pretreatment.uf_pumps[2].shutdown,pretreatment.uf_pumps[2].energy_intensity,pretreatment.uf_pumps[2].power_consumption,pretreatment.uf_pumps[2].recovery,pretreatment.uf_pumps[2].feed_flowrate,pretreatment.uf_pumps[2].product_flowrate,pretreatment.uf_pumps[2].reject_flowrate,pretreatment.uf_pumps[3].op_mode,pretreatment.uf_pumps[3].startup,pretreatment.uf_pumps[3].shutdown,pretreatment.uf_pumps[3].energy_intensity,pretreatment.uf_pumps[3].power_consumption,pretreatment.uf_pumps[3].recovery,pretreatment.uf_pumps[3].feed_flowrate,pretreatment.uf_pumps[3].product_flowrate,pretreatment.uf_pumps[3].reject_flowrate,reverse_osmosis.op_mode,reverse_osmosis.startup,reverse_osmosis.shutdown,reverse_osmosis.power_consumption,reverse_osmosis.feed_flowrate,reverse_osmosis.product_flowrate,reverse_osmosis.reject_flowrate,reverse_osmosis.inlet_flowrate,reverse_osmosis.leftover_flow,reverse_osmosis.ro_skid[1].op_mode,reverse_osmosis.ro_skid[1].startup,reverse_osmosis.ro_skid[1].shutdown,reverse_osmosis.ro_skid[1].energy_intensity,reverse_osmosis.ro_skid[1].power_consumption,reverse_osmosis.ro_skid[1].recovery,reverse_osmosis.ro_skid[1].feed_flowrate,reverse_osmosis.ro_skid[1].product_flowrate,reverse_osmosis.ro_skid[1].reject_flowrate,reverse_osmosis.ro_skid[2].op_mode,reverse_osmosis.ro_skid[2].startup,reverse_osmosis.ro_skid[2].shutdown,reverse_osmosis.ro_skid[2].energy_intensity,reverse_osmosis.ro_skid[2].power_consumption,reverse_osmosis.ro_skid[2].recovery,reverse_osmosis.ro_skid[2].feed_flowrate,reverse_osmosis.ro_skid[2].product_flowrate,reverse_osmosis.ro_skid[2].reject_flowrate,reverse_osmosis.ro_skid[3].op_mode,reverse_osmosis.ro_skid[3].startup,reverse_osmosis.ro_skid[3].shutdown,reverse_osmosis.ro_skid[3].energy_intensity,reverse_osmosis.ro_skid[3].power_consumption,reverse_osmosis.ro_skid[3].recovery,reverse_osmosis.ro_skid[3].feed_flowrate,reverse_osmosis.ro_skid[3].product_flowrate,reverse_osmosis.ro_skid[3].reject_flowrate,reverse_osmosis.ro_skid[4].op_mode,reverse_osmosis.ro_skid[4].startup,reverse_osmosis.ro_skid[4].shutdown,reverse_osmosis.ro_skid[4].energy_intensity,reverse_osmosis.ro_skid[4].power_consumption,reverse_osmosis.ro_skid[4].recovery,reverse_osmosis.ro_skid[4].feed_flowrate,reverse_osmosis.ro_skid[4].product_flowrate,reverse_osmosis.ro_skid[4].reject_flowrate,posttreatment.op_mode,posttreatment.startup,posttreatment.shutdown,posttreatment.energy_intensity,posttreatment.power_consumption,posttreatment.feed_flowrate,posttreatment.product_flowrate,posttreatment.reject_flowrate,posttreatment.chemical_cost,brine_discharge.op_mode,brine_discharge.startup,brine_discharge.shutdown,brine_discharge.feed_flowrate,brine_discharge.power_consumption,brine_discharge.brine_cost,num_skids_online,net_power_consumption,water_revenue,demand_response_revenue,emissions_cost,energy_cost
0,1,1,0.1016,0,0,1387.840575,,,,0,0,1,2422.531464,2422.531464,0,387.6050342,80.42804459,0,,,369.1984695,2422.531464,2325.630205,96.90125855,2422.531464,0,1,0,0,0.15875201,123.0661565,0.96,807.5104879,775.2100684,32.30041952,1,0,0,0.15875201,123.0661565,0.96,807.5104879,775.2100684,32.30041952,1,0,0,0.15875201,123.0661565,0.96,807.5104879,775.2100684,32.30041952,,,,801.9334552,2325.630205,2145.630205,180.0000004,2325.630205,0,1,0,0,0.378902387,207.2122431,0.923970433,591.875,546.875,45,1,0,0,0.378902387,207.2122431,0.923970433,591.8750002,546.875,45.00000019,1,0,0,0.368396484,193.7544845,0.921182625,570.9401026,525.9401026,45,1,0,0,0.368396484,193.7544845,0.921182625,570.9401027,525.9401026,45.00000019,1,,,0.101,216.7086507,2145.630205,2145.630205,0,66.51453636,0,,,276.9012589,5.68E-14,119.0675413,4,1387.840575,0,0,0,141.0046025
1,1,2,0.1016,0,0,1387.840575,,,,0,0,1,2422.531464,2422.531464,0,387.6050342,80.42804459,0,,,369.1984695,2422.531464,2325.630205,96.90125855,2422.531464,0,1,0,0,0.15875201,123.0661565,0.96,807.5104879,775.2100684,32.30041952,1,0,0,0.15875201,123.0661565,0.96,807.5104879,775.2100684,32.30041952,1,0,0,0.15875201,123.0661565,0.96,807.5104879,775.2100684,32.30041952,,,,801.9334552,2325.630205,2145.630205,180.0000008,2325.630206,0,1,0,0,0.378902387,207.2122431,0.923970433,591.8750002,546.875,45.00000019,1,0,0,0.378902387,207.2122431,0.923970433,591.8750002,546.875,45.00000019,1,0,0,0.368396484,193.7544845,0.921182625,570.9401027,525.9401026,45.00000019,1,0,0,0.368396484,193.7544845,0.921182625,570.9401027,525.9401026,45.00000019,1,,,0.101,216.7086507,2145.630205,2145.630205,0,66.51453636,0,,,276.9012593,2.84E-14,119.0675415,4,1387.840575,0,0,0,141.0046025
2,1,3,0.1016,0,0,1387.840575,,,,0,0,1,2422.531464,2422.531464,0,387.6050342,80.42804459,0,,,369.1984695,2422.531464,2325.630205,96.90125855,2422.531464,0,1,0,0,0.15875201,123.0661565,0.96,807.5104879,775.2100684,32.30041952,1,0,0,0.15875201,123.0661565,0.96,807.5104879,775.2100684,32.30041952,1,0,0,0.15875201,123.0661565,0.96,807.5104879,775.2100684,32.30041952,,,,801.9334551,2325.630205,2145.630205,180,2325.630205,-4.31E-10,1,0,0,0.378902387,207.2122431,0.923970433,591.875,546.875,45,1,0,0,0.378902387,207.2122431,0.923970433,591.875,546.875,45,1,0,0,0.368396484,193.7544845,0.921182625,570.9401026,525.9401026,45,1,0,0,0.368396484,193.7544845,0.921182625,570.9401026,525.9401026,45,1,,,0.101,216.7086507,2145.630205,2145.630205,0,66.51453636,0,,,276.9012585,8.53E-14,119.0675412,4,1387.840575,0,0,0,141.0046025
3,1,4,0.1016,0,0,1387.840575,,,,0,0,1,2422.531464,2422.531464,0,387.6050342,80.42804459,0,,,369.1984695,2422.531464,2325.630205,96.90125855,2422.531464,0,1,0,0,0.15875201,123.0661565,0.96,807.5104879,775.2100684,32.30041952,1,0,0,0.15875201,123.0661565,0.96,807.5104879,775.2100684,32.30041952,1,0,0,0.15875201,123.0661565,0.96,807.5104879,775.2100684,32.30041952,,,,801.9334551,2325.630205,2145.630205,180.0000002,2325.630205,0,1,0,0,0.378902387,207.2122431,0.923970433,591.8750002,546.875,45.00000019,1,0,0,0.378902387,207.2122431,0.923970433,591.875,546.875,45,1,0,0,0.368396484,193.7544845,0.921182625,570.9401026,525.9401026,45,1,0,0,0.368396484,193.7544845,0.921182625,570.9401026,525.9401026,45,1,,,0.101,216.7086507,2145.630205,2145.630205,0,66.51453636,0,,,276.9012587,5.68E-14,119.0675413,4,1387.840575,0,0,0,141.0046025
4,1,5,0.1016,0,0,1387.840575,,,,0,0,1,2422.531464,2422.531464,0,387.6050342,80.42804459,0,,,369.1984695,2422.531464,2325.630205,96.90125855,2422.531464,0,1,0,0,0.15875201,123.0661565,0.96,807.5104879,775.2100684,32.30041952,1,0,0,0.15875201,123.0661565,0.96,807.5104879,775.2100684,32.30041952,1,0,0,0.15875201,123.0661565,0.96,807.5104879,775.2100684,32.30041952,,,,801.9334552,2325.630205,2145.630205,180.0000004,2325.630205,0,1,0,0,0.378902387,207.2122431,0.923970433,591.875,546.875,45,1,0,0,0.378902387,207.2122431,0.923970433,591.875,546.875,45,1,0,0,0.368396484,193.7544845,0.921182625,570.9401027,525.9401026,45.00000019,1,0,0,0.368396484,193.7544845,0.921182625,570.9401027,525.9401026,45.00000019,1,,,0.101,216.7086507,2145.630205,2145.630205,0,66.51453636,0,,,276.9012589,-2.84E-14,119.0675413,4,1387.840575,0,0,0,141.0046025
5,1,6,0.1016,0,0,1387.840575,,,,0,0,1,2422.531464,2422.531464,0,387.6050342,80.42804459,0,,,369.1984695,2422.531464,2325.630205,96.90125855,2422.531464,0,1,0,0,0.15875201,123.0661565,0.96,807.5104879,775.2100684,32.30041952,1,0,0,0.15875201,123.0661565,0.96,807.5104879,775.2100684,32.30041952,1,0,0,0.15875201,123.0661565,0.96,807.5104879,775.2100684,32.30041952,,,,801.9334551,2325.630205,2145.630205,180.0000002,2325.630205,0,1,0,0,0.378902387,207.2122431,0.923970433,591.8750002,546.875,45.00000019,1,0,0,0.378902387,207.2122431,0.923970433,591.875,546.875,45,1,0,0,0.368396484,193.7544845,0.921182625,570.9401026,525.9401026,45,1,0,0,0.368396484,193.7544845,0.921182625,570.9401026,525.9401026,45,1,,,0.101,216.7086507,2145.630205,2145.630205,0,66.51453636,0,,,276.9012587,1.42E-13,119.0675413,4,1387.840575,0,0,0,141.0046025
6,1,7,0.1016,0,0,1387.840575,,,,0,0,1,2422.531464,2422.531464,0,387.6050342,80.42804459,0,,,369.1984695,2422.531464,2325.630205,96.90125855,2422.531464,0,1,0,0,0.15875201,123.0661565,0.96,807.5104879,775.2100684,32.30041952,1,0,0,0.15875201,123.0661565,0.96,807.5104879,775.2100684,32.30041952,1,0,0,0.15875201,123.0661565,0.96,807.5104879,775.2100684,32.30041952,,,,801.9334551,2325.630205,2145.630205,180,2325.630205,-7.09E-11,1,0,0,0.378902387,207.2122431,0.923970433,591.875,546.875,45,1,0,0,0.378902387,207.2122431,0.923970433,591.875,546.875,45,1,0,0,0.368396484,193.7544845,0.921182625,570.9401026,525.9401026,45,1,0,0,0.368396484,193.7544845,0.921182625,570.9401026,525.9401026,45,1,,,0.101,216.7086507,2145.630205,2145.630205,0,66.51453636,0,,,276.9012585,1.71E-13,119.0675412,4,1387.840575,0,0,0,141.0046025
7,1,8,0.1016,0,0,1387.840575,,,,0,0,1,2422.531464,2422.531464,0,387.6050342,80.42804459,0,,,369.1984695,2422.531464,2325.630205,96.90125855,2422.531464,0,1,0,0,0.15875201,123.0661565,0.96,807.5104879,775.2100684,32.30041952,1,0,0,0.15875201,123.0661565,0.96,807.5104879,775.2100684,32.30041952,1,0,0,0.15875201,123.0661565,0.96,807.5104879,775.2100684,32.30041952,,,,801.9334552,2325.630205,2145.630205,180.0000004,2325.630205,0,1,0,0,0.378902387,207.2122431,0.923970433,591.875,546.875,45,1,0,0,0.378902387,207.2122431,0.923970433,591.8750002,546.875,45.00000019,1,0,0,0.368396484,193.7544845,0.921182625,570.9401027,525.9401026,45.00000019,1,0,0,0.368396484,193.7544845,0.921182625,570.9401026,525.9401026,45,1,,,0.101,216.7086507,2145.630205,2145.630205,0,66.51453636,0,,,276.9012589,5.68E-14,119.0675413,4,1387.840575,0,0,0,141.0046025
8,1,9,0.1016,0,0,1387.840575,,,,0,0,1,2422.531464,2422.531464,0,387.6050342,80.42804459,0,,,369.1984695,2422.531464,2325.630205,96.90125855,2422.531464,0,1,0,0,0.15875201,123.0661565,0.96,807.5104879,775.2100684,32.30041952,1,0,0,0.15875201,123.0661565,0.96,807.5104879,775.2100684,32.30041952,1,0,0,0.15875201,123.0661565,0.96,807.5104879,775.2100684,32.30041952,,,,801.9334552,2325.630205,2145.630205,180.0000006,2325.630206,0,1,0,0,0.378902387,207.2122431,0.923970433,591.8750002,546.875,45.00000019,1,0,0,0.378902387,207.2122431,0.923970433,591.8750002,546.875,45.00000019,1,0,0,0.368396484,193.7544845,0.921182625,570.9401027,525.9401026,45.00000019,1,0,0,0.368396484,193.7544845,0.921182625,570.9401026,525.9401026,45,1,,,0.101,216.7086507,2145.630205,2145.630205,0,66.51453636,0,,,276.9012591,2.84E-14,119.0675414,4,1387.840575,0,0,0,141.0046025
9,1,10,0.1016,0,0,1387.840575,,,,0,0,1,2422.531464,2422.531464,0,387.6050342,80.42804459,0,,,369.1984695,2422.531464,2325.630205,96.90125855,2422.531464,0,1,0,0,0.15875201,123.0661565,0.96,807.5104879,775.2100684,32.30041952,1,0,0,0.15875201,123.0661565,0.96,807.5104879,775.2100684,32.30041952,1,0,0,0.15875201,123.0661565,0.96,807.5104879,775.2100684,32.30041952,,,,801.9334551,2325.630205,2145.630205,180,2325.630205,-1.14E-11,1,0,0,0.378902387,207.2122431,0.923970433,591.875,546.875,45,1,0,0,0.378902387,207.2122431,0.923970433,591.875,546.875,45,1,0,0,0.368396484,193.7544845,0.921182625,570.9401026,525.9401026,45,1,0,0,0.368396484,193.7544845,0.921182625,570.9401026,525.9401026,45,1,,,0.101,216.7086507,2145.630205,2145.630205,0,66.51453636,0,,,276.9012585,0,119.0675412,4,1387.840575,0,0,0,141.0046025
10,1,11,0.1016,0,0,1387.840575,,,,0,0,1,2422.531464,2422.531464,0,387.6050342,80.42804459,0,,,369.1984695,2422.531464,2325.630205,96.90125855,2422.531464,0,1,0,0,0.15875201,123.0661565,0.96,807.5104879,775.2100684,32.30041952,1,0,0,0.15875201,123.0661565,0.96,807.5104879,775.2100684,32.30041952,1,0,0,0.15875201,123.0661565,0.96,807.5104879,775.2100684,32.30041952,,,,801.9334551,2325.630205,2145.630205,180,2325.630205,8.62E-10,1,0,0,0.378902387,207.2122431,0.923970433,591.875,546.875,45,1,0,0,0.378902387,207.2122431,0.923970433,591.875,546.875,45,1,0,0,0.368396484,193.7544845,0.921182625,570.9401026,525.9401026,45,1,0,0,0.368396484,193.7544845,0.921182625,570.9401026,525.9401026,45,1,,,0.101,216.7086507,2145.630205,2145.630205,0,66.51453636,0,,,276.9012585,1.71E-13,119.0675412,4,1387.840575,0,0,0,141.0046025
11,1,12,0.1016,0,0,1387.840575,,,,0,0,1,2422.531464,2422.531464,0,387.6050342,80.42804459,0,,,369.1984695,2422.531464,2325.630205,96.90125855,2422.531464,0,1,0,0,0.15875201,123.0661565,0.96,807.5104879,775.2100684,32.30041952,1,0,0,0.15875201,123.0661565,0.96,807.5104879,775.2100684,32.30041952,1,0,0,0.15875201,123.0661565,0.96,807.5104879,775.2100684,32.30041952,,,,801.9334551,2325.630205,2145.630205,180.0000002,2325.630205,0,1,0,0,0.378902387,207.2122431,0.923970433,591.8750002,546.875,45.00000019,1,0,0,0.378902387,207.2122431,0.923970433,591.875,546.875,45,1,0,0,0.368396484,193.7544845,0.921182625,570.9401026,525.9401026,45,1,0,0,0.368396484,193.7544845,0.921182625,570.9401026,525.9401026,45,1,,,0.101,216.7086507,2145.630205,2145.630205,0,66.51453636,0,,,276.9012587,-8.53E-14,119.0675413,4,1387.840575,0,0,0,141.0046025
12,1,13,0.1016,0,0,1387.840575,,,,0,0,1,2422.531464,2422.531464,0,387.6050342,80.42804459,0,,,369.1984695,2422.531464,2325.630205,96.90125855,2422.531464,0,1,0,0,0.15875201,123.0661565,0.96,807.5104879,775.2100684,32.30041952,1,0,0,0.15875201,123.0661565,0.96,807.5104879,775.2100684,32.30041952,1,0,0,0.15875201,123.0661565,0.96,807.5104879,775.2100684,32.30041952,,,,801.9334551,2325.630205,2145.630205,180.0000002,2325.630205,0,1,0,0,0.378902387,207.2122431,0.923970433,591.875,546.875,45,1,0,0,0.378902387,207.2122431,0.923970433,591.875,546.875,45,1,0,0,0.368396484,193.7544845,0.921182625,570.9401026,525.9401026,45,1,0,0,0.368396484,193.7544845,0.921182625,570.9401027,525.9401026,45.00000019,1,,,0.101,216.7086507,2145.630205,2145.630205,0,66.51453636,0,,,276.9012587,5.68E-14,119.0675413,4,1387.840575,0,0,0,141.0046025
13,1,14,0.1016,0,0,1387.840575,,,,0,0,1,2422.531464,2422.531464,0,387.6050342,80.42804459,0,,,369.1984695,2422.531464,2325.630205,96.90125855,2422.531464,0,1,0,0,0.15875201,123.0661565,0.96,807.5104879,775.2100684,32.30041952,1,0,0,0.15875201,123.0661565,0.96,807.5104879,775.2100684,32.30041952,1,0,0,0.15875201,123.0661565,0.96,807.5104879,775.2100684,32.30041952,,,,801.9334552,2325.630205,2145.630205,180.0000004,2325.630205,0,1,0,0,0.378902387,207.2122431,0.923970433,591.875,546.875,45,1,0,0,0.378902387,207.2122431,0.923970433,591.875,546.875,45,1,0,0,0.368396484,193.7544845,0.921182625,570.9401027,525.9401026,45.00000019,1,0,0,0.368396484,193.7544845,0.921182625,570.9401027,525.9401026,45.00000019,1,,,0.101,216.7086507,2145.630205,2145.630205,0,66.51453636,0,,,276.9012589,-2.84E-14,119.0675413,4,1387.840575,0,0,0,141.0046025
14,1,15,0.1016,0,0,1387.840575,,,,0,0,1,2422.531464,2422.531464,0,387.6050342,80.42804459,0,,,369.1984695,2422.531464,2325.630205,96.90125855,2422.531464,0,1,0,0,0.15875201,123.0661565,0.96,807.5104879,775.2100684,32.30041952,1,0,0,0.15875201,123.0661565,0.96,807.5104879,775.2100684,32.30041952,1,0,0,0.15875201,123.0661565,0.96,807.5104879,775.2100684,32.30041952,,,,801.9334552,2325.630205,2145.630205,180.0000002,2325.630205,0,1,0,0,0.378902387,207.2122431,0.923970433,591.8750002,546.875,45.00000019,1,0,0,0.378902387,207.2122431,0.923970433,591.875,546.875,45,1,0,0,0.368396484,193.7544845,0.921182625,570.9401026,525.9401026,45,1,0,0,0.368396484,193.7544845,0.921182625,570.9401026,525.9401026,45,1,,,0.101,216.7086507,2145.630205,2145.630205,0,66.51453636,0,,,276.9012587,1.71E-13,119.0675413,4,1387.840575,0,0,0,141.0046025
15,1,16,0.1016,0,0,1387.840575,,,,0,0,1,2422.531464,2422.531464,0,387.6050342,80.42804459,0,,,369.1984695,2422.531464,2325.630205,96.90125855,2422.531464,0,1,0,0,0.15875201,123.0661565,0.96,807.5104879,775.2100684,32.30041952,1,0,0,0.15875201,123.0661565,0.96,807.5104879,775.2100684,32.30041952,1,0,0,0.15875201,123.0661565,0.96,807.5104879,775.2100684,32.30041952,,,,801.9334552,2325.630205,2145.630205,180.0000002,2325.630205,0,1,0,0,0.378902387,207.2122431,0.923970433,591.875,546.875,45,1,0,0,0.378902387,207.2122431,0.923970433,591.875,546.875,45,1,0,0,0.368396484,193.7544845,0.921182625,570.9401028,525.9401026,45.00000019,1,0,0,0.368396484,193.7544845,0.921182625,570.9401026,525.9401026,45,1,,,0.101,216.7086507,2145.630205,2145.630205,0,66.51453636,0,,,276.9012587,-5.68E-14,119.0675413,4,1387.840575,0,0,0,141.0046025
16,1,17,0.1016,0,0,718.6355677,,,,0,0,1,1233.072917,1233.072917,0,197.2916667,40.93802083,0,,,193.7423316,1233.072917,1183.75,49.32291667,1233.072917,0,1,0,0,0.15875201,123.0661565,0.96,807.5104879,775.2100684,32.30041952,1,0,0,0.172996982,70.67617506,0.96,425.5624288,408.5399316,17.02249715,0,0,1,0.271,0,0.96,0,0,0,,,,414.4244861,1183.75,1093.75,90,1183.75,-4.55E-13,1,0,0,0.378902387,207.2122431,0.923970433,591.875,546.875,45,1,0,0,0.378902387,207.2122431,0.923970433,591.875,546.875,45,0,0,1,0.087248178,0,0.88,0,0,0,0,0,1,0.087248178,0,0.88,0,0,0,1,,,0.101,110.46875,1093.75,1093.75,0,33.90625,0,,,139.3229167,4.26E-14,59.90885417,2,718.6355677,0,0,0,73.01337367
17,1,18,0.15246,1,0,-4.38E-16,,,,0,0,1,0,0,0,0,0,0,,,-4.38E-16,0,0,0,0,0,0,0,1,0.271,0,0.96,0,0,0,0,0,1,0.271,0,0.96,0,0,0,0,0,0,0.271,0,0.96,0,0,0,,,,0,0,0,0,0,0,0,0,1,0.087248178,0,0.88,0,0,0,0,0,1,0.087248178,0,0.88,0,0,0,0,0,0,0.087248178,0,0.88,0,0,0,0,0,0,0.087248178,0,0.88,0,0,0,1,,,0.101,0,0,0,0,0,0,,,0,0,0,0,-4.38E-16,0,0,0,-6.68E-17
18,1,19,0.15246,1,0,-4.38E-16,,,,0,0,1,0,0,0,0,0,0,,,-4.38E-16,0,0,0,0,0,0,0,0,0.271,0,0.96,0,0,0,0,0,0,0.271,0,0.96,0,0,0,0,0,0,0.271,0,0.96,0,0,0,,,,0,0,0,0,0,0,0,0,0,0.087248178,0,0.88,0,0,0,0,0,0,0.087248178,0,0.88,0,0,0,0,0,0,0.087248178,0,0.88,0,0,0,0,0,0,0.087248178,0,0.88,0,0,0,1,,,0.101,0,0,0,0,0,0,,,0,0,0,0,-4.38E-16,0,0,0,-6.68E-17
19,1,20,0.15246,1,0,-4.38E-16,,,,0,0,1,0,0,0,0,0,0,,,-4.38E-16,0,0,0,0,0,0,0,0,0.271,0,0.96,0,0,0,0,0,0,0.271,0,0.96,0,0,0,0,0,0,0.271,0,0.96,0,0,0,,,,0,0,0,0,0,0,0,0,0,0.087248178,0,0.88,0,0,0,0,0,0,0.087248178,0,0.88,0,0,0,0,0,0,0.087248178,0,0.88,0,0,0,0,0,0,0.087248178,0,0.88,0,0,0,1,,,0.101,0,0,0,0,0,0,,,0,0,0,0,-4.38E-16,0,0,0,-6.68E-17
20,1,21,0.15246,1,0,-4.38E-16,,,,0,0,1,0,0,0,0,0,0,,,-4.38E-16,0,0,0,0,0,0,0,0,0.271,0,0.96,0,0,0,0,0,0,0.271,0,0.96,0,0,0,0,0,0,0.271,0,0.96,0,0,0,,,,0,0,0,0,0,0,0,0,0,0.087248178,0,0.88,0,0,0,0,0,0,0.087248178,0,0.88,0,0,0,0,0,0,0.087248178,0,0.88,0,0,0,0,0,0,0.087248178,0,0.88,0,0,0,1,,,0.101,0,0,0,0,0,0,,,0,0,0,0,-4.38E-16,0,0,0,-6.68E-17
21,1,22,0.15246,1,0,-4.38E-16,,,,0,0,1,0,0,0,0,0,0,,,-4.38E-16,0,0,0,0,0,0,0,0,0.271,0,0.96,0,0,0,0,0,0,0.271,0,0.96,0,0,0,0,0,0,0.271,0,0.96,0,0,0,,,,0,0,0,0,0,0,0,0,0,0.087248178,0,0.88,0,0,0,0,0,0,0.087248178,0,0.88,0,0,0,0,0,0,0.087248178,0,0.88,0,0,0,0,0,0,0.087248178,0,0.88,0,0,0,1,,,0.101,0,0,0,0,0,0,,,0,0,0,0,-4.38E-16,0,0,0,-6.68E-17
22,1,23,0.1016,0,0,569.837118,,,,0,0,1,1083.333333,1083.333333,0,173.3333333,35.96666667,0,,,168.4931944,1083.333333,1040,43.33333333,1083.333333,0,1,1,0,0.156859375,94.115625,0.96,625,600,25,1,1,0,0.169039931,74.37756944,0.96,458.3333333,440,18.33333333,0,0,0,0.271,0,0.96,0,0,0,,,,308.9087236,1040,915.2,124.8,1040,0,1,1,0,0.337531385,154.4543618,0.88,520,457.6,62.4,1,1,0,0.337531385,154.4543618,0.88,520,457.6,62.4,0,0,0,0.087248178,0,0.88,0,0,0,0,0,0,0.087248178,0,0.88,0,0,0,0,,,0.101,92.4352,915.2,0,915.2,28.3712,1,,,1083.333333,0,465.8333333,2,569.837118,0,0,0,57.89545119
23,1,24,0.1016,0,0,1088.159815,,,,0,0,1,1875,1875,0,300,62.25,0,,,282.346875,1875,1800,75,1875,0,1,0,0,0.156859375,94.115625,0.96,625,600,25,1,0,0,0.156859375,94.115625,0.96,625,600,25,1,1,0,0.156859375,94.115625,0.96,625,600,25,,,,637.6479399,1800,1665,135.0000002,1800,0,1,0,0,0.382971736,212.5493133,0.925,600.0000002,555,45.00000019,1,0,0,0.382971736,212.5493133,0.925,600,555,45,1,1,0,0.382971736,212.5493133,0.925,600,555,45,0,0,0,0.087248178,0,0.88,0,0,0,1,,,0.101,168.165,1665,1665,0,51.615,0,,,210.0000002,5.68E-14,90.30000008,3,1088.159815,0,0,0,110.5570372
24,1,25,0.1016,0,0,1088.159815,,,,0,0,1,1875,1875,0,300,62.25,0,,,282.346875,1875,1800,75,1875,0,1,0,0,0.156859375,94.115625,0.96,625,600,25,1,0,0,0.156859375,94.115625,0.96,625,600,25,1,0,0,0.156859375,94.115625,0.96,625,600,25,,,,637.6479399,1800,1665,135.0000002,1800,0,1,0,0,0.382971736,212.5493133,0.925,600,555,45,1,0,0,0.382971736,212.5493133,0.925,600.0000002,555,45.00000019,1,0,0,0.382971736,212.5493133,0.925,600,555,45,0,0,0,0.087248178,0,0.88,0,0,0,1,,,0.101,168.165,1665,1665,0,51.615,0,,,210.0000002,5.68E-14,90.30000008,3,1088.159815,0,0,0,110.5570372
25,1,26,0.1016,0,0,1088.159815,,,,0,0,1,1875,1875,0,300,62.25,0,,,282.346875,1875,1800,75,1875,0,1,0,0,0.156859375,94.115625,0.96,625,600,25,1,0,0,0.156859375,94.115625,0.96,625,600,25,1,0,0,0.156859375,94.115625,0.96,625,600,25,,,,637.6479399,1800,1665,135.0000002,1800,0,1,0,0,0.382971736,212.5493133,0.925,600.0000002,555,45.00000019,1,0,0,0.382971736,212.5493133,0.925,600,555,45,1,0,0,0.382971736,212.5493133,0.925,600,555,45,0,0,0,0.087248178,0,0.88,0,0,0,1,,,0.101,168.165,1665,1665,0,51.615,0,,,210.0000002,5.68E-14,90.30000008,3,1088.159815,0,0,0,110.5570372
26,1,27,0.1016,0,0,1088.159815,,,,0,0,1,1875,1875,0,300,62.25,0,,,282.346875,1875,1800,75,1875,0,1,0,0,0.156859375,94.115625,0.96,625,600,25,1,0,0,0.156859375,94.115625,0.96,625,600,25,1,0,0,0.156859375,94.115625,0.96,625,600,25,,,,637.6479399,1800,1665,135.0000002,1800,0,1,0,0,0.382971736,212.5493133,0.925,600.0000002,555,45.00000019,1,0,0,0.382971736,212.5493133,0.925,600,555,45,1,0,0,0.382971736,212.5493133,0.925,600,555,45,0,0,0,0.087248178,0,0.88,0,0,0,1,,,0.101,168.165,1665,1665,0,51.615,0,,,210.0000002,5.68E-14,90.30000008,3,1088.159815,0,0,0,110.5570372
27,1,28,0.1016,0,0,1088.159815,,,,0,0,1,1875,1875,0,300,62.25,0,,,282.346875,1875,1800,75,1875,0,1,0,0,0.156859375,94.115625,0.96,625,600,25,1,0,0,0.156859375,94.115625,0.96,625,600,25,1,0,0,0.156859375,94.115625,0.96,625,600,25,,,,637.6479399,1800,1665,135.0000002,1800,0,1,0,0,0.382971736,212.5493133,0.925,600,555,45,1,0,0,0.382971736,212.5493133,0.925,600.0000002,555,45.00000019,1,0,0,0.382971736,212.5493133,0.925,600,555,45,0,0,0,0.087248178,0,0.88,0,0,0,1,,,0.101,168.165,1665,1665,0,51.615,0,,,210.0000002,5.68E-14,90.30000008,3,1088.159815,0,0,0,110.5570372
28,1,29,0.1016,0,0,1088.159815,,,,0,0,1,1875,1875,0,300,62.25,0,,,282.346875,1875,1800,75,1875,0,1,0,0,0.156859375,94.115625,0.96,625,600,25,1,0,0,0.156859375,94.115625,0.96,625,600,25,1,0,0,0.156859375,94.115625,0.96,625,600,25,,,,637.6479399,1800,1665,135,1800,0,1,0,0,0.382971736,212.5493133,0.925,600,555,45,1,0,0,0.382971736,212.5493133,0.925,600,555,45,1,0,0,0.382971736,212.5493133,0.925,600,555,45,0,0,0,0.087248178,0,0.88,0,0,0,1,,,0.101,168.165,1665,1665,0,51.615,0,,,210,5.68E-14,90.3,3,1088.159815,0,0,0,110.5570372
29,1,30,0.1016,0,0,1088.159815,,,,0,0,1,1875,1875,0,300,62.25,0,,,282.346875,1875,1800,75,1875,0,1,0,0,0.156859375,94.115625,0.96,625,600,25,1,0,0,0.156859375,94.115625,0.96,625,600,25,1,0,0,0.156859375,94.115625,0.96,625,600,25,,,,637.6479399,1800,1665,135.0000004,1800,0,1,0,0,0.382971736,212.5493133,0.925,600.0000002,555,45.00000019,1,0,0,0.382971736,212.5493133,0.925,600.0000002,555,45.00000019,1,0,0,0.382971736,212.5493133,0.925,600,555,45,0,0,0,0.087248178,0,0.88,0,0,0,1,,,0.101,168.165,1665,1665,0,51.615,0,,,210.0000004,5.68E-14,90.30000016,3,1088.159815,0,0,0,110.5570372
30,1,31,0.1016,0,0,1088.159815,,,,0,0,1,1875,1875,0,300,62.25,0,,,282.346875,1875,1800,75,1875,0,1,0,0,0.156859375,94.115625,0.96,625,600,25,1,0,0,0.156859375,94.115625,0.96,625,600,25,1,0,0,0.156859375,94.115625,0.96,625,600,25,,,,637.64794,1800,1665,135.0000006,1800.000001,0,1,0,0,0.382971736,212.5493133,0.925,600.0000002,555,45.00000019,1,0,0,0.382971736,212.5493133,0.925,600.0000002,555,45.00000019,1,0,0,0.382971736,212.5493133,0.925,600.0000002,555,45.00000019,0,0,0,0.087248178,0,0.88,0,0,0,1,,,0.101,168.165,1665,1665,0,51.615,0,,,210.0000006,-5.68E-14,90.30000024,3,1088.159815,0,0,0,110.5570372
31,1,32,0.1016,0,0,1088.159815,,,,0,0,1,1875,1875,0,300,62.25,0,,,282.346875,1875,1800,75,1875,0,1,0,0,0.156859375,94.115625,0.96,625,600,25,1,0,0,0.156859375,94.115625,0.96,625,600,25,1,0,0,0.156859375,94.115625,0.96,625,600,25,,,,637.6479399,1800,1665,135.0000002,1800,0,1,0,0,0.382971736,212.5493133,0.925,600.0000002,555,45.00000019,1,0,0,0.382971736,212.5493133,0.925,600,555,45,1,0,0,0.382971736,212.5493133,0.925,600,555,45,0,0,0,0.087248178,0,0.88,0,0,0,1,,,0.101,168.165,1665,1665,0,51.615,0,,,210.0000002,5.68E-14,90.30000008,3,1088.159815,0,0,0,110.5570372
32,1,33,0.1016,0,0,1088.159815,,,,0,0,1,1875,1875,0,300,62.25,0,,,282.346875,1875,1800,75,1875,0,1,0,0,0.156859375,94.115625,0.96,625,600,25,1,0,0,0.156859375,94.115625,0.96,625,600,25,1,0,0,0.156859375,94.115625,0.96,625,600,25,,,,637.6479399,1800,1665,135.0000004,1800,0,1,0,0,0.382971736,212.5493133,0.925,600.0000002,555,45.00000019,1,0,0,0.382971736,212.5493133,0.925,600,555,45,1,0,0,0.382971736,212.5493133,0.925,600.0000002,555,45.00000019,0,0,0,0.087248178,0,0.88,0,0,0,1,,,0.101,168.165,1665,1665,0,51.615,0,,,210.0000004,5.68E-14,90.30000016,3,1088.159815,0,0,0,110.5570372
33,1,34,0.1016,0,0,1088.159815,,,,0,0,1,1875,1875,0,300,62.25,0,,,282.346875,1875,1800,75,1875,0,1,0,0,0.156859375,94.115625,0.96,625,600,25,1,0,0,0.156859375,94.115625,0.96,625,600,25,1,0,0,0.156859375,94.115625,0.96,625,600,25,,,,637.6479399,1800,1665,135.0000004,1800,0,1,0,0,0.382971736,212.5493133,0.925,600,555,45,1,0,0,0.382971736,212.5493133,0.925,600.0000002,555,45.00000019,1,0,0,0.382971736,212.5493133,0.925,600.0000002,555,45.00000019,0,0,0,0.087248178,0,0.88,0,0,0,1,,,0.101,168.165,1665,1665,0,51.615,0,,,210.0000004,5.68E-14,90.30000016,3,1088.159815,0,0,0,110.5570372
34,1,35,0.1016,0,0,1088.159815,,,,0,0,1,1875,1875,0,300,62.25,0,,,282.346875,1875,1800,75,1875,0,1,0,0,0.156859375,94.115625,0.96,625,600,25,1,0,0,0.156859375,94.115625,0.96,625,600,25,1,0,0,0.156859375,94.115625,0.96,625,600,25,,,,637.6479399,1800,1665,135,1800,0,1,0,0,0.382971736,212.5493133,0.925,600,555,45,1,0,0,0.382971736,212.5493133,0.925,600,555,45,1,0,0,0.382971736,212.5493133,0.925,600,555,45,0,0,0,0.087248178,0,0.88,0,0,0,1,,,0.101,168.165,1665,1665,0,51.615,0,,,210,5.68E-14,90.3,3,1088.159815,0,0,0,110.5570372
35,1,36,0.1016,0,0,1088.159815,,,,0,0,1,1875,1875,0,300,62.25,0,,,282.346875,1875,1800,75,1875,0,1,0,0,0.156859375,94.115625,0.96,625,600,25,1,0,0,0.156859375,94.115625,0.96,625,600,25,1,0,0,0.156859375,94.115625,0.96,625,600,25,,,,637.6479399,1800,1665,135,1800,0,1,0,0,0.382971736,212.5493133,0.925,600,555,45,1,0,0,0.382971736,212.5493133,0.925,600,555,45,1,0,0,0.382971736,212.5493133,0.925,600,555,45,0,0,0,0.087248178,0,0.88,0,0,0,1,,,0.101,168.165,1665,1665,0,51.615,0,,,210,5.68E-14,90.3,3,1088.159815,0,0,0,110.5570372
36,1,37,0.1016,0,0,1088.159815,,,,0,0,1,1875,1875,0,300,62.25,0,,,282.346875,1875,1800,75,1875,0,1,0,0,0.156859375,94.115625,0.96,625,600,25,1,0,0,0.156859375,94.115625,0.96,625,600,25,1,0,0,0.156859375,94.115625,0.96,625,600,25,,,,637.6479399,1800,1665,135,1800,0,1,0,0,0.382971736,212.5493133,0.925,600,555,45,1,0,0,0.382971736,212.5493133,0.925,600,555,45,1,0,0,0.382971736,212.5493133,0.925,600,555,45,0,0,0,0.087248178,0,0.88,0,0,0,1,,,0.101,168.165,1665,1665,0,51.615,0,,,210,5.68E-14,90.3,3,1088.159815,0,0,0,110.5570372
37,1,38,0.1016,0,0,1088.159815,,,,0,0,1,1875,1875,0,300,62.25,0,,,282.346875,1875,1800,75,1875,0,1,0,0,0.156859375,94.115625,0.96,625,600,25,1,0,0,0.156859375,94.115625,0.96,625,600,25,1,0,0,0.156859375,94.115625,0.96,625,600,25,,,,637.6479399,1800,1665,135.0000002,1800,0,1,0,0,0.382971736,212.5493133,0.925,600.0000002,555,45.00000019,1,0,0,0.382971736,212.5493133,0.925,600,555,45,1,0,0,0.382971736,212.5493133,0.925,600,555,45,0,0,0,0.087248178,0,0.88,0,0,0,1,,,0.101,168.165,1665,1665,0,51.615,0,,,210.0000002,5.68E-14,90.30000008,3,1088.159815,0,0,0,110.5570372
38,1,39,0.1016,0,0,1088.159815,,,,0,0,1,1875,1875,0,300,62.25,0,,,282.346875,1875,1800,75,1875,0,1,0,0,0.156859375,94.115625,0.96,625,600,25,1,0,0,0.156859375,94.115625,0.96,625,600,25,1,0,0,0.156859375,94.115625,0.96,625,600,25,,,,637.6479399,1800,1665,135.0000004,1800,0,1,0,0,0.382971736,212.5493133,0.925,600,555,45,1,0,0,0.382971736,212.5493133,0.925,600.0000002,555,45.00000019,1,0,0,0.382971736,212.5493133,0.925,600.0000002,555,45.00000019,0,0,0,0.087248178,0,0.88,0,0,0,1,,,0.101,168.165,1665,1665,0,51.615,0,,,210.0000004,-5.68E-14,90.30000016,3,1088.159815,0,0,0,110.5570372
39,1,40,0.1016,0,0,1088.159815,,,,0,0,1,1875,1875,0,300,62.25,0,,,282.346875,1875,1800,75,1875,0,1,0,0,0.156859375,94.115625,0.96,625,600,25,1,0,0,0.156859375,94.115625,0.96,625,600,25,1,0,0,0.156859375,94.115625,0.96,625,600,25,,,,637.6479399,1800,1665,135.0000004,1800,0,1,0,0,0.382971736,212.5493133,0.925,600.0000002,555,45.00000019,1,0,0,0.382971736,212.5493133,0.925,600.0000002,555,45.00000019,1,0,0,0.382971736,212.5493133,0.925,600,555,45,0,0,0,0.087248178,0,0.88,0,0,0,1,,,0.101,168.165,1665,1665,0,51.615,0,,,210.0000004,5.68E-14,90.30000016,3,1088.159815,0,0,0,110.5570372
40,1,41,0.1016,0,0,725.4398766,,,,0,0,1,1250,1250,0,200,41.5,0,,,188.23125,1250,1200,50,1250,0,1,0,0,0.156859375,94.115625,0.96,625,600,25,1,0,0,0.156859375,94.115625,0.96,625,600,25,0,0,1,0.271,0,0.96,0,0,0,,,,425.0986266,1200,1110,90.00000038,1200,0,1,0,0,0.382971736,212.5493133,0.925,600.0000002,555,45.00000019,1,0,0,0.382971736,212.5493133,0.925,600.0000002,555,45.00000019,0,0,1,0.087248178,0,0.88,0,0,0,0,0,0,0.087248178,0,0.88,0,0,0,1,,,0.101,112.11,1110,1110,0,34.41,0,,,140.0000004,0,60.20000016,2,725.4398766,0,0,0,73.70469147
41,1,42,0.15246,1,0,-4.38E-16,,,,0,0,1,0,0,0,0,0,0,,,-4.38E-16,0,0,0,0,0,0,0,1,0.271,0,0.96,0,0,0,0,0,1,0.271,0,0.96,0,0,0,0,0,0,0.271,0,0.96,0,0,0,,,,0,0,0,0,0,0,0,0,1,0.087248178,0,0.88,0,0,0,0,0,1,0.087248178,0,0.88,0,0,0,0,0,0,0.087248178,0,0.88,0,0,0,0,0,0,0.087248178,0,0.88,0,0,0,1,,,0.101,0,0,0,0,0,0,,,0,0,0,0,-4.38E-16,0,2204,0,-6.68E-17
42,1,43,0.15246,1,0,-4.38E-16,,,,0,0,1,0,0,0,0,0,0,,,-4.38E-16,0,0,0,0,0,0,0,0,0.271,0,0.96,0,0,0,0,0,0,0.271,0,0.96,0,0,0,0,0,0,0.271,0,0.96,0,0,0,,,,0,0,0,0,0,0,0,0,0,0.087248178,0,0.88,0,0,0,0,0,0,0.087248178,0,0.88,0,0,0,0,0,0,0.087248178,0,0.88,0,0,0,0,0,0,0.087248178,0,0.88,0,0,0,1,,,0.101,0,0,0,0,0,0,,,0,0,0,0,-4.38E-16,0,2204,0,-6.68E-17
43,1,44,0.15246,1,0,-4.38E-16,,,,0,0,1,0,0,0,0,0,0,,,-4.38E-16,0,0,0,0,0,0,0,0,0.271,0,0.96,0,0,0,0,0,0,0.271,0,0.96,0,0,0,0,0,0,0.271,0,0.96,0,0,0,,,,0,0,0,0,0,0,0,0,0,0.087248178,0,0.88,0,0,0,0,0,0,0.087248178,0,0.88,0,0,0,0,0,0,0.087248178,0,0.88,0,0,0,0,0,0,0.087248178,0,0.88,0,0,0,1,,,0.101,0,0,0,0,0,0,,,0,0,0,0,-4.38E-16,0,2204,0,-6.68E-17
44,1,45,0.15246,1,0,-4.38E-16,,,,0,0,1,0,0,0,0,0,0,,,-4.38E-16,0,0,0,0,0,0,0,0,0.271,0,0.96,0,0,0,0,0,0,0.271,0,0.96,0,0,0,0,0,0,0.271,0,0.96,0,0,0,,,,0,0,0,0,0,0,0,0,0,0.087248178,0,0.88,0,0,0,0,0,0,0.087248178,0,0.88,0,0,0,0,0,0,0.087248178,0,0.88,0,0,0,0,0,0,0.087248178,0,0.88,0,0,0,1,,,0.101,0,0,0,0,0,0,,,0,0,0,0,-4.38E-16,0,2204,0,-6.68E-17
45,1,46,0.15246,1,0,-4.38E-16,,,,0,0,1,0,0,0,0,0,0,,,-4.38E-16,0,0,0,0,0,0,0,0,0.271,0,0.96,0,0,0,0,0,0,0.271,0,0.96,0,0,0,0,0,0,0.271,0,0.96,0,0,0,,,,0,0,0,0,0,0,0,0,0,0.087248178,0,0.88,0,0,0,0,0,0,0.087248178,0,0.88,0,0,0,0,0,0,0.087248178,0,0.88,0,0,0,0,0,0,0.087248178,0,0.88,0,0,0,1,,,0.101,0,0,0,0,0,0,,,0,0,0,0,-4.38E-16,0,2204,0,-6.68E-17
46,1,47,0.1016,0,0,569.0854513,,,,0,0,1,1083.333333,1083.333333,0,173.3333333,35.96666667,0,,,167.7415278,1083.333333,1040,43.33333333,1083.333333,0,1,1,0,0.161289931,83.87076389,0.96,541.6666667,520,21.66666667,1,1,0,0.161289931,83.87076389,0.96,541.6666667,520,21.66666667,0,0,0,0.271,0,0.96,0,0,0,,,,308.9087236,1040,915.2,124.8,1040,0,1,1,0,0.337531385,154.4543618,0.88,520,457.6,62.4,1,1,0,0.337531385,154.4543618,0.88,520,457.6,62.4,0,0,0,0.087248178,0,0.88,0,0,0,0,0,0,0.087248178,0,0.88,0,0,0,0,,,0.101,92.4352,915.2,0,915.2,28.3712,1,,,1083.333333,0,465.8333333,2,569.0854513,0,0,0,57.81908186
47,1,48,0.1016,0,0,1388.048883,,,,0,0,1,2422.137457,2422.137457,0,387.5419931,80.41496356,0,,,369.6983831,2422.137457,2325.251958,96.88549827,2422.137457,0,1,0,0,0.161275892,131.1772878,0.96,847.2624567,813.3719584,33.89049827,1,0,0,0.157764568,119.2605476,0.96,787.4375,755.94,31.4975,1,1,0,0.157764568,119.2605476,0.96,787.4375,755.94,31.4975,,,,801.680052,2325.251958,2145.251958,180.0000004,2325.251959,0,1,0,0,0.37872616,206.9826838,0.923925232,591.5233348,546.5233346,45.00000019,1,0,0,0.37872616,206.9826837,0.923925233,591.5233346,546.5233346,45,1,1,0,0.368478175,193.8573422,0.921205058,571.1026446,526.1026446,45,1,1,0,0.368478175,193.8573423,0.921205057,571.1026448,526.1026446,45.00000019,1,,,0.101,216.6704478,2145.251958,2145.251958,0,66.50281071,0,,,276.8854986,-2.84E-14,119.0607644,4,1388.048883,0,0,0,141.0257665
48,1,49,0.1016,0,0,1388.048883,,,,0,0,1,2422.137457,2422.137457,0,387.5419931,80.41496356,0,,,369.6983831,2422.137457,2325.251958,96.88549827,2422.137457,0,1,0,0,0.161275892,131.1772878,0.96,847.2624567,813.3719584,33.89049827,1,0,0,0.157764568,119.2605476,0.96,787.4375,755.94,31.4975,1,0,0,0.157764568,119.2605476,0.96,787.4375,755.94,31.4975,,,,801.680052,2325.251958,2145.251958,180.0000006,2325.251959,0,1,0,0,0.37872616,206.9826837,0.923925233,591.5233346,546.5233346,45,1,0,0,0.37872616,206.9826838,0.923925232,591.5233348,546.5233346,45.00000019,1,0,0,0.368478175,193.8573423,0.921205057,571.1026448,526.1026446,45.00000019,1,0,0,0.368478175,193.8573423,0.921205057,571.1026448,526.1026446,45.00000019,1,,,0.101,216.6704478,2145.251958,2145.251958,0,66.50281071,0,,,276.8854988,0,119.0607645,4,1388.048883,0,0,0,141.0257665
49,1,50,0.1016,0,0,1388.048883,,,,0,0,1,2422.137457,2422.137457,0,387.5419931,80.41496356,0,,,369.6983831,2422.137457,2325.251958,96.88549827,2422.137457,0,1,0,0,0.161275892,131.1772878,0.96,847.2624567,813.3719584,33.89049827,1,0,0,0.157764568,119.2605476,0.96,787.4375,755.94,31.4975,1,0,0,0.157764568,119.2605476,0.96,787.4375,755.94,31.4975,,,,801.680052,2325.251958,2145.251958,180.0000006,2325.251959,0,1,0,0,0.37872616,206.9826837,0.923925233,591.5233346,546.5233346,45,1,0,0,0.37872616,206.9826838,0.923925232,591.5233348,546.5233346,45.00000019,1,0,0,0.368478175,193.8573423,0.921205057,571.1026448,526.1026446,45.00000019,1,0,0,0.368478175,193.8573423,0.921205057,571.1026448,526.1026446,45.00000019,1,,,0.101,216.6704478,2145.251958,2145.251958,0,66.50281071,0,,,276.8854988,1.42E-13,119.0607645,4,1388.048883,0,0,0,141.0257665
50,1,51,0.1016,0,0,1388.048883,,,,0,0,1,2422.137457,2422.137457,0,387.5419931,80.41496356,0,,,369.6983831,2422.137457,2325.251958,96.88549827,2422.137457,0,1,0,0,0.161275892,131.1772878,0.96,847.2624567,813.3719584,33.89049827,1,0,0,0.157764568,119.2605476,0.96,787.4375,755.94,31.4975,1,0,0,0.157764568,119.2605476,0.96,787.4375,755.94,31.4975,,,,801.680052,2325.251958,2145.251958,180.0000002,2325.251959,0,1,0,0,0.37872616,206.9826837,0.923925233,591.5233346,546.5233346,45,1,0,0,0.37872616,206.9826837,0.923925233,591.5233346,546.5233346,45,1,0,0,0.368478175,193.8573423,0.921205057,571.1026448,526.1026446,45.00000019,1,0,0,0.368478175,193.8573422,0.921205058,571.1026446,526.1026446,45,1,,,0.101,216.6704478,2145.251958,2145.251958,0,66.50281071,0,,,276.8854985,0,119.0607643,4,1388.048883,0,0,0,141.0257665
51,1,52,0.1016,0,0,1388.048883,,,,0,0,1,2422.137457,2422.137457,0,387.5419931,80.41496356,0,,,369.6983831,2422.137457,2325.251958,96.88549827,2422.137457,0,1,0,0,0.161275892,131.1772878,0.96,847.2624567,813.3719584,33.89049827,1,0,0,0.157764568,119.2605476,0.96,787.4375,755.94,31.4975,1,0,0,0.157764568,119.2605476,0.96,787.4375,755.94,31.4975,,,,801.680052,2325.251958,2145.251958,180.0000004,2325.251959,0,1,0,0,0.37872616,206.9826838,0.923925232,591.5233348,546.5233346,45.00000019,1,0,0,0.37872616,206.9826838,0.923925232,591.5233348,546.5233346,45.00000019,1,0,0,0.368478175,193.8573422,0.921205058,571.1026446,526.1026446,45,1,0,0,0.368478175,193.8573422,0.921205058,571.1026446,526.1026446,45,1,,,0.101,216.6704478,2145.251958,2145.251958,0,66.50281071,0,,,276.8854986,-1.71E-13,119.0607644,4,1388.048883,0,0,0,141.0257665
52,1,53,0.1016,0,0,1388.048883,,,,0,0,1,2422.137457,2422.137457,0,387.5419931,80.41496356,0,,,369.6983831,2422.137457,2325.251958,96.88549827,2422.137457,0,1,0,0,0.161275892,131.1772878,0.96,847.2624567,813.3719584,33.89049827,1,0,0,0.157764568,119.2605476,0.96,787.4375,755.94,31.4975,1,0,0,0.157764568,119.2605476,0.96,787.4375,755.94,31.4975,,,,801.680052,2325.251958,2145.251958,180.0000002,2325.251959,0,1,0,0,0.37872616,206.9826837,0.923925233,591.5233346,546.5233346,45,1,0,0,0.37872616,206.9826838,0.923925232,591.5233348,546.5233346,45.00000019,1,0,0,0.368478175,193.8573422,0.921205058,571.1026446,526.1026446,45,1,0,0,0.368478175,193.8573422,0.921205058,571.1026446,526.1026446,45,1,,,0.101,216.6704478,2145.251958,2145.251958,0,66.50281071,0,,,276.8854985,1.42E-13,119.0607643,4,1388.048883,0,0,0,141.0257665
53,1,54,0.1016,0,0,1388.048883,,,,0,0,1,2422.137457,2422.137457,0,387.5419931,80.41496356,0,,,369.6983831,2422.137457,2325.251958,96.88549827,2422.137457,0,1,0,0,0.161275892,131.1772878,0.96,847.2624567,813.3719584,33.89049827,1,0,0,0.157764568,119.2605476,0.96,787.4375,755.94,31.4975,1,0,0,0.157764568,119.2605476,0.96,787.4375,755.94,31.4975,,,,801.680052,2325.251958,2145.251958,180,2325.251958,-2.18E-11,1,0,0,0.37872616,206.9826837,0.923925233,591.5233346,546.5233346,45,1,0,0,0.37872616,206.9826837,0.923925233,591.5233346,546.5233346,45,1,0,0,0.368478175,193.8573422,0.921205058,571.1026446,526.1026446,45,1,0,0,0.368478175,193.8573422,0.921205058,571.1026446,526.1026446,45,1,,,0.101,216.6704478,2145.251958,2145.251958,0,66.50281071,0,,,276.8854983,-1.14E-13,119.0607643,4,1388.048883,0,0,0,141.0257665
54,1,55,0.1016,0,0,1388.048883,,,,0,0,1,2422.137457,2422.137457,0,387.5419931,80.41496356,0,,,369.6983831,2422.137457,2325.251958,96.88549827,2422.137457,0,1,0,0,0.161275892,131.1772878,0.96,847.2624567,813.3719584,33.89049827,1,0,0,0.157764568,119.2605476,0.96,787.4375,755.94,31.4975,1,0,0,0.157764568,119.2605476,0.96,787.4375,755.94,31.4975,,,,801.680052,2325.251958,2145.251958,180.0000004,2325.251959,0,1,0,0,0.37872616,206.9826838,0.923925232,591.5233348,546.5233346,45.00000019,1,0,0,0.37872616,206.9826837,0.923925233,591.5233346,546.5233346,45,1,0,0,0.368478175,193.8573422,0.921205058,571.1026446,526.1026446,45,1,0,0,0.368478175,193.8573423,0.921205057,571.1026448,526.1026446,45.00000019,1,,,0.101,216.6704478,2145.251958,2145.251958,0,66.50281071,0,,,276.8854986,8.53E-14,119.0607644,4,1388.048883,0,0,0,141.0257665
55,1,56,0.1016,0,0,1388.048883,,,,0,0,1,2422.137457,2422.137457,0,387.5419931,80.41496356,0,,,369.6983831,2422.137457,2325.251958,96.88549827,2422.137457,0,1,0,0,0.161275892,131.1772878,0.96,847.2624567,813.3719584,33.89049827,1,0,0,0.157764568,119.2605476,0.96,787.4375,755.94,31.4975,1,0,0,0.157764568,119.2605476,0.96,787.4375,755.94,31.4975,,,,801.680052,2325.251958,2145.251958,180.0000002,2325.251959,0,1,0,0,0.37872616,206.9826837,0.923925233,591.5233346,546.5233346,45,1,0,0,0.37872616,206.9826837,0.923925233,591.5233346,546.5233346,45,1,0,0,0.368478175,193.8573422,0.921205058,571.1026446,526.1026446,45,1,0,0,0.368478175,193.8573423,0.921205057,571.1026448,526.1026446,45.00000019,1,,,0.101,216.6704478,2145.251958,2145.251958,0,66.50281071,0,,,276.8854985,5.68E-14,119.0607643,4,1388.048883,0,0,0,141.0257665
56,1,57,0.1016,0,0,1388.048883,,,,0,0,1,2422.137457,2422.137457,0,387.5419931,80.41496356,0,,,369.6983831,2422.137457,2325.251958,96.88549827,2422.137457,0,1,0,0,0.161275892,131.1772878,0.96,847.2624567,813.3719584,33.89049827,1,0,0,0.157764568,119.2605476,0.96,787.4375,755.94,31.4975,1,0,0,0.157764568,119.2605476,0.96,787.4375,755.94,31.4975,,,,801.680052,2325.251958,2145.251958,180.0000004,2325.251959,0,1,0,0,0.37872616,206.9826837,0.923925233,591.5233346,546.5233346,45,1,0,0,0.37872616,206.9826838,0.923925232,591.5233348,546.5233346,45.00000019,1,0,0,0.368478175,193.8573423,0.921205057,571.1026448,526.1026446,45.00000019,1,0,0,0.368478175,193.8573422,0.921205058,571.1026446,526.1026446,45,1,,,0.101,216.6704478,2145.251958,2145.251958,0,66.50281071,0,,,276.8854986,-1.42E-13,119.0607644,4,1388.048883,0,0,0,141.0257665
57,1,58,0.1016,0,0,1388.048883,,,,0,0,1,2422.137457,2422.137457,0,387.5419931,80.41496356,0,,,369.6983831,2422.137457,2325.251958,96.88549827,2422.137457,0,1,0,0,0.161275892,131.1772878,0.96,847.2624567,813.3719584,33.89049827,1,0,0,0.157764568,119.2605476,0.96,787.4375,755.94,31.4975,1,0,0,0.157764568,119.2605476,0.96,787.4375,755.94,31.4975,,,,801.680052,2325.251958,2145.251958,180.0000004,2325.251959,0,1,0,0,0.37872616,206.9826837,0.923925233,591.5233346,546.5233346,45,1,0,0,0.37872616,206.9826837,0.923925233,591.5233346,546.5233346,45,1,0,0,0.368478175,193.8573423,0.921205057,571.1026448,526.1026446,45.00000019,1,0,0,0.368478175,193.8573423,0.921205057,571.1026448,526.1026446,45.00000019,1,,,0.101,216.6704478,2145.251958,2145.251958,0,66.50281071,0,,,276.8854986,-8.53E-14,119.0607644,4,1388.048883,0,0,0,141.0257665
58,1,59,0.1016,0,0,1388.048883,,,,0,0,1,2422.137457,2422.137457,0,387.5419931,80.41496356,0,,,369.6983831,2422.137457,2325.251958,96.88549827,2422.137457,0,1,0,0,0.161275892,131.1772878,0.96,847.2624567,813.3719584,33.89049827,1,0,0,0.157764568,119.2605476,0.96,787.4375,755.94,31.4975,1,0,0,0.157764568,119.2605476,0.96,787.4375,755.94,31.4975,,,,801.680052,2325.251958,2145.251958,180.0000002,2325.251959,0,1,0,0,0.37872616,206.9826837,0.923925233,591.5233346,546.5233346,45,1,0,0,0.37872616,206.9826837,0.923925233,591.5233346,546.5233346,45,1,0,0,0.368478175,193.8573422,0.921205058,571.1026446,526.1026446,45,1,0,0,0.368478175,193.8573423,0.921205057,571.1026448,526.1026446,45.00000019,1,,,0.101,216.6704478,2145.251958,2145.251958,0,66.50281071,0,,,276.8854985,5.68E-14,119.0607643,4,1388.048883,0,0,0,141.0257665
59,1,60,0.1016,0,0,1388.048883,,,,0,0,1,2422.137457,2422.137457,0,387.5419931,80.41496356,0,,,369.6983831,2422.137457,2325.251958,96.88549827,2422.137457,0,1,0,0,0.161275892,131.1772878,0.96,847.2624567,813.3719584,33.89049827,1,0,0,0.157764568,119.2605476,0.96,787.4375,755.94,31.4975,1,0,0,0.157764568,119.2605476,0.96,787.4375,755.94,31.4975,,,,801.680052,2325.251958,2145.251958,180.0000003,2325.251959,0,1,0,0,0.37872616,206.9826838,0.923925233,591.5233347,546.5233346,45.00000016,1,0,0,0.37872616,206.9826837,0.923925233,591.5233346,546.5233346,45,1,0,0,0.368478175,193.8573423,0.921205057,571.1026448,526.1026446,45.00000016,1,0,0,0.368478175,193.8573422,0.921205058,571.1026446,526.1026446,45.00000003,1,,,0.101,216.6704478,2145.251958,2145.251958,0,66.50281071,0,,,276.8854986,-2.84E-14,119.0607644,4,1388.048883,0,0,0,141.0257665
60,1,61,0.1016,0,0,1388.048883,,,,0,0,1,2422.137457,2422.137457,0,387.5419931,80.41496356,0,,,369.6983831,2422.137457,2325.251958,96.88549827,2422.137457,0,1,0,0,0.161275892,131.1772878,0.96,847.2624567,813.3719584,33.89049827,1,0,0,0.157764568,119.2605476,0.96,787.4375,755.94,31.4975,1,0,0,0.157764568,119.2605476,0.96,787.4375,755.94,31.4975,,,,801.6800519,2325.251958,2145.251958,180,2325.251958,3.20E-08,1,0,0,0.37872616,206.9826837,0.923925233,591.5233346,546.5233346,45,1,0,0,0.37872616,206.9826837,0.923925233,591.5233346,546.5233346,45,1,0,0,0.368478175,193.8573422,0.921205058,571.1026446,526.1026446,45,1,0,0,0.368478175,193.8573422,0.921205058,571.1026446,526.1026446,45,1,,,0.101,216.6704478,2145.251958,2145.251958,0,66.50281071,0,,,276.8854983,8.53E-14,119.0607643,4,1388.048883,0,0,0,141.0257665
61,1,62,0.1016,0,0,1388.048883,,,,0,0,1,2422.137457,2422.137457,0,387.5419931,80.41496356,0,,,369.6983831,2422.137457,2325.251958,96.88549827,2422.137457,0,1,0,0,0.161275892,131.1772878,0.96,847.2624567,813.3719584,33.89049827,1,0,0,0.157764568,119.2605476,0.96,787.4375,755.94,31.4975,1,0,0,0.157764568,119.2605476,0.96,787.4375,755.94,31.4975,,,,801.680052,2325.251958,2145.251958,180.0000002,2325.251959,0,1,0,0,0.37872616,206.9826837,0.923925233,591.5233346,546.5233346,45,1,0,0,0.37872616,206.9826838,0.923925232,591.5233348,546.5233346,45.00000019,1,0,0,0.368478175,193.8573422,0.921205058,571.1026446,526.1026446,45,1,0,0,0.368478175,193.8573422,0.921205058,571.1026446,526.1026446,45,1,,,0.101,216.6704478,2145.251958,2145.251958,0,66.50281071,0,,,276.8854985,-1.42E-13,119.0607643,4,1388.048883,0,0,0,141.0257665
62,1,63,0.1016,0,0,1388.048883,,,,0,0,1,2422.137457,2422.137457,0,387.5419931,80.41496356,0,,,369.6983831,2422.137457,2325.251958,96.88549827,2422.137457,0,1,0,0,0.161275892,131.1772878,0.96,847.2624567,813.3719584,33.89049827,1,0,0,0.157764568,119.2605476,0.96,787.4375,755.94,31.4975,1,0,0,0.157764568,119.2605476,0.96,787.4375,755.94,31.4975,,,,801.680052,2325.251958,2145.251958,180.0000006,2325.251959,0,1,0,0,0.37872616,206.9826838,0.923925232,591.5233348,546.5233346,45.00000019,1,0,0,0.37872616,206.9826838,0.923925232,591.5233348,546.5233346,45.00000019,1,0,0,0.368478175,193.8573422,0.921205058,571.1026446,526.1026446,45,1,0,0,0.368478175,193.8573423,0.921205057,571.1026448,526.1026446,45.00000019,1,,,0.101,216.6704478,2145.251958,2145.251958,0,66.50281071,0,,,276.8854988,-2.84E-14,119.0607645,4,1388.048883,0,0,0,141.0257665
63,1,64,0.1016,0,0,1388.048883,,,,0,0,1,2422.137457,2422.137457,0,387.5419931,80.41496356,0,,,369.6983831,2422.137457,2325.251958,96.88549827,2422.137457,0,1,0,0,0.161275892,131.1772878,0.96,847.2624567,813.3719584,33.89049827,1,0,0,0.157764568,119.2605476,0.96,787.4375,755.94,31.4975,1,0,0,0.157764568,119.2605476,0.96,787.4375,755.94,31.4975,,,,801.6800521,2325.251958,2145.251958,180.0000005,2325.251959,0,1,0,0,0.37872616,206.9826838,0.923925232,591.5233348,546.5233346,45.00000019,1,0,0,0.37872616,206.9826838,0.923925233,591.5233348,546.5233346,45.00000013,1,0,0,0.368478175,193.8573423,0.921205057,571.1026448,526.1026446,45.00000016,1,0,0,0.368478175,193.8573422,0.921205058,571.1026446,526.1026446,45,1,,,0.101,216.6704478,2145.251958,2145.251958,0,66.50281071,0,,,276.8854987,-1.14E-13,119.0607645,4,1388.048883,0,0,0,141.0257665
64,1,65,0.1016,0,0,721.5621506,,,,0,0,1,1232.34028,1232.34028,0,197.1744449,40.91369731,0,,,197.1990696,1232.34028,1183.046669,49.29361122,1232.34028,0,1,0,0,0.161275892,131.1772878,0.96,847.2624567,813.3719584,33.89049827,1,0,0,0.178594261,66.02178173,0.96,385.0778237,369.6747108,15.40311295,0,0,1,0.271,0,0.96,0,0,0,,,,413.9653675,1183.046669,1093.046669,90,1183.046669,-2.73E-12,1,0,0,0.37872616,206.9826837,0.923925233,591.5233346,546.5233346,45,1,0,0,0.37872616,206.9826837,0.923925233,591.5233346,546.5233346,45,0,0,1,0.087248178,0,0.88,0,0,0,0,0,1,0.087248178,0,0.88,0,0,0,1,,,0.101,110.3977136,1093.046669,1093.046669,0,33.88444674,0,,,139.2936112,4.26E-14,59.89625282,2,721.5621506,0,0,0,73.3107145
65,1,66,0.15246,1,0,-4.38E-16,,,,0,0,1,0,0,0,0,0,0,,,-4.38E-16,0,0,0,0,0,0,0,1,0.271,0,0.96,0,0,0,0,0,1,0.271,0,0.96,0,0,0,0,0,0,0.271,0,0.96,0,0,0,,,,0,0,0,0,0,0,0,0,1,0.087248178,0,0.88,0,0,0,0,0,1,0.087248178,0,0.88,0,0,0,0,0,0,0.087248178,0,0.88,0,0,0,0,0,0,0.087248178,0,0.88,0,0,0,1,,,0.101,0,0,0,0,0,0,,,0,0,0,0,-4.38E-16,0,0,0,-6.68E-17
66,1,67,0.15246,1,0,-4.38E-16,,,,0,0,1,0,0,0,0,0,0,,,-4.38E-16,0,0,0,0,0,0,0,0,0.271,0,0.96,0,0,0,0,0,0,0.271,0,0.96,0,0,0,0,0,0,0.271,0,0.96,0,0,0,,,,0,0,0,0,0,0,0,0,0,0.087248178,0,0.88,0,0,0,0,0,0,0.087248178,0,0.88,0,0,0,0,0,0,0.087248178,0,0.88,0,0,0,0,0,0,0.087248178,0,0.88,0,0,0,1,,,0.101,0,0,0,0,0,0,,,0,0,0,0,-4.38E-16,0,0,0,-6.68E-17
67,1,68,0.15246,1,0,-4.38E-16,,,,0,0,1,0,0,0,0,0,0,,,-4.38E-16,0,0,0,0,0,0,0,0,0.271,0,0.96,0,0,0,0,0,0,0.271,0,0.96,0,0,0,0,0,0,0.271,0,0.96,0,0,0,,,,0,0,0,0,0,0,0,0,0,0.087248178,0,0.88,0,0,0,0,0,0,0.087248178,0,0.88,0,0,0,0,0,0,0.087248178,0,0.88,0,0,0,0,0,0,0.087248178,0,0.88,0,0,0,1,,,0.101,0,0,0,0,0,0,,,0,0,0,0,-4.38E-16,0,0,0,-6.68E-17
68,1,69,0.15246,1,0,-4.38E-16,,,,0,0,1,0,0,0,0,0,0,,,-4.38E-16,0,0,0,0,0,0,0,0,0.271,0,0.96,0,0,0,0,0,0,0.271,0,0.96,0,0,0,0,0,0,0.271,0,0.96,0,0,0,,,,0,0,0,0,0,0,0,0,0,0.087248178,0,0.88,0,0,0,0,0,0,0.087248178,0,0.88,0,0,0,0,0,0,0.087248178,0,0.88,0,0,0,0,0,0,0.087248178,0,0.88,0,0,0,1,,,0.101,0,0,0,0,0,0,,,0,0,0,0,-4.38E-16,0,0,0,-6.68E-17
69,1,70,0.15246,1,0,-4.38E-16,,,,0,0,1,0,0,0,0,0,0,,,-4.38E-16,0,0,0,0,0,0,0,0,0.271,0,0.96,0,0,0,0,0,0,0.271,0,0.96,0,0,0,0,0,0,0.271,0,0.96,0,0,0,,,,0,0,0,0,0,0,0,0,0,0.087248178,0,0.88,0,0,0,0,0,0,0.087248178,0,0.88,0,0,0,0,0,0,0.087248178,0,0.88,0,0,0,0,0,0,0.087248178,0,0.88,0,0,0,1,,,0.101,0,0,0,0,0,0,,,0,0,0,0,-4.38E-16,0,0,0,-6.68E-17
70,1,71,0.1016,0,0,569.0854515,,,,0,0,1,1083.333333,1083.333333,0,173.3333333,35.96666667,0,,,167.741528,1083.333333,1040,43.33333333,1083.333333,0,1,1,0,0.161286875,83.8756498,0.96,541.7084847,520.0401453,21.66833939,1,1,0,0.161292987,83.86587817,0.96,541.6248486,519.9598547,21.66499394,0,0,0,0.271,0,0.96,0,0,0,,,,308.9087236,1040,915.2,124.8,1040,-6.82E-13,1,1,0,0.337531385,154.4543618,0.88,520,457.6,62.4,1,1,0,0.337531385,154.4543618,0.88,520,457.6,62.4,0,0,0,0.087248178,0,0.88,0,0,0,0,0,0,0.087248178,0,0.88,0,0,0,0,,,0.101,92.4352,915.2,0,915.2,28.3712,1,,,1083.333333,0,465.8333333,2,569.0854515,0,0,0,57.81908188
71,1,72,0.1016,0,0,1387.993288,,,,0,0,1,2422.560665,2422.560665,0,387.6097064,80.42901408,0,,,369.2041421,2422.560665,2325.658239,96.9024266,2422.560665,0,1,0,0,0.158753027,123.0698144,0.96,807.529318,775.2281453,32.30117272,1,0,0,0.158752536,123.0680474,0.96,807.5202217,775.2194128,32.30080887,1,1,0,0.158752044,123.0662803,0.96,807.5111254,775.2106804,32.30044502,,,,802.0776637,2325.658239,2145.658239,180.0000002,2325.658239,0,1,0,0,0.379645635,208.1818531,0.924160501,593.3583471,548.3583471,45,1,0,0,0.379645635,208.1818531,0.9241605,593.3583473,548.3583471,45.00000019,1,1,0,0.371691833,197.9259013,0.922077922,577.5,532.5,45,1,1,0,0.36361919,187.7880561,0.91984918,561.4415443,516.4415443,45,1,,,0.101,216.7114821,2145.658239,2145.658239,0,66.51540539,0,,,276.9024268,-1.71E-13,119.0680435,4,1387.993288,0,0,0,141.0201181
72,1,73,0.1016,0,0,1387.993288,,,,0,0,1,2422.560665,2422.560665,0,387.6097064,80.42901408,0,,,369.2041421,2422.560665,2325.658239,96.9024266,2422.560665,0,1,0,0,0.158753027,123.0698144,0.96,807.529318,775.2281453,32.30117272,1,0,0,0.158752536,123.0680474,0.96,807.5202217,775.2194128,32.30080887,1,0,0,0.158752044,123.0662803,0.96,807.5111254,775.2106804,32.30044502,,,,802.0776637,2325.658239,2145.658239,180.0000002,2325.658239,0,1,0,0,0.379645635,208.1818531,0.924160501,593.3583471,548.3583471,45,1,0,0,0.379645635,208.1818531,0.924160501,593.3583471,548.3583471,45,1,0,0,0.371691833,197.9259013,0.922077922,577.5,532.5,45,1,0,0,0.36361919,187.7880562,0.91984918,561.4415444,516.4415443,45.00000019,1,,,0.101,216.7114821,2145.658239,2145.658239,0,66.51540539,0,,,276.9024268,-1.14E-13,119.0680435,4,1387.993288,0,0,0,141.0201181
73,1,74,0.1016,0,0,1387.993288,,,,0,0,1,2422.560665,2422.560665,0,387.6097064,80.42901408,0,,,369.2041421,2422.560665,2325.658239,96.9024266,2422.560665,0,1,0,0,0.158753027,123.0698144,0.96,807.529318,775.2281453,32.30117272,1,0,0,0.158752536,123.0680474,0.96,807.5202217,775.2194128,32.30080887,1,0,0,0.158752044,123.0662803,0.96,807.5111254,775.2106804,32.30044502,,,,802.0776637,2325.658239,2145.658239,180.0000006,2325.658239,0,1,0,0,0.379645635,208.1818531,0.924160501,593.3583471,548.3583471,45,1,0,0,0.379645635,208.1818531,0.9241605,593.3583473,548.3583471,45.00000019,1,0,0,0.371691833,197.9259013,0.922077922,577.5000002,532.5,45.00000019,1,0,0,0.36361919,187.7880562,0.91984918,561.4415444,516.4415443,45.00000019,1,,,0.101,216.7114821,2145.658239,2145.658239,0,66.51540539,0,,,276.9024272,1.71E-13,119.0680437,4,1387.993288,0,0,0,141.0201181
74,1,75,0.1016,0,0,1387.993288,,,,0,0,1,2422.560665,2422.560665,0,387.6097064,80.42901408,0,,,369.2041421,2422.560665,2325.658239,96.9024266,2422.560665,0,1,0,0,0.158753027,123.0698144,0.96,807.529318,775.2281453,32.30117272,1,0,0,0.158752536,123.0680474,0.96,807.5202217,775.2194128,32.30080887,1,0,0,0.158752044,123.0662803,0.96,807.5111254,775.2106804,32.30044502,,,,802.0776637,2325.658239,2145.658239,180.0000002,2325.658239,0,1,0,0,0.379645635,208.1818531,0.9241605,593.3583473,548.3583471,45.00000019,1,0,0,0.379645635,208.1818531,0.924160501,593.3583471,548.3583471,45,1,0,0,0.371691833,197.9259013,0.922077922,577.5,532.5,45,1,0,0,0.36361919,187.7880561,0.91984918,561.4415443,516.4415443,45,1,,,0.101,216.7114821,2145.658239,2145.658239,0,66.51540539,0,,,276.9024268,-2.84E-14,119.0680435,4,1387.993288,0,0,0,141.0201181
75,1,76,0.1016,0,0,1387.993288,,,,0,0,1,2422.560665,2422.560665,0,387.6097064,80.42901408,0,,,369.2041421,2422.560665,2325.658239,96.9024266,2422.560665,0,1,0,0,0.158753027,123.0698144,0.96,807.529318,775.2281453,32.30117272,1,0,0,0.158752536,123.0680474,0.96,807.5202217,775.2194128,32.30080887,1,0,0,0.158752044,123.0662803,0.96,807.5111254,775.2106804,32.30044502,,,,802.0776637,2325.658239,2145.658239,180.0000006,2325.658239,0,1,0,0,0.379645635,208.1818531,0.924160501,593.3583471,548.3583471,45,1,0,0,0.379645635,208.1818531,0.9241605,593.3583473,548.3583471,45.00000019,1,0,0,0.371691833,197.9259013,0.922077922,577.5000002,532.5,45.00000019,1,0,0,0.36361919,187.7880562,0.91984918,561.4415444,516.4415443,45.00000019,1,,,0.101,216.7114821,2145.658239,2145.658239,0,66.51540539,0,,,276.9024272,1.71E-13,119.0680437,4,1387.993288,0,0,0,141.0201181
76,1,77,0.1016,0,0,1387.993288,,,,0,0,1,2422.560665,2422.560665,0,387.6097064,80.42901408,0,,,369.2041421,2422.560665,2325.658239,96.9024266,2422.560665,0,1,0,0,0.158753027,123.0698144,0.96,807.529318,775.2281453,32.30117272,1,0,0,0.158752536,123.0680474,0.96,807.5202217,775.2194128,32.30080887,1,0,0,0.158752044,123.0662803,0.96,807.5111254,775.2106804,32.30044502,,,,802.0776637,2325.658239,2145.658239,180.0000006,2325.658239,0,1,0,0,0.379645635,208.1818531,0.9241605,593.3583473,548.3583471,45.00000019,1,0,0,0.379645635,208.1818531,0.9241605,593.3583473,548.3583471,45.00000019,1,0,0,0.371691833,197.9259013,0.922077922,577.5000002,532.5,45.00000019,1,0,0,0.36361919,187.7880561,0.91984918,561.4415443,516.4415443,45,1,,,0.101,216.7114821,2145.658239,2145.658239,0,66.51540539,0,,,276.9024272,1.14E-13,119.0680437,4,1387.993288,0,0,0,141.0201181
77,1,78,0.1016,0,0,1387.993288,,,,0,0,1,2422.560665,2422.560665,0,387.6097064,80.42901408,0,,,369.2041421,2422.560665,2325.658239,96.9024266,2422.560665,0,1,0,0,0.158753027,123.0698144,0.96,807.529318,775.2281453,32.30117272,1,0,0,0.158752536,123.0680474,0.96,807.5202217,775.2194128,32.30080887,1,0,0,0.158752044,123.0662803,0.96,807.5111254,775.2106804,32.30044502,,,,802.0776637,2325.658239,2145.658239,180.0000006,2325.658239,0,1,0,0,0.379645635,208.1818531,0.9241605,593.3583473,548.3583471,45.00000019,1,0,0,0.379645635,208.1818531,0.9241605,593.3583473,548.3583471,45.00000019,1,0,0,0.371691833,197.9259013,0.922077922,577.5000002,532.5,45.00000019,1,0,0,0.36361919,187.7880561,0.91984918,561.4415443,516.4415443,45,1,,,0.101,216.7114821,2145.658239,2145.658239,0,66.51540539,0,,,276.9024272,-1.14E-13,119.0680437,4,1387.993288,0,0,0,141.0201181
78,1,79,0.1016,0,0,1387.993288,,,,0,0,1,2422.560665,2422.560665,0,387.6097064,80.42901408,0,,,369.2041421,2422.560665,2325.658239,96.9024266,2422.560665,0,1,0,0,0.158753027,123.0698144,0.96,807.529318,775.2281453,32.30117272,1,0,0,0.158752536,123.0680474,0.96,807.5202217,775.2194128,32.30080887,1,0,0,0.158752044,123.0662803,0.96,807.5111254,775.2106804,32.30044502,,,,802.0776637,2325.658239,2145.658239,180.0000002,2325.658239,0,1,0,0,0.379645635,208.1818531,0.924160501,593.3583471,548.3583471,45,1,0,0,0.379645635,208.1818531,0.924160501,593.3583471,548.3583471,45,1,0,0,0.371691833,197.9259013,0.922077922,577.5000002,532.5,45.00000019,1,0,0,0.36361919,187.7880561,0.91984918,561.4415443,516.4415443,45,1,,,0.101,216.7114821,2145.658239,2145.658239,0,66.51540539,0,,,276.9024268,5.68E-14,119.0680435,4,1387.993288,0,0,0,141.0201181
79,1,80,0.1016,0,0,1387.993288,,,,0,0,1,2422.560665,2422.560665,0,387.6097064,80.42901408,0,,,369.2041421,2422.560665,2325.658239,96.9024266,2422.560665,0,1,0,0,0.158753027,123.0698144,0.96,807.529318,775.2281453,32.30117272,1,0,0,0.158752536,123.0680474,0.96,807.5202217,775.2194128,32.30080887,1,0,0,0.158752044,123.0662803,0.96,807.5111254,775.2106804,32.30044502,,,,802.0776637,2325.658239,2145.658239,180,2325.658239,-7.19E-11,1,0,0,0.379645635,208.1818531,0.924160501,593.3583471,548.3583471,45,1,0,0,0.379645635,208.1818531,0.924160501,593.3583471,548.3583471,45,1,0,0,0.371691833,197.9259013,0.922077922,577.5,532.5,45,1,0,0,0.36361919,187.7880561,0.91984918,561.4415443,516.4415443,45,1,,,0.101,216.7114821,2145.658239,2145.658239,0,66.51540539,0,,,276.9024266,0,119.0680434,4,1387.993288,0,0,0,141.0201181
80,1,81,0.1016,0,0,1387.993288,,,,0,0,1,2422.560665,2422.560665,0,387.6097064,80.42901408,0,,,369.2041421,2422.560665,2325.658239,96.9024266,2422.560665,0,1,0,0,0.158753027,123.0698144,0.96,807.529318,775.2281453,32.30117272,1,0,0,0.158752536,123.0680474,0.96,807.5202217,775.2194128,32.30080887,1,0,0,0.158752044,123.0662803,0.96,807.5111254,775.2106804,32.30044502,,,,802.0776637,2325.658239,2145.658239,180.0000002,2325.658239,0,1,0,0,0.379645635,208.1818531,0.924160501,593.3583471,548.3583471,45,1,0,0,0.379645635,208.1818531,0.924160501,593.3583471,548.3583471,45,1,0,0,0.371691833,197.9259013,0.922077922,577.5000002,532.5,45.00000019,1,0,0,0.36361919,187.7880561,0.91984918,561.4415443,516.4415443,45,1,,,0.101,216.7114821,2145.658239,2145.658239,0,66.51540539,0,,,276.9024268,-8.53E-14,119.0680435,4,1387.993288,0,0,0,141.0201181
81,1,82,0.1016,0,0,1387.993288,,,,0,0,1,2422.560665,2422.560665,0,387.6097064,80.42901408,0,,,369.2041421,2422.560665,2325.658239,96.9024266,2422.560665,0,1,0,0,0.158753027,123.0698144,0.96,807.529318,775.2281453,32.30117272,1,0,0,0.158752536,123.0680474,0.96,807.5202217,775.2194128,32.30080887,1,0,0,0.158752044,123.0662803,0.96,807.5111254,775.2106804,32.30044502,,,,802.0776637,2325.658239,2145.658239,180.0000002,2325.658239,0,1,0,0,0.379645635,208.1818531,0.924160501,593.3583471,548.3583471,45,1,0,0,0.379645635,208.1818531,0.9241605,593.3583473,548.3583471,45.00000019,1,0,0,0.371691833,197.9259013,0.922077922,577.5,532.5,45,1,0,0,0.36361919,187.7880561,0.91984918,561.4415443,516.4415443,45,1,,,0.101,216.7114821,2145.658239,2145.658239,0,66.51540539,0,,,276.9024268,-2.84E-14,119.0680435,4,1387.993288,0,0,0,141.0201181
82,1,83,0.1016,0,0,1387.993288,,,,0,0,1,2422.560665,2422.560665,0,387.6097064,80.42901408,0,,,369.2041421,2422.560665,2325.658239,96.9024266,2422.560665,0,1,0,0,0.158753027,123.0698144,0.96,807.529318,775.2281453,32.30117272,1,0,0,0.158752536,123.0680474,0.96,807.5202217,775.2194128,32.30080887,1,0,0,0.158752044,123.0662803,0.96,807.5111254,775.2106804,32.30044502,,,,802.0776637,2325.658239,2145.658239,180.0000004,2325.658239,0,1,0,0,0.379645635,208.1818531,0.924160501,593.3583471,548.3583471,45,1,0,0,0.379645635,208.1818531,0.924160501,593.3583471,548.3583471,45,1,0,0,0.371691833,197.9259013,0.922077922,577.5000002,532.5,45.00000019,1,0,0,0.36361919,187.7880562,0.91984918,561.4415444,516.4415443,45.00000019,1,,,0.101,216.7114821,2145.658239,2145.658239,0,66.51540539,0,,,276.902427,8.53E-14,119.0680436,4,1387.993288,0,0,0,141.0201181
83,1,84,0.1016,0,0,1387.993288,,,,0,0,1,2422.560665,2422.560665,0,387.6097064,80.42901408,0,,,369.2041421,2422.560665,2325.658239,96.9024266,2422.560665,0,1,0,0,0.158753027,123.0698144,0.96,807.529318,775.2281453,32.30117272,1,0,0,0.158752536,123.0680474,0.96,807.5202217,775.2194128,32.30080887,1,0,0,0.158752044,123.0662803,0.96,807.5111254,775.2106804,32.30044502,,,,802.0776637,2325.658239,2145.658239,180.0000002,2325.658239,0,1,0,0,0.379645635,208.1818531,0.924160501,593.3583471,548.3583471,45,1,0,0,0.379645635,208.1818531,0.9241605,593.3583473,548.3583471,45.00000019,1,0,0,0.371691833,197.9259013,0.922077922,577.5,532.5,45,1,0,0,0.36361919,187.7880561,0.91984918,561.4415443,516.4415443,45,1,,,0.101,216.7114821,2145.658239,2145.658239,0,66.51540539,0,,,276.9024268,-8.53E-14,119.0680435,4,1387.993288,0,0,0,141.0201181
84,1,85,0.1016,0,0,1387.993288,,,,0,0,1,2422.560665,2422.560665,0,387.6097064,80.42901408,0,,,369.2041421,2422.560665,2325.658239,96.9024266,2422.560665,0,1,0,0,0.158753027,123.0698144,0.96,807.529318,775.2281453,32.30117272,1,0,0,0.158752536,123.0680474,0.96,807.5202217,775.2194128,32.30080887,1,0,0,0.158752044,123.0662803,0.96,807.5111254,775.2106804,32.30044502,,,,802.0776637,2325.658239,2145.658239,180.0000004,2325.658239,0,1,0,0,0.379645635,208.1818531,0.9241605,593.3583473,548.3583471,45.00000019,1,0,0,0.379645635,208.1818531,0.9241605,593.3583473,548.3583471,45.00000019,1,0,0,0.371691833,197.9259013,0.922077922,577.5,532.5,45,1,0,0,0.36361919,187.7880561,0.91984918,561.4415443,516.4415443,45,1,,,0.101,216.7114821,2145.658239,2145.658239,0,66.51540539,0,,,276.902427,2.84E-14,119.0680436,4,1387.993288,0,0,0,141.0201181
85,1,86,0.1016,0,0,1387.993288,,,,0,0,1,2422.560665,2422.560665,0,387.6097064,80.42901408,0,,,369.2041421,2422.560665,2325.658239,96.9024266,2422.560665,0,1,0,0,0.158753027,123.0698144,0.96,807.529318,775.2281453,32.30117272,1,0,0,0.158752536,123.0680474,0.96,807.5202217,775.2194128,32.30080887,1,0,0,0.158752044,123.0662803,0.96,807.5111254,775.2106804,32.30044502,,,,802.0776637,2325.658239,2145.658239,180.0000004,2325.658239,0,1,0,0,0.379645635,208.1818531,0.924160501,593.3583471,548.3583471,45,1,0,0,0.379645635,208.1818531,0.9241605,593.3583473,548.3583471,45.00000019,1,0,0,0.371691833,197.9259013,0.922077922,577.5,532.5,45,1,0,0,0.36361919,187.7880562,0.91984918,561.4415444,516.4415443,45.00000019,1,,,0.101,216.7114821,2145.658239,2145.658239,0,66.51540539,0,,,276.902427,-2.84E-14,119.0680436,4,1387.993288,0,0,0,141.0201181
86,1,87,0.1016,0,0,1387.993288,,,,0,0,1,2422.560665,2422.560665,0,387.6097064,80.42901408,0,,,369.2041421,2422.560665,2325.658239,96.9024266,2422.560665,0,1,0,0,0.158753027,123.0698144,0.96,807.529318,775.2281453,32.30117272,1,0,0,0.158752536,123.0680474,0.96,807.5202217,775.2194128,32.30080887,1,0,0,0.158752044,123.0662803,0.96,807.5111254,775.2106804,32.30044502,,,,802.0776637,2325.658239,2145.658239,180.0000004,2325.658239,0,1,0,0,0.379645635,208.1818531,0.924160501,593.3583471,548.3583471,45,1,0,0,0.379645635,208.1818531,0.924160501,593.3583471,548.3583471,45,1,0,0,0.371691833,197.9259013,0.922077922,577.5000002,532.5,45.00000019,1,0,0,0.36361919,187.7880562,0.91984918,561.4415444,516.4415443,45.00000019,1,,,0.101,216.7114821,2145.658239,2145.658239,0,66.51540539,0,,,276.902427,2.84E-14,119.0680436,4,1387.993288,0,0,0,141.0201181
87,1,88,0.1016,0,0,1056.386847,,,,0,0,1,1837.725723,1837.725723,0,294.0361157,61.01249401,0,,,277.5463535,1837.725723,1764.216694,73.50902893,1837.725723,0,1,0,0,0.157100851,93.21710122,0.96,618.0816114,593.358347,24.72326446,1,0,0,0.157100851,93.21710122,0.96,618.0816114,593.358347,24.72326446,1,0,0,0.157769958,91.11215108,0.96,601.5625004,577.5000003,24.06250001,,,,614.2896076,1764.216694,1629.216694,135.0000004,1764.216695,0,1,0,0,0.379645635,208.1818531,0.924160501,593.3583471,548.3583471,45,1,0,0,0.379645635,208.1818531,0.9241605,593.3583473,548.3583471,45.00000019,1,0,0,0.371691833,197.9259013,0.922077922,577.5000002,532.5,45.00000019,0,0,1,0.087248178,0,0.88,0,0,0,1,,,0.101,164.5508861,1629.216694,1629.216694,0,50.50571752,0,,,208.5090293,1.14E-13,89.6588826,3,1056.386847,0,0,0,107.3289037
88,1,89,0.1016,0,0,713.5662949,,,,0,0,1,1236.163223,1236.163223,0,197.7861157,41.04061901,0,,,186.4342025,1236.163223,1186.716694,49.44652893,1236.163223,0,1,0,0,0.157100851,93.21710126,0.96,618.0816118,593.3583473,24.72326447,1,0,0,0.157100851,93.21710122,0.96,618.0816114,593.358347,24.72326446,0,0,1,0.271,0,0.96,0,0,0,,,,416.3637063,1186.716694,1096.716694,90.00000019,1186.716694,0,1,0,0,0.379645635,208.1818531,0.924160501,593.3583471,548.3583471,45,1,0,0,0.379645635,208.1818531,0.9241605,593.3583473,548.3583471,45.00000019,0,0,1,0.087248178,0,0.88,0,0,0,0,0,0,0.087248178,0,0.88,0,0,0,1,,,0.101,110.7683861,1096.716694,1096.716694,0,33.99821752,0,,,139.4465291,-7.11E-14,59.96200752,2,713.5662949,0,0,0,72.49833556
89,1,90,0.15246,1,0,-4.38E-16,,,,0,0,1,0,0,0,0,0,0,,,-4.38E-16,0,0,0,0,0,0,0,1,0.271,0,0.96,0,0,0,0,0,1,0.271,0,0.96,0,0,0,0,0,0,0.271,0,0.96,0,0,0,,,,0,0,0,0,0,0,0,0,1,0.087248178,0,0.88,0,0,0,0,0,1,0.087248178,0,0.88,0,0,0,0,0,0,0.087248178,0,0.88,0,0,0,0,0,0,0.087248178,0,0.88,0,0,0,1,,,0.101,0,0,0,0,0,0,,,0,0,0,0,-4.38E-16,0,0,0,-6.68E-17
90,1,91,0.15246,1,0,-4.38E-16,,,,0,0,1,0,0,0,0,0,0,,,-4.38E-16,0,0,0,0,0,0,0,0,0.271,0,0.96,0,0,0,0,0,0,0.271,0,0.96,0,0,0,0,0,0,0.271,0,0.96,0,0,0,,,,0,0,0,0,0,0,0,0,0,0.087248178,0,0.88,0,0,0,0,0,0,0.087248178,0,0.88,0,0,0,0,0,0,0.087248178,0,0.88,0,0,0,0,0,0,0.087248178,0,0.88,0,0,0,1,,,0.101,0,0,0,0,0,0,,,0,0,0,0,-4.38E-16,0,0,0,-6.68E-17
91,1,92,0.15246,1,0,-4.38E-16,,,,0,0,1,0,0,0,0,0,0,,,-4.38E-16,0,0,0,0,0,0,0,0,0.271,0,0.96,0,0,0,0,0,0,0.271,0,0.96,0,0,0,0,0,0,0.271,0,0.96,0,0,0,,,,0,0,0,0,0,0,0,0,0,0.087248178,0,0.88,0,0,0,0,0,0,0.087248178,0,0.88,0,0,0,0,0,0,0.087248178,0,0.88,0,0,0,0,0,0,0.087248178,0,0.88,0,0,0,1,,,0.101,0,0,0,0,0,0,,,0,0,0,0,-4.38E-16,0,0,0,-6.68E-17
92,1,93,0.15246,1,0,-4.38E-16,,,,0,0,1,0,0,0,0,0,0,,,-4.38E-16,0,0,0,0,0,0,0,0,0.271,0,0.96,0,0,0,0,0,0,0.271,0,0.96,0,0,0,0,0,0,0.271,0,0.96,0,0,0,,,,0,0,0,0,0,0,0,0,0,0.087248178,0,0.88,0,0,0,0,0,0,0.087248178,0,0.88,0,0,0,0,0,0,0.087248178,0,0.88,0,0,0,0,0,0,0.087248178,0,0.88,0,0,0,1,,,0.101,0,0,0,0,0,0,,,0,0,0,0,-4.38E-16,0,0,0,-6.68E-17
93,1,94,0.15246,1,0,-4.38E-16,,,,0,0,1,0,0,0,0,0,0,,,-4.38E-16,0,0,0,0,0,0,0,0,0.271,0,0.96,0,0,0,0,0,0,0.271,0,0.96,0,0,0,0,0,0,0.271,0,0.96,0,0,0,,,,0,0,0,0,0,0,0,0,0,0.087248178,0,0.88,0,0,0,0,0,0,0.087248178,0,0.88,0,0,0,0,0,0,0.087248178,0,0.88,0,0,0,0,0,0,0.087248178,0,0.88,0,0,0,1,,,0.101,0,0,0,0,0,0,,,0,0,0,0,-4.38E-16,0,0,0,-6.68E-17
94,1,95,0.1016,0,0,569.0854513,,,,0,0,1,1083.333333,1083.333333,0,173.3333333,35.96666667,0,,,167.7415278,1083.333333,1040,43.33333333,1083.333333,0,1,1,0,0.161289931,83.87076389,0.96,541.6666667,520,21.66666667,1,1,0,0.161289931,83.87076389,0.96,541.6666667,520,21.66666667,0,0,0,0.271,0,0.96,0,0,0,,,,308.9087236,1040,915.2,124.8,1040,0,1,1,0,0.337531385,154.4543618,0.88,520,457.6,62.4,1,1,0,0.337531385,154.4543618,0.88,520,457.6,62.4,0,0,0,0.087248178,0,0.88,0,0,0,0,0,0,0.087248178,0,0.88,0,0,0,0,,,0.101,92.4352,915.2,0,915.2,28.3712,1,,,1083.333333,0,465.8333333,2,569.0854513,0,0,0,57.81908186
95,1,96,0.1016,0,0,1387.840875,,,,0,0,1,2422.531464,2422.531464,0,387.6050342,80.42804459,0,,,369.1984695,2422.531464,2325.630205,96.90125855,2422.531464,0,1,0,0,0.15875201,123.0661565,0.96,807.5104879,775.2100684,32.30041952,1,0,0,0.15875201,123.0661565,0.96,807.5104879,775.2100684,32.30041952,1,1,0,0.15875201,123.0661565,0.96,807.5104879,775.2100684,32.30041952,,,,801.9337546,2325.630205,2145.630205,180.0000004,2325.630205,0,1,0,0,0.378902387,207.2122431,0.923970433,591.875,546.875,45,1,0,0,0.378902387,207.2122431,0.923970433,591.875,546.875,45,1,1,0,0.368676272,194.1068846,0.921259404,571.4968194,526.4968192,45.00000019,1,1,0,0.368116672,193.4023838,0.921105696,570.3833861,525.3833859,45.00000019,1,,,0.101,216.7086507,2145.630205,2145.630205,0,66.51453636,0,,,276.9012589,-2.84E-14,119.0675413,4,1387.840875,0,0,0,141.0046329
96,1,97,0.1016,0,0,1387.840875,,,,0,0,1,2422.531464,2422.531464,0,387.6050342,80.42804459,0,,,369.1984695,2422.531464,2325.630205,96.90125855,2422.531464,0,1,0,0,0.15875201,123.0661565,0.96,807.5104879,775.2100684,32.30041952,1,0,0,0.15875201,123.0661565,0.96,807.5104879,775.2100684,32.30041952,1,0,0,0.15875201,123.0661565,0.96,807.5104879,775.2100684,32.30041952,,,,801.9337546,2325.630205,2145.630205,180.0000004,2325.630205,0,1,0,0,0.378902387,207.2122431,0.923970433,591.875,546.875,45,1,0,0,0.378902387,207.2122431,0.923970433,591.8750002,546.875,45.00000019,1,0,0,0.368676272,194.1068847,0.921259404,571.4968194,526.4968192,45.00000019,1,0,0,0.368116672,193.4023838,0.921105696,570.3833859,525.3833859,45,1,,,0.101,216.7086507,2145.630205,2145.630205,0,66.51453636,0,,,276.9012589,-2.84E-14,119.0675413,4,1387.840875,0,0,0,141.0046329
97,1,98,0.1016,0,0,1387.840875,,,,0,0,1,2422.531464,2422.531464,0,387.6050342,80.42804459,0,,,369.1984695,2422.531464,2325.630205,96.90125855,2422.531464,0,1,0,0,0.15875201,123.0661565,0.96,807.5104879,775.2100684,32.30041952,1,0,0,0.15875201,123.0661565,0.96,807.5104879,775.2100684,32.30041952,1,0,0,0.15875201,123.0661565,0.96,807.5104879,775.2100684,32.30041952,,,,801.9337546,2325.630205,2145.630205,180,2325.630205,0,1,0,0,0.378902387,207.2122431,0.923970433,591.8750002,546.875,45.00000019,1,0,0,0.378902387,207.2122431,0.923970433,591.875,546.875,45,1,0,0,0.368676272,194.1068846,0.921259404,571.4968192,526.4968192,45,1,0,0,0.368116672,193.4023839,0.921105697,570.3833859,525.3833861,44.99999984,1,,,0.101,216.7086507,2145.630205,2145.630205,0,66.51453636,0,,,276.9012586,-1.14E-13,119.0675412,4,1387.840875,0,0,0,141.0046329
98,1,99,0.1016,0,0,1387.840875,,,,0,0,1,2422.531464,2422.531464,0,387.6050342,80.42804459,0,,,369.1984695,2422.531464,2325.630205,96.90125855,2422.531464,0,1,0,0,0.15875201,123.0661565,0.96,807.5104879,775.2100684,32.30041952,1,0,0,0.15875201,123.0661565,0.96,807.5104879,775.2100684,32.30041952,1,0,0,0.15875201,123.0661565,0.96,807.5104879,775.2100684,32.30041952,,,,801.9337546,2325.630205,2145.630205,180.0000006,2325.630206,0,1,0,0,0.378902387,207.2122431,0.923970433,591.875,546.875,45,1,0,0,0.378902387,207.2122431,0.923970433,591.8750002,546.875,45.00000019,1,0,0,0.368676272,194.1068847,0.921259404,571.4968194,526.4968192,45.00000019,1,0,0,0.368116672,193.4023838,0.921105696,570.3833861,525.3833859,45.00000019,1,,,0.101,216.7086507,2145.630205,2145.630205,0,66.51453636,0,,,276.9012591,0,119.0675414,4,1387.840875,0,0,0,141.0046329
99,1,100,0.1016,0,0,1387.840875,,,,0,0,1,2422.531464,2422.531464,0,387.6050342,80.42804459,0,,,369.1984695,2422.531464,2325.630205,96.90125855,2422.531464,0,1,0,0,0.15875201,123.0661565,0.96,807.5104879,775.2100684,32.30041952,1,0,0,0.15875201,123.0661565,0.96,807.5104879,775.2100684,32.30041952,1,0,0,0.15875201,123.0661565,0.96,807.5104879,775.2100684,32.30041952,,,,801.9337546,2325.630205,2145.630205,180.0000004,2325.630205,0,1,0,0,0.378902387,207.2122431,0.923970433,591.875,546.875,45,1,0,0,0.378902387,207.2122431,0.923970433,591.8750002,546.875,45.00000019,1,0,0,0.368676272,194.1068847,0.921259404,571.4968194,526.4968192,45.00000019,1,0,0,0.368116672,193.4023838,0.921105696,570.3833859,525.3833859,45,1,,,0.101,216.7086507,2145.630205,2145.630205,0,66.51453636,0,,,276.9012589,-1.14E-13,119.0675413,4,1387.840875,0,0,0,141.0046329
100,1,101,0.1016,0,0,1387.840875,,,,0,0,1,2422.531464,2422.531464,0,387.6050342,80.42804459,0,,,369.1984695,2422.531464,2325.630205,96.90125855,2422.531464,0,1,0,0,0.15875201,123.0661565,0.96,807.5104879,775.2100684,32.30041952,1,0,0,0.15875201,123.0661565,0.96,807.5104879,775.2100684,32.30041952,1,0,0,0.15875201,123.0661565,0.96,807.5104879,775.2100684,32.30041952,,,,801.9337545,2325.630205,2145.630205,180.0000002,2325.630205,0,1,0,0,0.378902387,207.2122431,0.923970433,591.875,546.875,45,1,0,0,0.378902387,207.2122431,0.923970433,591.875,546.875,45,1,0,0,0.368676272,194.1068846,0.921259404,571.4968192,526.4968192,45,1,0,0,0.368116672,193.4023838,0.921105696,570.3833861,525.3833859,45.00000019,1,,,0.101,216.7086507,2145.630205,2145.630205,0,66.51453636,0,,,276.9012587,0,119.0675413,4,1387.840875,0,0,0,141.0046329
101,1,102,0.1016,0,0,1387.840875,,,,0,0,1,2422.531464,2422.531464,0,387.6050342,80.42804459,0,,,369.1984695,2422.531464,2325.630205,96.90125855,2422.531464,0,1,0,0,0.15875201,123.0661565,0.96,807.5104879,775.2100684,32.30041952,1,0,0,0.15875201,123.0661565,0.96,807.5104879,775.2100684,32.30041952,1,0,0,0.15875201,123.0661565,0.96,807.5104879,775.2100684,32.30041952,,,,801.9337546,2325.630205,2145.630205,180.0000004,2325.630205,0,1,0,0,0.378902387,207.2122431,0.923970433,591.8750002,546.875,45.00000019,1,0,0,0.378902387,207.2122431,0.923970433,591.875,546.875,45,1,0,0,0.368676272,194.1068847,0.921259404,571.4968194,526.4968192,45.00000019,1,0,0,0.368116672,193.4023838,0.921105696,570.3833859,525.3833859,45,1,,,0.101,216.7086507,2145.630205,2145.630205,0,66.51453636,0,,,276.9012589,-1.42E-13,119.0675413,4,1387.840875,0,0,0,141.0046329
102,1,103,0.1016,0,0,1387.840875,,,,0,0,1,2422.531464,2422.531464,0,387.6050342,80.42804459,0,,,369.1984695,2422.531464,2325.630205,96.90125855,2422.531464,0,1,0,0,0.15875201,123.0661565,0.96,807.5104879,775.2100684,32.30041952,1,0,0,0.15875201,123.0661565,0.96,807.5104879,775.2100684,32.30041952,1,0,0,0.15875201,123.0661565,0.96,807.5104879,775.2100684,32.30041952,,,,801.9337546,2325.630205,2145.630205,180.0000004,2325.630205,0,1,0,0,0.378902387,207.2122431,0.923970433,591.875,546.875,45,1,0,0,0.378902387,207.2122431,0.923970433,591.8750002,546.875,45.00000019,1,0,0,0.368676272,194.1068846,0.921259404,571.4968192,526.4968192,45,1,0,0,0.368116672,193.4023838,0.921105696,570.3833861,525.3833859,45.00000019,1,,,0.101,216.7086507,2145.630205,2145.630205,0,66.51453636,0,,,276.9012589,-2.84E-14,119.0675413,4,1387.840875,0,0,0,141.0046329
103,1,104,0.1016,0,0,1387.840875,,,,0,0,1,2422.531464,2422.531464,0,387.6050342,80.42804459,0,,,369.1984695,2422.531464,2325.630205,96.90125855,2422.531464,0,1,0,0,0.15875201,123.0661565,0.96,807.5104879,775.2100684,32.30041952,1,0,0,0.15875201,123.0661565,0.96,807.5104879,775.2100684,32.30041952,1,0,0,0.15875201,123.0661565,0.96,807.5104879,775.2100684,32.30041952,,,,801.9337545,2325.630205,2145.630205,180,2325.630205,-4.09E-12,1,0,0,0.378902387,207.2122431,0.923970433,591.875,546.875,45,1,0,0,0.378902387,207.2122431,0.923970433,591.875,546.875,45,1,0,0,0.368676272,194.1068846,0.921259404,571.4968192,526.4968192,45,1,0,0,0.368116672,193.4023838,0.921105696,570.3833859,525.3833859,45,1,,,0.101,216.7086507,2145.630205,2145.630205,0,66.51453636,0,,,276.9012585,-1.71E-13,119.0675412,4,1387.840875,0,0,0,141.0046329
104,1,105,0.1016,0,0,1387.840875,,,,0,0,1,2422.531464,2422.531464,0,387.6050342,80.42804459,0,,,369.1984695,2422.531464,2325.630205,96.90125855,2422.531464,0,1,0,0,0.15875201,123.0661565,0.96,807.5104879,775.2100684,32.30041952,1,0,0,0.15875201,123.0661565,0.96,807.5104879,775.2100684,32.30041952,1,0,0,0.15875201,123.0661565,0.96,807.5104879,775.2100684,32.30041952,,,,801.9337546,2325.630205,2145.630205,180.0000002,2325.630205,0,1,0,0,0.378902387,207.2122431,0.923970433,591.8750002,546.875,45.00000019,1,0,0,0.378902387,207.2122431,0.923970433,591.875,546.875,45,1,0,0,0.368676272,194.1068847,0.921259405,571.4968192,526.4968193,44.99999984,1,0,0,0.368116672,193.4023838,0.921105696,570.3833861,525.3833859,45.00000019,1,,,0.101,216.7086507,2145.630205,2145.630205,0,66.51453636,0,,,276.9012588,0,119.0675413,4,1387.840875,0,0,0,141.0046329
105,1,106,0.1016,0,0,1387.840875,,,,0,0,1,2422.531464,2422.531464,0,387.6050342,80.42804459,0,,,369.1984695,2422.531464,2325.630205,96.90125855,2422.531464,0,1,0,0,0.15875201,123.0661565,0.96,807.5104879,775.2100684,32.30041952,1,0,0,0.15875201,123.0661565,0.96,807.5104879,775.2100684,32.30041952,1,0,0,0.15875201,123.0661565,0.96,807.5104879,775.2100684,32.30041952,,,,801.9337545,2325.630205,2145.630205,180.0000002,2325.630205,0,1,0,0,0.378902387,207.2122431,0.923970433,591.875,546.875,45,1,0,0,0.378902387,207.2122431,0.923970433,591.875,546.875,45,1,0,0,0.368676272,194.1068847,0.921259404,571.4968194,526.4968192,45.00000019,1,0,0,0.368116672,193.4023838,0.921105696,570.3833859,525.3833859,45,1,,,0.101,216.7086507,2145.630205,2145.630205,0,66.51453636,0,,,276.9012587,0,119.0675413,4,1387.840875,0,0,0,141.0046329
106,1,107,0.1016,0,0,1387.840875,,,,0,0,1,2422.531464,2422.531464,0,387.6050342,80.42804459,0,,,369.1984695,2422.531464,2325.630205,96.90125855,2422.531464,0,1,0,0,0.15875201,123.0661565,0.96,807.5104879,775.2100684,32.30041952,1,0,0,0.15875201,123.0661565,0.96,807.5104879,775.2100684,32.30041952,1,0,0,0.15875201,123.0661565,0.96,807.5104879,775.2100684,32.30041952,,,,801.9337546,2325.630205,2145.630205,180.0000004,2325.630205,0,1,0,0,0.378902387,207.2122431,0.923970433,591.8750002,546.875,45.00000019,1,0,0,0.378902387,207.2122431,0.923970433,591.875,546.875,45,1,0,0,0.368676272,194.1068846,0.921259404,571.4968192,526.4968192,45,1,0,0,0.368116672,193.4023838,0.921105696,570.3833861,525.3833859,45.00000019,1,,,0.101,216.7086507,2145.630205,2145.630205,0,66.51453636,0,,,276.9012589,5.68E-14,119.0675413,4,1387.840875,0,0,0,141.0046329
107,1,108,0.1016,0,0,1387.840875,,,,0,0,1,2422.531464,2422.531464,0,387.6050342,80.42804459,0,,,369.1984695,2422.531464,2325.630205,96.90125855,2422.531464,0,1,0,0,0.15875201,123.0661565,0.96,807.5104879,775.2100684,32.30041952,1,0,0,0.15875201,123.0661565,0.96,807.5104879,775.2100684,32.30041952,1,0,0,0.15875201,123.0661565,0.96,807.5104879,775.2100684,32.30041952,,,,801.9337546,2325.630205,2145.630205,180.0000006,2325.630206,0,1,0,0,0.378902387,207.2122431,0.923970433,591.875,546.875,45,1,0,0,0.378902387,207.2122431,0.923970433,591.8750002,546.875,45.00000019,1,0,0,0.368676272,194.1068847,0.921259404,571.4968194,526.4968192,45.00000019,1,0,0,0.368116672,193.4023838,0.921105696,570.3833861,525.3833859,45.00000019,1,,,0.101,216.7086507,2145.630205,2145.630205,0,66.51453636,0,,,276.9012591,-1.14E-13,119.0675414,4,1387.840875,0,0,0,141.0046329
108,1,109,0.1016,0,0,1387.840875,,,,0,0,1,2422.531464,2422.531464,0,387.6050342,80.42804459,0,,,369.1984695,2422.531464,2325.630205,96.90125855,2422.531464,0,1,0,0,0.15875201,123.0661565,0.96,807.5104879,775.2100684,32.30041952,1,0,0,0.15875201,123.0661565,0.96,807.5104879,775.2100684,32.30041952,1,0,0,0.15875201,123.0661565,0.96,807.5104879,775.2100684,32.30041952,,,,801.9337546,2325.630205,2145.630205,180.0000004,2325.630205,0,1,0,0,0.378902387,207.2122431,0.923970433,591.875,546.875,45,1,0,0,0.378902387,207.2122431,0.923970433,591.875,546.875,45,1,0,0,0.368676272,194.1068847,0.921259404,571.4968194,526.4968192,45.00000019,1,0,0,0.368116672,193.4023838,0.921105696,570.3833861,525.3833859,45.00000019,1,,,0.101,216.7086507,2145.630205,2145.630205,0,66.51453636,0,,,276.9012589,2.84E-14,119.0675413,4,1387.840875,0,0,0,141.0046329
109,1,110,0.1016,0,0,1387.840875,,,,0,0,1,2422.531464,2422.531464,0,387.6050342,80.42804459,0,,,369.1984695,2422.531464,2325.630205,96.90125855,2422.531464,0,1,0,0,0.15875201,123.0661565,0.96,807.5104879,775.2100684,32.30041952,1,0,0,0.15875201,123.0661565,0.96,807.5104879,775.2100684,32.30041952,1,0,0,0.15875201,123.0661565,0.96,807.5104879,775.2100684,32.30041952,,,,801.9337546,2325.630205,2145.630205,180.0000006,2325.630206,0,1,0,0,0.378902387,207.2122431,0.923970433,591.8750002,546.875,45.00000019,1,0,0,0.378902387,207.2122431,0.923970433,591.8750002,546.875,45.00000019,1,0,0,0.368676272,194.1068846,0.921259404,571.4968192,526.4968192,45,1,0,0,0.368116672,193.4023838,0.921105696,570.3833861,525.3833859,45.00000019,1,,,0.101,216.7086507,2145.630205,2145.630205,0,66.51453636,0,,,276.9012591,-8.53E-14,119.0675414,4,1387.840875,0,0,0,141.0046329
110,1,111,0.1016,0,0,1387.840875,,,,0,0,1,2422.531464,2422.531464,0,387.6050342,80.42804459,0,,,369.1984695,2422.531464,2325.630205,96.90125855,2422.531464,0,1,0,0,0.15875201,123.0661565,0.96,807.5104879,775.2100684,32.30041952,1,0,0,0.15875201,123.0661565,0.96,807.5104879,775.2100684,32.30041952,1,0,0,0.15875201,123.0661565,0.96,807.5104879,775.2100684,32.30041952,,,,801.9337545,2325.630205,2145.630205,180.0000002,2325.630205,0,1,0,0,0.378902387,207.2122431,0.923970433,591.875,546.875,45,1,0,0,0.378902387,207.2122431,0.923970433,591.875,546.875,45,1,0,0,0.368676272,194.1068846,0.921259404,571.4968194,526.4968192,45.00000019,1,0,0,0.368116672,193.4023838,0.921105696,570.3833859,525.3833859,45,1,,,0.101,216.7086507,2145.630205,2145.630205,0,66.51453636,0,,,276.9012587,-1.71E-13,119.0675413,4,1387.840875,0,0,0,141.0046329
111,1,112,0.1016,0,0,1387.840875,,,,0,0,1,2422.531464,2422.531464,0,387.6050342,80.42804459,0,,,369.1984695,2422.531464,2325.630205,96.90125855,2422.531464,0,1,0,0,0.15875201,123.0661565,0.96,807.5104879,775.2100684,32.30041952,1,0,0,0.15875201,123.0661565,0.96,807.5104879,775.2100684,32.30041952,1,0,0,0.15875201,123.0661565,0.96,807.5104879,775.2100684,32.30041952,,,,801.9337546,2325.630205,2145.630205,180.0000005,2325.630206,0,1,0,0,0.378902387,207.2122431,0.923970433,591.8750002,546.875,45.00000016,1,0,0,0.378902387,207.2122431,0.923970433,591.8750002,546.875,45.00000016,1,0,0,0.368676272,194.1068846,0.921259404,571.4968192,526.4968192,45,1,0,0,0.368116672,193.4023838,0.921105696,570.3833861,525.3833859,45.00000016,1,,,0.101,216.7086507,2145.630205,2145.630205,0,66.51453636,0,,,276.901259,-2.84E-14,119.0675414,4,1387.840875,0,0,0,141.0046329
112,1,113,0.1016,0,0,718.6355677,,,,0,0,1,1233.072917,1233.072917,0,197.2916667,40.93802083,0,,,193.7423316,1233.072917,1183.75,49.32291667,1233.072917,0,1,0,0,0.15875201,123.0661565,0.96,807.5104879,775.2100684,32.30041952,1,0,0,0.172996982,70.67617506,0.96,425.5624288,408.5399316,17.02249715,0,0,1,0.271,0,0.96,0,0,0,,,,414.4244861,1183.75,1093.75,90,1183.75,-1.14E-12,1,0,0,0.378902387,207.2122431,0.923970433,591.875,546.875,45,1,0,0,0.378902387,207.2122431,0.923970433,591.875,546.875,45,0,0,1,0.087248178,0,0.88,0,0,0,0,0,1,0.087248178,0,0.88,0,0,0,1,,,0.101,110.46875,1093.75,1093.75,0,33.90625,0,,,139.3229167,0,59.90885417,2,718.6355677,0,0,0,73.01337367
113,1,114,0.15246,1,0,-4.38E-16,,,,0,0,1,0,0,0,0,0,0,,,-4.38E-16,0,0,0,0,0,0,0,1,0.271,0,0.96,0,0,0,0,0,1,0.271,0,0.96,0,0,0,0,0,0,0.271,0,0.96,0,0,0,,,,0,0,0,0,0,0,0,0,1,0.087248178,0,0.88,0,0,0,0,0,1,0.087248178,0,0.88,0,0,0,0,0,0,0.087248178,0,0.88,0,0,0,0,0,0,0.087248178,0,0.88,0,0,0,1,,,0.101,0,0,0,0,0,0,,,0,0,0,0,-4.38E-16,0,0,0,-6.68E-17
114,1,115,0.15246,1,0,-4.38E-16,,,,0,0,1,0,0,0,0,0,0,,,-4.38E-16,0,0,0,0,0,0,0,0,0.271,0,0.96,0,0,0,0,0,0,0.271,0,0.96,0,0,0,0,0,0,0.271,0,0.96,0,0,0,,,,0,0,0,0,0,0,0,0,0,0.087248178,0,0.88,0,0,0,0,0,0,0.087248178,0,0.88,0,0,0,0,0,0,0.087248178,0,0.88,0,0,0,0,0,0,0.087248178,0,0.88,0,0,0,1,,,0.101,0,0,0,0,0,0,,,0,0,0,0,-4.38E-16,0,0,0,-6.68E-17
115,1,116,0.15246,1,0,-4.38E-16,,,,0,0,1,0,0,0,0,0,0,,,-4.38E-16,0,0,0,0,0,0,0,0,0.271,0,0.96,0,0,0,0,0,0,0.271,0,0.96,0,0,0,0,0,0,0.271,0,0.96,0,0,0,,,,0,0,0,0,0,0,0,0,0,0.087248178,0,0.88,0,0,0,0,0,0,0.087248178,0,0.88,0,0,0,0,0,0,0.087248178,0,0.88,0,0,0,0,0,0,0.087248178,0,0.88,0,0,0,1,,,0.101,0,0,0,0,0,0,,,0,0,0,0,-4.38E-16,0,0,0,-6.68E-17
116,1,117,0.15246,1,0,-4.38E-16,,,,0,0,1,0,0,0,0,0,0,,,-4.38E-16,0,0,0,0,0,0,0,0,0.271,0,0.96,0,0,0,0,0,0,0.271,0,0.96,0,0,0,0,0,0,0.271,0,0.96,0,0,0,,,,0,0,0,0,0,0,0,0,0,0.087248178,0,0.88,0,0,0,0,0,0,0.087248178,0,0.88,0,0,0,0,0,0,0.087248178,0,0.88,0,0,0,0,0,0,0.087248178,0,0.88,0,0,0,1,,,0.101,0,0,0,0,0,0,,,0,0,0,0,-4.38E-16,0,0,0,-6.68E-17
117,1,118,0.15246,1,0,-4.38E-16,,,,0,0,1,0,0,0,0,0,0,,,-4.38E-16,0,0,0,0,0,0,0,0,0.271,0,0.96,0,0,0,0,0,0,0.271,0,0.96,0,0,0,0,0,0,0.271,0,0.96,0,0,0,,,,0,0,0,0,0,0,0,0,0,0.087248178,0,0.88,0,0,0,0,0,0,0.087248178,0,0.88,0,0,0,0,0,0,0.087248178,0,0.88,0,0,0,0,0,0,0.087248178,0,0.88,0,0,0,1,,,0.101,0,0,0,0,0,0,,,0,0,0,0,-4.38E-16,0,0,0,-6.68E-17
118,1,119,0.1016,0,0,569.0854513,,,,0,0,1,1083.333333,1083.333333,0,173.3333333,35.96666667,0,,,167.7415278,1083.333333,1040,43.33333333,1083.333333,0,1,1,0,0.161289931,83.87076389,0.96,541.6666667,520,21.66666667,1,1,0,0.161289931,83.87076389,0.96,541.6666667,520,21.66666667,0,0,0,0.271,0,0.96,0,0,0,,,,308.9087236,1040,915.2,124.8,1040,0,1,1,0,0.337531385,154.4543618,0.88,520,457.6,62.4,1,1,0,0.337531385,154.4543618,0.88,520,457.6,62.4,0,0,0,0.087248178,0,0.88,0,0,0,0,0,0,0.087248178,0,0.88,0,0,0,0,,,0.101,92.4352,915.2,0,915.2,28.3712,1,,,1083.333333,0,465.8333333,2,569.0854513,0,0,0,57.81908186
119,1,120,0.1016,0,0,1387.95142,,,,0,0,1,2422.886465,2422.886465,0,387.6618343,80.43983063,0,,,369.2674404,2422.886465,2325.971006,96.91545859,2422.886465,0,1,0,0,0.15875891,123.0909731,0.96,807.6382201,775.3326913,32.30552881,1,0,0,0.158758402,123.0891468,0.96,807.6288216,775.3236687,32.30515286,1,1,0,0.158757894,123.0873206,0.96,807.619423,775.3146461,32.30477692,,,,801.9409077,2325.971006,2145.971006,180.0000002,2325.971006,0,1,0,0,0.373696059,200.4852269,0.922612965,581.4927515,536.4927515,45,1,0,0,0.373696059,200.4852269,0.922612965,581.4927515,536.4927515,45,1,1,0,0.373696059,200.4852269,0.922612965,581.4927515,536.4927515,45,1,1,0,0.373696059,200.4852269,0.922612965,581.4927517,536.4927515,45.00000019,1,,,0.101,216.7430716,2145.971006,2145.971006,0,66.52510119,0,,,276.9154588,-8.53E-14,119.0736473,4,1387.95142,0,0,0,141.0158642
120,1,121,0.1016,0,0,1387.95142,,,,0,0,1,2422.886465,2422.886465,0,387.6618343,80.43983063,0,,,369.2674404,2422.886465,2325.971006,96.91545859,2422.886465,0,1,0,0,0.15875891,123.0909731,0.96,807.6382201,775.3326913,32.30552881,1,0,0,0.158758402,123.0891468,0.96,807.6288216,775.3236687,32.30515286,1,0,0,0.158757894,123.0873206,0.96,807.619423,775.3146461,32.30477692,,,,801.9409077,2325.971006,2145.971006,180,2325.971006,-1.00E-11,1,0,0,0.373696059,200.4852269,0.922612965,581.4927515,536.4927515,45,1,0,0,0.373696059,200.4852269,0.922612965,581.4927515,536.4927515,45,1,0,0,0.373696059,200.4852269,0.922612965,581.4927515,536.4927515,45,1,0,0,0.373696059,200.4852269,0.922612965,581.4927515,536.4927515,45,1,,,0.101,216.7430716,2145.971006,2145.971006,0,66.52510119,0,,,276.9154586,8.53E-14,119.0736472,4,1387.95142,0,0,0,141.0158642
121,1,122,0.1016,0,0,1387.95142,,,,0,0,1,2422.886465,2422.886465,0,387.6618343,80.43983063,0,,,369.2674404,2422.886465,2325.971006,96.91545859,2422.886465,0,1,0,0,0.15875891,123.0909731,0.96,807.6382201,775.3326913,32.30552881,1,0,0,0.158758402,123.0891468,0.96,807.6288216,775.3236687,32.30515286,1,0,0,0.158757894,123.0873206,0.96,807.619423,775.3146461,32.30477692,,,,801.9409077,2325.971006,2145.971006,180.0000004,2325.971006,0,1,0,0,0.373696059,200.4852269,0.922612965,581.4927515,536.4927515,45,1,0,0,0.373696059,200.4852269,0.922612965,581.4927517,536.4927515,45.00000019,1,0,0,0.373696059,200.4852269,0.922612965,581.4927517,536.4927515,45.00000019,1,0,0,0.373696059,200.4852269,0.922612965,581.4927515,536.4927515,45,1,,,0.101,216.7430716,2145.971006,2145.971006,0,66.52510119,0,,,276.915459,8.53E-14,119.0736474,4,1387.95142,0,0,0,141.0158642
122,1,123,0.1016,0,0,1387.95142,,,,0,0,1,2422.886465,2422.886465,0,387.6618343,80.43983063,0,,,369.2674404,2422.886465,2325.971006,96.91545859,2422.886465,0,1,0,0,0.15875891,123.0909731,0.96,807.6382201,775.3326913,32.30552881,1,0,0,0.158758402,123.0891468,0.96,807.6288216,775.3236687,32.30515286,1,0,0,0.158757894,123.0873206,0.96,807.619423,775.3146461,32.30477692,,,,801.9409077,2325.971006,2145.971006,180.0000004,2325.971006,0,1,0,0,0.373696059,200.4852269,0.922612965,581.4927517,536.4927515,45.00000019,1,0,0,0.373696059,200.4852269,0.922612965,581.4927517,536.4927515,45.00000019,1,0,0,0.373696059,200.4852269,0.922612965,581.4927515,536.4927515,45,1,0,0,0.373696059,200.4852269,0.922612965,581.4927515,536.4927515,45,1,,,0.101,216.7430716,2145.971006,2145.971006,0,66.52510119,0,,,276.915459,5.68E-14,119.0736474,4,1387.95142,0,0,0,141.0158642
123,1,124,0.1016,0,0,1387.95142,,,,0,0,1,2422.886465,2422.886465,0,387.6618343,80.43983063,0,,,369.2674404,2422.886465,2325.971006,96.91545859,2422.886465,0,1,0,0,0.15875891,123.0909731,0.96,807.6382201,775.3326913,32.30552881,1,0,0,0.158758402,123.0891468,0.96,807.6288216,775.3236687,32.30515286,1,0,0,0.158757894,123.0873206,0.96,807.619423,775.3146461,32.30477692,,,,801.9409077,2325.971006,2145.971006,180.0000004,2325.971006,0,1,0,0,0.373696059,200.4852269,0.922612965,581.4927515,536.4927515,45,1,0,0,0.373696059,200.4852269,0.922612965,581.4927517,536.4927515,45.00000019,1,0,0,0.373696059,200.4852269,0.922612965,581.4927515,536.4927515,45,1,0,0,0.373696059,200.4852269,0.922612965,581.4927517,536.4927515,45.00000019,1,,,0.101,216.7430716,2145.971006,2145.971006,0,66.52510119,0,,,276.915459,8.53E-14,119.0736474,4,1387.95142,0,0,0,141.0158642
124,1,125,0.1016,0,0,1387.95142,,,,0,0,1,2422.886465,2422.886465,0,387.6618343,80.43983063,0,,,369.2674404,2422.886465,2325.971006,96.91545859,2422.886465,0,1,0,0,0.15875891,123.0909731,0.96,807.6382201,775.3326913,32.30552881,1,0,0,0.158758402,123.0891468,0.96,807.6288216,775.3236687,32.30515286,1,0,0,0.158757894,123.0873206,0.96,807.619423,775.3146461,32.30477692,,,,801.9409077,2325.971006,2145.971006,180.0000004,2325.971006,0,1,0,0,0.373696059,200.4852269,0.922612965,581.4927517,536.4927515,45.00000019,1,0,0,0.373696059,200.4852269,0.922612965,581.4927515,536.4927515,45,1,0,0,0.373696059,200.4852269,0.922612965,581.4927515,536.4927515,45,1,0,0,0.373696059,200.4852269,0.922612965,581.4927517,536.4927515,45.00000019,1,,,0.101,216.7430716,2145.971006,2145.971006,0,66.52510119,0,,,276.915459,-2.84E-14,119.0736474,4,1387.95142,0,0,0,141.0158642
125,1,126,0.1016,0,0,1387.95142,,,,0,0,1,2422.886465,2422.886465,0,387.6618343,80.43983063,0,,,369.2674404,2422.886465,2325.971006,96.91545859,2422.886465,0,1,0,0,0.15875891,123.0909731,0.96,807.6382201,775.3326913,32.30552881,1,0,0,0.158758402,123.0891468,0.96,807.6288216,775.3236687,32.30515286,1,0,0,0.158757894,123.0873206,0.96,807.619423,775.3146461,32.30477692,,,,801.9409077,2325.971006,2145.971006,180.0000004,2325.971006,0,1,0,0,0.373696059,200.4852269,0.922612965,581.4927515,536.4927515,45,1,0,0,0.373696059,200.4852269,0.922612965,581.4927517,536.4927515,45.00000019,1,0,0,0.373696059,200.4852269,0.922612965,581.4927515,536.4927515,45,1,0,0,0.373696059,200.4852269,0.922612965,581.4927517,536.4927515,45.00000019,1,,,0.101,216.7430716,2145.971006,2145.971006,0,66.52510119,0,,,276.915459,1.14E-13,119.0736474,4,1387.95142,0,0,0,141.0158642
126,1,127,0.1016,0,0,1387.95142,,,,0,0,1,2422.886465,2422.886465,0,387.6618343,80.43983063,0,,,369.2674404,2422.886465,2325.971006,96.91545859,2422.886465,0,1,0,0,0.15875891,123.0909731,0.96,807.6382201,775.3326913,32.30552881,1,0,0,0.158758402,123.0891468,0.96,807.6288216,775.3236687,32.30515286,1,0,0,0.158757894,123.0873206,0.96,807.619423,775.3146461,32.30477692,,,,801.9409077,2325.971006,2145.971006,180,2325.971006,-2.27E-12,1,0,0,0.373696059,200.4852269,0.922612965,581.4927515,536.4927515,45,1,0,0,0.373696059,200.4852269,0.922612965,581.4927515,536.4927515,45,1,0,0,0.373696059,200.4852269,0.922612965,581.4927515,536.4927515,45,1,0,0,0.373696059,200.4852269,0.922612965,581.4927515,536.4927515,45,1,,,0.101,216.7430716,2145.971006,2145.971006,0,66.52510119,0,,,276.9154586,2.84E-14,119.0736472,4,1387.95142,0,0,0,141.0158642
127,1,128,0.1016,0,0,1387.95142,,,,0,0,1,2422.886465,2422.886465,0,387.6618343,80.43983063,0,,,369.2674404,2422.886465,2325.971006,96.91545859,2422.886465,0,1,0,0,0.15875891,123.0909731,0.96,807.6382201,775.3326913,32.30552881,1,0,0,0.158758402,123.0891468,0.96,807.6288216,775.3236687,32.30515286,1,0,0,0.158757894,123.0873206,0.96,807.619423,775.3146461,32.30477692,,,,801.9409077,2325.971006,2145.971006,180.0000006,2325.971007,0,1,0,0,0.373696059,200.4852269,0.922612965,581.4927515,536.4927515,45,1,0,0,0.373696059,200.4852269,0.922612965,581.4927517,536.4927515,45.00000019,1,0,0,0.373696059,200.4852269,0.922612965,581.4927517,536.4927515,45.00000019,1,0,0,0.373696059,200.4852269,0.922612965,581.4927517,536.4927515,45.00000019,1,,,0.101,216.7430716,2145.971006,2145.971006,0,66.52510119,0,,,276.9154592,-1.14E-13,119.0736474,4,1387.95142,0,0,0,141.0158642
128,1,129,0.1016,0,0,1387.95142,,,,0,0,1,2422.886465,2422.886465,0,387.6618343,80.43983063,0,,,369.2674404,2422.886465,2325.971006,96.91545859,2422.886465,0,1,0,0,0.15875891,123.0909731,0.96,807.6382201,775.3326913,32.30552881,1,0,0,0.158758402,123.0891468,0.96,807.6288216,775.3236687,32.30515286,1,0,0,0.158757894,123.0873206,0.96,807.619423,775.3146461,32.30477692,,,,801.9409077,2325.971006,2145.971006,180.0000004,2325.971006,0,1,0,0,0.373696059,200.4852269,0.922612965,581.4927517,536.4927515,45.00000019,1,0,0,0.373696059,200.4852269,0.922612965,581.4927515,536.4927515,45,1,0,0,0.373696059,200.4852269,0.922612965,581.4927517,536.4927515,45.00000019,1,0,0,0.373696059,200.4852269,0.922612965,581.4927515,536.4927515,45,1,,,0.101,216.7430716,2145.971006,2145.971006,0,66.52510119,0,,,276.915459,-2.84E-14,119.0736474,4,1387.95142,0,0,0,141.0158642
129,1,130,0.1016,0,0,1387.95142,,,,0,0,1,2422.886465,2422.886465,0,387.6618343,80.43983063,0,,,369.2674404,2422.886465,2325.971006,96.91545859,2422.886465,0,1,0,0,0.15875891,123.0909731,0.96,807.6382201,775.3326913,32.30552881,1,0,0,0.158758402,123.0891468,0.96,807.6288216,775.3236687,32.30515286,1,0,0,0.158757894,123.0873206,0.96,807.619423,775.3146461,32.30477692,,,,801.9409077,2325.971006,2145.971006,180.0000004,2325.971006,0,1,0,0,0.373696059,200.4852269,0.922612965,581.4927517,536.4927515,45.00000019,1,0,0,0.373696059,200.4852269,0.922612965,581.4927515,536.4927515,45,1,0,0,0.373696059,200.4852269,0.922612965,581.4927515,536.4927515,45,1,0,0,0.373696059,200.4852269,0.922612965,581.4927517,536.4927515,45.00000019,1,,,0.101,216.7430716,2145.971006,2145.971006,0,66.52510119,0,,,276.915459,1.14E-13,119.0736474,4,1387.95142,0,0,0,141.0158642
130,1,131,0.1016,0,0,1387.95142,,,,0,0,1,2422.886465,2422.886465,0,387.6618343,80.43983063,0,,,369.2674404,2422.886465,2325.971006,96.91545859,2422.886465,0,1,0,0,0.15875891,123.0909731,0.96,807.6382201,775.3326913,32.30552881,1,0,0,0.158758402,123.0891468,0.96,807.6288216,775.3236687,32.30515286,1,0,0,0.158757894,123.0873206,0.96,807.619423,775.3146461,32.30477692,,,,801.9409077,2325.971006,2145.971006,180.0000002,2325.971006,0,1,0,0,0.373696059,200.4852269,0.922612965,581.4927517,536.4927515,45.00000019,1,0,0,0.373696059,200.4852269,0.922612965,581.4927515,536.4927515,45,1,0,0,0.373696059,200.4852269,0.922612965,581.4927515,536.4927515,45,1,0,0,0.373696059,200.4852269,0.922612965,581.4927515,536.4927515,45,1,,,0.101,216.7430716,2145.971006,2145.971006,0,66.52510119,0,,,276.9154588,1.71E-13,119.0736473,4,1387.95142,0,0,0,141.0158642
131,1,132,0.1016,0,0,1387.95142,,,,0,0,1,2422.886465,2422.886465,0,387.6618343,80.43983063,0,,,369.2674404,2422.886465,2325.971006,96.91545859,2422.886465,0,1,0,0,0.15875891,123.0909731,0.96,807.6382201,775.3326913,32.30552881,1,0,0,0.158758402,123.0891468,0.96,807.6288216,775.3236687,32.30515286,1,0,0,0.158757894,123.0873206,0.96,807.619423,775.3146461,32.30477692,,,,801.9409077,2325.971006,2145.971006,180.0000006,2325.971007,0,1,0,0,0.373696059,200.4852269,0.922612965,581.4927517,536.4927515,45.00000019,1,0,0,0.373696059,200.4852269,0.922612965,581.4927517,536.4927515,45.00000019,1,0,0,0.373696059,200.4852269,0.922612965,581.4927517,536.4927515,45.00000019,1,0,0,0.373696059,200.4852269,0.922612965,581.4927515,536.4927515,45,1,,,0.101,216.7430716,2145.971006,2145.971006,0,66.52510119,0,,,276.9154592,0,119.0736474,4,1387.95142,0,0,0,141.0158642
132,1,133,0.1016,0,0,1387.95142,,,,0,0,1,2422.886465,2422.886465,0,387.6618343,80.43983063,0,,,369.2674404,2422.886465,2325.971006,96.91545859,2422.886465,0,1,0,0,0.15875891,123.0909731,0.96,807.6382201,775.3326913,32.30552881,1,0,0,0.158758402,123.0891468,0.96,807.6288216,775.3236687,32.30515286,1,0,0,0.158757894,123.0873206,0.96,807.619423,775.3146461,32.30477692,,,,801.9409077,2325.971006,2145.971006,180.0000002,2325.971006,0,1,0,0,0.373696059,200.4852269,0.922612965,581.4927515,536.4927515,45,1,0,0,0.373696059,200.4852269,0.922612965,581.4927515,536.4927515,45,1,0,0,0.373696059,200.4852269,0.922612965,581.4927515,536.4927515,45,1,0,0,0.373696059,200.4852269,0.922612965,581.4927517,536.4927515,45.00000019,1,,,0.101,216.7430716,2145.971006,2145.971006,0,66.52510119,0,,,276.9154588,8.53E-14,119.0736473,4,1387.95142,0,0,0,141.0158642
133,1,134,0.1016,0,0,1387.95142,,,,0,0,1,2422.886465,2422.886465,0,387.6618343,80.43983063,0,,,369.2674404,2422.886465,2325.971006,96.91545859,2422.886465,0,1,0,0,0.15875891,123.0909731,0.96,807.6382201,775.3326913,32.30552881,1,0,0,0.158758402,123.0891468,0.96,807.6288216,775.3236687,32.30515286,1,0,0,0.158757894,123.0873206,0.96,807.619423,775.3146461,32.30477692,,,,801.9409077,2325.971006,2145.971006,180,2325.971006,-1.18E-11,1,0,0,0.373696059,200.4852269,0.922612965,581.4927515,536.4927515,45,1,0,0,0.373696059,200.4852269,0.922612965,581.4927515,536.4927515,45,1,0,0,0.373696059,200.4852269,0.922612965,581.4927515,536.4927515,45,1,0,0,0.373696059,200.4852269,0.922612965,581.4927515,536.4927515,45,1,,,0.101,216.7430716,2145.971006,2145.971006,0,66.52510119,0,,,276.9154586,-8.53E-14,119.0736472,4,1387.95142,0,0,0,141.0158642
134,1,135,0.1016,0,0,1387.95142,,,,0,0,1,2422.886465,2422.886465,0,387.6618343,80.43983063,0,,,369.2674404,2422.886465,2325.971006,96.91545859,2422.886465,0,1,0,0,0.15875891,123.0909731,0.96,807.6382201,775.3326913,32.30552881,1,0,0,0.158758402,123.0891468,0.96,807.6288216,775.3236687,32.30515286,1,0,0,0.158757894,123.0873206,0.96,807.619423,775.3146461,32.30477692,,,,801.9409077,2325.971006,2145.971006,180.0000006,2325.971007,0,1,0,0,0.373696059,200.4852269,0.922612965,581.4927517,536.4927515,45.00000019,1,0,0,0.373696059,200.4852269,0.922612965,581.4927517,536.4927515,45.00000019,1,0,0,0.373696059,200.4852269,0.922612965,581.4927517,536.4927515,45.00000019,1,0,0,0.373696059,200.4852269,0.922612965,581.4927515,536.4927515,45,1,,,0.101,216.7430716,2145.971006,2145.971006,0,66.52510119,0,,,276.9154592,1.42E-13,119.0736474,4,1387.95142,0,0,0,141.0158642
135,1,136,0.1016,0,0,1387.95142,,,,0,0,1,2422.886465,2422.886465,0,387.6618343,80.43983063,0,,,369.2674404,2422.886465,2325.971006,96.91545859,2422.886465,0,1,0,0,0.15875891,123.0909731,0.96,807.6382201,775.3326913,32.30552881,1,0,0,0.158758402,123.0891468,0.96,807.6288216,775.3236687,32.30515286,1,0,0,0.158757894,123.0873206,0.96,807.619423,775.3146461,32.30477692,,,,801.9409077,2325.971006,2145.971006,180.0000002,2325.971006,0,1,0,0,0.373696059,200.4852269,0.922612965,581.4927517,536.4927515,45.00000019,1,0,0,0.373696059,200.4852269,0.922612965,581.4927515,536.4927515,45,1,0,0,0.373696059,200.4852269,0.922612965,581.4927515,536.4927515,45,1,0,0,0.373696059,200.4852269,0.922612965,581.4927515,536.4927515,45,1,,,0.101,216.7430716,2145.971006,2145.971006,0,66.52510119,0,,,276.9154588,5.68E-14,119.0736473,4,1387.95142,0,0,0,141.0158642
136,1,137,0.1016,0,0,1387.95142,,,,0,0,1,2422.886465,2422.886465,0,387.6618343,80.43983063,0,,,369.2674404,2422.886465,2325.971006,96.91545859,2422.886465,0,1,0,0,0.15875891,123.0909731,0.96,807.6382201,775.3326913,32.30552881,1,0,0,0.158758402,123.0891468,0.96,807.6288216,775.3236687,32.30515286,1,0,0,0.158757894,123.0873206,0.96,807.619423,775.3146461,32.30477692,,,,801.9409077,2325.971006,2145.971006,180,2325.971006,-1.00E-10,1,0,0,0.373696059,200.4852269,0.922612965,581.4927515,536.4927515,45,1,0,0,0.373696059,200.4852269,0.922612965,581.4927515,536.4927515,45,1,0,0,0.373696059,200.4852269,0.922612965,581.4927515,536.4927515,45,1,0,0,0.373696059,200.4852269,0.922612965,581.4927515,536.4927515,45,1,,,0.101,216.7430716,2145.971006,2145.971006,0,66.52510119,0,,,276.9154586,2.84E-14,119.0736472,4,1387.95142,0,0,0,141.0158642
137,1,138,0.13994,0,0,1387.95142,,,,0,0,1,2422.886465,2422.886465,0,387.6618343,80.43983063,0,,,369.2674404,2422.886465,2325.971006,96.91545859,2422.886465,0,1,0,0,0.15875891,123.0909731,0.96,807.6382201,775.3326913,32.30552881,1,0,0,0.158758402,123.0891468,0.96,807.6288216,775.3236687,32.30515286,1,0,0,0.158757894,123.0873206,0.96,807.619423,775.3146461,32.30477692,,,,801.9409077,2325.971006,2145.971006,180.0000004,2325.971006,0,1,0,0,0.373696059,200.4852269,0.922612965,581.4927515,536.4927515,45,1,0,0,0.373696059,200.4852269,0.922612965,581.4927517,536.4927515,45.00000019,1,0,0,0.373696059,200.4852269,0.922612965,581.4927515,536.4927515,45,1,0,0,0.373696059,200.4852269,0.922612965,581.4927517,536.4927515,45.00000019,1,,,0.101,216.7430716,2145.971006,2145.971006,0,66.52510119,0,,,276.915459,5.68E-14,119.0736474,4,1387.95142,0,0,0,194.2299217
138,1,139,0.13994,0,0,1387.95142,,,,0,0,1,2422.886465,2422.886465,0,387.6618343,80.43983063,0,,,369.2674404,2422.886465,2325.971006,96.91545859,2422.886465,0,1,0,0,0.15875891,123.0909731,0.96,807.6382201,775.3326913,32.30552881,1,0,0,0.158758402,123.0891468,0.96,807.6288216,775.3236687,32.30515286,1,0,0,0.158757894,123.0873206,0.96,807.619423,775.3146461,32.30477692,,,,801.9409077,2325.971006,2145.971006,180.0000004,2325.971006,0,1,0,0,0.373696059,200.4852269,0.922612965,581.4927515,536.4927515,45,1,0,0,0.373696059,200.4852269,0.922612965,581.4927515,536.4927515,45,1,0,0,0.373696059,200.4852269,0.922612965,581.4927517,536.4927515,45.00000019,1,0,0,0.373696059,200.4852269,0.922612965,581.4927517,536.4927515,45.00000019,1,,,0.101,216.7430716,2145.971006,2145.971006,0,66.52510119,0,,,276.915459,2.84E-14,119.0736474,4,1387.95142,0,0,0,194.2299217
139,1,140,0.13994,0,0,1387.95142,,,,0,0,1,2422.886465,2422.886465,0,387.6618343,80.43983063,0,,,369.2674404,2422.886465,2325.971006,96.91545859,2422.886465,0,1,0,0,0.15875891,123.0909731,0.96,807.6382201,775.3326913,32.30552881,1,0,0,0.158758402,123.0891468,0.96,807.6288216,775.3236687,32.30515286,1,0,0,0.158757894,123.0873206,0.96,807.619423,775.3146461,32.30477692,,,,801.9409077,2325.971006,2145.971006,180.0000004,2325.971006,0,1,0,0,0.373696059,200.4852269,0.922612965,581.4927515,536.4927515,45,1,0,0,0.373696059,200.4852269,0.922612965,581.4927515,536.4927515,45,1,0,0,0.373696059,200.4852269,0.922612965,581.4927517,536.4927515,45.00000019,1,0,0,0.373696059,200.4852269,0.922612965,581.4927517,536.4927515,45.00000019,1,,,0.101,216.7430716,2145.971006,2145.971006,0,66.52510119,0,,,276.915459,2.84E-14,119.0736474,4,1387.95142,0,0,0,194.2299217
140,1,141,0.13994,0,0,1387.95142,,,,0,0,1,2422.886465,2422.886465,0,387.6618343,80.43983063,0,,,369.2674404,2422.886465,2325.971006,96.91545859,2422.886465,0,1,0,0,0.15875891,123.0909731,0.96,807.6382201,775.3326913,32.30552881,1,0,0,0.158758402,123.0891468,0.96,807.6288216,775.3236687,32.30515286,1,0,0,0.158757894,123.0873206,0.96,807.619423,775.3146461,32.30477692,,,,801.9409077,2325.971006,2145.971006,180.0000006,2325.971007,0,1,0,0,0.373696059,200.4852269,0.922612965,581.4927517,536.4927515,45.00000019,1,0,0,0.373696059,200.4852269,0.922612965,581.4927517,536.4927515,45.00000019,1,0,0,0.373696059,200.4852269,0.922612965,581.4927517,536.4927515,45.00000019,1,0,0,0.373696059,200.4852269,0.922612965,581.4927515,536.4927515,45,1,,,0.101,216.7430716,2145.971006,2145.971006,0,66.52510119,0,,,276.9154592,-1.14E-13,119.0736474,4,1387.95142,0,0,0,194.2299217
141,1,142,0.13994,0,0,1387.95142,,,,0,0,1,2422.886465,2422.886465,0,387.6618343,80.43983063,0,,,369.2674404,2422.886465,2325.971006,96.91545859,2422.886465,0,1,0,0,0.15875891,123.0909731,0.96,807.6382201,775.3326913,32.30552881,1,0,0,0.158758402,123.0891468,0.96,807.6288216,775.3236687,32.30515286,1,0,0,0.158757894,123.0873206,0.96,807.619423,775.3146461,32.30477692,,,,801.9409077,2325.971006,2145.971006,180.0000002,2325.971006,0,1,0,0,0.373696059,200.4852269,0.922612965,581.4927515,536.4927515,45,1,0,0,0.373696059,200.4852269,0.922612965,581.4927515,536.4927515,45,1,0,0,0.373696059,200.4852269,0.922612965,581.4927515,536.4927515,45,1,0,0,0.373696059,200.4852269,0.922612965,581.4927517,536.4927515,45.00000019,1,,,0.101,216.7430716,2145.971006,2145.971006,0,66.52510119,0,,,276.9154588,8.53E-14,119.0736473,4,1387.95142,0,0,0,194.2299217
142,1,143,0.1016,0,0,1387.95142,,,,0,0,1,2422.886465,2422.886465,0,387.6618343,80.43983063,0,,,369.2674404,2422.886465,2325.971006,96.91545859,2422.886465,0,1,0,0,0.15875891,123.0909731,0.96,807.6382201,775.3326913,32.30552881,1,0,0,0.158758402,123.0891468,0.96,807.6288216,775.3236687,32.30515286,1,0,0,0.158757894,123.0873206,0.96,807.619423,775.3146461,32.30477692,,,,801.9409077,2325.971006,2145.971006,180,2325.971006,-1.41E-11,1,0,0,0.373696059,200.4852269,0.922612965,581.4927515,536.4927515,45,1,0,0,0.373696059,200.4852269,0.922612965,581.4927515,536.4927515,45,1,0,0,0.373696059,200.4852269,0.922612965,581.4927515,536.4927515,45,1,0,0,0.373696059,200.4852269,0.922612965,581.4927515,536.4927515,45,1,,,0.101,216.7430716,2145.971006,2145.971006,0,66.52510119,0,,,276.9154586,8.53E-14,119.0736472,4,1387.95142,0,0,0,141.0158642
143,1,144,0.1016,0,0,1387.95142,,,,0,0,1,2422.886465,2422.886465,0,387.6618343,80.43983063,0,,,369.2674404,2422.886465,2325.971006,96.91545859,2422.886465,0,1,0,0,0.15875891,123.0909731,0.96,807.6382201,775.3326913,32.30552881,1,0,0,0.158758402,123.0891468,0.96,807.6288216,775.3236687,32.30515286,1,0,0,0.158757894,123.0873206,0.96,807.619423,775.3146461,32.30477692,,,,801.9409077,2325.971006,2145.971006,180.0000006,2325.971007,0,1,0,0,0.373696059,200.4852269,0.922612965,581.4927517,536.4927515,45.00000019,1,0,0,0.373696059,200.4852269,0.922612965,581.4927515,536.4927515,45,1,0,0,0.373696059,200.4852269,0.922612965,581.4927517,536.4927515,45.00000019,1,0,0,0.373696059,200.4852269,0.922612965,581.4927517,536.4927515,45.00000019,1,,,0.101,216.7430716,2145.971006,2145.971006,0,66.52510119,0,,,276.9154592,-5.68E-14,119.0736474,4,1387.95142,0,0,0,141.0158642
144,1,145,0.1016,0,0,1387.95142,,,,0,0,1,2422.886465,2422.886465,0,387.6618343,80.43983063,0,,,369.2674404,2422.886465,2325.971006,96.91545859,2422.886465,0,1,0,0,0.15875891,123.0909731,0.96,807.6382201,775.3326913,32.30552881,1,0,0,0.158758402,123.0891468,0.96,807.6288216,775.3236687,32.30515286,1,0,0,0.158757894,123.0873206,0.96,807.619423,775.3146461,32.30477692,,,,801.9409077,2325.971006,2145.971006,180.0000004,2325.971006,0,1,0,0,0.373696059,200.4852269,0.922612965,581.4927517,536.4927515,45.00000019,1,0,0,0.373696059,200.4852269,0.922612965,581.4927515,536.4927515,45,1,0,0,0.373696059,200.4852269,0.922612965,581.4927515,536.4927515,45,1,0,0,0.373696059,200.4852269,0.922612965,581.4927517,536.4927515,45.00000019,1,,,0.101,216.7430716,2145.971006,2145.971006,0,66.52510119,0,,,276.915459,-5.68E-14,119.0736474,4,1387.95142,0,0,0,141.0158642
145,1,146,0.1016,0,0,1387.95142,,,,0,0,1,2422.886465,2422.886465,0,387.6618343,80.43983063,0,,,369.2674404,2422.886465,2325.971006,96.91545859,2422.886465,0,1,0,0,0.15875891,123.0909731,0.96,807.6382201,775.3326913,32.30552881,1,0,0,0.158758402,123.0891468,0.96,807.6288216,775.3236687,32.30515286,1,0,0,0.158757894,123.0873206,0.96,807.619423,775.3146461,32.30477692,,,,801.9409077,2325.971006,2145.971006,180.0000004,2325.971006,0,1,0,0,0.373696059,200.4852269,0.922612965,581.4927517,536.4927515,45.00000019,1,0,0,0.373696059,200.4852269,0.922612965,581.4927517,536.4927515,45.00000019,1,0,0,0.373696059,200.4852269,0.922612965,581.4927515,536.4927515,45,1,0,0,0.373696059,200.4852269,0.922612965,581.4927515,536.4927515,45,1,,,0.101,216.7430716,2145.971006,2145.971006,0,66.52510119,0,,,276.915459,1.14E-13,119.0736474,4,1387.95142,0,0,0,141.0158642
146,1,147,0.1016,0,0,1387.95142,,,,0,0,1,2422.886465,2422.886465,0,387.6618343,80.43983063,0,,,369.2674404,2422.886465,2325.971006,96.91545859,2422.886465,0,1,0,0,0.15875891,123.0909731,0.96,807.6382201,775.3326913,32.30552881,1,0,0,0.158758402,123.0891468,0.96,807.6288216,775.3236687,32.30515286,1,0,0,0.158757894,123.0873206,0.96,807.619423,775.3146461,32.30477692,,,,801.9409077,2325.971006,2145.971006,180,2325.971006,-3.18E-12,1,0,0,0.373696059,200.4852269,0.922612965,581.4927515,536.4927515,45,1,0,0,0.373696059,200.4852269,0.922612965,581.4927515,536.4927515,45,1,0,0,0.373696059,200.4852269,0.922612965,581.4927515,536.4927515,45,1,0,0,0.373696059,200.4852269,0.922612965,581.4927515,536.4927515,45,1,,,0.101,216.7430716,2145.971006,2145.971006,0,66.52510119,0,,,276.9154586,1.14E-13,119.0736472,4,1387.95142,0,0,0,141.0158642
147,1,148,0.1016,0,0,1387.95142,,,,0,0,1,2422.886465,2422.886465,0,387.6618343,80.43983063,0,,,369.2674404,2422.886465,2325.971006,96.91545859,2422.886465,0,1,0,0,0.15875891,123.0909731,0.96,807.6382201,775.3326913,32.30552881,1,0,0,0.158758402,123.0891468,0.96,807.6288216,775.3236687,32.30515286,1,0,0,0.158757894,123.0873206,0.96,807.619423,775.3146461,32.30477692,,,,801.9409077,2325.971006,2145.971006,180.0000002,2325.971006,0,1,0,0,0.373696059,200.4852269,0.922612965,581.4927515,536.4927515,45,1,0,0,0.373696059,200.4852269,0.922612965,581.4927515,536.4927515,45,1,0,0,0.373696059,200.4852269,0.922612965,581.4927517,536.4927515,45.00000019,1,0,0,0.373696059,200.4852269,0.922612965,581.4927515,536.4927515,45,1,,,0.101,216.7430716,2145.971006,2145.971006,0,66.52510119,0,,,276.9154588,1.71E-13,119.0736473,4,1387.95142,0,0,0,141.0158642
148,1,149,0.1016,0,0,1387.95142,,,,0,0,1,2422.886465,2422.886465,0,387.6618343,80.43983063,0,,,369.2674404,2422.886465,2325.971006,96.91545859,2422.886465,0,1,0,0,0.15875891,123.0909731,0.96,807.6382201,775.3326913,32.30552881,1,0,0,0.158758402,123.0891468,0.96,807.6288216,775.3236687,32.30515286,1,0,0,0.158757894,123.0873206,0.96,807.619423,775.3146461,32.30477692,,,,801.9409077,2325.971006,2145.971006,180.0000006,2325.971007,0,1,0,0,0.373696059,200.4852269,0.922612965,581.4927517,536.4927515,45.00000019,1,0,0,0.373696059,200.4852269,0.922612965,581.4927517,536.4927515,45.00000019,1,0,0,0.373696059,200.4852269,0.922612965,581.4927517,536.4927515,45.00000019,1,0,0,0.373696059,200.4852269,0.922612965,581.4927515,536.4927515,45,1,,,0.101,216.7430716,2145.971006,2145.971006,0,66.52510119,0,,,276.9154592,8.53E-14,119.0736474,4,1387.95142,0,0,0,141.0158642
149,1,150,0.1016,0,0,1387.95142,,,,0,0,1,2422.886465,2422.886465,0,387.6618343,80.43983063,0,,,369.2674404,2422.886465,2325.971006,96.91545859,2422.886465,0,1,0,0,0.15875891,123.0909731,0.96,807.6382201,775.3326913,32.30552881,1,0,0,0.158758402,123.0891468,0.96,807.6288216,775.3236687,32.30515286,1,0,0,0.158757894,123.0873206,0.96,807.619423,775.3146461,32.30477692,,,,801.9409077,2325.971006,2145.971006,180.0000004,2325.971006,0,1,0,0,0.373696059,200.4852269,0.922612965,581.4927517,536.4927515,45.00000019,1,0,0,0.373696059,200.4852269,0.922612965,581.4927515,536.4927515,45,1,0,0,0.373696059,200.4852269,0.922612965,581.4927515,536.4927515,45,1,0,0,0.373696059,200.4852269,0.922612965,581.4927517,536.4927515,45.00000019,1,,,0.101,216.7430716,2145.971006,2145.971006,0,66.52510119,0,,,276.915459,-1.71E-13,119.0736474,4,1387.95142,0,0,0,141.0158642
150,1,151,0.1016,0,0,1387.95142,,,,0,0,1,2422.886465,2422.886465,0,387.6618343,80.43983063,0,,,369.2674404,2422.886465,2325.971006,96.91545859,2422.886465,0,1,0,0,0.15875891,123.0909731,0.96,807.6382201,775.3326913,32.30552881,1,0,0,0.158758402,123.0891468,0.96,807.6288216,775.3236687,32.30515286,1,0,0,0.158757894,123.0873206,0.96,807.619423,775.3146461,32.30477692,,,,801.9409077,2325.971006,2145.971006,180.0000004,2325.971006,0,1,0,0,0.373696059,200.4852269,0.922612965,581.4927517,536.4927515,45.00000019,1,0,0,0.373696059,200.4852269,0.922612965,581.4927515,536.4927515,45,1,0,0,0.373696059,200.4852269,0.922612965,581.4927515,536.4927515,45,1,0,0,0.373696059,200.4852269,0.922612965,581.4927517,536.4927515,45.00000019,1,,,0.101,216.7430716,2145.971006,2145.971006,0,66.52510119,0,,,276.915459,1.42E-13,119.0736474,4,1387.95142,0,0,0,141.0158642
151,1,152,0.1016,0,0,1387.95142,,,,0,0,1,2422.886465,2422.886465,0,387.6618343,80.43983063,0,,,369.2674404,2422.886465,2325.971006,96.91545859,2422.886465,0,1,0,0,0.15875891,123.0909731,0.96,807.6382201,775.3326913,32.30552881,1,0,0,0.158758402,123.0891468,0.96,807.6288216,775.3236687,32.30515286,1,0,0,0.158757894,123.0873206,0.96,807.619423,775.3146461,32.30477692,,,,801.9409077,2325.971006,2145.971006,180.0000002,2325.971006,0,1,0,0,0.373696059,200.4852269,0.922612965,581.4927515,536.4927515,45,1,0,0,0.373696059,200.4852269,0.922612965,581.4927515,536.4927515,45,1,0,0,0.373696059,200.4852269,0.922612965,581.4927515,536.4927515,45,1,0,0,0.373696059,200.4852269,0.922612965,581.4927517,536.4927515,45.00000019,1,,,0.101,216.7430716,2145.971006,2145.971006,0,66.52510119,0,,,276.9154588,8.53E-14,119.0736473,4,1387.95142,0,0,0,141.0158642
152,1,153,0.1016,0,0,1387.95142,,,,0,0,1,2422.886465,2422.886465,0,387.6618343,80.43983063,0,,,369.2674404,2422.886465,2325.971006,96.91545859,2422.886465,0,1,0,0,0.15875891,123.0909731,0.96,807.6382201,775.3326913,32.30552881,1,0,0,0.158758402,123.0891468,0.96,807.6288216,775.3236687,32.30515286,1,0,0,0.158757894,123.0873206,0.96,807.619423,775.3146461,32.30477692,,,,801.9409077,2325.971006,2145.971006,180.0000004,2325.971006,0,1,0,0,0.373696059,200.4852269,0.922612965,581.4927515,536.4927515,45,1,0,0,0.373696059,200.4852269,0.922612965,581.4927517,536.4927515,45.00000019,1,0,0,0.373696059,200.4852269,0.922612965,581.4927517,536.4927515,45.00000019,1,0,0,0.373696059,200.4852269,0.922612965,581.4927515,536.4927515,45,1,,,0.101,216.7430716,2145.971006,2145.971006,0,66.52510119,0,,,276.915459,0,119.0736474,4,1387.95142,0,0,0,141.0158642
153,1,154,0.1016,0,0,1387.95142,,,,0,0,1,2422.886465,2422.886465,0,387.6618343,80.43983063,0,,,369.2674404,2422.886465,2325.971006,96.91545859,2422.886465,0,1,0,0,0.15875891,123.0909731,0.96,807.6382201,775.3326913,32.30552881,1,0,0,0.158758402,123.0891468,0.96,807.6288216,775.3236687,32.30515286,1,0,0,0.158757894,123.0873206,0.96,807.619423,775.3146461,32.30477692,,,,801.9409077,2325.971006,2145.971006,180.0000004,2325.971006,0,1,0,0,0.373696059,200.4852269,0.922612965,581.4927515,536.4927515,45,1,0,0,0.373696059,200.4852269,0.922612965,581.4927517,536.4927515,45.00000019,1,0,0,0.373696059,200.4852269,0.922612965,581.4927517,536.4927515,45.00000019,1,0,0,0.373696059,200.4852269,0.922612965,581.4927515,536.4927515,45,1,,,0.101,216.7430716,2145.971006,2145.971006,0,66.52510119,0,,,276.915459,1.42E-13,119.0736474,4,1387.95142,0,0,0,141.0158642
154,1,155,0.1016,0,0,1387.95142,,,,0,0,1,2422.886465,2422.886465,0,387.6618343,80.43983063,0,,,369.2674404,2422.886465,2325.971006,96.91545859,2422.886465,0,1,0,0,0.15875891,123.0909731,0.96,807.6382201,775.3326913,32.30552881,1,0,0,0.158758402,123.0891468,0.96,807.6288216,775.3236687,32.30515286,1,0,0,0.158757894,123.0873206,0.96,807.619423,775.3146461,32.30477692,,,,801.9409077,2325.971006,2145.971006,180.0000002,2325.971006,0,1,0,0,0.373696059,200.4852269,0.922612965,581.4927515,536.4927515,45,1,0,0,0.373696059,200.4852269,0.922612965,581.4927515,536.4927515,45,1,0,0,0.373696059,200.4852269,0.922612965,581.4927515,536.4927515,45,1,0,0,0.373696059,200.4852269,0.922612965,581.4927517,536.4927515,45.00000019,1,,,0.101,216.7430716,2145.971006,2145.971006,0,66.52510119,0,,,276.9154588,-1.42E-13,119.0736473,4,1387.95142,0,0,0,141.0158642
155,1,156,0.1016,0,0,1387.95142,,,,0,0,1,2422.886465,2422.886465,0,387.6618343,80.43983063,0,,,369.2674404,2422.886465,2325.971006,96.91545859,2422.886465,0,1,0,0,0.15875891,123.0909731,0.96,807.6382201,775.3326913,32.30552881,1,0,0,0.158758402,123.0891468,0.96,807.6288216,775.3236687,32.30515286,1,0,0,0.158757894,123.0873206,0.96,807.619423,775.3146461,32.30477692,,,,801.9409077,2325.971006,2145.971006,180.0000002,2325.971006,0,1,0,0,0.373696059,200.4852269,0.922612965,581.4927517,536.4927515,45.00000019,1,0,0,0.373696059,200.4852269,0.922612965,581.4927515,536.4927515,45,1,0,0,0.373696059,200.4852269,0.922612965,581.4927515,536.4927515,45,1,0,0,0.373696059,200.4852269,0.922612965,581.4927515,536.4927515,45,1,,,0.101,216.7430716,2145.971006,2145.971006,0,66.52510119,0,,,276.9154588,1.71E-13,119.0736473,4,1387.95142,0,0,0,141.0158642
156,1,157,0.1016,0,0,1387.95142,,,,0,0,1,2422.886465,2422.886465,0,387.6618343,80.43983063,0,,,369.2674404,2422.886465,2325.971006,96.91545859,2422.886465,0,1,0,0,0.15875891,123.0909731,0.96,807.6382201,775.3326913,32.30552881,1,0,0,0.158758402,123.0891468,0.96,807.6288216,775.3236687,32.30515286,1,0,0,0.158757894,123.0873206,0.96,807.619423,775.3146461,32.30477692,,,,801.9409077,2325.971006,2145.971006,180.0000002,2325.971006,0,1,0,0,0.373696059,200.4852269,0.922612965,581.4927517,536.4927515,45.00000019,1,0,0,0.373696059,200.4852269,0.922612965,581.4927515,536.4927515,45,1,0,0,0.373696059,200.4852269,0.922612965,581.4927515,536.4927515,45,1,0,0,0.373696059,200.4852269,0.922612965,581.4927515,536.4927515,45,1,,,0.101,216.7430716,2145.971006,2145.971006,0,66.52510119,0,,,276.9154588,-2.84E-14,119.0736473,4,1387.95142,0,0,0,141.0158642
157,1,158,0.1016,0,0,1387.95142,,,,0,0,1,2422.886465,2422.886465,0,387.6618343,80.43983063,0,,,369.2674404,2422.886465,2325.971006,96.91545859,2422.886465,0,1,0,0,0.15875891,123.0909731,0.96,807.6382201,775.3326913,32.30552881,1,0,0,0.158758402,123.0891468,0.96,807.6288216,775.3236687,32.30515286,1,0,0,0.158757894,123.0873206,0.96,807.619423,775.3146461,32.30477692,,,,801.9409077,2325.971006,2145.971006,180,2325.971006,-1.09E-11,1,0,0,0.373696059,200.4852269,0.922612965,581.4927515,536.4927515,45,1,0,0,0.373696059,200.4852269,0.922612965,581.4927515,536.4927515,45,1,0,0,0.373696059,200.4852269,0.922612965,581.4927515,536.4927515,45,1,0,0,0.373696059,200.4852269,0.922612965,581.4927515,536.4927515,45,1,,,0.101,216.7430716,2145.971006,2145.971006,0,66.52510119,0,,,276.9154586,2.84E-14,119.0736472,4,1387.95142,0,0,0,141.0158642
158,1,159,0.1016,0,0,1387.95142,,,,0,0,1,2422.886465,2422.886465,0,387.6618343,80.43983063,0,,,369.2674404,2422.886465,2325.971006,96.91545859,2422.886465,0,1,0,0,0.15875891,123.0909731,0.96,807.6382201,775.3326913,32.30552881,1,0,0,0.158758402,123.0891468,0.96,807.6288216,775.3236687,32.30515286,1,0,0,0.158757894,123.0873206,0.96,807.619423,775.3146461,32.30477692,,,,801.9409078,2325.971006,2145.971006,180.0000008,2325.971007,0,1,0,0,0.373696059,200.4852269,0.922612965,581.4927517,536.4927515,45.00000019,1,0,0,0.373696059,200.4852269,0.922612965,581.4927517,536.4927515,45.00000019,1,0,0,0.373696059,200.4852269,0.922612965,581.4927517,536.4927515,45.00000019,1,0,0,0.373696059,200.4852269,0.922612965,581.4927517,536.4927515,45.00000019,1,,,0.101,216.7430716,2145.971006,2145.971006,0,66.52510119,0,,,276.9154593,-5.68E-14,119.0736475,4,1387.95142,0,0,0,141.0158643
159,1,160,0.1016,0,0,1387.95142,,,,0,0,1,2422.886465,2422.886465,0,387.6618343,80.43983063,0,,,369.2674404,2422.886465,2325.971006,96.91545859,2422.886465,0,1,0,0,0.15875891,123.0909731,0.96,807.6382201,775.3326913,32.30552881,1,0,0,0.158758402,123.0891468,0.96,807.6288216,775.3236687,32.30515286,1,0,0,0.158757894,123.0873206,0.96,807.619423,775.3146461,32.30477692,,,,801.9409077,2325.971006,2145.971006,180.0000004,2325.971006,0,1,0,0,0.373696059,200.4852269,0.922612965,581.4927515,536.4927515,45,1,0,0,0.373696059,200.4852269,0.922612965,581.4927517,536.4927515,45.00000019,1,0,0,0.373696059,200.4852269,0.922612965,581.4927517,536.4927515,45.00000019,1,0,0,0.373696059,200.4852269,0.922612965,581.4927515,536.4927515,45,1,,,0.101,216.7430716,2145.971006,2145.971006,0,66.52510119,0,,,276.915459,1.14E-13,119.0736474,4,1387.95142,0,0,0,141.0158642
160,1,161,0.1016,0,0,1387.95142,,,,0,0,1,2422.886465,2422.886465,0,387.6618343,80.43983063,0,,,369.2674404,2422.886465,2325.971006,96.91545859,2422.886465,0,1,0,0,0.15875891,123.0909731,0.96,807.6382201,775.3326913,32.30552881,1,0,0,0.158758402,123.0891468,0.96,807.6288216,775.3236687,32.30515286,1,0,0,0.158757894,123.0873206,0.96,807.619423,775.3146461,32.30477692,,,,801.9409077,2325.971006,2145.971006,180.0000002,2325.971006,0,1,0,0,0.373696059,200.4852269,0.922612965,581.4927515,536.4927515,45,1,0,0,0.373696059,200.4852269,0.922612965,581.4927515,536.4927515,45,1,0,0,0.373696059,200.4852269,0.922612965,581.4927515,536.4927515,45,1,0,0,0.373696059,200.4852269,0.922612965,581.4927517,536.4927515,45.00000019,1,,,0.101,216.7430716,2145.971006,2145.971006,0,66.52510119,0,,,276.9154588,-1.71E-13,119.0736473,4,1387.95142,0,0,0,141.0158642
161,1,162,0.13994,0,0,1387.95142,,,,0,0,1,2422.886465,2422.886465,0,387.6618343,80.43983063,0,,,369.2674404,2422.886465,2325.971006,96.91545859,2422.886465,0,1,0,0,0.15875891,123.0909731,0.96,807.6382201,775.3326913,32.30552881,1,0,0,0.158758402,123.0891468,0.96,807.6288216,775.3236687,32.30515286,1,0,0,0.158757894,123.0873206,0.96,807.619423,775.3146461,32.30477692,,,,801.9409077,2325.971006,2145.971006,180.0000004,2325.971006,0,1,0,0,0.373696059,200.4852269,0.922612965,581.4927515,536.4927515,45,1,0,0,0.373696059,200.4852269,0.922612965,581.4927517,536.4927515,45.00000019,1,0,0,0.373696059,200.4852269,0.922612965,581.4927515,536.4927515,45,1,0,0,0.373696059,200.4852269,0.922612965,581.4927517,536.4927515,45.00000019,1,,,0.101,216.7430716,2145.971006,2145.971006,0,66.52510119,0,,,276.915459,2.84E-14,119.0736474,4,1387.95142,0,0,0,194.2299217
162,1,163,0.13994,0,0,1387.95142,,,,0,0,1,2422.886465,2422.886465,0,387.6618343,80.43983063,0,,,369.2674404,2422.886465,2325.971006,96.91545859,2422.886465,0,1,0,0,0.15875891,123.0909731,0.96,807.6382201,775.3326913,32.30552881,1,0,0,0.158758402,123.0891468,0.96,807.6288216,775.3236687,32.30515286,1,0,0,0.158757894,123.0873206,0.96,807.619423,775.3146461,32.30477692,,,,801.9409078,2325.971006,2145.971006,180.0000008,2325.971007,0,1,0,0,0.373696059,200.4852269,0.922612965,581.4927517,536.4927515,45.00000019,1,0,0,0.373696059,200.4852269,0.922612965,581.4927517,536.4927515,45.00000019,1,0,0,0.373696059,200.4852269,0.922612965,581.4927517,536.4927515,45.00000019,1,0,0,0.373696059,200.4852269,0.922612965,581.4927517,536.4927515,45.00000019,1,,,0.101,216.7430716,2145.971006,2145.971006,0,66.52510119,0,,,276.9154593,2.84E-14,119.0736475,4,1387.95142,0,0,0,194.2299217
163,1,164,0.13994,0,0,1387.95142,,,,0,0,1,2422.886465,2422.886465,0,387.6618343,80.43983063,0,,,369.2674404,2422.886465,2325.971006,96.91545859,2422.886465,0,1,0,0,0.15875891,123.0909731,0.96,807.6382201,775.3326913,32.30552881,1,0,0,0.158758402,123.0891468,0.96,807.6288216,775.3236687,32.30515286,1,0,0,0.158757894,123.0873206,0.96,807.619423,775.3146461,32.30477692,,,,801.9409078,2325.971006,2145.971006,180.0000004,2325.971007,0,1,0,0,0.373696059,200.4852269,0.922612965,581.4927517,536.4927515,45.00000019,1,0,0,0.373696059,200.4852269,0.922612965,581.4927517,536.4927515,45.00000019,1,0,0,0.373696059,200.4852269,0.922612965,581.4927517,536.4927515,45.00000019,1,0,0,0.373696059,200.485227,0.922612965,581.4927515,536.4927517,44.99999984,1,,,0.101,216.7430716,2145.971006,2145.971006,0,66.52510119,0,,,276.915459,-2.84E-14,119.0736474,4,1387.95142,0,0,0,194.2299217
164,1,165,0.13994,0,0,1387.95142,,,,0,0,1,2422.886465,2422.886465,0,387.6618343,80.43983063,0,,,369.2674404,2422.886465,2325.971006,96.91545859,2422.886465,0,1,0,0,0.15875891,123.0909731,0.96,807.6382201,775.3326913,32.30552881,1,0,0,0.158758402,123.0891468,0.96,807.6288216,775.3236687,32.30515286,1,0,0,0.158757894,123.0873206,0.96,807.619423,775.3146461,32.30477692,,,,801.9409077,2325.971006,2145.971006,180.0000004,2325.971006,0,1,0,0,0.373696059,200.4852269,0.922612965,581.4927517,536.4927515,45.00000019,1,0,0,0.373696059,200.4852269,0.922612965,581.4927515,536.4927515,45,1,0,0,0.373696059,200.4852269,0.922612965,581.4927517,536.4927515,45.00000019,1,0,0,0.373696059,200.4852269,0.922612965,581.4927515,536.4927515,45,1,,,0.101,216.7430716,2145.971006,2145.971006,0,66.52510119,0,,,276.915459,2.84E-14,119.0736474,4,1387.95142,0,0,0,194.2299217
165,1,166,0.13994,0,0,1387.95142,,,,0,0,1,2422.886465,2422.886465,0,387.6618343,80.43983063,0,,,369.2674404,2422.886465,2325.971006,96.91545859,2422.886465,0,1,0,0,0.15875891,123.0909731,0.96,807.6382201,775.3326913,32.30552881,1,0,0,0.158758402,123.0891468,0.96,807.6288216,775.3236687,32.30515286,1,0,0,0.158757894,123.0873206,0.96,807.619423,775.3146461,32.30477692,,,,801.9409077,2325.971006,2145.971006,180.0000004,2325.971006,0,1,0,0,0.373696059,200.4852269,0.922612965,581.4927517,536.4927515,45.00000019,1,0,0,0.373696059,200.4852269,0.922612965,581.4927515,536.4927515,45,1,0,0,0.373696059,200.4852269,0.922612965,581.4927515,536.4927515,45,1,0,0,0.373696059,200.4852269,0.922612965,581.4927517,536.4927515,45.00000019,1,,,0.101,216.7430716,2145.971006,2145.971006,0,66.52510119,0,,,276.915459,5.68E-14,119.0736474,4,1387.95142,0,0,0,194.2299217
166,1,167,0.1016,0,0,1387.95142,,,,0,0,1,2422.886465,2422.886465,0,387.6618343,80.43983063,0,,,369.2674404,2422.886465,2325.971006,96.91545859,2422.886465,0,1,0,0,0.15875891,123.0909731,0.96,807.6382201,775.3326913,32.30552881,1,0,0,0.158758402,123.0891468,0.96,807.6288216,775.3236687,32.30515286,1,0,0,0.158757894,123.0873206,0.96,807.619423,775.3146461,32.30477692,,,,801.9409077,2325.971006,2145.971006,180.0000006,2325.971007,0,1,0,0,0.373696059,200.4852269,0.922612965,581.4927515,536.4927515,45,1,0,0,0.373696059,200.4852269,0.922612965,581.4927517,536.4927515,45.00000019,1,0,0,0.373696059,200.4852269,0.922612965,581.4927517,536.4927515,45.00000019,1,0,0,0.373696059,200.4852269,0.922612965,581.4927517,536.4927515,45.00000019,1,,,0.101,216.7430716,2145.971006,2145.971006,0,66.52510119,0,,,276.9154592,8.53E-14,119.0736474,4,1387.95142,0,0,0,141.0158642
167,1,168,0.1016,0,0,1387.95142,,,,0,0,1,2422.886465,2422.886465,0,387.6618343,80.43983063,0,,,369.2674404,2422.886465,2325.971006,96.91545859,2422.886465,0,1,0,0,0.15875891,123.0909731,0.96,807.6382201,775.3326913,32.30552881,1,0,0,0.158758402,123.0891468,0.96,807.6288216,775.3236687,32.30515286,1,0,0,0.158757894,123.0873206,0.96,807.619423,775.3146461,32.30477692,,,,801.9409077,2325.971006,2145.971006,180.0000006,2325.971007,0,1,0,0,0.373696059,200.4852269,0.922612965,581.4927517,536.4927515,45.00000019,1,0,0,0.373696059,200.4852269,0.922612965,581.4927517,536.4927515,45.00000019,1,0,0,0.373696059,200.4852269,0.922612965,581.4927515,536.4927515,45,1,0,0,0.373696059,200.4852269,0.922612965,581.4927517,536.4927515,45.00000019,1,,,0.101,216.7430716,2145.971006,2145.971006,0,66.52510119,0,,,276.9154592,-5.68E-14,119.0736474,4,1387.95142,0,0,0,141.0158642
