,Day,Time,LMP,peak_hour,bypass_pretreatment_flow,power_from_grid,intake.op_mode,intake.startup,intake.shutdown,intake.energy_intensity,intake.power_consumption,intake.recovery,intake.feed_flowrate,intake.product_flowrate,intake.reject_flowrate,intake.feed_cost,intake.chemical_cost,pretreatment.op_mode,pretreatment.startup,pretreatment.shutdown,pretreatment.power_consumption,pretreatment.feed_flowrate,pretreatment.product_flowrate,pretreatment.reject_flowrate,pretreatment.inlet_flowrate,pretreatment.leftover_flow,pretreatment.uf_pumps[1].op_mode,pretreatment.uf_pumps[1].startup,pretreatment.uf_pumps[1].shutdown,pretreatment.uf_pumps[1].energy_intensity,pretreatment.uf_pumps[1].power_consumption,pretreatment.uf_pumps[1].recovery,pretreatment.uf_pumps[1].feed_flowrate,pretreatment.uf_pumps[1].product_flowrate,pretreatment.uf_pumps[1].reject_flowrate,pretreatment.uf_pumps[2].op_mode,pretreatment.uf_pumps[2].startup,pretreatment.uf_pumps[2].shutdown,pretreatment.uf_pumps[2].energy_intensity,pretreatment.uf_pumps[2].power_consumption,pretreatment.uf_pumps[2].recovery,pretreatment.uf_pumps[2].feed_flowrate,pretreatment.uf_pumps[2].product_flowrate,pretreatment.uf_pumps[2].reject_flowrate,pretreatment.uf_pumps[3].op_mode,pretreatment.uf_pumps[3].startup,pretreatment.uf_pumps[3].shutdown,pretreatment.uf_pumps[3].energy_intensity,pretreatment.uf_pumps[3].power_consumption,pretreatment.uf_pumps[3].recovery,pretreatment.uf_pumps[3].feed_flowrate,pretreatment.uf_pumps[3].product_flowrate,pretreatment.uf_pumps[3].reject_flowrate,reverse_osmosis.op_mode,reverse_osmosis.startup,reverse_osmosis.shutdown,reverse_osmosis.power_consumption,reverse_osmosis.feed_flowrate,reverse_osmosis.product_flowrate,reverse_osmosis.reject_flowrate,reverse_osmosis.inlet_flowrate,reverse_osmosis.leftover_flow,reverse_osmosis.ro_skid[1].op_mode,reverse_osmosis.ro_skid[1].startup,reverse_osmosis.ro_skid[1].shutdown,reverse_osmosis.ro_skid[1].energy_intensity,reverse_osmosis.ro_skid[1].power_consumption,reverse_osmosis.ro_skid[1].recovery,reverse_osmosis.ro_skid[1].feed_flowrate,reverse_osmosis.ro_skid[1].product_flowrate,reverse_osmosis.ro_skid[1].reject_flowrate,reverse_osmosis.ro_skid[2].op_mode,reverse_osmosis.ro_skid[2].startup,reverse_osmosis.ro_skid[2].shutdown,reverse_osmosis.ro_skid[2].energy_intensity,reverse_osmosis.ro_skid[2].power_consumption,reverse_osmosis.ro_skid[2].recovery,reverse_osmosis.ro_skid[2].feed_flowrate,reverse_osmosis.ro_skid[2].product_flowrate,reverse_osmosis.ro_skid[2].reject_flowrate,reverse_osmosis.ro_skid[3].op_mode,reverse_osmosis.ro_skid[3].startup,reverse_osmosis.ro_skid[3].shutdown,reverse_osmosis.ro_skid[3].energy_intensity,reverse_osmosis.ro_skid[3].power_consumption,reverse_osmosis.ro_skid[3].recovery,reverse_osmosis.ro_skid[3].feed_flowrate,reverse_osmosis.ro_skid[3].product_flowrate,reverse_osmosis.ro_skid[3].reject_flowrate,reverse_osmosis.ro_skid[4].op_mode,reverse_osmosis.ro_skid[4].startup,reverse_osmosis.ro_skid[4].shutdown,reverse_osmosis.ro_skid[4].energy_intensity,reverse_osmosis.ro_skid[4].power_consumption,reverse_osmosis.ro_skid[4].recovery,reverse_osmosis.ro_skid[4].feed_flowrate,reverse_osmosis.ro_skid[4].product_flowrate,reverse_osmosis.ro_skid[4].reject_flowrate,posttreatment.op_mode,posttreatment.startup,posttreatment.shutdown,posttreatment.energy_intensity,posttreatment.power_consumption,posttreatment.feed_flowrate,posttreatment.product_flowrate,posttreatment.reject_flowrate,posttreatment.chemical_cost,brine_discharge.op_mode,brine_discharge.startup,brine_discharge.shutdown,brine_discharge.feed_flowrate,brine_discharge.power_consumption,brine_discharge.brine_cost,num_skids_online,net_power_consumption,water_revenue,demand_response_revenue,emissions_cost,energy_cost
0,1,1,0.1016,0,0,1089.803755,,,,0,0,1,1877.011684,1877.011684,0,300.3218695,62.31678791,0,,,282.6098219,1877.011684,1801.931217,75.08046736,1877.011684,0,1,0,0,0.156837079,94.20370081,0.96,625.673825,600.646872,25.026953,1,0,0,0.15683724,94.20306056,0.96,625.6689296,600.6421724,25.02675718,1,0,0,0.15683724,94.20306056,0.96,625.6689296,600.6421724,25.02675718,,,,638.8485091,1801.931217,1666.786375,135.1448413,1801.931217,0,1,0,0,0.383281576,212.949503,0.925,600.6437389,555.5954585,45.04828042,1,0,0,0.383281576,212.949503,0.925,600.6437389,555.5954585,45.04828042,1,0,0,0.383281576,212.949503,0.925,600.6437389,555.5954585,45.04828042,0,0,0,0.094183419,0,0.925,0,0,0,1,,,0.101,168.3454239,1666.786375,1666.786375,0,51.67037764,0,,,210.2253086,0,90.39688271,3,1089.803755,0,0,0,110.7240615
1,1,2,0.1016,0,0,1089.803755,,,,0,0,1,1877.011684,1877.011684,0,300.3218695,62.31678791,0,,,282.6098219,1877.011684,1801.931217,75.08046736,1877.011684,0,1,0,0,0.156837079,94.20370081,0.96,625.673825,600.646872,25.026953,1,0,0,0.15683724,94.20306056,0.96,625.6689296,600.6421724,25.02675718,1,0,0,0.15683724,94.20306056,0.96,625.6689296,600.6421724,25.02675718,,,,638.8485091,1801.931217,1666.786375,135.1448413,1801.931217,0,1,0,0,0.383281576,212.949503,0.925,600.6437389,555.5954585,45.04828042,1,0,0,0.383281576,212.949503,0.925,600.6437389,555.5954585,45.04828042,1,0,0,0.383281576,212.949503,0.925,600.6437389,555.5954585,45.04828042,0,0,0,0.094183419,0,0.925,0,0,0,1,,,0.101,168.3454239,1666.786375,1666.786375,0,51.67037764,0,,,210.2253086,0,90.39688271,3,1089.803755,0,0,0,110.7240615
2,1,3,0.1016,0,0,1089.803755,,,,0,0,1,1877.011684,1877.011684,0,300.3218695,62.31678791,0,,,282.6098219,1877.011684,1801.931217,75.08046736,1877.011684,0,1,0,0,0.156837079,94.20370081,0.96,625.673825,600.646872,25.026953,1,0,0,0.15683724,94.20306056,0.96,625.6689296,600.6421724,25.02675718,1,0,0,0.15683724,94.20306056,0.96,625.6689296,600.6421724,25.02675718,,,,638.8485091,1801.931217,1666.786375,135.1448413,1801.931217,0,1,0,0,0.383281576,212.949503,0.925,600.6437389,555.5954585,45.04828042,1,0,0,0.383281576,212.949503,0.925,600.6437389,555.5954585,45.04828042,1,0,0,0.383281576,212.949503,0.925,600.6437389,555.5954585,45.04828042,0,0,0,0.094183419,0,0.925,0,0,0,1,,,0.101,168.3454239,1666.786375,1666.786375,0,51.67037764,0,,,210.2253086,0,90.39688271,3,1089.803755,0,0,0,110.7240615
3,1,4,0.1016,0,0,1089.803755,,,,0,0,1,1877.011684,1877.011684,0,300.3218695,62.31678791,0,,,282.6098219,1877.011684,1801.931217,75.08046736,1877.011684,0,1,0,0,0.156837079,94.20370081,0.96,625.673825,600.646872,25.026953,1,0,0,0.15683724,94.20306056,0.96,625.6689296,600.6421724,25.02675718,1,0,0,0.15683724,94.20306056,0.96,625.6689296,600.6421724,25.02675718,,,,638.8485091,1801.931217,1666.786375,135.1448413,1801.931217,0,1,0,0,0.383281576,212.949503,0.925,600.6437389,555.5954585,45.04828042,1,0,0,0.383281576,212.949503,0.925,600.6437389,555.5954585,45.04828042,1,0,0,0.383281576,212.949503,0.925,600.6437389,555.5954585,45.04828042,0,0,0,0.094183419,0,0.925,0,0,0,1,,,0.101,168.3454239,1666.786375,1666.786375,0,51.67037764,0,,,210.2253086,0,90.39688271,3,1089.803755,0,0,0,110.7240615
4,1,5,0.1016,0,0,1089.803755,,,,0,0,1,1877.011684,1877.011684,0,300.3218695,62.31678791,0,,,282.6098219,1877.011684,1801.931217,75.08046736,1877.011684,0,1,0,0,0.156837079,94.20370081,0.96,625.673825,600.646872,25.026953,1,0,0,0.15683724,94.20306056,0.96,625.6689296,600.6421724,25.02675718,1,0,0,0.15683724,94.20306056,0.96,625.6689296,600.6421724,25.02675718,,,,638.8485091,1801.931217,1666.786375,135.1448413,1801.931217,0,1,0,0,0.383281576,212.949503,0.925,600.6437389,555.5954585,45.04828042,1,0,0,0.383281576,212.949503,0.925,600.6437389,555.5954585,45.04828042,1,0,0,0.383281576,212.949503,0.925,600.6437389,555.5954585,45.04828042,0,0,0,0.094183419,0,0.925,0,0,0,1,,,0.101,168.3454239,1666.786375,1666.786375,0,51.67037764,0,,,210.2253086,0,90.39688271,3,1089.803755,0,0,0,110.7240615
5,1,6,0.1016,0,0,1089.803755,,,,0,0,1,1877.011684,1877.011684,0,300.3218695,62.31678791,0,,,282.6098219,1877.011684,1801.931217,75.08046736,1877.011684,0,1,0,0,0.156837079,94.20370081,0.96,625.673825,600.646872,25.026953,1,0,0,0.15683724,94.20306056,0.96,625.6689296,600.6421724,25.02675718,1,0,0,0.15683724,94.20306056,0.96,625.6689296,600.6421724,25.02675718,,,,638.8485091,1801.931217,1666.786375,135.1448413,1801.931217,0,1,0,0,0.383281576,212.949503,0.925,600.6437389,555.5954585,45.04828042,1,0,0,0.383281576,212.949503,0.925,600.6437389,555.5954585,45.04828042,1,0,0,0.383281576,212.949503,0.925,600.6437389,555.5954585,45.04828042,0,0,0,0.094183419,0,0.925,0,0,0,1,,,0.101,168.3454239,1666.786375,1666.786375,0,51.67037764,0,,,210.2253086,0,90.39688271,3,1089.803755,0,0,0,110.7240615
6,1,7,0.1016,0,0,1089.803755,,,,0,0,1,1877.011684,1877.011684,0,300.3218695,62.31678791,0,,,282.6098219,1877.011684,1801.931217,75.08046736,1877.011684,0,1,0,0,0.156837079,94.20370081,0.96,625.673825,600.646872,25.026953,1,0,0,0.15683724,94.20306056,0.96,625.6689296,600.6421724,25.02675718,1,0,0,0.15683724,94.20306056,0.96,625.6689296,600.6421724,25.02675718,,,,638.8485091,1801.931217,1666.786375,135.1448413,1801.931217,0,1,0,0,0.383281576,212.949503,0.925,600.6437389,555.5954585,45.04828042,1,0,0,0.383281576,212.949503,0.925,600.6437389,555.5954585,45.04828042,1,0,0,0.383281576,212.949503,0.925,600.6437389,555.5954585,45.04828042,0,0,0,0.094183419,0,0.925,0,0,0,1,,,0.101,168.3454239,1666.786375,1666.786375,0,51.67037764,0,,,210.2253086,0,90.39688271,3,1089.803755,0,0,0,110.7240615
7,1,8,0.1016,0,0,1089.803755,,,,0,0,1,1877.011684,1877.011684,0,300.3218695,62.31678791,0,,,282.6098219,1877.011684,1801.931217,75.08046736,1877.011684,0,1,0,0,0.156837079,94.20370081,0.96,625.673825,600.646872,25.026953,1,0,0,0.15683724,94.20306056,0.96,625.6689296,600.6421724,25.02675718,1,0,0,0.15683724,94.20306056,0.96,625.6689296,600.6421724,25.02675718,,,,638.8485091,1801.931217,1666.786375,135.1448413,1801.931217,0,1,0,0,0.383281576,212.949503,0.925,600.6437389,555.5954585,45.04828042,1,0,0,0.383281576,212.949503,0.925,600.6437389,555.5954585,45.04828042,1,0,0,0.383281576,212.949503,0.925,600.6437389,555.5954585,45.04828042,0,0,0,0.094183419,0,0.925,0,0,0,1,,,0.101,168.3454239,1666.786375,1666.786375,0,51.67037764,0,,,210.2253086,0,90.39688271,3,1089.803755,0,0,0,110.7240615
8,1,9,0.1016,0,0,1089.803755,,,,0,0,1,1877.011684,1877.011684,0,300.3218695,62.31678791,0,,,282.6098219,1877.011684,1801.931217,75.08046736,1877.011684,0,1,0,0,0.156837079,94.20370081,0.96,625.673825,600.646872,25.026953,1,0,0,0.15683724,94.20306056,0.96,625.6689296,600.6421724,25.02675718,1,0,0,0.15683724,94.20306056,0.96,625.6689296,600.6421724,25.02675718,,,,638.8485091,1801.931217,1666.786375,135.1448413,1801.931217,0,1,0,0,0.383281576,212.949503,0.925,600.6437389,555.5954585,45.04828042,1,0,0,0.383281576,212.949503,0.925,600.6437389,555.5954585,45.04828042,1,0,0,0.383281576,212.949503,0.925,600.6437389,555.5954585,45.04828042,0,0,0,0.094183419,0,0.925,0,0,0,1,,,0.101,168.3454239,1666.786375,1666.786375,0,51.67037764,0,,,210.2253086,0,90.39688271,3,1089.803755,0,0,0,110.7240615
9,1,10,0.1016,0,0,1089.803755,,,,0,0,1,1877.011684,1877.011684,0,300.3218695,62.31678791,0,,,282.6098219,1877.011684,1801.931217,75.08046736,1877.011684,0,1,0,0,0.156837079,94.20370081,0.96,625.673825,600.646872,25.026953,1,0,0,0.15683724,94.20306056,0.96,625.6689296,600.6421724,25.02675718,1,0,0,0.15683724,94.20306056,0.96,625.6689296,600.6421724,25.02675718,,,,638.8485091,1801.931217,1666.786375,135.1448413,1801.931217,0,1,0,0,0.383281576,212.949503,0.925,600.6437389,555.5954585,45.04828042,1,0,0,0.383281576,212.949503,0.925,600.6437389,555.5954585,45.04828042,1,0,0,0.383281576,212.949503,0.925,600.6437389,555.5954585,45.04828042,0,0,0,0.094183419,0,0.925,0,0,0,1,,,0.101,168.3454239,1666.786375,1666.786375,0,51.67037764,0,,,210.2253086,0,90.39688271,3,1089.803755,0,0,0,110.7240615
10,1,11,0.1016,0,0,1089.803755,,,,0,0,1,1877.011684,1877.011684,0,300.3218695,62.31678791,0,,,282.6098219,1877.011684,1801.931217,75.08046736,1877.011684,0,1,0,0,0.156837079,94.20370081,0.96,625.673825,600.646872,25.026953,1,0,0,0.15683724,94.20306056,0.96,625.6689296,600.6421724,25.02675718,1,0,0,0.15683724,94.20306056,0.96,625.6689296,600.6421724,25.02675718,,,,638.8485091,1801.931217,1666.786375,135.1448413,1801.931217,0,1,0,0,0.383281576,212.949503,0.925,600.6437389,555.5954585,45.04828042,1,0,0,0.383281576,212.949503,0.925,600.6437389,555.5954585,45.04828042,1,0,0,0.383281576,212.949503,0.925,600.6437389,555.5954585,45.04828042,0,0,0,0.094183419,0,0.925,0,0,0,1,,,0.101,168.3454239,1666.786375,1666.786375,0,51.67037764,0,,,210.2253086,0,90.39688271,3,1089.803755,0,0,0,110.7240615
11,1,12,0.1016,0,0,1089.803755,,,,0,0,1,1877.011684,1877.011684,0,300.3218695,62.31678791,0,,,282.6098219,1877.011684,1801.931217,75.08046736,1877.011684,0,1,0,0,0.156837079,94.20370081,0.96,625.673825,600.646872,25.026953,1,0,0,0.15683724,94.20306056,0.96,625.6689296,600.6421724,25.02675718,1,0,0,0.15683724,94.20306056,0.96,625.6689296,600.6421724,25.02675718,,,,638.8485091,1801.931217,1666.786375,135.1448413,1801.931217,0,1,0,0,0.383281576,212.949503,0.925,600.6437389,555.5954585,45.04828042,1,0,0,0.383281576,212.949503,0.925,600.6437389,555.5954585,45.04828042,1,0,0,0.383281576,212.949503,0.925,600.6437389,555.5954585,45.04828042,0,0,0,0.094183419,0,0.925,0,0,0,1,,,0.101,168.3454239,1666.786375,1666.786375,0,51.67037764,0,,,210.2253086,0,90.39688271,3,1089.803755,0,0,0,110.7240615
12,1,13,0.1016,0,0,1089.803755,,,,0,0,1,1877.011684,1877.011684,0,300.3218695,62.31678791,0,,,282.6098219,1877.011684,1801.931217,75.08046736,1877.011684,0,1,0,0,0.156837079,94.20370081,0.96,625.673825,600.646872,25.026953,1,0,0,0.15683724,94.20306056,0.96,625.6689296,600.6421724,25.02675718,1,0,0,0.15683724,94.20306056,0.96,625.6689296,600.6421724,25.02675718,,,,638.8485091,1801.931217,1666.786375,135.1448413,1801.931217,0,1,0,0,0.383281576,212.949503,0.925,600.6437389,555.5954585,45.04828042,1,0,0,0.383281576,212.949503,0.925,600.6437389,555.5954585,45.04828042,1,0,0,0.383281576,212.949503,0.925,600.6437389,555.5954585,45.04828042,0,0,0,0.094183419,0,0.925,0,0,0,1,,,0.101,168.3454239,1666.786375,1666.786375,0,51.67037764,0,,,210.2253086,0,90.39688271,3,1089.803755,0,0,0,110.7240615
13,1,14,0.1016,0,0,1089.803755,,,,0,0,1,1877.011684,1877.011684,0,300.3218695,62.31678791,0,,,282.6098219,1877.011684,1801.931217,75.08046736,1877.011684,0,1,0,0,0.156837079,94.20370081,0.96,625.673825,600.646872,25.026953,1,0,0,0.15683724,94.20306056,0.96,625.6689296,600.6421724,25.02675718,1,0,0,0.15683724,94.20306056,0.96,625.6689296,600.6421724,25.02675718,,,,638.8485091,1801.931217,1666.786375,135.1448413,1801.931217,0,1,0,0,0.383281576,212.949503,0.925,600.6437389,555.5954585,45.04828042,1,0,0,0.383281576,212.949503,0.925,600.6437389,555.5954585,45.04828042,1,0,0,0.383281576,212.949503,0.925,600.6437389,555.5954585,45.04828042,0,0,0,0.094183419,0,0.925,0,0,0,1,,,0.101,168.3454239,1666.786375,1666.786375,0,51.67037764,0,,,210.2253086,0,90.39688271,3,1089.803755,0,0,0,110.7240615
14,1,15,0.1016,0,0,1089.803755,,,,0,0,1,1877.011684,1877.011684,0,300.3218695,62.31678791,0,,,282.6098219,1877.011684,1801.931217,75.08046736,1877.011684,0,1,0,0,0.156837079,94.20370081,0.96,625.673825,600.646872,25.026953,1,0,0,0.15683724,94.20306056,0.96,625.6689296,600.6421724,25.02675718,1,0,0,0.15683724,94.20306056,0.96,625.6689296,600.6421724,25.02675718,,,,638.8485091,1801.931217,1666.786375,135.1448413,1801.931217,0,1,0,0,0.383281576,212.949503,0.925,600.6437389,555.5954585,45.04828042,1,0,0,0.383281576,212.949503,0.925,600.6437389,555.5954585,45.04828042,1,0,0,0.383281576,212.949503,0.925,600.6437389,555.5954585,45.04828042,0,0,0,0.094183419,0,0.925,0,0,0,1,,,0.101,168.3454239,1666.786375,1666.786375,0,51.67037764,0,,,210.2253086,0,90.39688271,3,1089.803755,0,0,0,110.7240615
15,1,16,0.1016,0,0,1089.803755,,,,0,0,1,1877.011684,1877.011684,0,300.3218695,62.31678791,0,,,282.6098219,1877.011684,1801.931217,75.08046736,1877.011684,0,1,0,0,0.156837079,94.20370081,0.96,625.673825,600.646872,25.026953,1,0,0,0.15683724,94.20306056,0.96,625.6689296,600.6421724,25.02675718,1,0,0,0.15683724,94.20306056,0.96,625.6689296,600.6421724,25.02675718,,,,638.8485091,1801.931217,1666.786375,135.1448413,1801.931217,0,1,0,0,0.383281576,212.949503,0.925,600.6437389,555.5954585,45.04828042,1,0,0,0.383281576,212.949503,0.925,600.6437389,555.5954585,45.04828042,1,0,0,0.383281576,212.949503,0.925,600.6437389,555.5954585,45.04828042,0,0,0,0.094183419,0,0.925,0,0,0,1,,,0.101,168.3454239,1666.786375,1666.786375,0,51.67037764,0,,,210.2253086,0,90.39688271,3,1089.803755,0,0,0,110.7240615
16,1,17,0.1016,0,0,1089.803755,,,,0,0,1,1877.011684,1877.011684,0,300.3218695,62.31678791,0,,,282.6098219,1877.011684,1801.931217,75.08046736,1877.011684,0,1,0,0,0.156837079,94.20370081,0.96,625.673825,600.646872,25.026953,1,0,0,0.15683724,94.20306056,0.96,625.6689296,600.6421724,25.02675718,1,0,0,0.15683724,94.20306056,0.96,625.6689296,600.6421724,25.02675718,,,,638.8485091,1801.931217,1666.786375,135.1448413,1801.931217,0,1,0,0,0.383281576,212.949503,0.925,600.6437389,555.5954585,45.04828042,1,0,0,0.383281576,212.949503,0.925,600.6437389,555.5954585,45.04828042,1,0,0,0.383281576,212.949503,0.925,600.6437389,555.5954585,45.04828042,0,0,0,0.094183419,0,0.925,0,0,0,1,,,0.101,168.3454239,1666.786375,1666.786375,0,51.67037764,0,,,210.2253086,0,90.39688271,3,1089.803755,0,0,0,110.7240615
17,1,18,0.15246,1,0,726.53605,,,,0,0,1,1251.342755,1251.342755,0,200.2148407,41.54457945,0,,,188.4067614,1251.342755,1201.289044,50.05371018,1251.342755,0,1,0,0,0.156837079,94.20370081,0.96,625.673825,600.646872,25.026953,1,0,0,0.15683724,94.20306056,0.96,625.6689296,600.6421724,25.02675718,0,0,1,0.271,0,0.96,0,0,0,,,,425.899006,1201.289044,1111.190917,90.09656084,1201.287478,0.001566541,1,0,0,0.383281576,212.949503,0.925,600.6437389,555.5954585,45.04828042,1,0,0,0.383281576,212.949503,0.925,600.6437389,555.5954585,45.04828042,0,0,1,0.094183419,0,0.925,0,0,0,0,0,0,0.094183419,0,0.925,0,0,0,1,,,0.101,112.2302826,1111.190917,1111.190917,0,34.44691843,0,,,140.1518376,0,60.26529015,2,726.53605,0,0,0,110.7676862
18,1,19,0.15246,1,0,726.53605,,,,0,0,1,1251.342755,1251.342755,0,200.2148407,41.54457945,0,,,188.4067614,1251.342755,1201.289044,50.05371018,1251.342755,0,1,0,0,0.156837079,94.20370081,0.96,625.673825,600.646872,25.026953,1,0,0,0.15683724,94.20306056,0.96,625.6689296,600.6421724,25.02675718,0,0,0,0.271,0,0.96,0,0,0,,,,425.899006,1201.289044,1111.190917,90.09656084,1201.287478,0.001566541,1,0,0,0.383281576,212.949503,0.925,600.6437389,555.5954585,45.04828042,1,0,0,0.383281576,212.949503,0.925,600.6437389,555.5954585,45.04828042,0,0,0,0.094183419,0,0.925,0,0,0,0,0,0,0.094183419,0,0.925,0,0,0,1,,,0.101,112.2302826,1111.190917,1111.190917,0,34.44691843,0,,,140.1518376,0,60.26529015,2,726.53605,0,0,0,110.7676862
19,1,20,0.15246,1,0,726.53605,,,,0,0,1,1251.342755,1251.342755,0,200.2148407,41.54457945,0,,,188.4067614,1251.342755,1201.289044,50.05371018,1251.342755,0,1,0,0,0.156837079,94.20370081,0.96,625.673825,600.646872,25.026953,1,0,0,0.15683724,94.20306056,0.96,625.6689296,600.6421724,25.02675718,0,0,0,0.271,0,0.96,0,0,0,,,,425.899006,1201.289044,1111.190917,90.09656084,1201.287478,0.001566541,1,0,0,0.383281576,212.949503,0.925,600.6437389,555.5954585,45.04828042,1,0,0,0.383281576,212.949503,0.925,600.6437389,555.5954585,45.04828042,0,0,0,0.094183419,0,0.925,0,0,0,0,0,0,0.094183419,0,0.925,0,0,0,1,,,0.101,112.2302826,1111.190917,1111.190917,0,34.44691843,0,,,140.1518376,0,60.26529015,2,726.53605,0,0,0,110.7676862
20,1,21,0.15246,1,0,726.53605,,,,0,0,1,1251.342755,1251.342755,0,200.2148407,41.54457945,0,,,188.4067614,1251.342755,1201.289044,50.05371018,1251.342755,0,1,0,0,0.156837079,94.20370081,0.96,625.673825,600.646872,25.026953,1,0,0,0.15683724,94.20306056,0.96,625.6689296,600.6421724,25.02675718,0,0,0,0.271,0,0.96,0,0,0,,,,425.899006,1201.289044,1111.190917,90.09656084,1201.287478,0.001566541,1,0,0,0.383281576,212.949503,0.925,600.6437389,555.5954585,45.04828042,1,0,0,0.383281576,212.949503,0.925,600.6437389,555.5954585,45.04828042,0,0,0,0.094183419,0,0.925,0,0,0,0,0,0,0.094183419,0,0.925,0,0,0,1,,,0.101,112.2302826,1111.190917,1111.190917,0,34.44691843,0,,,140.1518376,0,60.26529015,2,726.53605,0,0,0,110.7676862
21,1,22,0.15246,1,0,726.53605,,,,0,0,1,1251.342755,1251.342755,0,200.2148407,41.54457945,0,,,188.4067614,1251.342755,1201.289044,50.05371018,1251.342755,0,1,0,0,0.156837079,94.20370081,0.96,625.673825,600.646872,25.026953,1,0,0,0.15683724,94.20306056,0.96,625.6689296,600.6421724,25.02675718,0,0,0,0.271,0,0.96,0,0,0,,,,425.899006,1201.289044,1111.190917,90.09656084,1201.287478,0.001566541,1,0,0,0.383281576,212.949503,0.925,600.6437389,555.5954585,45.04828042,1,0,0,0.383281576,212.949503,0.925,600.6437389,555.5954585,45.04828042,0,0,0,0.094183419,0,0.925,0,0,0,0,0,0,0.094183419,0,0.925,0,0,0,1,,,0.101,112.2302826,1111.190917,1111.190917,0,34.44691843,0,,,140.1518376,0,60.26529015,2,726.53605,0,0,0,110.7676862
22,1,23,0.1016,0,0,726.53605,,,,0,0,1,1251.342755,1251.342755,0,200.2148407,41.54457945,0,,,188.4067614,1251.342755,1201.289044,50.05371018,1251.342755,0,1,0,0,0.156837079,94.20370081,0.96,625.673825,600.646872,25.026953,1,0,0,0.15683724,94.20306056,0.96,625.6689296,600.6421724,25.02675718,0,0,0,0.271,0,0.96,0,0,0,,,,425.899006,1201.289044,1111.190917,90.09656084,1201.287478,0.001566541,1,0,0,0.383281576,212.949503,0.925,600.6437389,555.5954585,45.04828042,1,0,0,0.383281576,212.949503,0.925,600.6437389,555.5954585,45.04828042,0,0,0,0.094183419,0,0.925,0,0,0,0,0,0,0.094183419,0,0.925,0,0,0,1,,,0.101,112.2302826,1111.190917,1111.190917,0,34.44691843,0,,,140.1518376,0,60.26529015,2,726.53605,0,0,0,73.81606268
23,1,24,0.1016,0,0,726.53605,,,,0,0,1,1251.342755,1251.342755,0,200.2148407,41.54457945,0,,,188.4067614,1251.342755,1201.289044,50.05371018,1251.342755,0,1,0,0,0.156837079,94.20370081,0.96,625.673825,600.646872,25.026953,1,0,0,0.15683724,94.20306056,0.96,625.6689296,600.6421724,25.02675718,0,0,0,0.271,0,0.96,0,0,0,,,,425.899006,1201.289044,1111.190917,90.09656084,1201.287478,0.001566541,1,0,0,0.383281576,212.949503,0.925,600.6437389,555.5954585,45.04828042,1,0,0,0.383281576,212.949503,0.925,600.6437389,555.5954585,45.04828042,0,0,0,0.094183419,0,0.925,0,0,0,0,0,0,0.094183419,0,0.925,0,0,0,1,,,0.101,112.2302826,1111.190917,1111.190917,0,34.44691843,0,,,140.1518376,0,60.26529015,2,726.53605,0,0,0,73.81606268
24,1,25,0.1016,0,0,1089.803755,,,,0,0,1,1877.011684,1877.011684,0,300.3218695,62.31678791,0,,,282.6098219,1877.011684,1801.931217,75.08046736,1877.011684,0,1,0,0,0.156837079,94.20370081,0.96,625.673825,600.646872,25.026953,1,0,0,0.15683724,94.20306056,0.96,625.6689296,600.6421724,25.02675718,1,1,0,0.15683724,94.20306056,0.96,625.6689296,600.6421724,25.02675718,,,,638.8485091,1801.931217,1666.786375,135.1448413,1801.931217,0,1,0,0,0.383281576,212.949503,0.925,600.6437389,555.5954585,45.04828042,1,0,0,0.383281576,212.949503,0.925,600.6437389,555.5954585,45.04828042,1,1,0,0.383281576,212.949503,0.925,600.6437389,555.5954585,45.04828042,0,0,0,0.094183419,0,0.925,0,0,0,1,,,0.101,168.3454239,1666.786375,1666.786375,0,51.67037764,0,,,210.2253086,0,90.39688271,3,1089.803755,0,0,0,110.7240615
25,1,26,0.1016,0,0,1089.803755,,,,0,0,1,1877.011684,1877.011684,0,300.3218695,62.31678791,0,,,282.6098219,1877.011684,1801.931217,75.08046736,1877.011684,0,1,0,0,0.156837079,94.20370081,0.96,625.673825,600.646872,25.026953,1,0,0,0.15683724,94.20306056,0.96,625.6689296,600.6421724,25.02675718,1,0,0,0.15683724,94.20306056,0.96,625.6689296,600.6421724,25.02675718,,,,638.8485091,1801.931217,1666.786375,135.1448413,1801.931217,0,1,0,0,0.383281576,212.949503,0.925,600.6437389,555.5954585,45.04828042,1,0,0,0.383281576,212.949503,0.925,600.6437389,555.5954585,45.04828042,1,0,0,0.383281576,212.949503,0.925,600.6437389,555.5954585,45.04828042,0,0,0,0.094183419,0,0.925,0,0,0,1,,,0.101,168.3454239,1666.786375,1666.786375,0,51.67037764,0,,,210.2253086,0,90.39688271,3,1089.803755,0,0,0,110.7240615
26,1,27,0.1016,0,0,1089.803755,,,,0,0,1,1877.011684,1877.011684,0,300.3218695,62.31678791,0,,,282.6098219,1877.011684,1801.931217,75.08046736,1877.011684,0,1,0,0,0.156837079,94.20370081,0.96,625.673825,600.646872,25.026953,1,0,0,0.15683724,94.20306056,0.96,625.6689296,600.6421724,25.02675718,1,0,0,0.15683724,94.20306056,0.96,625.6689296,600.6421724,25.02675718,,,,638.8485091,1801.931217,1666.786375,135.1448413,1801.931217,0,1,0,0,0.383281576,212.949503,0.925,600.6437389,555.5954585,45.04828042,1,0,0,0.383281576,212.949503,0.925,600.6437389,555.5954585,45.04828042,1,0,0,0.383281576,212.949503,0.925,600.6437389,555.5954585,45.04828042,0,0,0,0.094183419,0,0.925,0,0,0,1,,,0.101,168.3454239,1666.786375,1666.786375,0,51.67037764,0,,,210.2253086,0,90.39688271,3,1089.803755,0,0,0,110.7240615
27,1,28,0.1016,0,0,1089.803755,,,,0,0,1,1877.011684,1877.011684,0,300.3218695,62.31678791,0,,,282.6098219,1877.011684,1801.931217,75.08046736,1877.011684,0,1,0,0,0.156837079,94.20370081,0.96,625.673825,600.646872,25.026953,1,0,0,0.15683724,94.20306056,0.96,625.6689296,600.6421724,25.02675718,1,0,0,0.15683724,94.20306056,0.96,625.6689296,600.6421724,25.02675718,,,,638.8485091,1801.931217,1666.786375,135.1448413,1801.931217,0,1,0,0,0.383281576,212.949503,0.925,600.6437389,555.5954585,45.04828042,1,0,0,0.383281576,212.949503,0.925,600.6437389,555.5954585,45.04828042,1,0,0,0.383281576,212.949503,0.925,600.6437389,555.5954585,45.04828042,0,0,0,0.094183419,0,0.925,0,0,0,1,,,0.101,168.3454239,1666.786375,1666.786375,0,51.67037764,0,,,210.2253086,0,90.39688271,3,1089.803755,0,0,0,110.7240615
28,1,29,0.1016,0,0,1089.803755,,,,0,0,1,1877.011684,1877.011684,0,300.3218695,62.31678791,0,,,282.6098219,1877.011684,1801.931217,75.08046736,1877.011684,0,1,0,0,0.156837079,94.20370081,0.96,625.673825,600.646872,25.026953,1,0,0,0.15683724,94.20306056,0.96,625.6689296,600.6421724,25.02675718,1,0,0,0.15683724,94.20306056,0.96,625.6689296,600.6421724,25.02675718,,,,638.8485091,1801.931217,1666.786375,135.1448413,1801.931217,0,1,0,0,0.383281576,212.949503,0.925,600.6437389,555.5954585,45.04828042,1,0,0,0.383281576,212.949503,0.925,600.6437389,555.5954585,45.04828042,1,0,0,0.383281576,212.949503,0.925,600.6437389,555.5954585,45.04828042,0,0,0,0.094183419,0,0.925,0,0,0,1,,,0.101,168.3454239,1666.786375,1666.786375,0,51.67037764,0,,,210.2253086,0,90.39688271,3,1089.803755,0,0,0,110.7240615
29,1,30,0.1016,0,0,1089.803755,,,,0,0,1,1877.011684,1877.011684,0,300.3218695,62.31678791,0,,,282.6098219,1877.011684,1801.931217,75.08046736,1877.011684,0,1,0,0,0.156837079,94.20370081,0.96,625.673825,600.646872,25.026953,1,0,0,0.15683724,94.20306056,0.96,625.6689296,600.6421724,25.02675718,1,0,0,0.15683724,94.20306056,0.96,625.6689296,600.6421724,25.02675718,,,,638.8485091,1801.931217,1666.786375,135.1448413,1801.931217,0,1,0,0,0.383281576,212.949503,0.925,600.6437389,555.5954585,45.04828042,1,0,0,0.383281576,212.949503,0.925,600.6437389,555.5954585,45.04828042,1,0,0,0.383281576,212.949503,0.925,600.6437389,555.5954585,45.04828042,0,0,0,0.094183419,0,0.925,0,0,0,1,,,0.101,168.3454239,1666.786375,1666.786375,0,51.67037764,0,,,210.2253086,0,90.39688271,3,1089.803755,0,0,0,110.7240615
30,1,31,0.1016,0,0,1089.803755,,,,0,0,1,1877.011684,1877.011684,0,300.3218695,62.31678791,0,,,282.6098219,1877.011684,1801.931217,75.08046736,1877.011684,0,1,0,0,0.156837079,94.20370081,0.96,625.673825,600.646872,25.026953,1,0,0,0.15683724,94.20306056,0.96,625.6689296,600.6421724,25.02675718,1,0,0,0.15683724,94.20306056,0.96,625.6689296,600.6421724,25.02675718,,,,638.8485091,1801.931217,1666.786375,135.1448413,1801.931217,0,1,0,0,0.383281576,212.949503,0.925,600.6437389,555.5954585,45.04828042,1,0,0,0.383281576,212.949503,0.925,600.6437389,555.5954585,45.04828042,1,0,0,0.383281576,212.949503,0.925,600.6437389,555.5954585,45.04828042,0,0,0,0.094183419,0,0.925,0,0,0,1,,,0.101,168.3454239,1666.786375,1666.786375,0,51.67037764,0,,,210.2253086,0,90.39688271,3,1089.803755,0,0,0,110.7240615
31,1,32,0.1016,0,0,1089.803755,,,,0,0,1,1877.011684,1877.011684,0,300.3218695,62.31678791,0,,,282.6098219,1877.011684,1801.931217,75.08046736,1877.011684,0,1,0,0,0.156837079,94.20370081,0.96,625.673825,600.646872,25.026953,1,0,0,0.15683724,94.20306056,0.96,625.6689296,600.6421724,25.02675718,1,0,0,0.15683724,94.20306056,0.96,625.6689296,600.6421724,25.02675718,,,,638.8485091,1801.931217,1666.786375,135.1448413,1801.931217,0,1,0,0,0.383281576,212.949503,0.925,600.6437389,555.5954585,45.04828042,1,0,0,0.383281576,212.949503,0.925,600.6437389,555.5954585,45.04828042,1,0,0,0.383281576,212.949503,0.925,600.6437389,555.5954585,45.04828042,0,0,0,0.094183419,0,0.925,0,0,0,1,,,0.101,168.3454239,1666.786375,1666.786375,0,51.67037764,0,,,210.2253086,0,90.39688271,3,1089.803755,0,0,0,110.7240615
32,1,33,0.1016,0,0,1089.803755,,,,0,0,1,1877.011684,1877.011684,0,300.3218695,62.31678791,0,,,282.6098219,1877.011684,1801.931217,75.08046736,1877.011684,0,1,0,0,0.156837079,94.20370081,0.96,625.673825,600.646872,25.026953,1,0,0,0.15683724,94.20306056,0.96,625.6689296,600.6421724,25.02675718,1,0,0,0.15683724,94.20306056,0.96,625.6689296,600.6421724,25.02675718,,,,638.8485091,1801.931217,1666.786375,135.1448413,1801.931217,0,1,0,0,0.383281576,212.949503,0.925,600.6437389,555.5954585,45.04828042,1,0,0,0.383281576,212.949503,0.925,600.6437389,555.5954585,45.04828042,1,0,0,0.383281576,212.949503,0.925,600.6437389,555.5954585,45.04828042,0,0,0,0.094183419,0,0.925,0,0,0,1,,,0.101,168.3454239,1666.786375,1666.786375,0,51.67037764,0,,,210.2253086,0,90.39688271,3,1089.803755,0,0,0,110.7240615
33,1,34,0.1016,0,0,1089.803755,,,,0,0,1,1877.011684,1877.011684,0,300.3218695,62.31678791,0,,,282.6098219,1877.011684,1801.931217,75.08046736,1877.011684,0,1,0,0,0.156837079,94.20370081,0.96,625.673825,600.646872,25.026953,1,0,0,0.15683724,94.20306056,0.96,625.6689296,600.6421724,25.02675718,1,0,0,0.15683724,94.20306056,0.96,625.6689296,600.6421724,25.02675718,,,,638.8485091,1801.931217,1666.786375,135.1448413,1801.931217,0,1,0,0,0.383281576,212.949503,0.925,600.6437389,555.5954585,45.04828042,1,0,0,0.383281576,212.949503,0.925,600.6437389,555.5954585,45.04828042,1,0,0,0.383281576,212.949503,0.925,600.6437389,555.5954585,45.04828042,0,0,0,0.094183419,0,0.925,0,0,0,1,,,0.101,168.3454239,1666.786375,1666.786375,0,51.67037764,0,,,210.2253086,0,90.39688271,3,1089.803755,0,0,0,110.7240615
34,1,35,0.1016,0,0,1089.803755,,,,0,0,1,1877.011684,1877.011684,0,300.3218695,62.31678791,0,,,282.6098219,1877.011684,1801.931217,75.08046736,1877.011684,0,1,0,0,0.156837079,94.20370081,0.96,625.673825,600.646872,25.026953,1,0,0,0.15683724,94.20306056,0.96,625.6689296,600.6421724,25.02675718,1,0,0,0.15683724,94.20306056,0.96,625.6689296,600.6421724,25.02675718,,,,638.8485091,1801.931217,1666.786375,135.1448413,1801.931217,0,1,0,0,0.383281576,212.949503,0.925,600.6437389,555.5954585,45.04828042,1,0,0,0.383281576,212.949503,0.925,600.6437389,555.5954585,45.04828042,1,0,0,0.383281576,212.949503,0.925,600.6437389,555.5954585,45.04828042,0,0,0,0.094183419,0,0.925,0,0,0,1,,,0.101,168.3454239,1666.786375,1666.786375,0,51.67037764,0,,,210.2253086,0,90.39688271,3,1089.803755,0,0,0,110.7240615
35,1,36,0.1016,0,0,1089.803755,,,,0,0,1,1877.011684,1877.011684,0,300.3218695,62.31678791,0,,,282.6098219,1877.011684,1801.931217,75.08046736,1877.011684,0,1,0,0,0.156837079,94.20370081,0.96,625.673825,600.646872,25.026953,1,0,0,0.15683724,94.20306056,0.96,625.6689296,600.6421724,25.02675718,1,0,0,0.15683724,94.20306056,0.96,625.6689296,600.6421724,25.02675718,,,,638.8485091,1801.931217,1666.786375,135.1448413,1801.931217,0,1,0,0,0.383281576,212.949503,0.925,600.6437389,555.5954585,45.04828042,1,0,0,0.383281576,212.949503,0.925,600.6437389,555.5954585,45.04828042,1,0,0,0.383281576,212.949503,0.925,600.6437389,555.5954585,45.04828042,0,0,0,0.094183419,0,0.925,0,0,0,1,,,0.101,168.3454239,1666.786375,1666.786375,0,51.67037764,0,,,210.2253086,0,90.39688271,3,1089.803755,0,0,0,110.7240615
36,1,37,0.1016,0,0,1089.803755,,,,0,0,1,1877.011684,1877.011684,0,300.3218695,62.31678791,0,,,282.6098219,1877.011684,1801.931217,75.08046736,1877.011684,0,1,0,0,0.156837079,94.20370081,0.96,625.673825,600.646872,25.026953,1,0,0,0.15683724,94.20306056,0.96,625.6689296,600.6421724,25.02675718,1,0,0,0.15683724,94.20306056,0.96,625.6689296,600.6421724,25.02675718,,,,638.8485091,1801.931217,1666.786375,135.1448413,1801.931217,0,1,0,0,0.383281576,212.949503,0.925,600.6437389,555.5954585,45.04828042,1,0,0,0.383281576,212.949503,0.925,600.6437389,555.5954585,45.04828042,1,0,0,0.383281576,212.949503,0.925,600.6437389,555.5954585,45.04828042,0,0,0,0.094183419,0,0.925,0,0,0,1,,,0.101,168.3454239,1666.786375,1666.786375,0,51.67037764,0,,,210.2253086,0,90.39688271,3,1089.803755,0,0,0,110.7240615
37,1,38,0.1016,0,0,1089.803755,,,,0,0,1,1877.011684,1877.011684,0,300.3218695,62.31678791,0,,,282.6098219,1877.011684,1801.931217,75.08046736,1877.011684,0,1,0,0,0.156837079,94.20370081,0.96,625.673825,600.646872,25.026953,1,0,0,0.15683724,94.20306056,0.96,625.6689296,600.6421724,25.02675718,1,0,0,0.15683724,94.20306056,0.96,625.6689296,600.6421724,25.02675718,,,,638.8485091,1801.931217,1666.786375,135.1448413,1801.931217,0,1,0,0,0.383281576,212.949503,0.925,600.6437389,555.5954585,45.04828042,1,0,0,0.383281576,212.949503,0.925,600.6437389,555.5954585,45.04828042,1,0,0,0.383281576,212.949503,0.925,600.6437389,555.5954585,45.04828042,0,0,0,0.094183419,0,0.925,0,0,0,1,,,0.101,168.3454239,1666.786375,1666.786375,0,51.67037764,0,,,210.2253086,0,90.39688271,3,1089.803755,0,0,0,110.7240615
38,1,39,0.1016,0,0,1089.803755,,,,0,0,1,1877.011684,1877.011684,0,300.3218695,62.31678791,0,,,282.6098219,1877.011684,1801.931217,75.08046736,1877.011684,0,1,0,0,0.156837079,94.20370081,0.96,625.673825,600.646872,25.026953,1,0,0,0.15683724,94.20306056,0.96,625.6689296,600.6421724,25.02675718,1,0,0,0.15683724,94.20306056,0.96,625.6689296,600.6421724,25.02675718,,,,638.8485091,1801.931217,1666.786375,135.1448413,1801.931217,0,1,0,0,0.383281576,212.949503,0.925,600.6437389,555.5954585,45.04828042,1,0,0,0.383281576,212.949503,0.925,600.6437389,555.5954585,45.04828042,1,0,0,0.383281576,212.949503,0.925,600.6437389,555.5954585,45.04828042,0,0,0,0.094183419,0,0.925,0,0,0,1,,,0.101,168.3454239,1666.786375,1666.786375,0,51.67037764,0,,,210.2253086,0,90.39688271,3,1089.803755,0,0,0,110.7240615
39,1,40,0.1016,0,0,1089.803755,,,,0,0,1,1877.011684,1877.011684,0,300.3218695,62.31678791,0,,,282.6098219,1877.011684,1801.931217,75.08046736,1877.011684,0,1,0,0,0.156837079,94.20370081,0.96,625.673825,600.646872,25.026953,1,0,0,0.15683724,94.20306056,0.96,625.6689296,600.6421724,25.02675718,1,0,0,0.15683724,94.20306056,0.96,625.6689296,600.6421724,25.02675718,,,,638.8485091,1801.931217,1666.786375,135.1448413,1801.931217,0,1,0,0,0.383281576,212.949503,0.925,600.6437389,555.5954585,45.04828042,1,0,0,0.383281576,212.949503,0.925,600.6437389,555.5954585,45.04828042,1,0,0,0.383281576,212.949503,0.925,600.6437389,555.5954585,45.04828042,0,0,0,0.094183419,0,0.925,0,0,0,1,,,0.101,168.3454239,1666.786375,1666.786375,0,51.67037764,0,,,210.2253086,0,90.39688271,3,1089.803755,0,0,0,110.7240615
40,1,41,0.1016,0,0,1089.803755,,,,0,0,1,1877.011684,1877.011684,0,300.3218695,62.31678791,0,,,282.6098219,1877.011684,1801.931217,75.08046736,1877.011684,0,1,0,0,0.156837079,94.20370081,0.96,625.673825,600.646872,25.026953,1,0,0,0.15683724,94.20306056,0.96,625.6689296,600.6421724,25.02675718,1,0,0,0.15683724,94.20306056,0.96,625.6689296,600.6421724,25.02675718,,,,638.8485091,1801.931217,1666.786375,135.1448413,1801.931217,0,1,0,0,0.383281576,212.949503,0.925,600.6437389,555.5954585,45.04828042,1,0,0,0.383281576,212.949503,0.925,600.6437389,555.5954585,45.04828042,1,0,0,0.383281576,212.949503,0.925,600.6437389,555.5954585,45.04828042,0,0,0,0.094183419,0,0.925,0,0,0,1,,,0.101,168.3454239,1666.786375,1666.786375,0,51.67037764,0,,,210.2253086,0,90.39688271,3,1089.803755,0,0,0,110.7240615
41,1,42,0.15246,1,0,726.53605,,,,0,0,1,1251.342755,1251.342755,0,200.2148407,41.54457945,0,,,188.4067614,1251.342755,1201.289044,50.05371018,1251.342755,0,1,0,0,0.156837079,94.20370081,0.96,625.673825,600.646872,25.026953,1,0,0,0.15683724,94.20306056,0.96,625.6689296,600.6421724,25.02675718,0,0,1,0.271,0,0.96,0,0,0,,,,425.899006,1201.289044,1111.190917,90.09656084,1201.287478,0.001566541,1,0,0,0.383281576,212.949503,0.925,600.6437389,555.5954585,45.04828042,1,0,0,0.383281576,212.949503,0.925,600.6437389,555.5954585,45.04828042,0,0,1,0.094183419,0,0.925,0,0,0,0,0,0,0.094183419,0,0.925,0,0,0,1,,,0.101,112.2302826,1111.190917,1111.190917,0,34.44691843,0,,,140.1518376,0,60.26529015,2,726.53605,0,0,0,110.7676862
42,1,43,0.15246,1,0,726.53605,,,,0,0,1,1251.342755,1251.342755,0,200.2148407,41.54457945,0,,,188.4067614,1251.342755,1201.289044,50.05371018,1251.342755,0,1,0,0,0.156837079,94.20370081,0.96,625.673825,600.646872,25.026953,1,0,0,0.15683724,94.20306056,0.96,625.6689296,600.6421724,25.02675718,0,0,0,0.271,0,0.96,0,0,0,,,,425.899006,1201.289044,1111.190917,90.09656084,1201.287478,0.001566541,1,0,0,0.383281576,212.949503,0.925,600.6437389,555.5954585,45.04828042,1,0,0,0.383281576,212.949503,0.925,600.6437389,555.5954585,45.04828042,0,0,0,0.094183419,0,0.925,0,0,0,0,0,0,0.094183419,0,0.925,0,0,0,1,,,0.101,112.2302826,1111.190917,1111.190917,0,34.44691843,0,,,140.1518376,0,60.26529015,2,726.53605,0,0,0,110.7676862
43,1,44,0.15246,1,0,726.53605,,,,0,0,1,1251.342755,1251.342755,0,200.2148407,41.54457945,0,,,188.4067614,1251.342755,1201.289044,50.05371018,1251.342755,0,1,0,0,0.156837079,94.20370081,0.96,625.673825,600.646872,25.026953,1,0,0,0.15683724,94.20306056,0.96,625.6689296,600.6421724,25.02675718,0,0,0,0.271,0,0.96,0,0,0,,,,425.899006,1201.289044,1111.190917,90.09656084,1201.287478,0.001566541,1,0,0,0.383281576,212.949503,0.925,600.6437389,555.5954585,45.04828042,1,0,0,0.383281576,212.949503,0.925,600.6437389,555.5954585,45.04828042,0,0,0,0.094183419,0,0.925,0,0,0,0,0,0,0.094183419,0,0.925,0,0,0,1,,,0.101,112.2302826,1111.190917,1111.190917,0,34.44691843,0,,,140.1518376,0,60.26529015,2,726.53605,0,0,0,110.7676862
44,1,45,0.15246,1,0,726.53605,,,,0,0,1,1251.342755,1251.342755,0,200.2148407,41.54457945,0,,,188.4067614,1251.342755,1201.289044,50.05371018,1251.342755,0,1,0,0,0.156837079,94.20370081,0.96,625.673825,600.646872,25.026953,1,0,0,0.15683724,94.20306056,0.96,625.6689296,600.6421724,25.02675718,0,0,0,0.271,0,0.96,0,0,0,,,,425.899006,1201.289044,1111.190917,90.09656084,1201.287478,0.001566541,1,0,0,0.383281576,212.949503,0.925,600.6437389,555.5954585,45.04828042,1,0,0,0.383281576,212.949503,0.925,600.6437389,555.5954585,45.04828042,0,0,0,0.094183419,0,0.925,0,0,0,0,0,0,0.094183419,0,0.925,0,0,0,1,,,0.101,112.2302826,1111.190917,1111.190917,0,34.44691843,0,,,140.1518376,0,60.26529015,2,726.53605,0,0,0,110.7676862
45,1,46,0.15246,1,0,726.53605,,,,0,0,1,1251.342755,1251.342755,0,200.2148407,41.54457945,0,,,188.4067614,1251.342755,1201.289044,50.05371018,1251.342755,0,1,0,0,0.156837079,94.20370081,0.96,625.673825,600.646872,25.026953,1,0,0,0.15683724,94.20306056,0.96,625.6689296,600.6421724,25.02675718,0,0,0,0.271,0,0.96,0,0,0,,,,425.899006,1201.289044,1111.190917,90.09656084,1201.287478,0.001566541,1,0,0,0.383281576,212.949503,0.925,600.6437389,555.5954585,45.04828042,1,0,0,0.383281576,212.949503,0.925,600.6437389,555.5954585,45.04828042,0,0,0,0.094183419,0,0.925,0,0,0,0,0,0,0.094183419,0,0.925,0,0,0,1,,,0.101,112.2302826,1111.190917,1111.190917,0,34.44691843,0,,,140.1518376,0,60.26529015,2,726.53605,0,0,0,110.7676862
46,1,47,0.1016,0,0,1089.803755,,,,0,0,1,1877.011684,1877.011684,0,300.3218695,62.31678791,0,,,282.6098219,1877.011684,1801.931217,75.08046736,1877.011684,0,1,0,0,0.156837079,94.20370081,0.96,625.673825,600.646872,25.026953,1,0,0,0.15683724,94.20306056,0.96,625.6689296,600.6421724,25.02675718,1,1,0,0.15683724,94.20306056,0.96,625.6689296,600.6421724,25.02675718,,,,638.8485091,1801.931217,1666.786375,135.1448413,1801.931217,0,1,0,0,0.383281576,212.949503,0.925,600.6437389,555.5954585,45.04828042,1,0,0,0.383281576,212.949503,0.925,600.6437389,555.5954585,45.04828042,1,1,0,0.383281576,212.949503,0.925,600.6437389,555.5954585,45.04828042,0,0,0,0.094183419,0,0.925,0,0,0,1,,,0.101,168.3454239,1666.786375,1666.786375,0,51.67037764,0,,,210.2253086,0,90.39688271,3,1089.803755,0,0,0,110.7240615
47,1,48,0.1016,0,0,1089.803755,,,,0,0,1,1877.011684,1877.011684,0,300.3218695,62.31678791,0,,,282.6098219,1877.011684,1801.931217,75.08046736,1877.011684,0,1,0,0,0.156837079,94.20370081,0.96,625.673825,600.646872,25.026953,1,0,0,0.15683724,94.20306056,0.96,625.6689296,600.6421724,25.02675718,1,0,0,0.15683724,94.20306056,0.96,625.6689296,600.6421724,25.02675718,,,,638.8485091,1801.931217,1666.786375,135.1448413,1801.931217,0,1,0,0,0.383281576,212.949503,0.925,600.6437389,555.5954585,45.04828042,1,0,0,0.383281576,212.949503,0.925,600.6437389,555.5954585,45.04828042,1,0,0,0.383281576,212.949503,0.925,600.6437389,555.5954585,45.04828042,0,0,0,0.094183419,0,0.925,0,0,0,1,,,0.101,168.3454239,1666.786375,1666.786375,0,51.67037764,0,,,210.2253086,0,90.39688271,3,1089.803755,0,0,0,110.7240615
48,1,49,0.1016,0,0,1089.803755,,,,0,0,1,1877.011684,1877.011684,0,300.3218695,62.31678791,0,,,282.6098219,1877.011684,1801.931217,75.08046736,1877.011684,0,1,0,0,0.156837079,94.20370081,0.96,625.673825,600.646872,25.026953,1,0,0,0.15683724,94.20306056,0.96,625.6689296,600.6421724,25.02675718,1,0,0,0.15683724,94.20306056,0.96,625.6689296,600.6421724,25.02675718,,,,638.8485091,1801.931217,1666.786375,135.1448413,1801.931217,0,1,0,0,0.383281576,212.949503,0.925,600.6437389,555.5954585,45.04828042,1,0,0,0.383281576,212.949503,0.925,600.6437389,555.5954585,45.04828042,1,0,0,0.383281576,212.949503,0.925,600.6437389,555.5954585,45.04828042,0,0,0,0.094183419,0,0.925,0,0,0,1,,,0.101,168.3454239,1666.786375,1666.786375,0,51.67037764,0,,,210.2253086,0,90.39688271,3,1089.803755,0,0,0,110.7240615
49,1,50,0.1016,0,0,1089.803755,,,,0,0,1,1877.011684,1877.011684,0,300.3218695,62.31678791,0,,,282.6098219,1877.011684,1801.931217,75.08046736,1877.011684,0,1,0,0,0.156837079,94.20370081,0.96,625.673825,600.646872,25.026953,1,0,0,0.15683724,94.20306056,0.96,625.6689296,600.6421724,25.02675718,1,0,0,0.15683724,94.20306056,0.96,625.6689296,600.6421724,25.02675718,,,,638.8485091,1801.931217,1666.786375,135.1448413,1801.931217,0,1,0,0,0.383281576,212.949503,0.925,600.6437389,555.5954585,45.04828042,1,0,0,0.383281576,212.949503,0.925,600.6437389,555.5954585,45.04828042,1,0,0,0.383281576,212.949503,0.925,600.6437389,555.5954585,45.04828042,0,0,0,0.094183419,0,0.925,0,0,0,1,,,0.101,168.3454239,1666.786375,1666.786375,0,51.67037764,0,,,210.2253086,0,90.39688271,3,1089.803755,0,0,0,110.7240615
50,1,51,0.1016,0,0,1089.803755,,,,0,0,1,1877.011684,1877.011684,0,300.3218695,62.31678791,0,,,282.6098219,1877.011684,1801.931217,75.08046736,1877.011684,0,1,0,0,0.156837079,94.20370081,0.96,625.673825,600.646872,25.026953,1,0,0,0.15683724,94.20306056,0.96,625.6689296,600.6421724,25.02675718,1,0,0,0.15683724,94.20306056,0.96,625.6689296,600.6421724,25.02675718,,,,638.8485091,1801.931217,1666.786375,135.1448413,1801.931217,0,1,0,0,0.383281576,212.949503,0.925,600.6437389,555.5954585,45.04828042,1,0,0,0.383281576,212.949503,0.925,600.6437389,555.5954585,45.04828042,1,0,0,0.383281576,212.949503,0.925,600.6437389,555.5954585,45.04828042,0,0,0,0.094183419,0,0.925,0,0,0,1,,,0.101,168.3454239,1666.786375,1666.786375,0,51.67037764,0,,,210.2253086,0,90.39688271,3,1089.803755,0,0,0,110.7240615
51,1,52,0.1016,0,0,1089.803755,,,,0,0,1,1877.011684,1877.011684,0,300.3218695,62.31678791,0,,,282.6098219,1877.011684,1801.931217,75.08046736,1877.011684,0,1,0,0,0.156837079,94.20370081,0.96,625.673825,600.646872,25.026953,1,0,0,0.15683724,94.20306056,0.96,625.6689296,600.6421724,25.02675718,1,0,0,0.15683724,94.20306056,0.96,625.6689296,600.6421724,25.02675718,,,,638.8485091,1801.931217,1666.786375,135.1448413,1801.931217,0,1,0,0,0.383281576,212.949503,0.925,600.6437389,555.5954585,45.04828042,1,0,0,0.383281576,212.949503,0.925,600.6437389,555.5954585,45.04828042,1,0,0,0.383281576,212.949503,0.925,600.6437389,555.5954585,45.04828042,0,0,0,0.094183419,0,0.925,0,0,0,1,,,0.101,168.3454239,1666.786375,1666.786375,0,51.67037764,0,,,210.2253086,0,90.39688271,3,1089.803755,0,0,0,110.7240615
52,1,53,0.1016,0,0,1089.803755,,,,0,0,1,1877.011684,1877.011684,0,300.3218695,62.31678791,0,,,282.6098219,1877.011684,1801.931217,75.08046736,1877.011684,0,1,0,0,0.156837079,94.20370081,0.96,625.673825,600.646872,25.026953,1,0,0,0.15683724,94.20306056,0.96,625.6689296,600.6421724,25.02675718,1,0,0,0.15683724,94.20306056,0.96,625.6689296,600.6421724,25.02675718,,,,638.8485091,1801.931217,1666.786375,135.1448413,1801.931217,0,1,0,0,0.383281576,212.949503,0.925,600.6437389,555.5954585,45.04828042,1,0,0,0.383281576,212.949503,0.925,600.6437389,555.5954585,45.04828042,1,0,0,0.383281576,212.949503,0.925,600.6437389,555.5954585,45.04828042,0,0,0,0.094183419,0,0.925,0,0,0,1,,,0.101,168.3454239,1666.786375,1666.786375,0,51.67037764,0,,,210.2253086,0,90.39688271,3,1089.803755,0,0,0,110.7240615
53,1,54,0.1016,0,0,1089.803755,,,,0,0,1,1877.011684,1877.011684,0,300.3218695,62.31678791,0,,,282.6098219,1877.011684,1801.931217,75.08046736,1877.011684,0,1,0,0,0.156837079,94.20370081,0.96,625.673825,600.646872,25.026953,1,0,0,0.15683724,94.20306056,0.96,625.6689296,600.6421724,25.02675718,1,0,0,0.15683724,94.20306056,0.96,625.6689296,600.6421724,25.02675718,,,,638.8485091,1801.931217,1666.786375,135.1448413,1801.931217,0,1,0,0,0.383281576,212.949503,0.925,600.6437389,555.5954585,45.04828042,1,0,0,0.383281576,212.949503,0.925,600.6437389,555.5954585,45.04828042,1,0,0,0.383281576,212.949503,0.925,600.6437389,555.5954585,45.04828042,0,0,0,0.094183419,0,0.925,0,0,0,1,,,0.101,168.3454239,1666.786375,1666.786375,0,51.67037764,0,,,210.2253086,0,90.39688271,3,1089.803755,0,0,0,110.7240615
54,1,55,0.1016,0,0,1089.803755,,,,0,0,1,1877.011684,1877.011684,0,300.3218695,62.31678791,0,,,282.6098219,1877.011684,1801.931217,75.08046736,1877.011684,0,1,0,0,0.156837079,94.20370081,0.96,625.673825,600.646872,25.026953,1,0,0,0.15683724,94.20306056,0.96,625.6689296,600.6421724,25.02675718,1,0,0,0.15683724,94.20306056,0.96,625.6689296,600.6421724,25.02675718,,,,638.8485091,1801.931217,1666.786375,135.1448413,1801.931217,0,1,0,0,0.383281576,212.949503,0.925,600.6437389,555.5954585,45.04828042,1,0,0,0.383281576,212.949503,0.925,600.6437389,555.5954585,45.04828042,1,0,0,0.383281576,212.949503,0.925,600.6437389,555.5954585,45.04828042,0,0,0,0.094183419,0,0.925,0,0,0,1,,,0.101,168.3454239,1666.786375,1666.786375,0,51.67037764,0,,,210.2253086,0,90.39688271,3,1089.803755,0,0,0,110.7240615
55,1,56,0.1016,0,0,1089.803755,,,,0,0,1,1877.011684,1877.011684,0,300.3218695,62.31678791,0,,,282.6098219,1877.011684,1801.931217,75.08046736,1877.011684,0,1,0,0,0.156837079,94.20370081,0.96,625.673825,600.646872,25.026953,1,0,0,0.15683724,94.20306056,0.96,625.6689296,600.6421724,25.02675718,1,0,0,0.15683724,94.20306056,0.96,625.6689296,600.6421724,25.02675718,,,,638.8485091,1801.931217,1666.786375,135.1448413,1801.931217,0,1,0,0,0.383281576,212.949503,0.925,600.6437389,555.5954585,45.04828042,1,0,0,0.383281576,212.949503,0.925,600.6437389,555.5954585,45.04828042,1,0,0,0.383281576,212.949503,0.925,600.6437389,555.5954585,45.04828042,0,0,0,0.094183419,0,0.925,0,0,0,1,,,0.101,168.3454239,1666.786375,1666.786375,0,51.67037764,0,,,210.2253086,0,90.39688271,3,1089.803755,0,0,0,110.7240615
56,1,57,0.1016,0,0,1089.803755,,,,0,0,1,1877.011684,1877.011684,0,300.3218695,62.31678791,0,,,282.6098219,1877.011684,1801.931217,75.08046736,1877.011684,0,1,0,0,0.156837079,94.20370081,0.96,625.673825,600.646872,25.026953,1,0,0,0.15683724,94.20306056,0.96,625.6689296,600.6421724,25.02675718,1,0,0,0.15683724,94.20306056,0.96,625.6689296,600.6421724,25.02675718,,,,638.8485091,1801.931217,1666.786375,135.1448413,1801.931217,0,1,0,0,0.383281576,212.949503,0.925,600.6437389,555.5954585,45.04828042,1,0,0,0.383281576,212.949503,0.925,600.6437389,555.5954585,45.04828042,1,0,0,0.383281576,212.949503,0.925,600.6437389,555.5954585,45.04828042,0,0,0,0.094183419,0,0.925,0,0,0,1,,,0.101,168.3454239,1666.786375,1666.786375,0,51.67037764,0,,,210.2253086,0,90.39688271,3,1089.803755,0,0,0,110.7240615
57,1,58,0.1016,0,0,1089.803755,,,,0,0,1,1877.011684,1877.011684,0,300.3218695,62.31678791,0,,,282.6098219,1877.011684,1801.931217,75.08046736,1877.011684,0,1,0,0,0.156837079,94.20370081,0.96,625.673825,600.646872,25.026953,1,0,0,0.15683724,94.20306056,0.96,625.6689296,600.6421724,25.02675718,1,0,0,0.15683724,94.20306056,0.96,625.6689296,600.6421724,25.02675718,,,,638.8485091,1801.931217,1666.786375,135.1448413,1801.931217,0,1,0,0,0.383281576,212.949503,0.925,600.6437389,555.5954585,45.04828042,1,0,0,0.383281576,212.949503,0.925,600.6437389,555.5954585,45.04828042,1,0,0,0.383281576,212.949503,0.925,600.6437389,555.5954585,45.04828042,0,0,0,0.094183419,0,0.925,0,0,0,1,,,0.101,168.3454239,1666.786375,1666.786375,0,51.67037764,0,,,210.2253086,0,90.39688271,3,1089.803755,0,0,0,110.7240615
58,1,59,0.1016,0,0,1089.803755,,,,0,0,1,1877.011684,1877.011684,0,300.3218695,62.31678791,0,,,282.6098219,1877.011684,1801.931217,75.08046736,1877.011684,0,1,0,0,0.156837079,94.20370081,0.96,625.673825,600.646872,25.026953,1,0,0,0.15683724,94.20306056,0.96,625.6689296,600.6421724,25.02675718,1,0,0,0.15683724,94.20306056,0.96,625.6689296,600.6421724,25.02675718,,,,638.8485091,1801.931217,1666.786375,135.1448413,1801.931217,0,1,0,0,0.383281576,212.949503,0.925,600.6437389,555.5954585,45.04828042,1,0,0,0.383281576,212.949503,0.925,600.6437389,555.5954585,45.04828042,1,0,0,0.383281576,212.949503,0.925,600.6437389,555.5954585,45.04828042,0,0,0,0.094183419,0,0.925,0,0,0,1,,,0.101,168.3454239,1666.786375,1666.786375,0,51.67037764,0,,,210.2253086,0,90.39688271,3,1089.803755,0,0,0,110.7240615
59,1,60,0.1016,0,0,1089.803755,,,,0,0,1,1877.011684,1877.011684,0,300.3218695,62.31678791,0,,,282.6098219,1877.011684,1801.931217,75.08046736,1877.011684,0,1,0,0,0.156837079,94.20370081,0.96,625.673825,600.646872,25.026953,1,0,0,0.15683724,94.20306056,0.96,625.6689296,600.6421724,25.02675718,1,0,0,0.15683724,94.20306056,0.96,625.6689296,600.6421724,25.02675718,,,,638.8485091,1801.931217,1666.786375,135.1448413,1801.931217,0,1,0,0,0.383281576,212.949503,0.925,600.6437389,555.5954585,45.04828042,1,0,0,0.383281576,212.949503,0.925,600.6437389,555.5954585,45.04828042,1,0,0,0.383281576,212.949503,0.925,600.6437389,555.5954585,45.04828042,0,0,0,0.094183419,0,0.925,0,0,0,1,,,0.101,168.3454239,1666.786375,1666.786375,0,51.67037764,0,,,210.2253086,0,90.39688271,3,1089.803755,0,0,0,110.7240615
60,1,61,0.1016,0,0,1089.803755,,,,0,0,1,1877.011684,1877.011684,0,300.3218695,62.31678791,0,,,282.6098219,1877.011684,1801.931217,75.08046736,1877.011684,0,1,0,0,0.156837079,94.20370081,0.96,625.673825,600.646872,25.026953,1,0,0,0.15683724,94.20306056,0.96,625.6689296,600.6421724,25.02675718,1,0,0,0.15683724,94.20306056,0.96,625.6689296,600.6421724,25.02675718,,,,638.8485091,1801.931217,1666.786375,135.1448413,1801.931217,0,1,0,0,0.383281576,212.949503,0.925,600.6437389,555.5954585,45.04828042,1,0,0,0.383281576,212.949503,0.925,600.6437389,555.5954585,45.04828042,1,0,0,0.383281576,212.949503,0.925,600.6437389,555.5954585,45.04828042,0,0,0,0.094183419,0,0.925,0,0,0,1,,,0.101,168.3454239,1666.786375,1666.786375,0,51.67037764,0,,,210.2253086,0,90.39688271,3,1089.803755,0,0,0,110.7240615
61,1,62,0.1016,0,0,726.53605,,,,0,0,1,1251.342755,1251.342755,0,200.2148407,41.54457945,0,,,188.4067614,1251.342755,1201.289044,50.05371018,1251.342755,0,1,0,0,0.156837079,94.20370081,0.96,625.673825,600.646872,25.026953,1,0,0,0.15683724,94.20306056,0.96,625.6689296,600.6421724,25.02675718,0,0,1,0.271,0,0.96,0,0,0,,,,425.899006,1201.289044,1111.190917,90.09656084,1201.287478,0.001566541,1,0,0,0.383281576,212.949503,0.925,600.6437389,555.5954585,45.04828042,1,0,0,0.383281576,212.949503,0.925,600.6437389,555.5954585,45.04828042,0,0,1,0.094183419,0,0.925,0,0,0,0,0,0,0.094183419,0,0.925,0,0,0,1,,,0.101,112.2302826,1111.190917,1111.190917,0,34.44691843,0,,,140.1518376,0,60.26529015,2,726.53605,0,0,0,73.81606268
62,1,63,0.1016,0,0,726.53605,,,,0,0,1,1251.342755,1251.342755,0,200.2148407,41.54457945,0,,,188.4067614,1251.342755,1201.289044,50.05371018,1251.342755,0,1,0,0,0.156837079,94.20370081,0.96,625.673825,600.646872,25.026953,1,0,0,0.15683724,94.20306056,0.96,625.6689296,600.6421724,25.02675718,0,0,0,0.271,0,0.96,0,0,0,,,,425.899006,1201.289044,1111.190917,90.09656084,1201.287478,0.001566541,1,0,0,0.383281576,212.949503,0.925,600.6437389,555.5954585,45.04828042,1,0,0,0.383281576,212.949503,0.925,600.6437389,555.5954585,45.04828042,0,0,0,0.094183419,0,0.925,0,0,0,0,0,0,0.094183419,0,0.925,0,0,0,1,,,0.101,112.2302826,1111.190917,1111.190917,0,34.44691843,0,,,140.1518376,0,60.26529015,2,726.53605,0,0,0,73.81606268
63,1,64,0.1016,0,0,726.53605,,,,0,0,1,1251.342755,1251.342755,0,200.2148407,41.54457945,0,,,188.4067614,1251.342755,1201.289044,50.05371018,1251.342755,0,1,0,0,0.156837079,94.20370081,0.96,625.673825,600.646872,25.026953,1,0,0,0.15683724,94.20306056,0.96,625.6689296,600.6421724,25.02675718,0,0,0,0.271,0,0.96,0,0,0,,,,425.899006,1201.289044,1111.190917,90.09656084,1201.287478,0.001566541,1,0,0,0.383281576,212.949503,0.925,600.6437389,555.5954585,45.04828042,1,0,0,0.383281576,212.949503,0.925,600.6437389,555.5954585,45.04828042,0,0,0,0.094183419,0,0.925,0,0,0,0,0,0,0.094183419,0,0.925,0,0,0,1,,,0.101,112.2302826,1111.190917,1111.190917,0,34.44691843,0,,,140.1518376,0,60.26529015,2,726.53605,0,0,0,73.81606268
64,1,65,0.1016,0,0,726.53605,,,,0,0,1,1251.342755,1251.342755,0,200.2148407,41.54457945,0,,,188.4067614,1251.342755,1201.289044,50.05371018,1251.342755,0,1,0,0,0.156837079,94.20370081,0.96,625.673825,600.646872,25.026953,1,0,0,0.15683724,94.20306056,0.96,625.6689296,600.6421724,25.02675718,0,0,0,0.271,0,0.96,0,0,0,,,,425.899006,1201.289044,1111.190917,90.09656084,1201.287478,0.001566541,1,0,0,0.383281576,212.949503,0.925,600.6437389,555.5954585,45.04828042,1,0,0,0.383281576,212.949503,0.925,600.6437389,555.5954585,45.04828042,0,0,0,0.094183419,0,0.925,0,0,0,0,0,0,0.094183419,0,0.925,0,0,0,1,,,0.101,112.2302826,1111.190917,1111.190917,0,34.44691843,0,,,140.1518376,0,60.26529015,2,726.53605,0,0,0,73.81606268
65,1,66,0.15246,1,0,726.53605,,,,0,0,1,1251.342755,1251.342755,0,200.2148407,41.54457945,0,,,188.4067614,1251.342755,1201.289044,50.05371018,1251.342755,0,1,0,0,0.156837079,94.20370081,0.96,625.673825,600.646872,25.026953,1,0,0,0.15683724,94.20306056,0.96,625.6689296,600.6421724,25.02675718,0,0,0,0.271,0,0.96,0,0,0,,,,425.899006,1201.289044,1111.190917,90.09656084,1201.287478,0.001566541,1,0,0,0.383281576,212.949503,0.925,600.6437389,555.5954585,45.04828042,1,0,0,0.383281576,212.949503,0.925,600.6437389,555.5954585,45.04828042,0,0,0,0.094183419,0,0.925,0,0,0,0,0,0,0.094183419,0,0.925,0,0,0,1,,,0.101,112.2302826,1111.190917,1111.190917,0,34.44691843,0,,,140.1518376,0,60.26529015,2,726.53605,0,0,0,110.7676862
66,1,67,0.15246,1,0,726.53605,,,,0,0,1,1251.342755,1251.342755,0,200.2148407,41.54457945,0,,,188.4067614,1251.342755,1201.289044,50.05371018,1251.342755,0,1,0,0,0.156837079,94.20370081,0.96,625.673825,600.646872,25.026953,1,0,0,0.15683724,94.20306056,0.96,625.6689296,600.6421724,25.02675718,0,0,0,0.271,0,0.96,0,0,0,,,,425.899006,1201.289044,1111.190917,90.09656084,1201.287478,0.001566541,1,0,0,0.383281576,212.949503,0.925,600.6437389,555.5954585,45.04828042,1,0,0,0.383281576,212.949503,0.925,600.6437389,555.5954585,45.04828042,0,0,0,0.094183419,0,0.925,0,0,0,0,0,0,0.094183419,0,0.925,0,0,0,1,,,0.101,112.2302826,1111.190917,1111.190917,0,34.44691843,0,,,140.1518376,0,60.26529015,2,726.53605,0,0,0,110.7676862
67,1,68,0.15246,1,0,726.53605,,,,0,0,1,1251.342755,1251.342755,0,200.2148407,41.54457945,0,,,188.4067614,1251.342755,1201.289044,50.05371018,1251.342755,0,1,0,0,0.156837079,94.20370081,0.96,625.673825,600.646872,25.026953,1,0,0,0.15683724,94.20306056,0.96,625.6689296,600.6421724,25.02675718,0,0,0,0.271,0,0.96,0,0,0,,,,425.899006,1201.289044,1111.190917,90.09656084,1201.287478,0.001566541,1,0,0,0.383281576,212.949503,0.925,600.6437389,555.5954585,45.04828042,1,0,0,0.383281576,212.949503,0.925,600.6437389,555.5954585,45.04828042,0,0,0,0.094183419,0,0.925,0,0,0,0,0,0,0.094183419,0,0.925,0,0,0,1,,,0.101,112.2302826,1111.190917,1111.190917,0,34.44691843,0,,,140.1518376,0,60.26529015,2,726.53605,0,0,0,110.7676862
68,1,69,0.15246,1,0,726.53605,,,,0,0,1,1251.342755,1251.342755,0,200.2148407,41.54457945,0,,,188.4067614,1251.342755,1201.289044,50.05371018,1251.342755,0,1,0,0,0.156837079,94.20370081,0.96,625.673825,600.646872,25.026953,1,0,0,0.15683724,94.20306056,0.96,625.6689296,600.6421724,25.02675718,0,0,0,0.271,0,0.96,0,0,0,,,,425.899006,1201.289044,1111.190917,90.09656084,1201.287478,0.001566541,1,0,0,0.383281576,212.949503,0.925,600.6437389,555.5954585,45.04828042,1,0,0,0.383281576,212.949503,0.925,600.6437389,555.5954585,45.04828042,0,0,0,0.094183419,0,0.925,0,0,0,0,0,0,0.094183419,0,0.925,0,0,0,1,,,0.101,112.2302826,1111.190917,1111.190917,0,34.44691843,0,,,140.1518376,0,60.26529015,2,726.53605,0,0,0,110.7676862
69,1,70,0.15246,1,0,726.53605,,,,0,0,1,1251.342755,1251.342755,0,200.2148407,41.54457945,0,,,188.4067614,1251.342755,1201.289044,50.05371018,1251.342755,0,1,0,0,0.156837079,94.20370081,0.96,625.673825,600.646872,25.026953,1,0,0,0.15683724,94.20306056,0.96,625.6689296,600.6421724,25.02675718,0,0,0,0.271,0,0.96,0,0,0,,,,425.899006,1201.289044,1111.190917,90.09656084,1201.287478,0.001566541,1,0,0,0.383281576,212.949503,0.925,600.6437389,555.5954585,45.04828042,1,0,0,0.383281576,212.949503,0.925,600.6437389,555.5954585,45.04828042,0,0,0,0.094183419,0,0.925,0,0,0,0,0,0,0.094183419,0,0.925,0,0,0,1,,,0.101,112.2302826,1111.190917,1111.190917,0,34.44691843,0,,,140.1518376,0,60.26529015,2,726.53605,0,0,0,110.7676862
70,1,71,0.1016,0,0,726.53605,,,,0,0,1,1251.342755,1251.342755,0,200.2148407,41.54457945,0,,,188.4067614,1251.342755,1201.289044,50.05371018,1251.342755,0,1,0,0,0.156837079,94.20370081,0.96,625.673825,600.646872,25.026953,1,0,0,0.15683724,94.20306056,0.96,625.6689296,600.6421724,25.02675718,0,0,0,0.271,0,0.96,0,0,0,,,,425.899006,1201.289044,1111.190917,90.09656084,1201.287478,0.001566541,1,0,0,0.383281576,212.949503,0.925,600.6437389,555.5954585,45.04828042,1,0,0,0.383281576,212.949503,0.925,600.6437389,555.5954585,45.04828042,0,0,0,0.094183419,0,0.925,0,0,0,0,0,0,0.094183419,0,0.925,0,0,0,1,,,0.101,112.2302826,1111.190917,1111.190917,0,34.44691843,0,,,140.1518376,0,60.26529015,2,726.53605,0,0,0,73.81606268
71,1,72,0.1016,0,0,726.53605,,,,0,0,1,1251.342755,1251.342755,0,200.2148407,41.54457945,0,,,188.4067614,1251.342755,1201.289044,50.05371018,1251.342755,0,1,0,0,0.156837079,94.20370081,0.96,625.673825,600.646872,25.026953,1,0,0,0.15683724,94.20306056,0.96,625.6689296,600.6421724,25.02675718,0,0,0,0.271,0,0.96,0,0,0,,,,425.899006,1201.289044,1111.190917,90.09656084,1201.287478,0.001566541,1,0,0,0.383281576,212.949503,0.925,600.6437389,555.5954585,45.04828042,1,0,0,0.383281576,212.949503,0.925,600.6437389,555.5954585,45.04828042,0,0,0,0.094183419,0,0.925,0,0,0,0,0,0,0.094183419,0,0.925,0,0,0,1,,,0.101,112.2302826,1111.190917,1111.190917,0,34.44691843,0,,,140.1518376,0,60.26529015,2,726.53605,0,0,0,73.81606268
72,1,73,0.1016,0,0,726.53605,,,,0,0,1,1251.342755,1251.342755,0,200.2148407,41.54457945,0,,,188.4067614,1251.342755,1201.289044,50.05371018,1251.342755,0,1,0,0,0.156837079,94.20370081,0.96,625.673825,600.646872,25.026953,1,0,0,0.15683724,94.20306056,0.96,625.6689296,600.6421724,25.02675718,0,0,0,0.271,0,0.96,0,0,0,,,,425.899006,1201.289044,1111.190917,90.09656084,1201.287478,0.001566541,1,0,0,0.383281576,212.949503,0.925,600.6437389,555.5954585,45.04828042,1,0,0,0.383281576,212.949503,0.925,600.6437389,555.5954585,45.04828042,0,0,0,0.094183419,0,0.925,0,0,0,0,0,0,0.094183419,0,0.925,0,0,0,1,,,0.101,112.2302826,1111.190917,1111.190917,0,34.44691843,0,,,140.1518376,0,60.26529015,2,726.53605,0,0,0,73.81606268
73,1,74,0.1016,0,0,726.53605,,,,0,0,1,1251.342755,1251.342755,0,200.2148407,41.54457945,0,,,188.4067614,1251.342755,1201.289044,50.05371018,1251.342755,0,1,0,0,0.156837079,94.20370081,0.96,625.673825,600.646872,25.026953,1,0,0,0.15683724,94.20306056,0.96,625.6689296,600.6421724,25.02675718,0,0,0,0.271,0,0.96,0,0,0,,,,425.899006,1201.289044,1111.190917,90.09656084,1201.287478,0.001566541,1,0,0,0.383281576,212.949503,0.925,600.6437389,555.5954585,45.04828042,1,0,0,0.383281576,212.949503,0.925,600.6437389,555.5954585,45.04828042,0,0,0,0.094183419,0,0.925,0,0,0,0,0,0,0.094183419,0,0.925,0,0,0,1,,,0.101,112.2302826,1111.190917,1111.190917,0,34.44691843,0,,,140.1518376,0,60.26529015,2,726.53605,0,0,0,73.81606268
74,1,75,0.1016,0,0,726.53605,,,,0,0,1,1251.342755,1251.342755,0,200.2148407,41.54457945,0,,,188.4067614,1251.342755,1201.289044,50.05371018,1251.342755,0,1,0,0,0.156837079,94.20370081,0.96,625.673825,600.646872,25.026953,1,0,0,0.15683724,94.20306056,0.96,625.6689296,600.6421724,25.02675718,0,0,0,0.271,0,0.96,0,0,0,,,,425.899006,1201.289044,1111.190917,90.09656084,1201.287478,0.001566541,1,0,0,0.383281576,212.949503,0.925,600.6437389,555.5954585,45.04828042,1,0,0,0.383281576,212.949503,0.925,600.6437389,555.5954585,45.04828042,0,0,0,0.094183419,0,0.925,0,0,0,0,0,0,0.094183419,0,0.925,0,0,0,1,,,0.101,112.2302826,1111.190917,1111.190917,0,34.44691843,0,,,140.1518376,0,60.26529015,2,726.53605,0,0,0,73.81606268
75,1,76,0.1016,0,0,726.53605,,,,0,0,1,1251.342755,1251.342755,0,200.2148407,41.54457945,0,,,188.4067614,1251.342755,1201.289044,50.05371018,1251.342755,0,1,0,0,0.156837079,94.20370081,0.96,625.673825,600.646872,25.026953,1,0,0,0.15683724,94.20306056,0.96,625.6689296,600.6421724,25.02675718,0,0,0,0.271,0,0.96,0,0,0,,,,425.899006,1201.289044,1111.190917,90.09656084,1201.287478,0.001566541,1,0,0,0.383281576,212.949503,0.925,600.6437389,555.5954585,45.04828042,1,0,0,0.383281576,212.949503,0.925,600.6437389,555.5954585,45.04828042,0,0,0,0.094183419,0,0.925,0,0,0,0,0,0,0.094183419,0,0.925,0,0,0,1,,,0.101,112.2302826,1111.190917,1111.190917,0,34.44691843,0,,,140.1518376,0,60.26529015,2,726.53605,0,0,0,73.81606268
76,1,77,0.1016,0,0,726.53605,,,,0,0,1,1251.342755,1251.342755,0,200.2148407,41.54457945,0,,,188.4067614,1251.342755,1201.289044,50.05371018,1251.342755,0,1,0,0,0.156837079,94.20370081,0.96,625.673825,600.646872,25.026953,1,0,0,0.15683724,94.20306056,0.96,625.6689296,600.6421724,25.02675718,0,0,0,0.271,0,0.96,0,0,0,,,,425.899006,1201.289044,1111.190917,90.09656084,1201.287478,0.001566541,1,0,0,0.383281576,212.949503,0.925,600.6437389,555.5954585,45.04828042,1,0,0,0.383281576,212.949503,0.925,600.6437389,555.5954585,45.04828042,0,0,0,0.094183419,0,0.925,0,0,0,0,0,0,0.094183419,0,0.925,0,0,0,1,,,0.101,112.2302826,1111.190917,1111.190917,0,34.44691843,0,,,140.1518376,0,60.26529015,2,726.53605,0,0,0,73.81606268
77,1,78,0.1016,0,0,1089.803755,,,,0,0,1,1877.011684,1877.011684,0,300.3218695,62.31678791,0,,,282.6098219,1877.011684,1801.931217,75.08046736,1877.011684,0,1,0,0,0.156837079,94.20370081,0.96,625.673825,600.646872,25.026953,1,0,0,0.15683724,94.20306056,0.96,625.6689296,600.6421724,25.02675718,1,1,0,0.15683724,94.20306056,0.96,625.6689296,600.6421724,25.02675718,,,,638.8485091,1801.931217,1666.786375,135.1448413,1801.931217,0,1,0,0,0.383281576,212.949503,0.925,600.6437389,555.5954585,45.04828042,1,0,0,0.383281576,212.949503,0.925,600.6437389,555.5954585,45.04828042,1,1,0,0.383281576,212.949503,0.925,600.6437389,555.5954585,45.04828042,0,0,0,0.094183419,0,0.925,0,0,0,1,,,0.101,168.3454239,1666.786375,1666.786375,0,51.67037764,0,,,210.2253086,0,90.39688271,3,1089.803755,0,0,0,110.7240615
78,1,79,0.1016,0,0,1089.803755,,,,0,0,1,1877.011684,1877.011684,0,300.3218695,62.31678791,0,,,282.6098219,1877.011684,1801.931217,75.08046736,1877.011684,0,1,0,0,0.156837079,94.20370081,0.96,625.673825,600.646872,25.026953,1,0,0,0.15683724,94.20306056,0.96,625.6689296,600.6421724,25.02675718,1,0,0,0.15683724,94.20306056,0.96,625.6689296,600.6421724,25.02675718,,,,638.8485091,1801.931217,1666.786375,135.1448413,1801.931217,0,1,0,0,0.383281576,212.949503,0.925,600.6437389,555.5954585,45.04828042,1,0,0,0.383281576,212.949503,0.925,600.6437389,555.5954585,45.04828042,1,0,0,0.383281576,212.949503,0.925,600.6437389,555.5954585,45.04828042,0,0,0,0.094183419,0,0.925,0,0,0,1,,,0.101,168.3454239,1666.786375,1666.786375,0,51.67037764,0,,,210.2253086,0,90.39688271,3,1089.803755,0,0,0,110.7240615
79,1,80,0.1016,0,0,1089.803755,,,,0,0,1,1877.011684,1877.011684,0,300.3218695,62.31678791,0,,,282.6098219,1877.011684,1801.931217,75.08046736,1877.011684,0,1,0,0,0.156837079,94.20370081,0.96,625.673825,600.646872,25.026953,1,0,0,0.15683724,94.20306056,0.96,625.6689296,600.6421724,25.02675718,1,0,0,0.15683724,94.20306056,0.96,625.6689296,600.6421724,25.02675718,,,,638.8485091,1801.931217,1666.786375,135.1448413,1801.931217,0,1,0,0,0.383281576,212.949503,0.925,600.6437389,555.5954585,45.04828042,1,0,0,0.383281576,212.949503,0.925,600.6437389,555.5954585,45.04828042,1,0,0,0.383281576,212.949503,0.925,600.6437389,555.5954585,45.04828042,0,0,0,0.094183419,0,0.925,0,0,0,1,,,0.101,168.3454239,1666.786375,1666.786375,0,51.67037764,0,,,210.2253086,0,90.39688271,3,1089.803755,0,0,0,110.7240615
80,1,81,0.1016,0,0,1089.803755,,,,0,0,1,1877.011684,1877.011684,0,300.3218695,62.31678791,0,,,282.6098219,1877.011684,1801.931217,75.08046736,1877.011684,0,1,0,0,0.156837079,94.20370081,0.96,625.673825,600.646872,25.026953,1,0,0,0.15683724,94.20306056,0.96,625.6689296,600.6421724,25.02675718,1,0,0,0.15683724,94.20306056,0.96,625.6689296,600.6421724,25.02675718,,,,638.8485091,1801.931217,1666.786375,135.1448413,1801.931217,0,1,0,0,0.383281576,212.949503,0.925,600.6437389,555.5954585,45.04828042,1,0,0,0.383281576,212.949503,0.925,600.6437389,555.5954585,45.04828042,1,0,0,0.383281576,212.949503,0.925,600.6437389,555.5954585,45.04828042,0,0,0,0.094183419,0,0.925,0,0,0,1,,,0.101,168.3454239,1666.786375,1666.786375,0,51.67037764,0,,,210.2253086,0,90.39688271,3,1089.803755,0,0,0,110.7240615
81,1,82,0.1016,0,0,1089.803755,,,,0,0,1,1877.011684,1877.011684,0,300.3218695,62.31678791,0,,,282.6098219,1877.011684,1801.931217,75.08046736,1877.011684,0,1,0,0,0.156837079,94.20370081,0.96,625.673825,600.646872,25.026953,1,0,0,0.15683724,94.20306056,0.96,625.6689296,600.6421724,25.02675718,1,0,0,0.15683724,94.20306056,0.96,625.6689296,600.6421724,25.02675718,,,,638.8485091,1801.931217,1666.786375,135.1448413,1801.931217,0,1,0,0,0.383281576,212.949503,0.925,600.6437389,555.5954585,45.04828042,1,0,0,0.383281576,212.949503,0.925,600.6437389,555.5954585,45.04828042,1,0,0,0.383281576,212.949503,0.925,600.6437389,555.5954585,45.04828042,0,0,0,0.094183419,0,0.925,0,0,0,1,,,0.101,168.3454239,1666.786375,1666.786375,0,51.67037764,0,,,210.2253086,0,90.39688271,3,1089.803755,0,0,0,110.7240615
82,1,83,0.1016,0,0,1089.803755,,,,0,0,1,1877.011684,1877.011684,0,300.3218695,62.31678791,0,,,282.6098219,1877.011684,1801.931217,75.08046736,1877.011684,0,1,0,0,0.156837079,94.20370081,0.96,625.673825,600.646872,25.026953,1,0,0,0.15683724,94.20306056,0.96,625.6689296,600.6421724,25.02675718,1,0,0,0.15683724,94.20306056,0.96,625.6689296,600.6421724,25.02675718,,,,638.8485091,1801.931217,1666.786375,135.1448413,1801.931217,0,1,0,0,0.383281576,212.949503,0.925,600.6437389,555.5954585,45.04828042,1,0,0,0.383281576,212.949503,0.925,600.6437389,555.5954585,45.04828042,1,0,0,0.383281576,212.949503,0.925,600.6437389,555.5954585,45.04828042,0,0,0,0.094183419,0,0.925,0,0,0,1,,,0.101,168.3454239,1666.786375,1666.786375,0,51.67037764,0,,,210.2253086,0,90.39688271,3,1089.803755,0,0,0,110.7240615
83,1,84,0.1016,0,0,1089.803755,,,,0,0,1,1877.011684,1877.011684,0,300.3218695,62.31678791,0,,,282.6098219,1877.011684,1801.931217,75.08046736,1877.011684,0,1,0,0,0.156837079,94.20370081,0.96,625.673825,600.646872,25.026953,1,0,0,0.15683724,94.20306056,0.96,625.6689296,600.6421724,25.02675718,1,0,0,0.15683724,94.20306056,0.96,625.6689296,600.6421724,25.02675718,,,,638.8485091,1801.931217,1666.786375,135.1448413,1801.931217,0,1,0,0,0.383281576,212.949503,0.925,600.6437389,555.5954585,45.04828042,1,0,0,0.383281576,212.949503,0.925,600.6437389,555.5954585,45.04828042,1,0,0,0.383281576,212.949503,0.925,600.6437389,555.5954585,45.04828042,0,0,0,0.094183419,0,0.925,0,0,0,1,,,0.101,168.3454239,1666.786375,1666.786375,0,51.67037764,0,,,210.2253086,0,90.39688271,3,1089.803755,0,0,0,110.7240615
84,1,85,0.1016,0,0,1089.803755,,,,0,0,1,1877.011684,1877.011684,0,300.3218695,62.31678791,0,,,282.6098219,1877.011684,1801.931217,75.08046736,1877.011684,0,1,0,0,0.156837079,94.20370081,0.96,625.673825,600.646872,25.026953,1,0,0,0.15683724,94.20306056,0.96,625.6689296,600.6421724,25.02675718,1,0,0,0.15683724,94.20306056,0.96,625.6689296,600.6421724,25.02675718,,,,638.8485091,1801.931217,1666.786375,135.1448413,1801.931217,0,1,0,0,0.383281576,212.949503,0.925,600.6437389,555.5954585,45.04828042,1,0,0,0.383281576,212.949503,0.925,600.6437389,555.5954585,45.04828042,1,0,0,0.383281576,212.949503,0.925,600.6437389,555.5954585,45.04828042,0,0,0,0.094183419,0,0.925,0,0,0,1,,,0.101,168.3454239,1666.786375,1666.786375,0,51.67037764,0,,,210.2253086,0,90.39688271,3,1089.803755,0,0,0,110.7240615
85,1,86,0.1016,0,0,726.53605,,,,0,0,1,1251.342755,1251.342755,0,200.2148407,41.54457945,0,,,188.4067614,1251.342755,1201.289044,50.05371018,1251.342755,0,1,0,0,0.156837079,94.20370081,0.96,625.673825,600.646872,25.026953,1,0,0,0.15683724,94.20306056,0.96,625.6689296,600.6421724,25.02675718,0,0,1,0.271,0,0.96,0,0,0,,,,425.899006,1201.289044,1111.190917,90.09656084,1201.287478,0.001566541,1,0,0,0.383281576,212.949503,0.925,600.6437389,555.5954585,45.04828042,1,0,0,0.383281576,212.949503,0.925,600.6437389,555.5954585,45.04828042,0,0,1,0.094183419,0,0.925,0,0,0,0,0,0,0.094183419,0,0.925,0,0,0,1,,,0.101,112.2302826,1111.190917,1111.190917,0,34.44691843,0,,,140.1518376,0,60.26529015,2,726.53605,0,0,0,73.81606268
86,1,87,0.1016,0,0,726.53605,,,,0,0,1,1251.342755,1251.342755,0,200.2148407,41.54457945,0,,,188.4067614,1251.342755,1201.289044,50.05371018,1251.342755,0,1,0,0,0.156837079,94.20370081,0.96,625.673825,600.646872,25.026953,1,0,0,0.15683724,94.20306056,0.96,625.6689296,600.6421724,25.02675718,0,0,0,0.271,0,0.96,0,0,0,,,,425.899006,1201.289044,1111.190917,90.09656084,1201.287478,0.001566541,1,0,0,0.383281576,212.949503,0.925,600.6437389,555.5954585,45.04828042,1,0,0,0.383281576,212.949503,0.925,600.6437389,555.5954585,45.04828042,0,0,0,0.094183419,0,0.925,0,0,0,0,0,0,0.094183419,0,0.925,0,0,0,1,,,0.101,112.2302826,1111.190917,1111.190917,0,34.44691843,0,,,140.1518376,0,60.26529015,2,726.53605,0,0,0,73.81606268
87,1,88,0.1016,0,0,726.53605,,,,0,0,1,1251.342755,1251.342755,0,200.2148407,41.54457945,0,,,188.4067614,1251.342755,1201.289044,50.05371018,1251.342755,0,1,0,0,0.156837079,94.20370081,0.96,625.673825,600.646872,25.026953,1,0,0,0.15683724,94.20306056,0.96,625.6689296,600.6421724,25.02675718,0,0,0,0.271,0,0.96,0,0,0,,,,425.899006,1201.289044,1111.190917,90.09656084,1201.287478,0.001566541,1,0,0,0.383281576,212.949503,0.925,600.6437389,555.5954585,45.04828042,1,0,0,0.383281576,212.949503,0.925,600.6437389,555.5954585,45.04828042,0,0,0,0.094183419,0,0.925,0,0,0,0,0,0,0.094183419,0,0.925,0,0,0,1,,,0.101,112.2302826,1111.190917,1111.190917,0,34.44691843,0,,,140.1518376,0,60.26529015,2,726.53605,0,0,0,73.81606268
88,1,89,0.1016,0,0,726.53605,,,,0,0,1,1251.342755,1251.342755,0,200.2148407,41.54457945,0,,,188.4067614,1251.342755,1201.289044,50.05371018,1251.342755,0,1,0,0,0.156837079,94.20370081,0.96,625.673825,600.646872,25.026953,1,0,0,0.15683724,94.20306056,0.96,625.6689296,600.6421724,25.02675718,0,0,0,0.271,0,0.96,0,0,0,,,,425.899006,1201.289044,1111.190917,90.09656084,1201.287478,0.001566541,1,0,0,0.383281576,212.949503,0.925,600.6437389,555.5954585,45.04828042,1,0,0,0.383281576,212.949503,0.925,600.6437389,555.5954585,45.04828042,0,0,0,0.094183419,0,0.925,0,0,0,0,0,0,0.094183419,0,0.925,0,0,0,1,,,0.101,112.2302826,1111.190917,1111.190917,0,34.44691843,0,,,140.1518376,0,60.26529015,2,726.53605,0,0,0,73.81606268
89,1,90,0.15246,1,0,726.53605,,,,0,0,1,1251.342755,1251.342755,0,200.2148407,41.54457945,0,,,188.4067614,1251.342755,1201.289044,50.05371018,1251.342755,0,1,0,0,0.156837079,94.20370081,0.96,625.673825,600.646872,25.026953,1,0,0,0.15683724,94.20306056,0.96,625.6689296,600.6421724,25.02675718,0,0,0,0.271,0,0.96,0,0,0,,,,425.899006,1201.289044,1111.190917,90.09656084,1201.287478,0.001566541,1,0,0,0.383281576,212.949503,0.925,600.6437389,555.5954585,45.04828042,1,0,0,0.383281576,212.949503,0.925,600.6437389,555.5954585,45.04828042,0,0,0,0.094183419,0,0.925,0,0,0,0,0,0,0.094183419,0,0.925,0,0,0,1,,,0.101,112.2302826,1111.190917,1111.190917,0,34.44691843,0,,,140.1518376,0,60.26529015,2,726.53605,0,0,0,110.7676862
90,1,91,0.15246,1,0,726.53605,,,,0,0,1,1251.342755,1251.342755,0,200.2148407,41.54457945,0,,,188.4067614,1251.342755,1201.289044,50.05371018,1251.342755,0,1,0,0,0.156837079,94.20370081,0.96,625.673825,600.646872,25.026953,1,0,0,0.15683724,94.20306056,0.96,625.6689296,600.6421724,25.02675718,0,0,0,0.271,0,0.96,0,0,0,,,,425.899006,1201.289044,1111.190917,90.09656084,1201.287478,0.001566541,1,0,0,0.383281576,212.949503,0.925,600.6437389,555.5954585,45.04828042,1,0,0,0.383281576,212.949503,0.925,600.6437389,555.5954585,45.04828042,0,0,0,0.094183419,0,0.925,0,0,0,0,0,0,0.094183419,0,0.925,0,0,0,1,,,0.101,112.2302826,1111.190917,1111.190917,0,34.44691843,0,,,140.1518376,0,60.26529015,2,726.53605,0,0,0,110.7676862
91,1,92,0.15246,1,0,726.53605,,,,0,0,1,1251.342755,1251.342755,0,200.2148407,41.54457945,0,,,188.4067614,1251.342755,1201.289044,50.05371018,1251.342755,0,1,0,0,0.156837079,94.20370081,0.96,625.673825,600.646872,25.026953,1,0,0,0.15683724,94.20306056,0.96,625.6689296,600.6421724,25.02675718,0,0,0,0.271,0,0.96,0,0,0,,,,425.899006,1201.289044,1111.190917,90.09656084,1201.287478,0.001566541,1,0,0,0.383281576,212.949503,0.925,600.6437389,555.5954585,45.04828042,1,0,0,0.383281576,212.949503,0.925,600.6437389,555.5954585,45.04828042,0,0,0,0.094183419,0,0.925,0,0,0,0,0,0,0.094183419,0,0.925,0,0,0,1,,,0.101,112.2302826,1111.190917,1111.190917,0,34.44691843,0,,,140.1518376,0,60.26529015,2,726.53605,0,0,0,110.7676862
92,1,93,0.15246,1,0,726.53605,,,,0,0,1,1251.342755,1251.342755,0,200.2148407,41.54457945,0,,,188.4067614,1251.342755,1201.289044,50.05371018,1251.342755,0,1,0,0,0.156837079,94.20370081,0.96,625.673825,600.646872,25.026953,1,0,0,0.15683724,94.20306056,0.96,625.6689296,600.6421724,25.02675718,0,0,0,0.271,0,0.96,0,0,0,,,,425.899006,1201.289044,1111.190917,90.09656084,1201.287478,0.001566541,1,0,0,0.383281576,212.949503,0.925,600.6437389,555.5954585,45.04828042,1,0,0,0.383281576,212.949503,0.925,600.6437389,555.5954585,45.04828042,0,0,0,0.094183419,0,0.925,0,0,0,0,0,0,0.094183419,0,0.925,0,0,0,1,,,0.101,112.2302826,1111.190917,1111.190917,0,34.44691843,0,,,140.1518376,0,60.26529015,2,726.53605,0,0,0,110.7676862
93,1,94,0.15246,1,0,726.53605,,,,0,0,1,1251.342755,1251.342755,0,200.2148407,41.54457945,0,,,188.4067614,1251.342755,1201.289044,50.05371018,1251.342755,0,1,0,0,0.156837079,94.20370081,0.96,625.673825,600.646872,25.026953,1,0,0,0.15683724,94.20306056,0.96,625.6689296,600.6421724,25.02675718,0,0,0,0.271,0,0.96,0,0,0,,,,425.899006,1201.289044,1111.190917,90.09656084,1201.287478,0.001566541,1,0,0,0.383281576,212.949503,0.925,600.6437389,555.5954585,45.04828042,1,0,0,0.383281576,212.949503,0.925,600.6437389,555.5954585,45.04828042,0,0,0,0.094183419,0,0.925,0,0,0,0,0,0,0.094183419,0,0.925,0,0,0,1,,,0.101,112.2302826,1111.190917,1111.190917,0,34.44691843,0,,,140.1518376,0,60.26529015,2,726.53605,0,0,0,110.7676862
94,1,95,0.1016,0,0,1460.361786,,,,0,0,1,2501.341123,2501.341123,0,400.2145796,83.04452527,0,,,385.023871,2501.341123,2401.287478,100.0536449,2501.341123,0,1,0,0,0.160605542,129.1706983,0.96,837.7843578,804.2729835,33.51137431,1,0,0,0.160444098,128.6745974,0.96,835.4064827,801.9902234,33.41625931,1,1,0,0.159968167,127.1785753,0.96,828.1502822,795.0242709,33.12601129,,,,850.9976326,2401.287478,2221.190917,180.0965608,2401.287478,0,1,0,0,0.383281576,212.949503,0.925,600.6437389,555.5954585,45.04828042,1,0,0,0.383281576,212.949503,0.925,600.6437389,555.5954585,45.04828042,1,1,0,0.382971736,212.5493133,0.925,600,555,45,1,1,0,0.382971736,212.5493133,0.925,600,555,45,1,,,0.101,224.3402826,2221.190917,2221.190917,0,68.85691843,0,,,280.1502057,0,120.4645885,4,1460.361786,0,0,0,148.3727575
95,1,96,0.1016,0,0,1460.361786,,,,0,0,1,2501.341123,2501.341123,0,400.2145796,83.04452527,0,,,385.023871,2501.341123,2401.287478,100.0536449,2501.341123,0,1,0,0,0.160605542,129.1706983,0.96,837.7843578,804.2729835,33.51137431,1,0,0,0.160444098,128.6745974,0.96,835.4064827,801.9902234,33.41625931,1,0,0,0.159968167,127.1785753,0.96,828.1502822,795.0242709,33.12601129,,,,850.9976326,2401.287478,2221.190917,180.0965608,2401.287478,0,1,0,0,0.383281576,212.949503,0.925,600.6437389,555.5954585,45.04828042,1,0,0,0.383281576,212.949503,0.925,600.6437389,555.5954585,45.04828042,1,0,0,0.382971736,212.5493133,0.925,600,555,45,1,0,0,0.382971736,212.5493133,0.925,600,555,45,1,,,0.101,224.3402826,2221.190917,2221.190917,0,68.85691843,0,,,280.1502057,0,120.4645885,4,1460.361786,0,0,0,148.3727575
96,1,97,0.1016,0,0,1460.361786,,,,0,0,1,2501.341123,2501.341123,0,400.2145796,83.04452527,0,,,385.023871,2501.341123,2401.287478,100.0536449,2501.341123,0,1,0,0,0.160605542,129.1706983,0.96,837.7843578,804.2729835,33.51137431,1,0,0,0.160444098,128.6745974,0.96,835.4064827,801.9902234,33.41625931,1,0,0,0.159968167,127.1785753,0.96,828.1502822,795.0242709,33.12601129,,,,850.9976326,2401.287478,2221.190917,180.0965608,2401.287478,0,1,0,0,0.383281576,212.949503,0.925,600.6437389,555.5954585,45.04828042,1,0,0,0.383281576,212.949503,0.925,600.6437389,555.5954585,45.04828042,1,0,0,0.382971736,212.5493133,0.925,600,555,45,1,0,0,0.382971736,212.5493133,0.925,600,555,45,1,,,0.101,224.3402826,2221.190917,2221.190917,0,68.85691843,0,,,280.1502057,0,120.4645885,4,1460.361786,0,0,0,148.3727575
97,1,98,0.1016,0,0,1460.361786,,,,0,0,1,2501.341123,2501.341123,0,400.2145796,83.04452527,0,,,385.023871,2501.341123,2401.287478,100.0536449,2501.341123,0,1,0,0,0.160605542,129.1706983,0.96,837.7843578,804.2729835,33.51137431,1,0,0,0.160444098,128.6745974,0.96,835.4064827,801.9902234,33.41625931,1,0,0,0.159968167,127.1785753,0.96,828.1502822,795.0242709,33.12601129,,,,850.9976326,2401.287478,2221.190917,180.0965608,2401.287478,0,1,0,0,0.383281576,212.949503,0.925,600.6437389,555.5954585,45.04828042,1,0,0,0.383281576,212.949503,0.925,600.6437389,555.5954585,45.04828042,1,0,0,0.382971736,212.5493133,0.925,600,555,45,1,0,0,0.382971736,212.5493133,0.925,600,555,45,1,,,0.101,224.3402826,2221.190917,2221.190917,0,68.85691843,0,,,280.1502057,0,120.4645885,4,1460.361786,0,0,0,148.3727575
98,1,99,0.1016,0,0,1460.361786,,,,0,0,1,2501.341123,2501.341123,0,400.2145796,83.04452527,0,,,385.023871,2501.341123,2401.287478,100.0536449,2501.341123,0,1,0,0,0.160605542,129.1706983,0.96,837.7843578,804.2729835,33.51137431,1,0,0,0.160444098,128.6745974,0.96,835.4064827,801.9902234,33.41625931,1,0,0,0.159968167,127.1785753,0.96,828.1502822,795.0242709,33.12601129,,,,850.9976326,2401.287478,2221.190917,180.0965608,2401.287478,0,1,0,0,0.383281576,212.949503,0.925,600.6437389,555.5954585,45.04828042,1,0,0,0.383281576,212.949503,0.925,600.6437389,555.5954585,45.04828042,1,0,0,0.382971736,212.5493133,0.925,600,555,45,1,0,0,0.382971736,212.5493133,0.925,600,555,45,1,,,0.101,224.3402826,2221.190917,2221.190917,0,68.85691843,0,,,280.1502057,0,120.4645885,4,1460.361786,0,0,0,148.3727575
99,1,100,0.1016,0,0,1460.361786,,,,0,0,1,2501.341123,2501.341123,0,400.2145796,83.04452527,0,,,385.023871,2501.341123,2401.287478,100.0536449,2501.341123,0,1,0,0,0.160605542,129.1706983,0.96,837.7843578,804.2729835,33.51137431,1,0,0,0.160444098,128.6745974,0.96,835.4064827,801.9902234,33.41625931,1,0,0,0.159968167,127.1785753,0.96,828.1502822,795.0242709,33.12601129,,,,850.9976326,2401.287478,2221.190917,180.0965608,2401.287478,0,1,0,0,0.383281576,212.949503,0.925,600.6437389,555.5954585,45.04828042,1,0,0,0.383281576,212.949503,0.925,600.6437389,555.5954585,45.04828042,1,0,0,0.382971736,212.5493133,0.925,600,555,45,1,0,0,0.382971736,212.5493133,0.925,600,555,45,1,,,0.101,224.3402826,2221.190917,2221.190917,0,68.85691843,0,,,280.1502057,0,120.4645885,4,1460.361786,0,0,0,148.3727575
100,1,101,0.1016,0,0,1460.361786,,,,0,0,1,2501.341123,2501.341123,0,400.2145796,83.04452527,0,,,385.023871,2501.341123,2401.287478,100.0536449,2501.341123,0,1,0,0,0.160605542,129.1706983,0.96,837.7843578,804.2729835,33.51137431,1,0,0,0.160444098,128.6745974,0.96,835.4064827,801.9902234,33.41625931,1,0,0,0.159968167,127.1785753,0.96,828.1502822,795.0242709,33.12601129,,,,850.9976326,2401.287478,2221.190917,180.0965608,2401.287478,0,1,0,0,0.383281576,212.949503,0.925,600.6437389,555.5954585,45.04828042,1,0,0,0.383281576,212.949503,0.925,600.6437389,555.5954585,45.04828042,1,0,0,0.382971736,212.5493133,0.925,600,555,45,1,0,0,0.382971736,212.5493133,0.925,600,555,45,1,,,0.101,224.3402826,2221.190917,2221.190917,0,68.85691843,0,,,280.1502057,0,120.4645885,4,1460.361786,0,0,0,148.3727575
101,1,102,0.1016,0,0,1460.361786,,,,0,0,1,2501.341123,2501.341123,0,400.2145796,83.04452527,0,,,385.023871,2501.341123,2401.287478,100.0536449,2501.341123,0,1,0,0,0.160605542,129.1706983,0.96,837.7843578,804.2729835,33.51137431,1,0,0,0.160444098,128.6745974,0.96,835.4064827,801.9902234,33.41625931,1,0,0,0.159968167,127.1785753,0.96,828.1502822,795.0242709,33.12601129,,,,850.9976326,2401.287478,2221.190917,180.0965608,2401.287478,0,1,0,0,0.383281576,212.949503,0.925,600.6437389,555.5954585,45.04828042,1,0,0,0.383281576,212.949503,0.925,600.6437389,555.5954585,45.04828042,1,0,0,0.382971736,212.5493133,0.925,600,555,45,1,0,0,0.382971736,212.5493133,0.925,600,555,45,1,,,0.101,224.3402826,2221.190917,2221.190917,0,68.85691843,0,,,280.1502057,0,120.4645885,4,1460.361786,0,0,0,148.3727575
102,1,103,0.1016,0,0,1460.361786,,,,0,0,1,2501.341123,2501.341123,0,400.2145796,83.04452527,0,,,385.023871,2501.341123,2401.287478,100.0536449,2501.341123,0,1,0,0,0.160605542,129.1706983,0.96,837.7843578,804.2729835,33.51137431,1,0,0,0.160444098,128.6745974,0.96,835.4064827,801.9902234,33.41625931,1,0,0,0.159968167,127.1785753,0.96,828.1502822,795.0242709,33.12601129,,,,850.9976326,2401.287478,2221.190917,180.0965608,2401.287478,0,1,0,0,0.383281576,212.949503,0.925,600.6437389,555.5954585,45.04828042,1,0,0,0.383281576,212.949503,0.925,600.6437389,555.5954585,45.04828042,1,0,0,0.382971736,212.5493133,0.925,600,555,45,1,0,0,0.382971736,212.5493133,0.925,600,555,45,1,,,0.101,224.3402826,2221.190917,2221.190917,0,68.85691843,0,,,280.1502057,0,120.4645885,4,1460.361786,0,0,0,148.3727575
103,1,104,0.1016,0,0,1460.361786,,,,0,0,1,2501.341123,2501.341123,0,400.2145796,83.04452527,0,,,385.023871,2501.341123,2401.287478,100.0536449,2501.341123,0,1,0,0,0.160605542,129.1706983,0.96,837.7843578,804.2729835,33.51137431,1,0,0,0.160444098,128.6745974,0.96,835.4064827,801.9902234,33.41625931,1,0,0,0.159968167,127.1785753,0.96,828.1502822,795.0242709,33.12601129,,,,850.9976326,2401.287478,2221.190917,180.0965608,2401.287478,0,1,0,0,0.383281576,212.949503,0.925,600.6437389,555.5954585,45.04828042,1,0,0,0.383281576,212.949503,0.925,600.6437389,555.5954585,45.04828042,1,0,0,0.382971736,212.5493133,0.925,600,555,45,1,0,0,0.382971736,212.5493133,0.925,600,555,45,1,,,0.101,224.3402826,2221.190917,2221.190917,0,68.85691843,0,,,280.1502057,0,120.4645885,4,1460.361786,0,0,0,148.3727575
104,1,105,0.1016,0,0,1460.361786,,,,0,0,1,2501.341123,2501.341123,0,400.2145796,83.04452527,0,,,385.023871,2501.341123,2401.287478,100.0536449,2501.341123,0,1,0,0,0.160605542,129.1706983,0.96,837.7843578,804.2729835,33.51137431,1,0,0,0.160444098,128.6745974,0.96,835.4064827,801.9902234,33.41625931,1,0,0,0.159968167,127.1785753,0.96,828.1502822,795.0242709,33.12601129,,,,850.9976326,2401.287478,2221.190917,180.0965608,2401.287478,0,1,0,0,0.383281576,212.949503,0.925,600.6437389,555.5954585,45.04828042,1,0,0,0.383281576,212.949503,0.925,600.6437389,555.5954585,45.04828042,1,0,0,0.382971736,212.5493133,0.925,600,555,45,1,0,0,0.382971736,212.5493133,0.925,600,555,45,1,,,0.101,224.3402826,2221.190917,2221.190917,0,68.85691843,0,,,280.1502057,0,120.4645885,4,1460.361786,0,0,0,148.3727575
105,1,106,0.1016,0,0,1460.361786,,,,0,0,1,2501.341123,2501.341123,0,400.2145796,83.04452527,0,,,385.023871,2501.341123,2401.287478,100.0536449,2501.341123,0,1,0,0,0.160605542,129.1706983,0.96,837.7843578,804.2729835,33.51137431,1,0,0,0.160444098,128.6745974,0.96,835.4064827,801.9902234,33.41625931,1,0,0,0.159968167,127.1785753,0.96,828.1502822,795.0242709,33.12601129,,,,850.9976326,2401.287478,2221.190917,180.0965608,2401.287478,0,1,0,0,0.383281576,212.949503,0.925,600.6437389,555.5954585,45.04828042,1,0,0,0.383281576,212.949503,0.925,600.6437389,555.5954585,45.04828042,1,0,0,0.382971736,212.5493133,0.925,600,555,45,1,0,0,0.382971736,212.5493133,0.925,600,555,45,1,,,0.101,224.3402826,2221.190917,2221.190917,0,68.85691843,0,,,280.1502057,0,120.4645885,4,1460.361786,0,0,0,148.3727575
106,1,107,0.1016,0,0,1460.361786,,,,0,0,1,2501.341123,2501.341123,0,400.2145796,83.04452527,0,,,385.023871,2501.341123,2401.287478,100.0536449,2501.341123,0,1,0,0,0.160605542,129.1706983,0.96,837.7843578,804.2729835,33.51137431,1,0,0,0.160444098,128.6745974,0.96,835.4064827,801.9902234,33.41625931,1,0,0,0.159968167,127.1785753,0.96,828.1502822,795.0242709,33.12601129,,,,850.9976326,2401.287478,2221.190917,180.0965608,2401.287478,0,1,0,0,0.383281576,212.949503,0.925,600.6437389,555.5954585,45.04828042,1,0,0,0.383281576,212.949503,0.925,600.6437389,555.5954585,45.04828042,1,0,0,0.382971736,212.5493133,0.925,600,555,45,1,0,0,0.382971736,212.5493133,0.925,600,555,45,1,,,0.101,224.3402826,2221.190917,2221.190917,0,68.85691843,0,,,280.1502057,0,120.4645885,4,1460.361786,0,0,0,148.3727575
107,1,108,0.1016,0,0,1460.361786,,,,0,0,1,2501.341123,2501.341123,0,400.2145796,83.04452527,0,,,385.023871,2501.341123,2401.287478,100.0536449,2501.341123,0,1,0,0,0.160605542,129.1706983,0.96,837.7843578,804.2729835,33.51137431,1,0,0,0.160444098,128.6745974,0.96,835.4064827,801.9902234,33.41625931,1,0,0,0.159968167,127.1785753,0.96,828.1502822,795.0242709,33.12601129,,,,850.9976326,2401.287478,2221.190917,180.0965608,2401.287478,0,1,0,0,0.383281576,212.949503,0.925,600.6437389,555.5954585,45.04828042,1,0,0,0.383281576,212.949503,0.925,600.6437389,555.5954585,45.04828042,1,0,0,0.382971736,212.5493133,0.925,600,555,45,1,0,0,0.382971736,212.5493133,0.925,600,555,45,1,,,0.101,224.3402826,2221.190917,2221.190917,0,68.85691843,0,,,280.1502057,0,120.4645885,4,1460.361786,0,0,0,148.3727575
108,1,109,0.1016,0,0,1460.361786,,,,0,0,1,2501.341123,2501.341123,0,400.2145796,83.04452527,0,,,385.023871,2501.341123,2401.287478,100.0536449,2501.341123,0,1,0,0,0.160605542,129.1706983,0.96,837.7843578,804.2729835,33.51137431,1,0,0,0.160444098,128.6745974,0.96,835.4064827,801.9902234,33.41625931,1,0,0,0.159968167,127.1785753,0.96,828.1502822,795.0242709,33.12601129,,,,850.9976326,2401.287478,2221.190917,180.0965608,2401.287478,0,1,0,0,0.383281576,212.949503,0.925,600.6437389,555.5954585,45.04828042,1,0,0,0.383281576,212.949503,0.925,600.6437389,555.5954585,45.04828042,1,0,0,0.382971736,212.5493133,0.925,600,555,45,1,0,0,0.382971736,212.5493133,0.925,600,555,45,1,,,0.101,224.3402826,2221.190917,2221.190917,0,68.85691843,0,,,280.1502057,0,120.4645885,4,1460.361786,0,0,0,148.3727575
109,1,110,0.1016,0,0,1460.361786,,,,0,0,1,2501.341123,2501.341123,0,400.2145796,83.04452527,0,,,385.023871,2501.341123,2401.287478,100.0536449,2501.341123,0,1,0,0,0.160605542,129.1706983,0.96,837.7843578,804.2729835,33.51137431,1,0,0,0.160444098,128.6745974,0.96,835.4064827,801.9902234,33.41625931,1,0,0,0.159968167,127.1785753,0.96,828.1502822,795.0242709,33.12601129,,,,850.9976326,2401.287478,2221.190917,180.0965608,2401.287478,0,1,0,0,0.383281576,212.949503,0.925,600.6437389,555.5954585,45.04828042,1,0,0,0.383281576,212.949503,0.925,600.6437389,555.5954585,45.04828042,1,0,0,0.382971736,212.5493133,0.925,600,555,45,1,0,0,0.382971736,212.5493133,0.925,600,555,45,1,,,0.101,224.3402826,2221.190917,2221.190917,0,68.85691843,0,,,280.1502057,0,120.4645885,4,1460.361786,0,0,0,148.3727575
110,1,111,0.1016,0,0,1460.361786,,,,0,0,1,2501.341123,2501.341123,0,400.2145796,83.04452527,0,,,385.023871,2501.341123,2401.287478,100.0536449,2501.341123,0,1,0,0,0.160605542,129.1706983,0.96,837.7843578,804.2729835,33.51137431,1,0,0,0.160444098,128.6745974,0.96,835.4064827,801.9902234,33.41625931,1,0,0,0.159968167,127.1785753,0.96,828.1502822,795.0242709,33.12601129,,,,850.9976326,2401.287478,2221.190917,180.0965608,2401.287478,0,1,0,0,0.383281576,212.949503,0.925,600.6437389,555.5954585,45.04828042,1,0,0,0.383281576,212.949503,0.925,600.6437389,555.5954585,45.04828042,1,0,0,0.382971736,212.5493133,0.925,600,555,45,1,0,0,0.382971736,212.5493133,0.925,600,555,45,1,,,0.101,224.3402826,2221.190917,2221.190917,0,68.85691843,0,,,280.1502057,0,120.4645885,4,1460.361786,0,0,0,148.3727575
111,1,112,0.1016,0,0,1460.361786,,,,0,0,1,2501.341123,2501.341123,0,400.2145796,83.04452527,0,,,385.023871,2501.341123,2401.287478,100.0536449,2501.341123,0,1,0,0,0.160605542,129.1706983,0.96,837.7843578,804.2729835,33.51137431,1,0,0,0.160444098,128.6745974,0.96,835.4064827,801.9902234,33.41625931,1,0,0,0.159968167,127.1785753,0.96,828.1502822,795.0242709,33.12601129,,,,850.9976326,2401.287478,2221.190917,180.0965608,2401.287478,0,1,0,0,0.383281576,212.949503,0.925,600.6437389,555.5954585,45.04828042,1,0,0,0.383281576,212.949503,0.925,600.6437389,555.5954585,45.04828042,1,0,0,0.382971736,212.5493133,0.925,600,555,45,1,0,0,0.382971736,212.5493133,0.925,600,555,45,1,,,0.101,224.3402826,2221.190917,2221.190917,0,68.85691843,0,,,280.1502057,0,120.4645885,4,1460.361786,0,0,0,148.3727575
112,1,113,0.1016,0,0,1460.361786,,,,0,0,1,2501.341123,2501.341123,0,400.2145796,83.04452527,0,,,385.023871,2501.341123,2401.287478,100.0536449,2501.341123,0,1,0,0,0.160605542,129.1706983,0.96,837.7843578,804.2729835,33.51137431,1,0,0,0.160444098,128.6745974,0.96,835.4064827,801.9902234,33.41625931,1,0,0,0.159968167,127.1785753,0.96,828.1502822,795.0242709,33.12601129,,,,850.9976326,2401.287478,2221.190917,180.0965608,2401.287478,0,1,0,0,0.383281576,212.949503,0.925,600.6437389,555.5954585,45.04828042,1,0,0,0.383281576,212.949503,0.925,600.6437389,555.5954585,45.04828042,1,0,0,0.382971736,212.5493133,0.925,600,555,45,1,0,0,0.382971736,212.5493133,0.925,600,555,45,1,,,0.101,224.3402826,2221.190917,2221.190917,0,68.85691843,0,,,280.1502057,0,120.4645885,4,1460.361786,0,0,0,148.3727575
113,1,114,0.15246,1,0,726.5358345,,,,0,0,1,1251.341123,1251.341123,0,200.2145796,41.54452527,0,,,188.4065459,1251.341123,1201.287478,50.05364491,1251.341123,0,1,0,0,0.156833448,94.21811827,0.96,625.7840723,600.7527094,25.03136289,1,0,0,0.156840924,94.18842759,0.96,625.5570505,600.5347684,25.02228202,0,0,1,0.271,0,0.96,0,0,0,,,,425.899006,1201.287478,1111.190917,90.09656084,1201.287478,0,1,0,0,0.383281576,212.949503,0.925,600.6437389,555.5954585,45.04828042,1,0,0,0.383281576,212.949503,0.925,600.6437389,555.5954585,45.04828042,0,0,1,0.094183419,0,0.925,0,0,0,0,0,1,0.094183419,0,0.925,0,0,0,1,,,0.101,112.2302826,1111.190917,1111.190917,0,34.44691843,0,,,140.1502057,0,60.26458847,2,726.5358345,0,0,0,110.7676533
114,1,115,0.15246,1,0,726.5358345,,,,0,0,1,1251.341123,1251.341123,0,200.2145796,41.54452527,0,,,188.4065459,1251.341123,1201.287478,50.05364491,1251.341123,0,1,0,0,0.156833448,94.21811827,0.96,625.7840723,600.7527094,25.03136289,1,0,0,0.156840924,94.18842759,0.96,625.5570505,600.5347684,25.02228202,0,0,0,0.271,0,0.96,0,0,0,,,,425.899006,1201.287478,1111.190917,90.09656084,1201.287478,0,1,0,0,0.383281576,212.949503,0.925,600.6437389,555.5954585,45.04828042,1,0,0,0.383281576,212.949503,0.925,600.6437389,555.5954585,45.04828042,0,0,0,0.094183419,0,0.925,0,0,0,0,0,0,0.094183419,0,0.925,0,0,0,1,,,0.101,112.2302826,1111.190917,1111.190917,0,34.44691843,0,,,140.1502057,0,60.26458847,2,726.5358345,0,0,0,110.7676533
115,1,116,0.15246,1,0,726.5358345,,,,0,0,1,1251.341123,1251.341123,0,200.2145796,41.54452527,0,,,188.4065459,1251.341123,1201.287478,50.05364491,1251.341123,0,1,0,0,0.156833448,94.21811827,0.96,625.7840723,600.7527094,25.03136289,1,0,0,0.156840924,94.18842759,0.96,625.5570505,600.5347684,25.02228202,0,0,0,0.271,0,0.96,0,0,0,,,,425.899006,1201.287478,1111.190917,90.09656084,1201.287478,0,1,0,0,0.383281576,212.949503,0.925,600.6437389,555.5954585,45.04828042,1,0,0,0.383281576,212.949503,0.925,600.6437389,555.5954585,45.04828042,0,0,0,0.094183419,0,0.925,0,0,0,0,0,0,0.094183419,0,0.925,0,0,0,1,,,0.101,112.2302826,1111.190917,1111.190917,0,34.44691843,0,,,140.1502057,0,60.26458847,2,726.5358345,0,0,0,110.7676533
116,1,117,0.15246,1,0,726.5358345,,,,0,0,1,1251.341123,1251.341123,0,200.2145796,41.54452527,0,,,188.4065459,1251.341123,1201.287478,50.05364491,1251.341123,0,1,0,0,0.156833448,94.21811827,0.96,625.7840723,600.7527094,25.03136289,1,0,0,0.156840924,94.18842759,0.96,625.5570505,600.5347684,25.02228202,0,0,0,0.271,0,0.96,0,0,0,,,,425.899006,1201.287478,1111.190917,90.09656084,1201.287478,0,1,0,0,0.383281576,212.949503,0.925,600.6437389,555.5954585,45.04828042,1,0,0,0.383281576,212.949503,0.925,600.6437389,555.5954585,45.04828042,0,0,0,0.094183419,0,0.925,0,0,0,0,0,0,0.094183419,0,0.925,0,0,0,1,,,0.101,112.2302826,1111.190917,1111.190917,0,34.44691843,0,,,140.1502057,0,60.26458847,2,726.5358345,0,0,0,110.7676533
117,1,118,0.15246,1,0,726.5358345,,,,0,0,1,1251.341123,1251.341123,0,200.2145796,41.54452527,0,,,188.4065459,1251.341123,1201.287478,50.05364491,1251.341123,0,1,0,0,0.156833448,94.21811827,0.96,625.7840723,600.7527094,25.03136289,1,0,0,0.156840924,94.18842759,0.96,625.5570505,600.5347684,25.02228202,0,0,0,0.271,0,0.96,0,0,0,,,,425.899006,1201.287478,1111.190917,90.09656084,1201.287478,0,1,0,0,0.383281576,212.949503,0.925,600.6437389,555.5954585,45.04828042,1,0,0,0.383281576,212.949503,0.925,600.6437389,555.5954585,45.04828042,0,0,0,0.094183419,0,0.925,0,0,0,0,0,0,0.094183419,0,0.925,0,0,0,1,,,0.101,112.2302826,1111.190917,1111.190917,0,34.44691843,0,,,140.1502057,0,60.26458847,2,726.5358345,0,0,0,110.7676533
118,1,119,0.1016,0,0,726.5358345,,,,0,0,1,1251.341123,1251.341123,0,200.2145796,41.54452527,0,,,188.4065459,1251.341123,1201.287478,50.05364491,1251.341123,0,1,0,0,0.156833448,94.21811827,0.96,625.7840723,600.7527094,25.03136289,1,0,0,0.156840924,94.18842759,0.96,625.5570505,600.5347684,25.02228202,0,0,0,0.271,0,0.96,0,0,0,,,,425.899006,1201.287478,1111.190917,90.09656084,1201.287478,0,1,0,0,0.383281576,212.949503,0.925,600.6437389,555.5954585,45.04828042,1,0,0,0.383281576,212.949503,0.925,600.6437389,555.5954585,45.04828042,0,0,0,0.094183419,0,0.925,0,0,0,0,0,0,0.094183419,0,0.925,0,0,0,1,,,0.101,112.2302826,1111.190917,1111.190917,0,34.44691843,0,,,140.1502057,0,60.26458847,2,726.5358345,0,0,0,73.81604079
119,1,120,0.1016,0,0,1460.366887,,,,0,0,1,2501.361184,2501.361184,0,400.2177894,83.04519131,0,,,385.0152051,2501.361184,2401.306737,100.0544474,2501.361184,0,1,0,0,0.160339924,128.3515435,0.96,833.8504906,800.496471,33.35401963,1,0,0,0.160339924,128.3515435,0.96,833.8504906,800.496471,33.35401963,1,1,0,0.160327261,128.3121181,0.96,833.6602027,800.3137946,33.34640811,,,,851.0095998,2401.306737,2221.208731,180.0980052,2401.306737,0,1,0,0,0.383281576,212.949503,0.925,600.6437389,555.5954585,45.04828042,1,0,0,0.383281576,212.949503,0.925,600.6437389,555.5954585,45.04828042,1,1,0,0.382981005,212.5612805,0.925,600.0192588,555.0178144,45.00144441,1,1,0,0.382971736,212.5493133,0.925,600,555,45,1,,,0.101,224.3420819,2221.208731,2221.208731,0,68.85747067,0,,,280.1524526,0,120.4655546,4,1460.366887,0,0,0,148.3732757
120,1,121,0.1016,0,0,1460.366887,,,,0,0,1,2501.361184,2501.361184,0,400.2177894,83.04519131,0,,,385.0152051,2501.361184,2401.306737,100.0544474,2501.361184,0,1,0,0,0.160339924,128.3515435,0.96,833.8504906,800.496471,33.35401963,1,0,0,0.160339924,128.3515435,0.96,833.8504906,800.496471,33.35401963,1,0,0,0.160327261,128.3121181,0.96,833.6602027,800.3137946,33.34640811,,,,851.0095998,2401.306737,2221.208731,180.0980052,2401.306737,0,1,0,0,0.383281576,212.949503,0.925,600.6437389,555.5954585,45.04828042,1,0,0,0.383281576,212.949503,0.925,600.6437389,555.5954585,45.04828042,1,0,0,0.382981005,212.5612805,0.925,600.0192588,555.0178144,45.00144441,1,0,0,0.382971736,212.5493133,0.925,600,555,45,1,,,0.101,224.3420819,2221.208731,2221.208731,0,68.85747067,0,,,280.1524526,0,120.4655546,4,1460.366887,0,0,0,148.3732757
121,1,122,0.1016,0,0,1460.366887,,,,0,0,1,2501.361184,2501.361184,0,400.2177894,83.04519131,0,,,385.0152051,2501.361184,2401.306737,100.0544474,2501.361184,0,1,0,0,0.160339924,128.3515435,0.96,833.8504906,800.496471,33.35401963,1,0,0,0.160339924,128.3515435,0.96,833.8504906,800.496471,33.35401963,1,0,0,0.160327261,128.3121181,0.96,833.6602027,800.3137946,33.34640811,,,,851.0095998,2401.306737,2221.208731,180.0980052,2401.306737,0,1,0,0,0.383281576,212.949503,0.925,600.6437389,555.5954585,45.04828042,1,0,0,0.383281576,212.949503,0.925,600.6437389,555.5954585,45.04828042,1,0,0,0.382981005,212.5612805,0.925,600.0192588,555.0178144,45.00144441,1,0,0,0.382971736,212.5493133,0.925,600,555,45,1,,,0.101,224.3420819,2221.208731,2221.208731,0,68.85747067,0,,,280.1524526,0,120.4655546,4,1460.366887,0,0,0,148.3732757
122,1,123,0.1016,0,0,1460.366887,,,,0,0,1,2501.361184,2501.361184,0,400.2177894,83.04519131,0,,,385.0152051,2501.361184,2401.306737,100.0544474,2501.361184,0,1,0,0,0.160339924,128.3515435,0.96,833.8504906,800.496471,33.35401963,1,0,0,0.160339924,128.3515435,0.96,833.8504906,800.496471,33.35401963,1,0,0,0.160327261,128.3121181,0.96,833.6602027,800.3137946,33.34640811,,,,851.0095998,2401.306737,2221.208731,180.0980052,2401.306737,0,1,0,0,0.383281576,212.949503,0.925,600.6437389,555.5954585,45.04828042,1,0,0,0.383281576,212.949503,0.925,600.6437389,555.5954585,45.04828042,1,0,0,0.382981005,212.5612805,0.925,600.0192588,555.0178144,45.00144441,1,0,0,0.382971736,212.5493133,0.925,600,555,45,1,,,0.101,224.3420819,2221.208731,2221.208731,0,68.85747067,0,,,280.1524526,0,120.4655546,4,1460.366887,0,0,0,148.3732757
123,1,124,0.1016,0,0,1460.366887,,,,0,0,1,2501.361184,2501.361184,0,400.2177894,83.04519131,0,,,385.0152051,2501.361184,2401.306737,100.0544474,2501.361184,0,1,0,0,0.160339924,128.3515435,0.96,833.8504906,800.496471,33.35401963,1,0,0,0.160339924,128.3515435,0.96,833.8504906,800.496471,33.35401963,1,0,0,0.160327261,128.3121181,0.96,833.6602027,800.3137946,33.34640811,,,,851.0095998,2401.306737,2221.208731,180.0980052,2401.306737,0,1,0,0,0.383281576,212.949503,0.925,600.6437389,555.5954585,45.04828042,1,0,0,0.383281576,212.949503,0.925,600.6437389,555.5954585,45.04828042,1,0,0,0.382981005,212.5612805,0.925,600.0192588,555.0178144,45.00144441,1,0,0,0.382971736,212.5493133,0.925,600,555,45,1,,,0.101,224.3420819,2221.208731,2221.208731,0,68.85747067,0,,,280.1524526,0,120.4655546,4,1460.366887,0,0,0,148.3732757
124,1,125,0.1016,0,0,1460.366887,,,,0,0,1,2501.361184,2501.361184,0,400.2177894,83.04519131,0,,,385.0152051,2501.361184,2401.306737,100.0544474,2501.361184,0,1,0,0,0.160339924,128.3515435,0.96,833.8504906,800.496471,33.35401963,1,0,0,0.160339924,128.3515435,0.96,833.8504906,800.496471,33.35401963,1,0,0,0.160327261,128.3121181,0.96,833.6602027,800.3137946,33.34640811,,,,851.0095998,2401.306737,2221.208731,180.0980052,2401.306737,0,1,0,0,0.383281576,212.949503,0.925,600.6437389,555.5954585,45.04828042,1,0,0,0.383281576,212.949503,0.925,600.6437389,555.5954585,45.04828042,1,0,0,0.382981005,212.5612805,0.925,600.0192588,555.0178144,45.00144441,1,0,0,0.382971736,212.5493133,0.925,600,555,45,1,,,0.101,224.3420819,2221.208731,2221.208731,0,68.85747067,0,,,280.1524526,0,120.4655546,4,1460.366887,0,0,0,148.3732757
125,1,126,0.1016,0,0,1460.366887,,,,0,0,1,2501.361184,2501.361184,0,400.2177894,83.04519131,0,,,385.0152051,2501.361184,2401.306737,100.0544474,2501.361184,0,1,0,0,0.160339924,128.3515435,0.96,833.8504906,800.496471,33.35401963,1,0,0,0.160339924,128.3515435,0.96,833.8504906,800.496471,33.35401963,1,0,0,0.160327261,128.3121181,0.96,833.6602027,800.3137946,33.34640811,,,,851.0095998,2401.306737,2221.208731,180.0980052,2401.306737,0,1,0,0,0.383281576,212.949503,0.925,600.6437389,555.5954585,45.04828042,1,0,0,0.383281576,212.949503,0.925,600.6437389,555.5954585,45.04828042,1,0,0,0.382981005,212.5612805,0.925,600.0192588,555.0178144,45.00144441,1,0,0,0.382971736,212.5493133,0.925,600,555,45,1,,,0.101,224.3420819,2221.208731,2221.208731,0,68.85747067,0,,,280.1524526,0,120.4655546,4,1460.366887,0,0,0,148.3732757
126,1,127,0.1016,0,0,1460.366887,,,,0,0,1,2501.361184,2501.361184,0,400.2177894,83.04519131,0,,,385.0152051,2501.361184,2401.306737,100.0544474,2501.361184,0,1,0,0,0.160339924,128.3515435,0.96,833.8504906,800.496471,33.35401963,1,0,0,0.160339924,128.3515435,0.96,833.8504906,800.496471,33.35401963,1,0,0,0.160327261,128.3121181,0.96,833.6602027,800.3137946,33.34640811,,,,851.0095998,2401.306737,2221.208731,180.0980052,2401.306737,0,1,0,0,0.383281576,212.949503,0.925,600.6437389,555.5954585,45.04828042,1,0,0,0.383281576,212.949503,0.925,600.6437389,555.5954585,45.04828042,1,0,0,0.382981005,212.5612805,0.925,600.0192588,555.0178144,45.00144441,1,0,0,0.382971736,212.5493133,0.925,600,555,45,1,,,0.101,224.3420819,2221.208731,2221.208731,0,68.85747067,0,,,280.1524526,0,120.4655546,4,1460.366887,0,0,0,148.3732757
127,1,128,0.1016,0,0,1460.366887,,,,0,0,1,2501.361184,2501.361184,0,400.2177894,83.04519131,0,,,385.0152051,2501.361184,2401.306737,100.0544474,2501.361184,0,1,0,0,0.160339924,128.3515435,0.96,833.8504906,800.496471,33.35401963,1,0,0,0.160339924,128.3515435,0.96,833.8504906,800.496471,33.35401963,1,0,0,0.160327261,128.3121181,0.96,833.6602027,800.3137946,33.34640811,,,,851.0095998,2401.306737,2221.208731,180.0980052,2401.306737,0,1,0,0,0.383281576,212.949503,0.925,600.6437389,555.5954585,45.04828042,1,0,0,0.383281576,212.949503,0.925,600.6437389,555.5954585,45.04828042,1,0,0,0.382981005,212.5612805,0.925,600.0192588,555.0178144,45.00144441,1,0,0,0.382971736,212.5493133,0.925,600,555,45,1,,,0.101,224.3420819,2221.208731,2221.208731,0,68.85747067,0,,,280.1524526,0,120.4655546,4,1460.366887,0,0,0,148.3732757
128,1,129,0.1016,0,0,1460.366887,,,,0,0,1,2501.361184,2501.361184,0,400.2177894,83.04519131,0,,,385.0152051,2501.361184,2401.306737,100.0544474,2501.361184,0,1,0,0,0.160339924,128.3515435,0.96,833.8504906,800.496471,33.35401963,1,0,0,0.160339924,128.3515435,0.96,833.8504906,800.496471,33.35401963,1,0,0,0.160327261,128.3121181,0.96,833.6602027,800.3137946,33.34640811,,,,851.0095998,2401.306737,2221.208731,180.0980052,2401.306737,0,1,0,0,0.383281576,212.949503,0.925,600.6437389,555.5954585,45.04828042,1,0,0,0.383281576,212.949503,0.925,600.6437389,555.5954585,45.04828042,1,0,0,0.382981005,212.5612805,0.925,600.0192588,555.0178144,45.00144441,1,0,0,0.382971736,212.5493133,0.925,600,555,45,1,,,0.101,224.3420819,2221.208731,2221.208731,0,68.85747067,0,,,280.1524526,0,120.4655546,4,1460.366887,0,0,0,148.3732757
129,1,130,0.1016,0,0,1460.366887,,,,0,0,1,2501.361184,2501.361184,0,400.2177894,83.04519131,0,,,385.0152051,2501.361184,2401.306737,100.0544474,2501.361184,0,1,0,0,0.160339924,128.3515435,0.96,833.8504906,800.496471,33.35401963,1,0,0,0.160339924,128.3515435,0.96,833.8504906,800.496471,33.35401963,1,0,0,0.160327261,128.3121181,0.96,833.6602027,800.3137946,33.34640811,,,,851.0095998,2401.306737,2221.208731,180.0980052,2401.306737,0,1,0,0,0.383281576,212.949503,0.925,600.6437389,555.5954585,45.04828042,1,0,0,0.383281576,212.949503,0.925,600.6437389,555.5954585,45.04828042,1,0,0,0.382981005,212.5612805,0.925,600.0192588,555.0178144,45.00144441,1,0,0,0.382971736,212.5493133,0.925,600,555,45,1,,,0.101,224.3420819,2221.208731,2221.208731,0,68.85747067,0,,,280.1524526,0,120.4655546,4,1460.366887,0,0,0,148.3732757
130,1,131,0.1016,0,0,1460.366887,,,,0,0,1,2501.361184,2501.361184,0,400.2177894,83.04519131,0,,,385.0152051,2501.361184,2401.306737,100.0544474,2501.361184,0,1,0,0,0.160339924,128.3515435,0.96,833.8504906,800.496471,33.35401963,1,0,0,0.160339924,128.3515435,0.96,833.8504906,800.496471,33.35401963,1,0,0,0.160327261,128.3121181,0.96,833.6602027,800.3137946,33.34640811,,,,851.0095998,2401.306737,2221.208731,180.0980052,2401.306737,0,1,0,0,0.383281576,212.949503,0.925,600.6437389,555.5954585,45.04828042,1,0,0,0.383281576,212.949503,0.925,600.6437389,555.5954585,45.04828042,1,0,0,0.382981005,212.5612805,0.925,600.0192588,555.0178144,45.00144441,1,0,0,0.382971736,212.5493133,0.925,600,555,45,1,,,0.101,224.3420819,2221.208731,2221.208731,0,68.85747067,0,,,280.1524526,0,120.4655546,4,1460.366887,0,0,0,148.3732757
131,1,132,0.1016,0,0,1460.366887,,,,0,0,1,2501.361184,2501.361184,0,400.2177894,83.04519131,0,,,385.0152051,2501.361184,2401.306737,100.0544474,2501.361184,0,1,0,0,0.160339924,128.3515435,0.96,833.8504906,800.496471,33.35401963,1,0,0,0.160339924,128.3515435,0.96,833.8504906,800.496471,33.35401963,1,0,0,0.160327261,128.3121181,0.96,833.6602027,800.3137946,33.34640811,,,,851.0095998,2401.306737,2221.208731,180.0980052,2401.306737,0,1,0,0,0.383281576,212.949503,0.925,600.6437389,555.5954585,45.04828042,1,0,0,0.383281576,212.949503,0.925,600.6437389,555.5954585,45.04828042,1,0,0,0.382981005,212.5612805,0.925,600.0192588,555.0178144,45.00144441,1,0,0,0.382971736,212.5493133,0.925,600,555,45,1,,,0.101,224.3420819,2221.208731,2221.208731,0,68.85747067,0,,,280.1524526,0,120.4655546,4,1460.366887,0,0,0,148.3732757
132,1,133,0.1016,0,0,1460.366887,,,,0,0,1,2501.361184,2501.361184,0,400.2177894,83.04519131,0,,,385.0152051,2501.361184,2401.306737,100.0544474,2501.361184,0,1,0,0,0.160339924,128.3515435,0.96,833.8504906,800.496471,33.35401963,1,0,0,0.160339924,128.3515435,0.96,833.8504906,800.496471,33.35401963,1,0,0,0.160327261,128.3121181,0.96,833.6602027,800.3137946,33.34640811,,,,851.0095998,2401.306737,2221.208731,180.0980052,2401.306737,0,1,0,0,0.383281576,212.949503,0.925,600.6437389,555.5954585,45.04828042,1,0,0,0.383281576,212.949503,0.925,600.6437389,555.5954585,45.04828042,1,0,0,0.382981005,212.5612805,0.925,600.0192588,555.0178144,45.00144441,1,0,0,0.382971736,212.5493133,0.925,600,555,45,1,,,0.101,224.3420819,2221.208731,2221.208731,0,68.85747067,0,,,280.1524526,0,120.4655546,4,1460.366887,0,0,0,148.3732757
133,1,134,0.1016,0,0,1460.366887,,,,0,0,1,2501.361184,2501.361184,0,400.2177894,83.04519131,0,,,385.0152051,2501.361184,2401.306737,100.0544474,2501.361184,0,1,0,0,0.160339924,128.3515435,0.96,833.8504906,800.496471,33.35401963,1,0,0,0.160339924,128.3515435,0.96,833.8504906,800.496471,33.35401963,1,0,0,0.160327261,128.3121181,0.96,833.6602027,800.3137946,33.34640811,,,,851.0095998,2401.306737,2221.208731,180.0980052,2401.306737,0,1,0,0,0.383281576,212.949503,0.925,600.6437389,555.5954585,45.04828042,1,0,0,0.383281576,212.949503,0.925,600.6437389,555.5954585,45.04828042,1,0,0,0.382981005,212.5612805,0.925,600.0192588,555.0178144,45.00144441,1,0,0,0.382971736,212.5493133,0.925,600,555,45,1,,,0.101,224.3420819,2221.208731,2221.208731,0,68.85747067,0,,,280.1524526,0,120.4655546,4,1460.366887,0,0,0,148.3732757
134,1,135,0.1016,0,0,1460.366887,,,,0,0,1,2501.361184,2501.361184,0,400.2177894,83.04519131,0,,,385.0152051,2501.361184,2401.306737,100.0544474,2501.361184,0,1,0,0,0.160339924,128.3515435,0.96,833.8504906,800.496471,33.35401963,1,0,0,0.160339924,128.3515435,0.96,833.8504906,800.496471,33.35401963,1,0,0,0.160327261,128.3121181,0.96,833.6602027,800.3137946,33.34640811,,,,851.0095998,2401.306737,2221.208731,180.0980052,2401.306737,0,1,0,0,0.383281576,212.949503,0.925,600.6437389,555.5954585,45.04828042,1,0,0,0.383281576,212.949503,0.925,600.6437389,555.5954585,45.04828042,1,0,0,0.382981005,212.5612805,0.925,600.0192588,555.0178144,45.00144441,1,0,0,0.382971736,212.5493133,0.925,600,555,45,1,,,0.101,224.3420819,2221.208731,2221.208731,0,68.85747067,0,,,280.1524526,0,120.4655546,4,1460.366887,0,0,0,148.3732757
135,1,136,0.1016,0,0,1460.366887,,,,0,0,1,2501.361184,2501.361184,0,400.2177894,83.04519131,0,,,385.0152051,2501.361184,2401.306737,100.0544474,2501.361184,0,1,0,0,0.160339924,128.3515435,0.96,833.8504906,800.496471,33.35401963,1,0,0,0.160339924,128.3515435,0.96,833.8504906,800.496471,33.35401963,1,0,0,0.160327261,128.3121181,0.96,833.6602027,800.3137946,33.34640811,,,,851.0095998,2401.306737,2221.208731,180.0980052,2401.306737,0,1,0,0,0.383281576,212.949503,0.925,600.6437389,555.5954585,45.04828042,1,0,0,0.383281576,212.949503,0.925,600.6437389,555.5954585,45.04828042,1,0,0,0.382981005,212.5612805,0.925,600.0192588,555.0178144,45.00144441,1,0,0,0.382971736,212.5493133,0.925,600,555,45,1,,,0.101,224.3420819,2221.208731,2221.208731,0,68.85747067,0,,,280.1524526,0,120.4655546,4,1460.366887,0,0,0,148.3732757
136,1,137,0.1016,0,0,1460.366887,,,,0,0,1,2501.361184,2501.361184,0,400.2177894,83.04519131,0,,,385.0152051,2501.361184,2401.306737,100.0544474,2501.361184,0,1,0,0,0.160339924,128.3515435,0.96,833.8504906,800.496471,33.35401963,1,0,0,0.160339924,128.3515435,0.96,833.8504906,800.496471,33.35401963,1,0,0,0.160327261,128.3121181,0.96,833.6602027,800.3137946,33.34640811,,,,851.0095998,2401.306737,2221.208731,180.0980052,2401.306737,0,1,0,0,0.383281576,212.949503,0.925,600.6437389,555.5954585,45.04828042,1,0,0,0.383281576,212.949503,0.925,600.6437389,555.5954585,45.04828042,1,0,0,0.382981005,212.5612805,0.925,600.0192588,555.0178144,45.00144441,1,0,0,0.382971736,212.5493133,0.925,600,555,45,1,,,0.101,224.3420819,2221.208731,2221.208731,0,68.85747067,0,,,280.1524526,0,120.4655546,4,1460.366887,0,0,0,148.3732757
137,1,138,0.13994,0,0,736.2386808,,,,0,0,1,1251.341123,1251.341123,0,200.2145796,41.54452527,0,,,198.1093921,1251.341123,1201.287478,50.05364491,1251.341123,0,1,0,0,0.160339924,128.3515435,0.96,833.8504906,800.496471,33.35401963,1,0,0,0.174050434,69.75784859,0.96,417.4906321,400.7910068,16.69962528,0,0,1,0.271,0,0.96,0,0,0,,,,425.899006,1201.287478,1111.190917,90.09656084,1201.287478,0,1,0,0,0.383281576,212.949503,0.925,600.6437389,555.5954585,45.04828042,1,0,0,0.383281576,212.949503,0.925,600.6437389,555.5954585,45.04828042,0,0,1,0.094183419,0,0.925,0,0,0,0,0,1,0.094183419,0,0.925,0,0,0,1,,,0.101,112.2302826,1111.190917,1111.190917,0,34.44691843,0,,,140.1502057,0,60.26458847,2,736.2386808,0,0,0,103.029241
138,1,139,0.13994,0,0,736.2386808,,,,0,0,1,1251.341123,1251.341123,0,200.2145796,41.54452527,0,,,198.1093921,1251.341123,1201.287478,50.05364491,1251.341123,0,1,0,0,0.160339924,128.3515435,0.96,833.8504906,800.496471,33.35401963,1,0,0,0.174050434,69.75784859,0.96,417.4906321,400.7910068,16.69962528,0,0,0,0.271,0,0.96,0,0,0,,,,425.899006,1201.287478,1111.190917,90.09656084,1201.287478,0,1,0,0,0.383281576,212.949503,0.925,600.6437389,555.5954585,45.04828042,1,0,0,0.383281576,212.949503,0.925,600.6437389,555.5954585,45.04828042,0,0,0,0.094183419,0,0.925,0,0,0,0,0,0,0.094183419,0,0.925,0,0,0,1,,,0.101,112.2302826,1111.190917,1111.190917,0,34.44691843,0,,,140.1502057,0,60.26458847,2,736.2386808,0,0,0,103.029241
139,1,140,0.13994,0,0,736.2386808,,,,0,0,1,1251.341123,1251.341123,0,200.2145796,41.54452527,0,,,198.1093921,1251.341123,1201.287478,50.05364491,1251.341123,0,1,0,0,0.160339924,128.3515435,0.96,833.8504906,800.496471,33.35401963,1,0,0,0.174050434,69.75784859,0.96,417.4906321,400.7910068,16.69962528,0,0,0,0.271,0,0.96,0,0,0,,,,425.899006,1201.287478,1111.190917,90.09656084,1201.287478,0,1,0,0,0.383281576,212.949503,0.925,600.6437389,555.5954585,45.04828042,1,0,0,0.383281576,212.949503,0.925,600.6437389,555.5954585,45.04828042,0,0,0,0.094183419,0,0.925,0,0,0,0,0,0,0.094183419,0,0.925,0,0,0,1,,,0.101,112.2302826,1111.190917,1111.190917,0,34.44691843,0,,,140.1502057,0,60.26458847,2,736.2386808,0,0,0,103.029241
140,1,141,0.13994,0,0,736.2386808,,,,0,0,1,1251.341123,1251.341123,0,200.2145796,41.54452527,0,,,198.1093921,1251.341123,1201.287478,50.05364491,1251.341123,0,1,0,0,0.160339924,128.3515435,0.96,833.8504906,800.496471,33.35401963,1,0,0,0.174050434,69.75784859,0.96,417.4906321,400.7910068,16.69962528,0,0,0,0.271,0,0.96,0,0,0,,,,425.899006,1201.287478,1111.190917,90.09656084,1201.287478,0,1,0,0,0.383281576,212.949503,0.925,600.6437389,555.5954585,45.04828042,1,0,0,0.383281576,212.949503,0.925,600.6437389,555.5954585,45.04828042,0,0,0,0.094183419,0,0.925,0,0,0,0,0,0,0.094183419,0,0.925,0,0,0,1,,,0.101,112.2302826,1111.190917,1111.190917,0,34.44691843,0,,,140.1502057,0,60.26458847,2,736.2386808,0,0,0,103.029241
141,1,142,0.13994,0,0,736.2386808,,,,0,0,1,1251.341123,1251.341123,0,200.2145796,41.54452527,0,,,198.1093921,1251.341123,1201.287478,50.05364491,1251.341123,0,1,0,0,0.160339924,128.3515435,0.96,833.8504906,800.496471,33.35401963,1,0,0,0.174050434,69.75784859,0.96,417.4906321,400.7910068,16.69962528,0,0,0,0.271,0,0.96,0,0,0,,,,425.899006,1201.287478,1111.190917,90.09656084,1201.287478,0,1,0,0,0.383281576,212.949503,0.925,600.6437389,555.5954585,45.04828042,1,0,0,0.383281576,212.949503,0.925,600.6437389,555.5954585,45.04828042,0,0,0,0.094183419,0,0.925,0,0,0,0,0,0,0.094183419,0,0.925,0,0,0,1,,,0.101,112.2302826,1111.190917,1111.190917,0,34.44691843,0,,,140.1502057,0,60.26458847,2,736.2386808,0,0,0,103.029241
142,1,143,0.1016,0,0,1460.536898,,,,0,0,1,2501.551472,2501.551472,0,400.2482355,83.05150887,0,,,385.0546302,2501.551472,2401.489413,100.0620589,2501.551472,0,1,0,0,0.160339924,128.3515435,0.96,833.8504906,800.496471,33.35401963,1,0,0,0.160339924,128.3515434,0.96,833.8504906,800.496471,33.35401963,1,1,0,0.160339924,128.3515432,0.96,833.8504906,800.496471,33.35401963,,,,851.1231198,2401.489413,2221.377707,180.111706,2401.489413,0,1,0,0,0.383281576,212.949503,0.925,600.6437389,555.5954585,45.04828042,1,0,0,0.383281576,212.949503,0.925,600.6437389,555.5954585,45.04828042,1,1,0,0.383020333,212.6120569,0.925,600.1009676,555.093395,45.00757257,1,1,0,0.383020333,212.6120569,0.925,600.1009676,555.093395,45.00757257,1,,,0.101,224.3591484,2221.377707,2221.377707,0,68.86270892,0,,,280.1737649,0,120.4747189,4,1460.536898,0,0,0,148.3905489
143,1,144,0.1016,0,0,1460.536898,,,,0,0,1,2501.551472,2501.551472,0,400.2482355,83.05150887,0,,,385.0546302,2501.551472,2401.489413,100.0620589,2501.551472,0,1,0,0,0.160339924,128.3515435,0.96,833.8504906,800.496471,33.35401963,1,0,0,0.160339924,128.3515434,0.96,833.8504906,800.496471,33.35401963,1,0,0,0.160339924,128.3515432,0.96,833.8504906,800.496471,33.35401963,,,,851.1231198,2401.489413,2221.377707,180.111706,2401.489413,0,1,0,0,0.383281576,212.949503,0.925,600.6437389,555.5954585,45.04828042,1,0,0,0.383281576,212.949503,0.925,600.6437389,555.5954585,45.04828042,1,0,0,0.383020333,212.6120569,0.925,600.1009676,555.093395,45.00757257,1,0,0,0.383020333,212.6120569,0.925,600.1009676,555.093395,45.00757257,1,,,0.101,224.3591484,2221.377707,2221.377707,0,68.86270892,0,,,280.1737649,0,120.4747189,4,1460.536898,0,0,0,148.3905489
144,1,145,0.1016,0,0,1460.536898,,,,0,0,1,2501.551472,2501.551472,0,400.2482355,83.05150887,0,,,385.0546302,2501.551472,2401.489413,100.0620589,2501.551472,0,1,0,0,0.160339924,128.3515435,0.96,833.8504906,800.496471,33.35401963,1,0,0,0.160339924,128.3515434,0.96,833.8504906,800.496471,33.35401963,1,0,0,0.160339924,128.3515432,0.96,833.8504906,800.496471,33.35401963,,,,851.1231198,2401.489413,2221.377707,180.111706,2401.489413,0,1,0,0,0.383281576,212.949503,0.925,600.6437389,555.5954585,45.04828042,1,0,0,0.383281576,212.949503,0.925,600.6437389,555.5954585,45.04828042,1,0,0,0.383020333,212.6120569,0.925,600.1009676,555.093395,45.00757257,1,0,0,0.383020333,212.6120569,0.925,600.1009676,555.093395,45.00757257,1,,,0.101,224.3591484,2221.377707,2221.377707,0,68.86270892,0,,,280.1737649,0,120.4747189,4,1460.536898,0,0,0,148.3905489
145,1,146,0.1016,0,0,1460.536898,,,,0,0,1,2501.551472,2501.551472,0,400.2482355,83.05150887,0,,,385.0546302,2501.551472,2401.489413,100.0620589,2501.551472,0,1,0,0,0.160339924,128.3515435,0.96,833.8504906,800.496471,33.35401963,1,0,0,0.160339924,128.3515434,0.96,833.8504906,800.496471,33.35401963,1,0,0,0.160339924,128.3515432,0.96,833.8504906,800.496471,33.35401963,,,,851.1231198,2401.489413,2221.377707,180.111706,2401.489413,0,1,0,0,0.383281576,212.949503,0.925,600.6437389,555.5954585,45.04828042,1,0,0,0.383281576,212.949503,0.925,600.6437389,555.5954585,45.04828042,1,0,0,0.383020333,212.6120569,0.925,600.1009676,555.093395,45.00757257,1,0,0,0.383020333,212.6120569,0.925,600.1009676,555.093395,45.00757257,1,,,0.101,224.3591484,2221.377707,2221.377707,0,68.86270892,0,,,280.1737649,0,120.4747189,4,1460.536898,0,0,0,148.3905489
146,1,147,0.1016,0,0,1460.536898,,,,0,0,1,2501.551472,2501.551472,0,400.2482355,83.05150887,0,,,385.0546302,2501.551472,2401.489413,100.0620589,2501.551472,0,1,0,0,0.160339924,128.3515435,0.96,833.8504906,800.496471,33.35401963,1,0,0,0.160339924,128.3515434,0.96,833.8504906,800.496471,33.35401963,1,0,0,0.160339924,128.3515432,0.96,833.8504906,800.496471,33.35401963,,,,851.1231198,2401.489413,2221.377707,180.111706,2401.489413,0,1,0,0,0.383281576,212.949503,0.925,600.6437389,555.5954585,45.04828042,1,0,0,0.383281576,212.949503,0.925,600.6437389,555.5954585,45.04828042,1,0,0,0.383020333,212.6120569,0.925,600.1009676,555.093395,45.00757257,1,0,0,0.383020333,212.6120569,0.925,600.1009676,555.093395,45.00757257,1,,,0.101,224.3591484,2221.377707,2221.377707,0,68.86270892,0,,,280.1737649,0,120.4747189,4,1460.536898,0,0,0,148.3905489
147,1,148,0.1016,0,0,1460.536898,,,,0,0,1,2501.551472,2501.551472,0,400.2482355,83.05150887,0,,,385.0546302,2501.551472,2401.489413,100.0620589,2501.551472,0,1,0,0,0.160339924,128.3515435,0.96,833.8504906,800.496471,33.35401963,1,0,0,0.160339924,128.3515434,0.96,833.8504906,800.496471,33.35401963,1,0,0,0.160339924,128.3515432,0.96,833.8504906,800.496471,33.35401963,,,,851.1231198,2401.489413,2221.377707,180.111706,2401.489413,0,1,0,0,0.383281576,212.949503,0.925,600.6437389,555.5954585,45.04828042,1,0,0,0.383281576,212.949503,0.925,600.6437389,555.5954585,45.04828042,1,0,0,0.383020333,212.6120569,0.925,600.1009676,555.093395,45.00757257,1,0,0,0.383020333,212.6120569,0.925,600.1009676,555.093395,45.00757257,1,,,0.101,224.3591484,2221.377707,2221.377707,0,68.86270892,0,,,280.1737649,0,120.4747189,4,1460.536898,0,0,0,148.3905489
148,1,149,0.1016,0,0,1460.536898,,,,0,0,1,2501.551472,2501.551472,0,400.2482355,83.05150887,0,,,385.0546302,2501.551472,2401.489413,100.0620589,2501.551472,0,1,0,0,0.160339924,128.3515435,0.96,833.8504906,800.496471,33.35401963,1,0,0,0.160339924,128.3515434,0.96,833.8504906,800.496471,33.35401963,1,0,0,0.160339924,128.3515432,0.96,833.8504906,800.496471,33.35401963,,,,851.1231198,2401.489413,2221.377707,180.111706,2401.489413,0,1,0,0,0.383281576,212.949503,0.925,600.6437389,555.5954585,45.04828042,1,0,0,0.383281576,212.949503,0.925,600.6437389,555.5954585,45.04828042,1,0,0,0.383020333,212.6120569,0.925,600.1009676,555.093395,45.00757257,1,0,0,0.383020333,212.6120569,0.925,600.1009676,555.093395,45.00757257,1,,,0.101,224.3591484,2221.377707,2221.377707,0,68.86270892,0,,,280.1737649,0,120.4747189,4,1460.536898,0,0,0,148.3905489
149,1,150,0.1016,0,0,1460.536898,,,,0,0,1,2501.551472,2501.551472,0,400.2482355,83.05150887,0,,,385.0546302,2501.551472,2401.489413,100.0620589,2501.551472,0,1,0,0,0.160339924,128.3515435,0.96,833.8504906,800.496471,33.35401963,1,0,0,0.160339924,128.3515434,0.96,833.8504906,800.496471,33.35401963,1,0,0,0.160339924,128.3515432,0.96,833.8504906,800.496471,33.35401963,,,,851.1231198,2401.489413,2221.377707,180.111706,2401.489413,0,1,0,0,0.383281576,212.949503,0.925,600.6437389,555.5954585,45.04828042,1,0,0,0.383281576,212.949503,0.925,600.6437389,555.5954585,45.04828042,1,0,0,0.383020333,212.6120569,0.925,600.1009676,555.093395,45.00757257,1,0,0,0.383020333,212.6120569,0.925,600.1009676,555.093395,45.00757257,1,,,0.101,224.3591484,2221.377707,2221.377707,0,68.86270892,0,,,280.1737649,0,120.4747189,4,1460.536898,0,0,0,148.3905489
150,1,151,0.1016,0,0,1460.536898,,,,0,0,1,2501.551472,2501.551472,0,400.2482355,83.05150887,0,,,385.0546302,2501.551472,2401.489413,100.0620589,2501.551472,0,1,0,0,0.160339924,128.3515435,0.96,833.8504906,800.496471,33.35401963,1,0,0,0.160339924,128.3515434,0.96,833.8504906,800.496471,33.35401963,1,0,0,0.160339924,128.3515432,0.96,833.8504906,800.496471,33.35401963,,,,851.1231198,2401.489413,2221.377707,180.111706,2401.489413,0,1,0,0,0.383281576,212.949503,0.925,600.6437389,555.5954585,45.04828042,1,0,0,0.383281576,212.949503,0.925,600.6437389,555.5954585,45.04828042,1,0,0,0.383020333,212.6120569,0.925,600.1009676,555.093395,45.00757257,1,0,0,0.383020333,212.6120569,0.925,600.1009676,555.093395,45.00757257,1,,,0.101,224.3591484,2221.377707,2221.377707,0,68.86270892,0,,,280.1737649,0,120.4747189,4,1460.536898,0,0,0,148.3905489
151,1,152,0.1016,0,0,1460.536898,,,,0,0,1,2501.551472,2501.551472,0,400.2482355,83.05150887,0,,,385.0546302,2501.551472,2401.489413,100.0620589,2501.551472,0,1,0,0,0.160339924,128.3515435,0.96,833.8504906,800.496471,33.35401963,1,0,0,0.160339924,128.3515434,0.96,833.8504906,800.496471,33.35401963,1,0,0,0.160339924,128.3515432,0.96,833.8504906,800.496471,33.35401963,,,,851.1231198,2401.489413,2221.377707,180.111706,2401.489413,0,1,0,0,0.383281576,212.949503,0.925,600.6437389,555.5954585,45.04828042,1,0,0,0.383281576,212.949503,0.925,600.6437389,555.5954585,45.04828042,1,0,0,0.383020333,212.6120569,0.925,600.1009676,555.093395,45.00757257,1,0,0,0.383020333,212.6120569,0.925,600.1009676,555.093395,45.00757257,1,,,0.101,224.3591484,2221.377707,2221.377707,0,68.86270892,0,,,280.1737649,0,120.4747189,4,1460.536898,0,0,0,148.3905489
152,1,153,0.1016,0,0,1460.536898,,,,0,0,1,2501.551472,2501.551472,0,400.2482355,83.05150887,0,,,385.0546302,2501.551472,2401.489413,100.0620589,2501.551472,0,1,0,0,0.160339924,128.3515435,0.96,833.8504906,800.496471,33.35401963,1,0,0,0.160339924,128.3515434,0.96,833.8504906,800.496471,33.35401963,1,0,0,0.160339924,128.3515432,0.96,833.8504906,800.496471,33.35401963,,,,851.1231198,2401.489413,2221.377707,180.111706,2401.489413,0,1,0,0,0.383281576,212.949503,0.925,600.6437389,555.5954585,45.04828042,1,0,0,0.383281576,212.949503,0.925,600.6437389,555.5954585,45.04828042,1,0,0,0.383020333,212.6120569,0.925,600.1009676,555.093395,45.00757257,1,0,0,0.383020333,212.6120569,0.925,600.1009676,555.093395,45.00757257,1,,,0.101,224.3591484,2221.377707,2221.377707,0,68.86270892,0,,,280.1737649,0,120.4747189,4,1460.536898,0,0,0,148.3905489
153,1,154,0.1016,0,0,1460.536898,,,,0,0,1,2501.551472,2501.551472,0,400.2482355,83.05150887,0,,,385.0546302,2501.551472,2401.489413,100.0620589,2501.551472,0,1,0,0,0.160339924,128.3515435,0.96,833.8504906,800.496471,33.35401963,1,0,0,0.160339924,128.3515434,0.96,833.8504906,800.496471,33.35401963,1,0,0,0.160339924,128.3515432,0.96,833.8504906,800.496471,33.35401963,,,,851.1231198,2401.489413,2221.377707,180.111706,2401.489413,0,1,0,0,0.383281576,212.949503,0.925,600.6437389,555.5954585,45.04828042,1,0,0,0.383281576,212.949503,0.925,600.6437389,555.5954585,45.04828042,1,0,0,0.383020333,212.6120569,0.925,600.1009676,555.093395,45.00757257,1,0,0,0.383020333,212.6120569,0.925,600.1009676,555.093395,45.00757257,1,,,0.101,224.3591484,2221.377707,2221.377707,0,68.86270892,0,,,280.1737649,0,120.4747189,4,1460.536898,0,0,0,148.3905489
154,1,155,0.1016,0,0,1460.536898,,,,0,0,1,2501.551472,2501.551472,0,400.2482355,83.05150887,0,,,385.0546302,2501.551472,2401.489413,100.0620589,2501.551472,0,1,0,0,0.160339924,128.3515435,0.96,833.8504906,800.496471,33.35401963,1,0,0,0.160339924,128.3515434,0.96,833.8504906,800.496471,33.35401963,1,0,0,0.160339924,128.3515432,0.96,833.8504906,800.496471,33.35401963,,,,851.1231198,2401.489413,2221.377707,180.111706,2401.489413,0,1,0,0,0.383281576,212.949503,0.925,600.6437389,555.5954585,45.04828042,1,0,0,0.383281576,212.949503,0.925,600.6437389,555.5954585,45.04828042,1,0,0,0.383020333,212.6120569,0.925,600.1009676,555.093395,45.00757257,1,0,0,0.383020333,212.6120569,0.925,600.1009676,555.093395,45.00757257,1,,,0.101,224.3591484,2221.377707,2221.377707,0,68.86270892,0,,,280.1737649,0,120.4747189,4,1460.536898,0,0,0,148.3905489
155,1,156,0.1016,0,0,1460.536898,,,,0,0,1,2501.551472,2501.551472,0,400.2482355,83.05150887,0,,,385.0546302,2501.551472,2401.489413,100.0620589,2501.551472,0,1,0,0,0.160339924,128.3515435,0.96,833.8504906,800.496471,33.35401963,1,0,0,0.160339924,128.3515434,0.96,833.8504906,800.496471,33.35401963,1,0,0,0.160339924,128.3515432,0.96,833.8504906,800.496471,33.35401963,,,,851.1231198,2401.489413,2221.377707,180.111706,2401.489413,0,1,0,0,0.383281576,212.949503,0.925,600.6437389,555.5954585,45.04828042,1,0,0,0.383281576,212.949503,0.925,600.6437389,555.5954585,45.04828042,1,0,0,0.383020333,212.6120569,0.925,600.1009676,555.093395,45.00757257,1,0,0,0.383020333,212.6120569,0.925,600.1009676,555.093395,45.00757257,1,,,0.101,224.3591484,2221.377707,2221.377707,0,68.86270892,0,,,280.1737649,0,120.4747189,4,1460.536898,0,0,0,148.3905489
156,1,157,0.1016,0,0,1460.536898,,,,0,0,1,2501.551472,2501.551472,0,400.2482355,83.05150887,0,,,385.0546302,2501.551472,2401.489413,100.0620589,2501.551472,0,1,0,0,0.160339924,128.3515435,0.96,833.8504906,800.496471,33.35401963,1,0,0,0.160339924,128.3515434,0.96,833.8504906,800.496471,33.35401963,1,0,0,0.160339924,128.3515432,0.96,833.8504906,800.496471,33.35401963,,,,851.1231198,2401.489413,2221.377707,180.111706,2401.489413,0,1,0,0,0.383281576,212.949503,0.925,600.6437389,555.5954585,45.04828042,1,0,0,0.383281576,212.949503,0.925,600.6437389,555.5954585,45.04828042,1,0,0,0.383020333,212.6120569,0.925,600.1009676,555.093395,45.00757257,1,0,0,0.383020333,212.6120569,0.925,600.1009676,555.093395,45.00757257,1,,,0.101,224.3591484,2221.377707,2221.377707,0,68.86270892,0,,,280.1737649,0,120.4747189,4,1460.536898,0,0,0,148.3905489
157,1,158,0.1016,0,0,1460.536898,,,,0,0,1,2501.551472,2501.551472,0,400.2482355,83.05150887,0,,,385.0546302,2501.551472,2401.489413,100.0620589,2501.551472,0,1,0,0,0.160339924,128.3515435,0.96,833.8504906,800.496471,33.35401963,1,0,0,0.160339924,128.3515434,0.96,833.8504906,800.496471,33.35401963,1,0,0,0.160339924,128.3515432,0.96,833.8504906,800.496471,33.35401963,,,,851.1231198,2401.489413,2221.377707,180.111706,2401.489413,0,1,0,0,0.383281576,212.949503,0.925,600.6437389,555.5954585,45.04828042,1,0,0,0.383281576,212.949503,0.925,600.6437389,555.5954585,45.04828042,1,0,0,0.383020333,212.6120569,0.925,600.1009676,555.093395,45.00757257,1,0,0,0.383020333,212.6120569,0.925,600.1009676,555.093395,45.00757257,1,,,0.101,224.3591484,2221.377707,2221.377707,0,68.86270892,0,,,280.1737649,0,120.4747189,4,1460.536898,0,0,0,148.3905489
158,1,159,0.1016,0,0,1460.536898,,,,0,0,1,2501.551472,2501.551472,0,400.2482355,83.05150887,0,,,385.0546302,2501.551472,2401.489413,100.0620589,2501.551472,0,1,0,0,0.160339924,128.3515435,0.96,833.8504906,800.496471,33.35401963,1,0,0,0.160339924,128.3515434,0.96,833.8504906,800.496471,33.35401963,1,0,0,0.160339924,128.3515432,0.96,833.8504906,800.496471,33.35401963,,,,851.1231198,2401.489413,2221.377707,180.111706,2401.489413,0,1,0,0,0.383281576,212.949503,0.925,600.6437389,555.5954585,45.04828042,1,0,0,0.383281576,212.949503,0.925,600.6437389,555.5954585,45.04828042,1,0,0,0.383020333,212.6120569,0.925,600.1009676,555.093395,45.00757257,1,0,0,0.383020333,212.6120569,0.925,600.1009676,555.093395,45.00757257,1,,,0.101,224.3591484,2221.377707,2221.377707,0,68.86270892,0,,,280.1737649,0,120.4747189,4,1460.536898,0,0,0,148.3905489
159,1,160,0.1016,0,0,1460.536898,,,,0,0,1,2501.551472,2501.551472,0,400.2482355,83.05150887,0,,,385.0546302,2501.551472,2401.489413,100.0620589,2501.551472,0,1,0,0,0.160339924,128.3515435,0.96,833.8504906,800.496471,33.35401963,1,0,0,0.160339924,128.3515434,0.96,833.8504906,800.496471,33.35401963,1,0,0,0.160339924,128.3515432,0.96,833.8504906,800.496471,33.35401963,,,,851.1231198,2401.489413,2221.377707,180.111706,2401.489413,0,1,0,0,0.383281576,212.949503,0.925,600.6437389,555.5954585,45.04828042,1,0,0,0.383281576,212.949503,0.925,600.6437389,555.5954585,45.04828042,1,0,0,0.383020333,212.6120569,0.925,600.1009676,555.093395,45.00757257,1,0,0,0.383020333,212.6120569,0.925,600.1009676,555.093395,45.00757257,1,,,0.101,224.3591484,2221.377707,2221.377707,0,68.86270892,0,,,280.1737649,0,120.4747189,4,1460.536898,0,0,0,148.3905489
160,1,161,0.1016,0,0,1460.536898,,,,0,0,1,2501.551472,2501.551472,0,400.2482355,83.05150887,0,,,385.0546302,2501.551472,2401.489413,100.0620589,2501.551472,0,1,0,0,0.160339924,128.3515435,0.96,833.8504906,800.496471,33.35401963,1,0,0,0.160339924,128.3515434,0.96,833.8504906,800.496471,33.35401963,1,0,0,0.160339924,128.3515432,0.96,833.8504906,800.496471,33.35401963,,,,851.1231198,2401.489413,2221.377707,180.111706,2401.489413,0,1,0,0,0.383281576,212.949503,0.925,600.6437389,555.5954585,45.04828042,1,0,0,0.383281576,212.949503,0.925,600.6437389,555.5954585,45.04828042,1,0,0,0.383020333,212.6120569,0.925,600.1009676,555.093395,45.00757257,1,0,0,0.383020333,212.6120569,0.925,600.1009676,555.093395,45.00757257,1,,,0.101,224.3591484,2221.377707,2221.377707,0,68.86270892,0,,,280.1737649,0,120.4747189,4,1460.536898,0,0,0,148.3905489
161,1,162,0.13994,0,0,736.2386806,,,,0,0,1,1251.341123,1251.341123,0,200.2145796,41.54452527,0,,,198.1093919,1251.341123,1201.287478,50.05364491,1251.341123,0,1,0,0,0.160339924,128.3515435,0.96,833.8504906,800.496471,33.35401963,1,0,0,0.174050434,69.75784837,0.96,417.4906321,400.7910068,16.69962528,0,0,1,0.271,0,0.96,0,0,0,,,,425.899006,1201.287478,1111.190917,90.09656084,1201.287478,0,1,0,0,0.383281576,212.949503,0.925,600.6437389,555.5954585,45.04828042,1,0,0,0.383281576,212.949503,0.925,600.6437389,555.5954585,45.04828042,0,0,1,0.094183419,0,0.925,0,0,0,0,0,1,0.094183419,0,0.925,0,0,0,1,,,0.101,112.2302826,1111.190917,1111.190917,0,34.44691843,0,,,140.1502057,0,60.26458847,2,736.2386806,0,0,0,103.029241
162,1,163,0.13994,0,0,736.2386806,,,,0,0,1,1251.341123,1251.341123,0,200.2145796,41.54452527,0,,,198.1093919,1251.341123,1201.287478,50.05364491,1251.341123,0,1,0,0,0.160339924,128.3515435,0.96,833.8504906,800.496471,33.35401963,1,0,0,0.174050434,69.75784837,0.96,417.4906321,400.7910068,16.69962528,0,0,0,0.271,0,0.96,0,0,0,,,,425.899006,1201.287478,1111.190917,90.09656084,1201.287478,0,1,0,0,0.383281576,212.949503,0.925,600.6437389,555.5954585,45.04828042,1,0,0,0.383281576,212.949503,0.925,600.6437389,555.5954585,45.04828042,0,0,0,0.094183419,0,0.925,0,0,0,0,0,0,0.094183419,0,0.925,0,0,0,1,,,0.101,112.2302826,1111.190917,1111.190917,0,34.44691843,0,,,140.1502057,0,60.26458847,2,736.2386806,0,0,0,103.029241
163,1,164,0.13994,0,0,736.2386806,,,,0,0,1,1251.341123,1251.341123,0,200.2145796,41.54452527,0,,,198.1093919,1251.341123,1201.287478,50.05364491,1251.341123,0,1,0,0,0.160339924,128.3515435,0.96,833.8504906,800.496471,33.35401963,1,0,0,0.174050434,69.75784837,0.96,417.4906321,400.7910068,16.69962528,0,0,0,0.271,0,0.96,0,0,0,,,,425.899006,1201.287478,1111.190917,90.09656084,1201.287478,0,1,0,0,0.383281576,212.949503,0.925,600.6437389,555.5954585,45.04828042,1,0,0,0.383281576,212.949503,0.925,600.6437389,555.5954585,45.04828042,0,0,0,0.094183419,0,0.925,0,0,0,0,0,0,0.094183419,0,0.925,0,0,0,1,,,0.101,112.2302826,1111.190917,1111.190917,0,34.44691843,0,,,140.1502057,0,60.26458847,2,736.2386806,0,0,0,103.029241
164,1,165,0.13994,0,0,736.2386806,,,,0,0,1,1251.341123,1251.341123,0,200.2145796,41.54452527,0,,,198.1093919,1251.341123,1201.287478,50.05364491,1251.341123,0,1,0,0,0.160339924,128.3515435,0.96,833.8504906,800.496471,33.35401963,1,0,0,0.174050434,69.75784837,0.96,417.4906321,400.7910068,16.69962528,0,0,0,0.271,0,0.96,0,0,0,,,,425.899006,1201.287478,1111.190917,90.09656084,1201.287478,0,1,0,0,0.383281576,212.949503,0.925,600.6437389,555.5954585,45.04828042,1,0,0,0.383281576,212.949503,0.925,600.6437389,555.5954585,45.04828042,0,0,0,0.094183419,0,0.925,0,0,0,0,0,0,0.094183419,0,0.925,0,0,0,1,,,0.101,112.2302826,1111.190917,1111.190917,0,34.44691843,0,,,140.1502057,0,60.26458847,2,736.2386806,0,0,0,103.029241
165,1,166,0.13994,0,0,1098.647798,,,,0,0,1,1877.011684,1877.011684,0,300.3218695,62.31678791,0,,,291.4538645,1877.011684,1801.931217,75.08046736,1877.011684,0,1,0,0,0.160339924,128.3515435,0.96,833.8504906,800.496471,33.35401963,1,0,0,0.161793328,83.08574694,0.96,534.9272062,513.530118,21.39708825,1,1,0,0.164000443,80.01657406,0.96,508.2339872,487.9046277,20.32935949,,,,638.8485091,1801.931217,1666.786375,135.1448413,1801.931217,0,1,0,0,0.383281576,212.949503,0.925,600.6437389,555.5954585,45.04828042,1,0,0,0.383281576,212.949503,0.925,600.6437389,555.5954585,45.04828042,1,1,0,0.383281576,212.949503,0.925,600.6437389,555.5954585,45.04828042,0,0,0,0.094183419,0,0.925,0,0,0,1,,,0.101,168.3454239,1666.786375,1666.786375,0,51.67037764,0,,,210.2253086,0,90.39688271,3,1098.647798,0,0,0,153.7447728
166,1,167,0.1016,0,0,1098.647798,,,,0,0,1,1877.011684,1877.011684,0,300.3218695,62.31678791,0,,,291.4538645,1877.011684,1801.931217,75.08046736,1877.011684,0,1,0,0,0.160339924,128.3515435,0.96,833.8504906,800.496471,33.35401963,1,0,0,0.161793328,83.08574694,0.96,534.9272062,513.530118,21.39708825,1,0,0,0.164000443,80.01657406,0.96,508.2339872,487.9046277,20.32935949,,,,638.8485091,1801.931217,1666.786375,135.1448413,1801.931217,0,1,0,0,0.383281576,212.949503,0.925,600.6437389,555.5954585,45.04828042,1,0,0,0.383281576,212.949503,0.925,600.6437389,555.5954585,45.04828042,1,0,0,0.383281576,212.949503,0.925,600.6437389,555.5954585,45.04828042,0,0,0,0.094183419,0,0.925,0,0,0,1,,,0.101,168.3454239,1666.786375,1666.786375,0,51.67037764,0,,,210.2253086,0,90.39688271,3,1098.647798,0,0,0,111.6226162
167,1,168,0.1016,0,0,1098.647798,,,,0,0,1,1877.011684,1877.011684,0,300.3218695,62.31678791,0,,,291.4538645,1877.011684,1801.931217,75.08046736,1877.011684,0,1,0,0,0.160339924,128.3515435,0.96,833.8504906,800.496471,33.35401963,1,0,0,0.161793328,83.08574694,0.96,534.9272062,513.530118,21.39708825,1,0,0,0.164000443,80.01657406,0.96,508.2339872,487.9046277,20.32935949,,,,638.8485091,1801.931217,1666.786375,135.1448413,1801.931217,0,1,0,0,0.383281576,212.949503,0.925,600.6437389,555.5954585,45.04828042,1,0,0,0.383281576,212.949503,0.925,600.6437389,555.5954585,45.04828042,1,0,0,0.383281576,212.949503,0.925,600.6437389,555.5954585,45.04828042,0,0,0,0.094183419,0,0.925,0,0,0,1,,,0.101,168.3454239,1666.786375,1666.786375,0,51.67037764,0,,,210.2253086,0,90.39688271,3,1098.647798,0,0,0,111.6226162
